id_municipio;nome_municipio;id_uf;nome_uf;id_regiao_imediata;nome_regiao_imediata;id_regiao_intermediaria;nome_regiao_intermediaria;latitude;longitude;status_atendimento
1100452;Buritis;11;Rondônia;110002;Ariquemes;1101;Porto Velho;-10.1943;-63.8324;fora_do_escopo
1100908;Castanheiras;11;Rondônia;110005;Cacoal;1102;Ji-Paraná;-11.4253;-61.9482;fora_do_escopo
1101005;Governador Jorge Teixeira;11;Rondônia;110003;Jaru;1101;Porto Velho;-10.61;-62.7371;fora_do_escopo
1101104;Itapuã do Oeste;11;Rondônia;110001;Porto Velho;1101;Porto Velho;-9.19687;-63.1809;fora_do_escopo
1101757;Vale do Anari;11;Rondônia;110003;Jaru;1101;Porto Velho;-9.86215;-62.1876;fora_do_escopo
1200013;Acrelândia;12;Acre;120001;Rio Branco;1201;Rio Branco;-9.82581;-66.8972;fora_do_escopo
1200104;Brasiléia;12;Acre;120002;Brasiléia;1201;Rio Branco;-10.995;-68.7497;fora_do_escopo
1200328;Jordão;12;Acre;120005;Tarauacá;1202;Cruzeiro do Sul;-9.1908;-71.9503;fora_do_escopo
1200344;Manoel Urbano;12;Acre;120003;Sena Madureira;1201;Rio Branco;-8.83291;-69.2679;fora_do_escopo
1200435;Santa Rosa do Purus;12;Acre;120003;Sena Madureira;1201;Rio Branco;-9.44652;-70.4902;fora_do_escopo
1200708;Xapuri;12;Acre;120002;Brasiléia;1201;Rio Branco;-10.6516;-68.4969;fora_do_escopo
1300060;Amaturá;13;Amazonas;130006;Tabatinga;1302;Tefé;-3.37455;-68.2005;fora_do_escopo
1300904;Canutama;13;Amazonas;130008;Lábrea;1303;Lábrea;-6.52582;-64.3953;fora_do_escopo
1301506;Envira;13;Amazonas;130007;Eirunepé;1302;Tefé;-7.43789;-70.0281;fora_do_escopo
1302108;Japurá;13;Amazonas;130005;Tefé;1302;Tefé;-1.88237;-66.9291;fora_do_escopo
1302603;Manaus;13;Amazonas;130001;Manaus;1301;Manaus;-3.11866;-60.0212;fora_do_escopo
1302702;Manicoré;13;Amazonas;130009;Manicoré;1303;Lábrea;-5.80462;-61.2895;fora_do_escopo
1303601;Santa Isabel do Rio Negro;13;Amazonas;130002;São Gabriel da Cachoeira;1301;Manaus;-0.410824;-65.0092;fora_do_escopo
1304005;Silves;13;Amazonas;130011;Itacoatiara;1304;Parintins;-2.81748;-58.248;fora_do_escopo
1303809;São Gabriel da Cachoeira;13;Amazonas;130002;São Gabriel da Cachoeira;1301;Manaus;-0.11909;-67.084;fora_do_escopo
1400027;Amajari;14;Roraima;140002;Pacaraima;1401;Boa Vista;3.64571;-61.3692;fora_do_escopo
1400175;Cantá;14;Roraima;140001;Boa Vista;1401;Boa Vista;2.60994;-60.6058;fora_do_escopo
1400209;Caracaraí;14;Roraima;140004;Caracaraí;1402;Rorainópolis - Caracaraí;1.82766;-61.1304;fora_do_escopo
1500404;Alenquer;15;Pará;150015;Santarém;1505;Santarém;-1.94623;-54.7384;fora_do_escopo
1502400;Castanhal;15;Pará;150004;Castanhal;1502;Castanhal;-1.29797;-47.9167;fora_do_escopo
1502764;Cumaru do Norte;15;Pará;150012;Redenção;1504;Redenção;-7.81097;-50.7698;fora_do_escopo
1502905;Curuçá;15;Pará;150004;Castanhal;1502;Castanhal;-0.733214;-47.8515;fora_do_escopo
1503606;Itaituba;15;Pará;150016;Itaituba;1505;Santarém;-4.2667;-55.9926;fora_do_escopo
1503804;Jacundá;15;Pará;150009;Marabá;1503;Marabá;-4.44617;-49.1153;fora_do_escopo
1504307;Maracanã;15;Pará;150004;Castanhal;1502;Castanhal;-0.778899;-47.452;fora_do_escopo
1504406;Marapanim;15;Pará;150004;Castanhal;1502;Castanhal;-0.714702;-47.7034;fora_do_escopo
1504455;Medicilândia;15;Pará;150018;Altamira;1506;Altamira;-3.44637;-52.8875;fora_do_escopo
1504505;Melgaço;15;Pará;150020;Breves;1507;Breves;-1.8032;-50.7149;fora_do_escopo
1504059;Mãe do Rio;15;Pará;150007;Paragominas;1502;Castanhal;-2.05683;-47.5601;fora_do_escopo
1505494;Palestina do Pará;15;Pará;150009;Marabá;1503;Marabá;-5.74027;-48.3181;fora_do_escopo
1506187;Rondon do Pará;15;Pará;150009;Marabá;1503;Marabá;-4.77793;-48.067;fora_do_escopo
1507805;Senador José Porfírio;15;Pará;150018;Altamira;1506;Altamira;-4.31242;-51.5764;fora_do_escopo
1507409;São Francisco do Pará;15;Pará;150004;Castanhal;1502;Castanhal;-1.16963;-47.7917;fora_do_escopo
1507953;Tailândia;15;Pará;150003;Abaetetuba;1501;Belém;-2.94584;-48.9489;fora_do_escopo
1507961;Terra Alta;15;Pará;150004;Castanhal;1502;Castanhal;-1.02963;-47.9004;fora_do_escopo
1600204;Calçoene;16;Amapá;160003;Oiapoque;1602;Oiapoque - Porto Grande;2.50475;-50.9512;fora_do_escopo
1600279;Laranjal do Jari;16;Amapá;160002;Laranjal do Jari;1601;Macapá;-0.804911;-52.453;fora_do_escopo
1701903;Araguacema;17;Tocantins;170003;Paraíso do Tocantins;1701;Palmas;-8.80755;-49.5569;fora_do_escopo
1702554;Augustinópolis;17;Tocantins;170009;Araguatins;1702;Araguaína;-5.46863;-47.8863;fora_do_escopo
1703008;Babaçulândia;17;Tocantins;170005;Araguaína;1702;Araguaína;-7.20923;-47.7613;fora_do_escopo
1708304;Goianorte;17;Tocantins;170006;Guaraí;1702;Araguaína;-8.77413;-48.9313;fora_do_escopo
1709500;Gurupi;17;Tocantins;170010;Gurupi;1703;Gurupi;-11.7279;-49.068;fora_do_escopo
1711951;Lagoa do Tocantins;17;Tocantins;170001;Palmas;1701;Palmas;-10.368;-47.538;fora_do_escopo
1712504;Marianópolis do Tocantins;17;Tocantins;170003;Paraíso do Tocantins;1701;Palmas;-9.79377;-49.6553;fora_do_escopo
1713601;Monte do Carmo;17;Tocantins;170002;Porto Nacional;1701;Palmas;-10.7611;-48.1114;fora_do_escopo
1715754;Palmeirópolis;17;Tocantins;170010;Gurupi;1703;Gurupi;-13.0447;-48.4026;fora_do_escopo
1716505;Pedro Afonso;17;Tocantins;170006;Guaraí;1702;Araguaína;-8.97034;-48.1729;fora_do_escopo
1716604;Peixe;17;Tocantins;170010;Gurupi;1703;Gurupi;-12.0254;-48.5395;fora_do_escopo
1718501;Recursolândia;17;Tocantins;170006;Guaraí;1702;Araguaína;-8.7227;-47.2421;fora_do_escopo
1718709;Rio dos Bois;17;Tocantins;170004;Miracema do Tocantins;1701;Palmas;-9.34425;-48.5245;fora_do_escopo
1718840;Sandolândia;17;Tocantins;170010;Gurupi;1703;Gurupi;-12.538;-49.9242;fora_do_escopo
1720655;Silvanópolis;17;Tocantins;170002;Porto Nacional;1701;Palmas;-11.1471;-48.1694;fora_do_escopo
1720259;São Salvador do Tocantins;17;Tocantins;170010;Gurupi;1703;Gurupi;-12.7458;-48.2352;fora_do_escopo
1721257;Tupirama;17;Tocantins;170006;Guaraí;1702;Araguaína;-8.97168;-48.1883;fora_do_escopo
2100402;Altamira do Maranhão;21;Maranhão;210010;Bacabal;2102;Santa Inês - Bacabal;-4.16598;-45.4706;fora_do_escopo
2100832;Apicum-Açu;21;Maranhão;210008;Cururupu;2101;São Luís;-1.45862;-45.0864;fora_do_escopo
2103158;Centro do Guilherme;21;Maranhão;210011;Governador Nunes Freire;2102;Santa Inês - Bacabal;-2.44891;-46.0345;fora_do_escopo
2103208;Chapadinha;21;Maranhão;210003;Chapadinha;2101;São Luís;-3.73875;-43.3538;fora_do_escopo
2103307;Codó;21;Maranhão;210015;Codó;2103;Caxias;-4.45562;-43.8924;fora_do_escopo
2103554;Conceição do Lago-Açu;21;Maranhão;210010;Bacabal;2102;Santa Inês - Bacabal;-3.85142;-44.8895;fora_do_escopo
2104008;Esperantinópolis;21;Maranhão;210012;Pedreiras;2102;Santa Inês - Bacabal;-4.87938;-44.6926;fora_do_escopo
2105450;Jatobá;21;Maranhão;210018;Colinas;2104;Presidente Dutra;-5.82282;-44.2153;fora_do_escopo
2105658;Junco do Maranhão;21;Maranhão;210011;Governador Nunes Freire;2102;Santa Inês - Bacabal;-1.83888;-46.09;fora_do_escopo
2105708;Lago da Pedra;21;Maranhão;210010;Bacabal;2102;Santa Inês - Bacabal;-4.56974;-45.1319;fora_do_escopo
2106508;Matinha;21;Maranhão;210005;Viana;2101;São Luís;-3.09849;-45.035;fora_do_escopo
2107209;Nina Rodrigues;21;Maranhão;210004;Itapecuru Mirim;2101;São Luís;-3.46788;-43.9134;fora_do_escopo
2108256;Pedro do Rosário;21;Maranhão;210002;Pinheiro;2101;São Luís;-2.97272;-45.3493;fora_do_escopo
2109270;Presidente Sarney;21;Maranhão;210002;Pinheiro;2101;São Luís;-2.58799;-45.3595;fora_do_escopo
2109700;Sambaíba;21;Maranhão;210022;Balsas;2105;Imperatriz;-7.13447;-45.3515;fora_do_escopo
2110500;São Bento;21;Maranhão;210002;Pinheiro;2101;São Luís;-2.69781;-44.8289;fora_do_escopo
2111250;São José dos Basílios;21;Maranhão;210016;Presidente Dutra;2104;Presidente Dutra;-5.05493;-44.5809;fora_do_escopo
2111078;São João do Soter;21;Maranhão;210013;Caxias;2103;Caxias;-5.10821;-43.8163;fora_do_escopo
2111409;São Luís Gonzaga do Maranhão;21;Maranhão;210010;Bacabal;2102;Santa Inês - Bacabal;-4.38541;-44.6654;fora_do_escopo
2112803;Viana;21;Maranhão;210005;Viana;2101;São Luís;-3.20451;-44.9912;fora_do_escopo
2112902;Vitória do Mearim;21;Maranhão;210005;Viana;2101;São Luís;-3.45125;-44.8643;fora_do_escopo
2200806;Antônio Almeida;22;Piauí;220018;Uruçuí;2206;Floriano;-7.21276;-44.1889;fora_do_escopo
2201200;Barras;22;Piauí;220005;Barras;2201;Teresina;-4.24468;-42.2922;fora_do_escopo
2201507;Batalha;22;Piauí;220008;Esperantina;2202;Parnaíba;-4.0223;-42.0787;fora_do_escopo
2201804;Bocaina;22;Piauí;220009;Picos;2203;Picos;-6.94124;-41.3168;fora_do_escopo
2201988;Brejo do Piauí;22;Piauí;220019;Canto do Buriti;2206;Floriano;-8.20314;-42.8229;fora_do_escopo
2202307;Canto do Buriti;22;Piauí;220019;Canto do Buriti;2206;Floriano;-8.1111;-42.9517;fora_do_escopo
2202505;Caracol;22;Piauí;220013;São Raimundo Nonato;2204;São Raimundo Nonato;-9.27933;-43.329;fora_do_escopo
2203230;Currais;22;Piauí;220016;Bom Jesus;2205;Corrente - Bom Jesus;-9.01175;-44.4062;fora_do_escopo
2203255;Curralinhos;22;Piauí;220001;Teresina;2201;Teresina;-5.60825;-42.8376;fora_do_escopo
2203404;Dom Expedito Lopes;22;Piauí;220009;Picos;2203;Picos;-6.95332;-41.6396;fora_do_escopo
2204501;Guadalupe;22;Piauí;220017;Floriano;2206;Floriano;-6.78285;-43.5594;fora_do_escopo
2204600;Hugo Napoleão;22;Piauí;220002;Amarante - Água Branca - Regeneração;2201;Teresina;-5.9886;-42.5598;fora_do_escopo
2204659;Ilha Grande;22;Piauí;220006;Parnaíba;2202;Parnaíba;-2.85774;-41.8186;fora_do_escopo
2205151;Jacobina do Piauí;22;Piauí;220010;Paulistana;2203;Picos;-7.93063;-41.2075;fora_do_escopo
2205409;Joaquim Pires;22;Piauí;220008;Esperantina;2202;Parnaíba;-3.50164;-42.1865;fora_do_escopo
2205458;Joca Marques;22;Piauí;220008;Esperantina;2202;Parnaíba;-3.4804;-42.4255;fora_do_escopo
2205565;Lagoa do Barro do Piauí;22;Piauí;220014;São João do Piauí;2204;São Raimundo Nonato;-8.47673;-41.5342;fora_do_escopo
2205805;Luzilândia;22;Piauí;220008;Esperantina;2202;Parnaíba;-3.4683;-42.3718;fora_do_escopo
2205706;Luís Correia;22;Piauí;220006;Parnaíba;2202;Parnaíba;-2.88438;-41.6641;fora_do_escopo
2205854;Madeiro;22;Piauí;220008;Esperantina;2202;Parnaíba;-3.48624;-42.4981;fora_do_escopo
2206001;Marcos Parente;22;Piauí;220017;Floriano;2206;Floriano;-7.11565;-43.8926;fora_do_escopo
2207009;Oeiras;22;Piauí;220011;Oeiras;2203;Picos;-7.01915;-42.1283;fora_do_escopo
2207603;Parnaguá;22;Piauí;220015;Corrente;2205;Corrente - Bom Jesus;-10.2166;-44.63;fora_do_escopo
2207850;Pavussu;22;Piauí;220019;Canto do Buriti;2206;Floriano;-7.96059;-43.2284;fora_do_escopo
2208502;Porto;22;Piauí;220005;Barras;2201;Teresina;-3.88815;-42.6998;fora_do_escopo
2208601;Prata do Piauí;22;Piauí;220002;Amarante - Água Branca - Regeneração;2201;Teresina;-5.67265;-42.2046;fora_do_escopo
2209005;Rio Grande do Piauí;22;Piauí;220019;Canto do Buriti;2206;Floriano;-7.78029;-43.1369;fora_do_escopo
2210706;Simões;22;Piauí;220010;Paulistana;2203;Picos;-7.59109;-40.8137;fora_do_escopo
2209708;São Francisco do Piauí;22;Piauí;220017;Floriano;2206;Floriano;-7.2463;-42.541;fora_do_escopo
2209906;São João da Serra;22;Piauí;220003;Campo Maior;2201;Teresina;-5.51081;-41.8923;fora_do_escopo
2210300;São Julião;22;Piauí;220009;Picos;2203;Picos;-7.08391;-40.8246;fora_do_escopo
2210359;São Lourenço do Piauí;22;Piauí;220013;São Raimundo Nonato;2204;São Raimundo Nonato;-9.16463;-42.5496;fora_do_escopo
2300804;Antonina do Norte;23;Ceará;230011;Juazeiro do Norte;2304;Juazeiro do Norte;-6.76919;-39.987;fora_do_escopo
2301851;Banabuiú;23;Ceará;230006;Quixadá;2302;Quixadá;-5.30454;-38.9132;fora_do_escopo
2302008;Barro;23;Ceará;230012;Brejo Santo;2304;Juazeiro do Norte;-7.17188;-38.7741;fora_do_escopo
2302305;Bela Cruz;23;Ceará;230017;Acaraú;2306;Sobral;-3.04996;-40.1671;fora_do_escopo
2303931;Choró;23;Ceará;230006;Quixadá;2302;Quixadá;-4.83906;-39.1344;fora_do_escopo
2304400;Fortaleza;23;Ceará;230001;Fortaleza;2301;Fortaleza;-3.71664;-38.5423;fora_do_escopo
2304657;Graça;23;Ceará;230015;Sobral;2306;Sobral;-4.04422;-40.749;fora_do_escopo
2305100;Guaramiranga;23;Ceará;230003;Redenção-Acarape;2301;Fortaleza;-4.26248;-38.932;fora_do_escopo
2305332;Ibicuitinga;23;Ceará;230006;Quixadá;2302;Quixadá;-4.96999;-38.6362;fora_do_escopo
2305407;Icó;23;Ceará;230010;Icó;2303;Iguatu;-6.39627;-38.8554;fora_do_escopo
2306256;Itaitinga;23;Ceará;230001;Fortaleza;2301;Fortaleza;-3.96577;-38.5298;fora_do_escopo
2307106;Jardim;23;Ceará;230011;Juazeiro do Norte;2304;Juazeiro do Norte;-7.57599;-39.2826;fora_do_escopo
2307205;Jati;23;Ceará;230012;Brejo Santo;2304;Juazeiro do Norte;-7.6797;-39.0029;fora_do_escopo
2307403;Jucás;23;Ceará;230009;Iguatu;2303;Iguatu;-6.51523;-39.5187;fora_do_escopo
2307809;Marco;23;Ceará;230017;Acaraú;2306;Sobral;-3.1285;-40.1582;fora_do_escopo
2308005;Massapê;23;Ceará;230015;Sobral;2306;Sobral;-3.52364;-40.3423;fora_do_escopo
2308104;Mauriti;23;Ceará;230012;Brejo Santo;2304;Juazeiro do Norte;-7.38597;-38.7708;fora_do_escopo
2308302;Milagres;23;Ceará;230012;Brejo Santo;2304;Juazeiro do Norte;-7.29749;-38.9378;fora_do_escopo
2309458;Ocara;23;Ceará;230003;Redenção-Acarape;2301;Fortaleza;-4.48523;-38.5933;fora_do_escopo
2310407;Paramoti;23;Ceará;230004;Canindé;2301;Fortaleza;-4.08815;-39.2417;fora_do_escopo
2313302;Tauá;23;Ceará;230014;Tauá;2305;Crateús;-5.98585;-40.2968;fora_do_escopo
2313609;Ubajara;23;Ceará;230016;São Benedito - Ipu - Guaraciaba do Norte - Tianguá;2306;Sobral;-3.85448;-40.9204;fora_do_escopo
2314003;Várzea Alegre;23;Ceará;230011;Juazeiro do Norte;2304;Juazeiro do Norte;-6.78264;-39.2942;fora_do_escopo
2400109;Acari;24;Rio Grande do Norte;240008;Currais Novos;2402;Caicó;-6.4282;-36.6347;fora_do_escopo
2400505;Alexandria;24;Rio Grande do Norte;240010;Pau dos Ferros;2403;Mossoró;-6.40533;-38.0142;fora_do_escopo
2401701;Bom Jesus;24;Rio Grande do Norte;240001;Natal;2401;Natal;-5.98648;-35.5792;fora_do_escopo
2402709;Cerro Corá;24;Rio Grande do Norte;240008;Currais Novos;2402;Caicó;-6.03503;-36.3503;fora_do_escopo
2404309;Governador Dix-Sept Rosado;24;Rio Grande do Norte;240009;Mossoró;2403;Mossoró;-5.44887;-37.5183;fora_do_escopo
2404804;Ipueira;24;Rio Grande do Norte;240007;Caicó;2402;Caicó;-6.80596;-37.2045;fora_do_escopo
2406908;Lucrécia;24;Rio Grande do Norte;240010;Pau dos Ferros;2403;Mossoró;-6.10525;-37.8134;fora_do_escopo
2408706;Paraú;24;Rio Grande do Norte;240011;Açu;2403;Mossoró;-5.76893;-37.1032;fora_do_escopo
2409407;Pau dos Ferros;24;Rio Grande do Norte;240010;Pau dos Ferros;2403;Mossoró;-6.10498;-38.2077;fora_do_escopo
2409704;Pedro Avelino;24;Rio Grande do Norte;240005;João Câmara;2401;Natal;-5.5161;-36.3867;fora_do_escopo
2410256;Porto do Mangue;24;Rio Grande do Norte;240011;Açu;2403;Mossoró;-5.05441;-36.7887;fora_do_escopo
2410108;Poço Branco;24;Rio Grande do Norte;240001;Natal;2401;Natal;-5.62233;-35.6635;fora_do_escopo
2410405;Pureza;24;Rio Grande do Norte;240001;Natal;2401;Natal;-5.46393;-35.5554;fora_do_escopo
2410900;Riachuelo;24;Rio Grande do Norte;240006;São Paulo do Potengi;2401;Natal;-5.82156;-35.8215;fora_do_escopo
2411007;Rodolfo Fernandes;24;Rio Grande do Norte;240009;Mossoró;2403;Mossoró;-5.78393;-38.0579;fora_do_escopo
2409332;Santa Maria;24;Rio Grande do Norte;240006;São Paulo do Potengi;2401;Natal;-5.83802;-35.6914;fora_do_escopo
2413102;Senador Elói de Souza;24;Rio Grande do Norte;240006;São Paulo do Potengi;2401;Natal;-6.03334;-35.6978;fora_do_escopo
2410306;Serra Caiada;24;Rio Grande do Norte;240002;Santo Antônio - Passa e Fica - Nova Cruz;2401;Natal;-6.10478;-35.7113;fora_do_escopo
2413359;Serra do Mel;24;Rio Grande do Norte;240009;Mossoró;2403;Mossoró;-5.17725;-37.0242;fora_do_escopo
2412302;São José do Campestre;24;Rio Grande do Norte;240002;Santo Antônio - Passa e Fica - Nova Cruz;2401;Natal;-6.31087;-35.7067;fora_do_escopo
2412609;São Paulo do Potengi;24;Rio Grande do Norte;240006;São Paulo do Potengi;2401;Natal;-5.8994;-35.7642;fora_do_escopo
2412906;São Tomé;24;Rio Grande do Norte;240006;São Paulo do Potengi;2401;Natal;-5.96404;-36.0798;fora_do_escopo
2414001;Tangará;24;Rio Grande do Norte;240004;Santa Cruz;2401;Natal;-6.19649;-35.7989;fora_do_escopo
2500403;Alagoa Nova;25;Paraíba;250005;Campina Grande;2502;Campina Grande;-7.05377;-35.7591;fora_do_escopo
2500908;Arara;25;Paraíba;250002;Guarabira;2501;João Pessoa;-6.82813;-35.7552;fora_do_escopo
2501203;Areial;25;Paraíba;250005;Campina Grande;2502;Campina Grande;-7.04789;-35.9313;fora_do_escopo
2502409;Bonito de Santa Fé;25;Paraíba;250015;Cajazeiras;2504;Sousa - Cajazeiras;-7.31341;-38.5133;fora_do_escopo
2503308;Cachoeira dos Índios;25;Paraíba;250015;Cajazeiras;2504;Sousa - Cajazeiras;-6.91353;-38.676;fora_do_escopo
2504009;Campina Grande;25;Paraíba;250005;Campina Grande;2502;Campina Grande;-7.22196;-35.8731;fora_do_escopo
2505402;Desterro;25;Paraíba;250009;Patos;2503;Patos;-7.287;-37.0925;fora_do_escopo
2513653;Joca Claudino;25;Paraíba;250014;Sousa;2504;Sousa - Cajazeiras;-6.48362;-38.4764;fora_do_escopo
2507705;Juazeirinho;25;Paraíba;250005;Campina Grande;2502;Campina Grande;-7.06092;-36.5793;fora_do_escopo
2508554;Logradouro;25;Paraíba;250002;Guarabira;2501;João Pessoa;-6.61191;-35.4384;fora_do_escopo
2511103;Pedra Lavrada;25;Paraíba;250006;Cuité - Nova Floresta;2502;Campina Grande;-6.74997;-36.4758;fora_do_escopo
2511301;Piancó;25;Paraíba;250010;Itaporanga;2503;Patos;-7.19282;-37.9289;fora_do_escopo
2511509;Pilar;25;Paraíba;250001;João Pessoa;2501;João Pessoa;-7.26403;-35.2523;fora_do_escopo
2512002;Pocinhos;25;Paraíba;250005;Campina Grande;2502;Campina Grande;-7.06658;-36.0668;fora_do_escopo
2512200;Prata;25;Paraíba;250007;Monteiro;2502;Campina Grande;-7.68826;-37.0801;fora_do_escopo
2512309;Princesa Isabel;25;Paraíba;250013;Princesa Isabel;2503;Patos;-7.73175;-37.9886;fora_do_escopo
2512606;Quixaba;25;Paraíba;250009;Patos;2503;Patos;-7.0224;-37.1458;fora_do_escopo
2512804;Riacho dos Cavalos;25;Paraíba;250011;Catolé do Rocha - São Bento;2503;Patos;-6.44067;-37.6483;fora_do_escopo
2512747;Riachão;25;Paraíba;250002;Guarabira;2501;João Pessoa;-6.54269;-35.661;fora_do_escopo
2512903;Rio Tinto;25;Paraíba;250003;Mamanguape - Rio Tinto;2501;João Pessoa;-6.80383;-35.0776;fora_do_escopo
2513158;Santa Cecília;25;Paraíba;250005;Campina Grande;2502;Campina Grande;-7.7389;-35.8764;fora_do_escopo
2513208;Santa Cruz;25;Paraíba;250014;Sousa;2504;Sousa - Cajazeiras;-6.5237;-38.0617;fora_do_escopo
2513505;Santana de Mangueira;25;Paraíba;250010;Itaporanga;2503;Patos;-7.54705;-38.3236;fora_do_escopo
2513604;Santana dos Garrotes;25;Paraíba;250010;Itaporanga;2503;Patos;-7.38162;-37.9819;fora_do_escopo
2515302;Sapé;25;Paraíba;250001;João Pessoa;2501;João Pessoa;-7.09359;-35.228;fora_do_escopo
2515708;Serra Grande;25;Paraíba;250015;Cajazeiras;2504;Sousa - Cajazeiras;-7.20957;-38.3647;fora_do_escopo
2516300;Sumé;25;Paraíba;250008;Sumé;2502;Campina Grande;-7.66206;-36.884;fora_do_escopo
2513927;São Bentinho;25;Paraíba;250012;Pombal;2503;Patos;-6.88596;-37.7243;fora_do_escopo
2514909;São Mamede;25;Paraíba;250009;Patos;2503;Patos;-6.92386;-37.0954;fora_do_escopo
2515104;São Sebastião de Lagoa de Roça;25;Paraíba;250005;Campina Grande;2502;Campina Grande;-7.11034;-35.8678;fora_do_escopo
2515203;São Sebastião do Umbuzeiro;25;Paraíba;250007;Monteiro;2502;Campina Grande;-8.15289;-37.0138;fora_do_escopo
2516904;Uiraúna;25;Paraíba;250014;Sousa;2504;Sousa - Cajazeiras;-6.51504;-38.4128;fora_do_escopo
2517209;Vieirópolis;25;Paraíba;250014;Sousa;2504;Sousa - Cajazeiras;-6.50684;-38.2567;fora_do_escopo
2603207;Caetés;26;Pernambuco;260010;Garanhuns;2602;Caruaru;-8.7803;-36.6268;fora_do_escopo
2604502;Chã Grande;26;Pernambuco;260009;Caruaru;2602;Caruaru;-8.23827;-35.4571;fora_do_escopo
2605905;Gameleira;26;Pernambuco;260003;Palmares;2601;Recife;-8.5798;-35.3846;fora_do_escopo
2606606;Ibimirim;26;Pernambuco;260011;Arcoverde;2602;Caruaru;-8.54026;-37.7032;fora_do_escopo
2607752;Itapissuma;26;Pernambuco;260001;Recife;2601;Recife;-7.76798;-34.8971;fora_do_escopo
2608057;Jatobá;26;Pernambuco;260013;Serra Talhada;2603;Serra Talhada;-9.17476;-38.2607;fora_do_escopo
2609907;Ouricuri;26;Pernambuco;260016;Araripina;2604;Petrolina;-7.87918;-40.08;fora_do_escopo
2610004;Palmares;26;Pernambuco;260003;Palmares;2601;Recife;-8.68423;-35.589;fora_do_escopo
2610202;Panelas;26;Pernambuco;260009;Caruaru;2602;Caruaru;-8.66121;-36.0125;fora_do_escopo
2610509;Passira;26;Pernambuco;260004;Limoeiro;2601;Recife;-7.9971;-35.5813;fora_do_escopo
2611408;Primavera;26;Pernambuco;260018;Escada - Ribeirão;2601;Recife;-8.32999;-35.3544;fora_do_escopo
2611606;Recife;26;Pernambuco;260001;Recife;2601;Recife;-8.04666;-34.8771;fora_do_escopo
2611804;Ribeirão;26;Pernambuco;260018;Escada - Ribeirão;2601;Recife;-8.50957;-35.3698;fora_do_escopo
2612307;Saloá;26;Pernambuco;260010;Garanhuns;2602;Caruaru;-8.9723;-36.691;fora_do_escopo
2612406;Sanharó;26;Pernambuco;260012;Belo Jardim ¿ Pesqueira;2602;Caruaru;-8.36097;-36.5696;fora_do_escopo
2612802;Santa Terezinha;26;Pernambuco;260014;Afogados da Ingazeira;2603;Serra Talhada;-7.37696;-37.4787;fora_do_escopo
2613602;São José do Egito;26;Pernambuco;260014;Afogados da Ingazeira;2603;Serra Talhada;-7.46945;-37.274;fora_do_escopo
2701407;Campo Alegre;27;Alagoas;270004;São Miguel dos Campos;2701;Maceió;-9.78451;-36.3525;fora_do_escopo
2702306;Coruripe;27;Alagoas;270003;Penedo;2701;Maceió;-10.1276;-36.1717;fora_do_escopo
2703205;Igreja Nova;27;Alagoas;270003;Penedo;2701;Maceió;-10.1235;-36.6597;fora_do_escopo
2703759;Jequiá da Praia;27;Alagoas;270004;São Miguel dos Campos;2701;Maceió;-10.0133;-36.0142;fora_do_escopo
2704708;Marechal Deodoro;27;Alagoas;270001;Maceió;2701;Maceió;-9.70971;-35.8967;fora_do_escopo
2705804;Olho d'Água do Casado;27;Alagoas;270009;Delmiro Gouveia;2702;Arapiraca;-9.50357;-37.8301;fora_do_escopo
2706802;Piaçabuçu;27;Alagoas;270003;Penedo;2701;Maceió;-10.406;-36.434;fora_do_escopo
2706901;Pilar;27;Alagoas;270001;Maceió;2701;Maceió;-9.60135;-35.9543;fora_do_escopo
2706406;Pão de Açúcar;27;Alagoas;270011;Pão de Açúcar - Olho d'Água das Flores ¿ Batalha;2702;Arapiraca;-9.74032;-37.4403;fora_do_escopo
2708105;Santana do Mundaú;27;Alagoas;270005;União dos Palmares;2701;Maceió;-9.17141;-36.2176;fora_do_escopo
2708709;São Miguel dos Milagres;27;Alagoas;270002;Porto Calvo - São Luís do Quitunde;2701;Maceió;-9.26493;-35.3763;fora_do_escopo
2709152;Teotônio Vilela;27;Alagoas;270007;Arapiraca;2702;Arapiraca;-9.91656;-36.3492;fora_do_escopo
2801207;Canindé de São Francisco;28;Sergipe;280006;Nossa Senhora da Glória;2802;Itabaiana;-9.64882;-37.7923;fora_do_escopo
2802502;General Maynard;28;Sergipe;280001;Aracaju;2801;Aracaju;-10.6835;-36.9838;fora_do_escopo
2802601;Graccho Cardoso;28;Sergipe;280006;Nossa Senhora da Glória;2802;Itabaiana;-10.2252;-37.2006;fora_do_escopo
2803104;Itabi;28;Sergipe;280006;Nossa Senhora da Glória;2802;Itabaiana;-10.1248;-37.1056;fora_do_escopo
2804201;Monte Alegre de Sergipe;28;Sergipe;280006;Nossa Senhora da Glória;2802;Itabaiana;-10.0256;-37.5616;fora_do_escopo
2805505;Poço Verde;28;Sergipe;280005;Lagarto;2802;Itabaiana;-10.7151;-38.1813;fora_do_escopo
2806404;Santana do São Francisco;28;Sergipe;280003;Propriá;2801;Aracaju;-10.2922;-36.6105;fora_do_escopo
2806602;Santo Amaro das Brotas;28;Sergipe;280001;Aracaju;2801;Aracaju;-10.7892;-37.0564;fora_do_escopo
2900207;Abaré;29;Bahia;290024;Paulo Afonso;2909;Paulo Afonso;-8.72073;-39.1162;fora_do_escopo
2900108;Abaíra;29;Bahia;290013;Brumado;2904;Vitória da Conquista;-13.2488;-41.6619;fora_do_escopo
2902252;Arataca;29;Bahia;290010;Camacan;2903;Ilhéus ¿ Itabuna;-15.2651;-39.419;fora_do_escopo
2902302;Aratuípe;29;Bahia;290006;Nazaré ¿ Maragogipe;2902;Santo Antônio de Jesus;-13.0716;-39.0038;fora_do_escopo
2903102;Barra do Rocha;29;Bahia;290014;Ipiaú;2904;Vitória da Conquista;-14.2;-39.5991;fora_do_escopo
2904001;Boninal;29;Bahia;290034;Seabra;2910;Feira de Santana;-12.7069;-41.8286;fora_do_escopo
2904852;Cabaceiras do Paraguaçu;29;Bahia;290004;Cruz das Almas;2902;Santo Antônio de Jesus;-12.5317;-39.1902;fora_do_escopo
2906824;Canudos;29;Bahia;290026;Euclides da Cunha;2909;Paulo Afonso;-9.90014;-39.1471;fora_do_escopo
2907608;Central;29;Bahia;290020;Irecê;2907;Irecê;-11.1376;-42.1116;fora_do_escopo
2908309;Conceição do Almeida;29;Bahia;290004;Cruz das Almas;2902;Santo Antônio de Jesus;-12.7836;-39.1715;fora_do_escopo
2908705;Condeúba;29;Bahia;290011;Vitória da Conquista;2904;Vitória da Conquista;-14.9022;-41.9718;fora_do_escopo
2908804;Contendas do Sincorá;29;Bahia;290011;Vitória da Conquista;2904;Vitória da Conquista;-13.7537;-41.048;fora_do_escopo
2908903;Coração de Maria;29;Bahia;290029;Feira de Santana;2910;Feira de Santana;-12.2333;-38.7487;fora_do_escopo
2909109;Coribe;29;Bahia;290019;Santa Maria da Vitoria;2906;Barreiras;-13.8232;-44.4586;fora_do_escopo
2907806;Cícero Dantas;29;Bahia;290027;Cícero Dantas;2909;Paulo Afonso;-10.5897;-38.3794;fora_do_escopo
2910057;Dias d'Ávila;29;Bahia;290001;Salvador;2901;Salvador;-12.6187;-38.2926;fora_do_escopo
2910800;Feira de Santana;29;Bahia;290029;Feira de Santana;2910;Feira de Santana;-12.2664;-38.9663;fora_do_escopo
2910859;Filadélfia;29;Bahia;290023;Senhor do Bonfim;2908;Juazeiro;-10.7405;-40.1437;fora_do_escopo
2911907;Iaçu;29;Bahia;290031;Itaberaba;2910;Feira de Santana;-12.7666;-40.2056;fora_do_escopo
2913101;Ibititá;29;Bahia;290020;Irecê;2907;Irecê;-11.5414;-41.9748;fora_do_escopo
2913200;Ibotirama;29;Bahia;290021;Xique-Xique ¿ Barra;2907;Irecê;-12.1779;-43.2167;fora_do_escopo
2913457;Igrapiúna;29;Bahia;290005;Valença;2902;Santo Antônio de Jesus;-13.8295;-39.1361;fora_do_escopo
2913507;Iguaí;29;Bahia;290011;Vitória da Conquista;2904;Vitória da Conquista;-14.7528;-40.0894;fora_do_escopo
2913705;Inhambupe;29;Bahia;290002;Alagoinhas;2901;Salvador;-11.781;-38.355;fora_do_escopo
2914653;Itabela;29;Bahia;290009;Eunápolis - Porto Seguro;2903;Ilhéus ¿ Itabuna;-16.5732;-39.5593;fora_do_escopo
2914802;Itabuna;29;Bahia;290007;Ilhéus ¿ Itabuna;2903;Ilhéus ¿ Itabuna;-14.7876;-39.2781;fora_do_escopo
2915007;Itaeté;29;Bahia;290031;Itaberaba;2910;Feira de Santana;-12.9831;-40.9677;fora_do_escopo
2916005;Itanhém;29;Bahia;290008;Teixeira de Freitas;2903;Ilhéus ¿ Itabuna;-17.1642;-40.3321;fora_do_escopo
2916104;Itaparica;29;Bahia;290006;Nazaré ¿ Maragogipe;2902;Santo Antônio de Jesus;-12.8932;-38.68;fora_do_escopo
2916708;Itaquara;29;Bahia;290012;Jequié;2904;Vitória da Conquista;-13.4459;-39.9378;fora_do_escopo
2917102;Itororó;29;Bahia;290015;Itapetinga;2904;Vitória da Conquista;-15.11;-40.0684;fora_do_escopo
2917805;Jaguaripe;29;Bahia;290006;Nazaré ¿ Maragogipe;2902;Santo Antônio de Jesus;-13.1109;-38.8939;fora_do_escopo
2918100;Jeremoabo;29;Bahia;290028;Jeremoabo;2909;Paulo Afonso;-10.0685;-38.3471;fora_do_escopo
2918407;Juazeiro;29;Bahia;290022;Juazeiro;2908;Juazeiro;-9.41622;-40.5033;fora_do_escopo
2918506;Jussara;29;Bahia;290020;Irecê;2907;Irecê;-11.0431;-41.9702;fora_do_escopo
2919009;Lajedinho;29;Bahia;290031;Itaberaba;2910;Feira de Santana;-12.3529;-40.9048;fora_do_escopo
2919207;Lauro de Freitas;29;Bahia;290001;Salvador;2901;Salvador;-12.8978;-38.321;fora_do_escopo
2919306;Lençóis;29;Bahia;290034;Seabra;2910;Feira de Santana;-12.5616;-41.3928;fora_do_escopo
2920452;Mansidão;29;Bahia;290018;Barreiras;2906;Barreiras;-10.7227;-44.0428;fora_do_escopo
2921104;Medeiros Neto;29;Bahia;290008;Teixeira de Freitas;2903;Ilhéus ¿ Itabuna;-17.3707;-40.2238;fora_do_escopo
2921807;Mortugaba;29;Bahia;290016;Guanambi;2905;Guanambi;-15.0225;-42.3727;fora_do_escopo
2922409;Mutuípe;29;Bahia;290003;Santo Antônio de Jesus;2902;Santo Antônio de Jesus;-13.2284;-39.5044;fora_do_escopo
2923704;Paratinga;29;Bahia;290017;Bom Jesus da Lapa;2905;Guanambi;-12.687;-43.1798;fora_do_escopo
2923902;Pau Brasil;29;Bahia;290010;Camacan;2903;Ilhéus ¿ Itabuna;-15.4572;-39.6458;fora_do_escopo
2924801;Piritiba;29;Bahia;290030;Jacobina;2910;Feira de Santana;-11.73;-40.5587;fora_do_escopo
2925907;Quijingue;29;Bahia;290026;Euclides da Cunha;2909;Paulo Afonso;-10.7505;-39.2137;fora_do_escopo
2926400;Riacho de Santana;29;Bahia;290016;Guanambi;2905;Guanambi;-13.6059;-42.9397;fora_do_escopo
2926905;Rio do Pires;29;Bahia;290013;Brumado;2904;Vitória da Conquista;-13.1185;-42.2902;fora_do_escopo
2928505;Santa Terezinha;29;Bahia;290004;Cruz das Almas;2902;Santo Antônio de Jesus;-12.7697;-39.5215;fora_do_escopo
2930204;Sento Sé;29;Bahia;290022;Juazeiro;2908;Juazeiro;-9.74138;-41.8786;fora_do_escopo
2930501;Serrinha;29;Bahia;290033;Serrinha;2910;Feira de Santana;-11.6584;-39.01;fora_do_escopo
2930774;Sobradinho;29;Bahia;290022;Juazeiro;2908;Juazeiro;-9.45024;-40.8145;fora_do_escopo
2929354;São José da Vitória;29;Bahia;290007;Ilhéus ¿ Itabuna;2903;Ilhéus ¿ Itabuna;-15.0787;-39.3437;fora_do_escopo
2931202;Taperoá;29;Bahia;290005;Valença;2902;Santo Antônio de Jesus;-13.5321;-39.1009;fora_do_escopo
2931608;Teolândia;29;Bahia;290014;Ipiaú;2904;Vitória da Conquista;-13.5896;-39.484;fora_do_escopo
2931707;Terra Nova;29;Bahia;290001;Salvador;2901;Salvador;-12.3888;-38.6238;fora_do_escopo
2932309;Ubatã;29;Bahia;290014;Ipiaú;2904;Vitória da Conquista;-14.2063;-39.5207;fora_do_escopo
2932408;Uibaí;29;Bahia;290020;Irecê;2907;Irecê;-11.3394;-42.1354;fora_do_escopo
2933257;Vereda;29;Bahia;290008;Teixeira de Freitas;2903;Ilhéus ¿ Itabuna;-17.2183;-40.0974;fora_do_escopo
2933059;Várzea da Roça;29;Bahia;290029;Feira de Santana;2910;Feira de Santana;-11.6005;-40.1328;fora_do_escopo
2900504;Érico Cardoso;29;Bahia;290013;Brumado;2904;Vitória da Conquista;-13.4215;-42.1352;fora_do_escopo
3101102;Aimorés;31;Minas Gerais;310023;Aimorés - Resplendor;3104;Governador Valadares;-19.5007;-41.0746;nao_atendido
3101300;Alagoa;31;Minas Gerais;310053;São Lourenço;3109;Pouso Alegre;-22.171;-44.6413;nao_atendido
3101706;Almenara;31;Minas Gerais;310015;Almenara;3103;Teófilo Otoni;-16.1785;-40.6942;nao_atendido
3102407;Alvorada de Minas;31;Minas Gerais;310016;Diamantina;3103;Teófilo Otoni;-18.7334;-43.3638;nao_atendido
3102506;Amparo do Serra;31;Minas Gerais;310030;Ponte Nova;3106;Juíz de Fora;-20.5051;-42.8009;nao_atendido
3102803;Andrelândia;31;Minas Gerais;310027;Juiz de Fora;3106;Juíz de Fora;-21.7411;-44.3117;nao_atendido
3104452;Aricanduva;31;Minas Gerais;310014;Capelinha;3103;Teófilo Otoni;-17.8666;-42.5533;nao_atendido
3100500;Açucena;31;Minas Gerais;310024;Ipatinga;3105;Ipatinga;-19.0671;-42.5419;nao_atendido
3105608;Barbacena;31;Minas Gerais;310037;Barbacena;3107;Barbacena;-21.2214;-43.7703;nao_atendido
3106309;Belo Oriente;31;Minas Gerais;310024;Ipatinga;3105;Ipatinga;-19.2199;-42.4828;nao_atendido
3106606;Bertópolis;31;Minas Gerais;310019;Águas Formosas;3103;Teófilo Otoni;-17.059;-40.58;nao_atendido
3106903;Bicas;31;Minas Gerais;310035;São João Nepomuceno - Bicas;3106;Juíz de Fora;-21.7232;-43.056;nao_atendido
3108107;Bonfim;31;Minas Gerais;310069;Oliveira;3113;Divinópolis;-20.3302;-44.2366;nao_atendido
3108255;Bonito de Minas;31;Minas Gerais;310009;Januária;3102;Montes Claros;-15.3231;-44.7543;nao_atendido
3109808;Cachoeira Dourada;31;Minas Gerais;310060;Ituiutaba;3111;Uberlândia;-18.5161;-49.5039;nao_atendido
3109709;Cachoeira de Minas;31;Minas Gerais;310050;Pouso Alegre;3109;Pouso Alegre;-22.3511;-45.7809;nao_atendido
3102704;Cachoeira de Pajeú;31;Minas Gerais;310018;Pedra Azul;3103;Teófilo Otoni;-15.9688;-41.4948;nao_atendido
3112000;Candeias;31;Minas Gerais;310048;Campo Belo;3108;Varginha;-20.7692;-45.2765;nao_atendido
3112307;Capelinha;31;Minas Gerais;310014;Capelinha;3103;Teófilo Otoni;-17.6888;-42.5147;nao_atendido
3112406;Capetinga;31;Minas Gerais;310041;Passos;3108;Varginha;-20.6163;-47.0571;nao_atendido
3113008;Caraí;31;Minas Gerais;310013;Teófilo Otoni;3103;Teófilo Otoni;-17.1862;-41.7004;nao_atendido
3113602;Careaçu;31;Minas Gerais;310050;Pouso Alegre;3109;Pouso Alegre;-22.0424;-45.696;nao_atendido
3113800;Carmésia;31;Minas Gerais;310005;Itabira;3101;Belo Horizonte;-19.0877;-43.1382;nao_atendido
3114808;Carvalhos;31;Minas Gerais;310054;Caxambu - Baependi;3109;Pouso Alegre;-22.0;-44.4632;nao_atendido
3116803;Coluna;31;Minas Gerais;310021;Guanhães;3104;Governador Valadares;-18.2311;-42.8352;nao_atendido
3116902;Comendador Gomes;31;Minas Gerais;310057;Frutal;3110;Uberaba;-19.6973;-49.0789;nao_atendido
3117306;Conceição das Alagoas;31;Minas Gerais;310055;Uberaba;3110;Uberaba;-19.9172;-48.3839;nao_atendido
3118205;Conquista;31;Minas Gerais;310055;Uberaba;3110;Uberaba;-19.9312;-47.5492;nao_atendido
3118304;Conselheiro Lafaiete;31;Minas Gerais;310038;Conselheiro Lafaiete;3107;Barbacena;-20.6634;-43.7846;nao_atendido
3120102;Couto de Magalhães de Minas;31;Minas Gerais;310016;Diamantina;3103;Teófilo Otoni;-18.0727;-43.4648;nao_atendido
3119807;Córrego Danta;31;Minas Gerais;310066;Formiga;3113;Divinópolis;-19.8198;-45.9032;nao_atendido
3121308;Descoberto;31;Minas Gerais;310035;São João Nepomuceno - Bicas;3106;Juíz de Fora;-21.46;-42.9618;nao_atendido
3122470;Dom Bosco;31;Minas Gerais;310063;Unaí;3112;Patos de Minas;-16.652;-46.2597;nao_atendido
3122801;Dom Viçoso;31;Minas Gerais;310053;São Lourenço;3109;Pouso Alegre;-22.2511;-45.1643;nao_atendido
3123007;Dores de Campos;31;Minas Gerais;310037;Barbacena;3107;Barbacena;-21.1139;-44.0207;nao_atendido
3125804;Fernandes Tourinho;31;Minas Gerais;310020;Governador Valadares;3104;Governador Valadares;-19.1541;-42.0803;nao_atendido
3125952;Fervedouro;31;Minas Gerais;310031;Muriaé;3106;Juíz de Fora;-20.726;-42.279;nao_atendido
3127305;Galiléia;31;Minas Gerais;310020;Governador Valadares;3104;Governador Valadares;-19.0005;-41.5387;nao_atendido
3128105;Guapé;31;Minas Gerais;310041;Passos;3108;Varginha;-20.7631;-45.9152;nao_atendido
3128808;Guidoval;31;Minas Gerais;310029;Ubá;3106;Juíz de Fora;-21.155;-42.7887;nao_atendido
3129806;Ibirité;31;Minas Gerais;310001;Belo Horizonte;3101;Belo Horizonte;-20.0252;-44.0569;nao_atendido
3130309;Iguatama;31;Minas Gerais;310066;Formiga;3113;Divinópolis;-20.1776;-45.7111;nao_atendido
3131208;Ipanema;31;Minas Gerais;310028;Manhuaçu;3106;Juíz de Fora;-19.7992;-41.7164;nao_atendido
3131406;Ipiaçu;31;Minas Gerais;310060;Ituiutaba;3111;Uberlândia;-18.6927;-49.9436;nao_atendido
3131802;Itabirinha;31;Minas Gerais;310022;Mantena;3104;Governador Valadares;-18.5712;-41.234;nao_atendido
3132602;Itamarati de Minas;31;Minas Gerais;310032;Cataguases;3106;Juíz de Fora;-21.4179;-42.813;nao_atendido
3132800;Itambé do Mato Dentro;31;Minas Gerais;310005;Itabira;3101;Belo Horizonte;-19.4158;-43.3182;nao_atendido
3134400;Iturama;31;Minas Gerais;310058;Iturama;3110;Uberaba;-19.7276;-50.1966;nao_atendido
3134905;Jacutinga;31;Minas Gerais;310050;Pouso Alegre;3109;Pouso Alegre;-22.286;-46.6166;nao_atendido
3137007;Ladainha;31;Minas Gerais;310013;Teófilo Otoni;3103;Teófilo Otoni;-17.6279;-41.7488;nao_atendido
3137304;Lagoa dos Patos;31;Minas Gerais;310006;Montes Claros;3102;Montes Claros;-16.978;-44.5754;nao_atendido
3137700;Lajinha;31;Minas Gerais;310028;Manhuaçu;3106;Juíz de Fora;-20.1539;-41.6228;nao_atendido
3137908;Lamim;31;Minas Gerais;310038;Conselheiro Lafaiete;3107;Barbacena;-20.79;-43.4706;nao_atendido
3138401;Leopoldina;31;Minas Gerais;310032;Cataguases;3106;Juíz de Fora;-21.5296;-42.6421;nao_atendido
3138609;Lima Duarte;31;Minas Gerais;310027;Juiz de Fora;3106;Juíz de Fora;-21.8386;-43.7934;nao_atendido
3139706;Maravilhas;31;Minas Gerais;310068;Pará de Minas;3113;Divinópolis;-19.5076;-44.6779;nao_atendido
3140209;Maripá de Minas;31;Minas Gerais;310035;São João Nepomuceno - Bicas;3106;Juíz de Fora;-21.6979;-42.9546;nao_atendido
3140407;Marmelópolis;31;Minas Gerais;310052;Itajubá;3109;Pouso Alegre;-22.447;-45.1645;nao_atendido
3140555;Mata Verde;31;Minas Gerais;310015;Almenara;3103;Teófilo Otoni;-15.6869;-40.7366;nao_atendido
3142502;Monjolos;31;Minas Gerais;310004;Curvelo;3101;Belo Horizonte;-18.3245;-44.118;nao_atendido
3142601;Monsenhor Paulo;31;Minas Gerais;310040;Varginha;3108;Varginha;-21.7579;-45.5391;nao_atendido
3142700;Montalvânia;31;Minas Gerais;310009;Januária;3102;Montes Claros;-14.4197;-44.3719;nao_atendido
3143104;Monte Carmelo;31;Minas Gerais;310061;Monte Carmelo;3111;Uberlândia;-18.7302;-47.4912;nao_atendido
3143153;Monte Formoso;31;Minas Gerais;310013;Teófilo Otoni;3103;Teófilo Otoni;-16.8691;-41.2473;nao_atendido
3143708;Morro do Pilar;31;Minas Gerais;310002;Sete Lagoas;3101;Belo Horizonte;-19.2236;-43.3795;nao_atendido
3143807;Munhoz;31;Minas Gerais;310050;Pouso Alegre;3109;Pouso Alegre;-22.6092;-46.362;nao_atendido
3143906;Muriaé;31;Minas Gerais;310031;Muriaé;3106;Juíz de Fora;-21.13;-42.3693;nao_atendido
3144003;Mutum;31;Minas Gerais;310028;Manhuaçu;3106;Juíz de Fora;-19.8121;-41.4407;nao_atendido
3144201;Nacip Raydan;31;Minas Gerais;310020;Governador Valadares;3104;Governador Valadares;-18.4544;-42.2481;nao_atendido
3144359;Naque;31;Minas Gerais;310024;Ipatinga;3105;Ipatinga;-19.2291;-42.3312;nao_atendido
3146107;Ouro Preto;31;Minas Gerais;310003;Santa Bárbara - Ouro Preto;3101;Belo Horizonte;-20.3796;-43.512;nao_atendido
3146552;Pai Pedro;31;Minas Gerais;310007;Janaúba;3102;Montes Claros;-15.5271;-43.07;nao_atendido
3146404;Paineiras;31;Minas Gerais;310070;Abaeté;3113;Divinópolis;-18.8993;-45.5321;nao_atendido
3146503;Pains;31;Minas Gerais;310066;Formiga;3113;Divinópolis;-20.3705;-45.6627;nao_atendido
3146750;Palmópolis;31;Minas Gerais;310015;Almenara;3103;Teófilo Otoni;-16.7364;-40.4296;nao_atendido
3147204;Paraguaçu;31;Minas Gerais;310042;Alfenas;3108;Varginha;-21.5465;-45.7374;nao_atendido
3147709;Passa Tempo;31;Minas Gerais;310069;Oliveira;3113;Divinópolis;-20.6539;-44.4926;nao_atendido
3148905;Pedra do Indaiá;31;Minas Gerais;310065;Divinópolis;3113;Divinópolis;-20.2563;-45.2107;nao_atendido
3148608;Peçanha;31;Minas Gerais;310021;Guanhães;3104;Governador Valadares;-18.5441;-42.5583;nao_atendido
3150570;Pintópolis;31;Minas Gerais;310011;São Francisco;3102;Montes Claros;-16.0572;-45.1402;nao_atendido
3151008;Piranguinho;31;Minas Gerais;310052;Itajubá;3109;Pouso Alegre;-22.395;-45.5324;nao_atendido
3151206;Pirapora;31;Minas Gerais;310010;Pirapora;3102;Montes Claros;-17.3392;-44.934;nao_atendido
3152709;Prados;31;Minas Gerais;310039;São João del Rei;3107;Barbacena;-21.0597;-44.0778;nao_atendido
3155900;Rio Preto;31;Minas Gerais;310027;Juiz de Fora;3106;Juíz de Fora;-22.0861;-43.8293;nao_atendido
3156502;Rubelita;31;Minas Gerais;310008;Salinas;3102;Montes Claros;-16.4053;-42.261;nao_atendido
3156700;Sabará;31;Minas Gerais;310001;Belo Horizonte;3101;Belo Horizonte;-19.884;-43.8263;nao_atendido
3157609;Santa Fé de Minas;31;Minas Gerais;310010;Pirapora;3102;Montes Claros;-16.6859;-45.4102;nao_atendido
3157708;Santa Juliana;31;Minas Gerais;310055;Uberaba;3110;Uberaba;-19.3108;-47.5322;nao_atendido
3159357;Santa Rita de Minas;31;Minas Gerais;310025;Caratinga;3105;Ipatinga;-19.876;-42.1363;nao_atendido
3158953;Santana do Paraíso;31;Minas Gerais;310024;Ipatinga;3105;Ipatinga;-19.3661;-42.5446;nao_atendido
3165404;Sapucaí-Mirim;31;Minas Gerais;310052;Itajubá;3109;Pouso Alegre;-22.7409;-45.738;nao_atendido
3165560;Sem-Peixe;31;Minas Gerais;310030;Ponte Nova;3106;Juíz de Fora;-20.1008;-42.8483;nao_atendido
3166600;Serra da Saudade;31;Minas Gerais;310067;Dores do Indaiá;3113;Divinópolis;-19.4447;-45.795;nao_atendido
3166709;Serra dos Aimorés;31;Minas Gerais;310013;Teófilo Otoni;3103;Teófilo Otoni;-17.7872;-40.2453;nao_atendido
3167103;Serro;31;Minas Gerais;310016;Diamantina;3103;Teófilo Otoni;-18.5991;-43.3744;nao_atendido
3167202;Sete Lagoas;31;Minas Gerais;310002;Sete Lagoas;3101;Belo Horizonte;-19.4569;-44.2413;nao_atendido
3167301;Silveirânia;31;Minas Gerais;310029;Ubá;3106;Juíz de Fora;-21.1615;-43.2128;nao_atendido
3167509;Simão Pereira;31;Minas Gerais;310027;Juiz de Fora;3106;Juíz de Fora;-21.964;-43.3088;nao_atendido
3161106;São Francisco;31;Minas Gerais;310011;São Francisco;3102;Montes Claros;-15.9514;-44.8593;nao_atendido
3162005;São Gonçalo do Sapucaí;31;Minas Gerais;310040;Varginha;3108;Varginha;-21.8932;-45.5893;nao_atendido
3162252;São João da Lagoa;31;Minas Gerais;310006;Montes Claros;3102;Montes Claros;-16.8455;-44.3507;nao_atendido
3162559;São João do Manhuaçu;31;Minas Gerais;310028;Manhuaçu;3106;Juíz de Fora;-20.3933;-42.1533;nao_atendido
3167905;Tabuleiro;31;Minas Gerais;310029;Ubá;3106;Juíz de Fora;-21.3632;-43.2381;nao_atendido
3168705;Timóteo;31;Minas Gerais;310024;Ipatinga;3105;Ipatinga;-19.5811;-42.6471;nao_atendido
3169208;Tombos;31;Minas Gerais;310034;Carangola;3106;Juíz de Fora;-20.9086;-42.0228;nao_atendido
3170107;Uberaba;31;Minas Gerais;310055;Uberaba;3110;Uberaba;-19.7472;-47.9381;nao_atendido
3170750;Varjão de Minas;31;Minas Gerais;310062;Patos de Minas;3112;Patos de Minas;-18.3741;-46.0313;nao_atendido
3170909;Varzelândia;31;Minas Gerais;310006;Montes Claros;3102;Montes Claros;-15.6992;-44.0278;nao_atendido
3171030;Verdelândia;31;Minas Gerais;310007;Janaúba;3102;Montes Claros;-15.5845;-43.6121;nao_atendido
3171402;Vieiras;31;Minas Gerais;310031;Muriaé;3106;Juíz de Fora;-20.867;-42.2401;nao_atendido
3172004;Visconde do Rio Branco;31;Minas Gerais;310029;Ubá;3106;Juíz de Fora;-21.0127;-42.8361;nao_atendido
3100609;Água Boa;31;Minas Gerais;310014;Capelinha;3103;Teófilo Otoni;-17.9914;-42.3806;nao_atendido
3100906;Águas Formosas;31;Minas Gerais;310019;Águas Formosas;3103;Teófilo Otoni;-17.0802;-40.9384;nao_atendido
3201308;Cariacica;32;Espírito Santo;320001;Vitória;3201;Vitória;-20.2632;-40.4165;nao_atendido
3202306;Guaçuí;32;Espírito Santo;320008;Alegre;3204;Cachoeiro do Itapemirim;-20.7668;-41.6734;nao_atendido
3202504;Ibiraçu;32;Espírito Santo;320004;Linhares;3202;São Mateus;-19.8366;-40.3732;nao_atendido
3203601;Mucurici;32;Espírito Santo;320003;São Mateus;3202;São Mateus;-18.0965;-40.52;nao_atendido
3203700;Muniz Freire;32;Espírito Santo;320008;Alegre;3204;Cachoeiro do Itapemirim;-20.4652;-41.4156;nao_atendido
3204302;Presidente Kennedy;32;Espírito Santo;320007;Cachoeiro de Itapemirim;3204;Cachoeiro do Itapemirim;-21.0964;-41.0468;nao_atendido
3204658;São Domingos do Norte;32;Espírito Santo;320005;Colatina;3203;Colatina;-19.1452;-40.6281;nao_atendido
3204708;São Gabriel da Palha;32;Espírito Santo;320005;Colatina;3203;Colatina;-19.0182;-40.5365;nao_atendido
3300233;Armação dos Búzios;33;Rio de Janeiro;330013;Cabo Frio;3305;Macaé - Rio das Ostras - Cabo Frio;-22.7528;-41.8846;nao_atendido
3300308;Barra do Piraí;33;Rio de Janeiro;330004;Volta Redonda - Barra Mansa;3302;Volta Redonda - Barra Mansa;-22.4715;-43.8269;nao_atendido
3301702;Duque de Caxias;33;Rio de Janeiro;330001;Rio de Janeiro;3301;Rio de Janeiro;-22.7858;-43.3049;nao_atendido
3301900;Itaboraí;33;Rio de Janeiro;330001;Rio de Janeiro;3301;Rio de Janeiro;-22.7565;-42.8639;nao_atendido
3302106;Itaocara;33;Rio de Janeiro;330012;Santo Antônio de Pádua;3304;Campos dos Goytacazes;-21.6748;-42.0758;nao_atendido
3302700;Maricá;33;Rio de Janeiro;330001;Rio de Janeiro;3301;Rio de Janeiro;-22.9354;-42.8246;nao_atendido
3303302;Niterói;33;Rio de Janeiro;330001;Rio de Janeiro;3301;Rio de Janeiro;-22.8832;-43.1034;nao_atendido
3303807;Paraty;33;Rio de Janeiro;330002;Angra dos Reis;3301;Rio de Janeiro;-23.2221;-44.7175;nao_atendido
3303856;Paty do Alferes;33;Rio de Janeiro;330006;Valença;3302;Volta Redonda - Barra Mansa;-22.4309;-43.4285;nao_atendido
3303955;Pinheiral;33;Rio de Janeiro;330004;Volta Redonda - Barra Mansa;3302;Volta Redonda - Barra Mansa;-22.5172;-44.0022;nao_atendido
3304110;Porto Real;33;Rio de Janeiro;330005;Resende;3302;Volta Redonda - Barra Mansa;-22.4175;-44.2952;nao_atendido
3304508;Rio das Flores;33;Rio de Janeiro;330006;Valença;3302;Volta Redonda - Barra Mansa;-22.1692;-43.5856;nao_atendido
3304557;Rio de Janeiro;33;Rio de Janeiro;330001;Rio de Janeiro;3301;Rio de Janeiro;-22.9129;-43.2003;nao_atendido
3305406;Sapucaia;33;Rio de Janeiro;330009;Três Rios - Paraíba do Sul;3303;Petrópolis;-21.9949;-42.9142;nao_atendido
3304805;São Fidélis;33;Rio de Janeiro;330010;Campos dos Goytacazes;3304;Campos dos Goytacazes;-21.6551;-41.756;nao_atendido
3305133;São José de Ubá;33;Rio de Janeiro;330011;Itaperuna;3304;Campos dos Goytacazes;-21.3661;-41.9511;nao_atendido
3305109;São João de Meriti;33;Rio de Janeiro;330001;Rio de Janeiro;3301;Rio de Janeiro;-22.8058;-43.3729;nao_atendido
3305752;Tanguá;33;Rio de Janeiro;330001;Rio de Janeiro;3301;Rio de Janeiro;-22.7423;-42.7202;nao_atendido
3306107;Valença;33;Rio de Janeiro;330006;Valença;3302;Volta Redonda - Barra Mansa;-22.2445;-43.7129;nao_atendido
3306206;Vassouras;33;Rio de Janeiro;330006;Valença;3302;Volta Redonda - Barra Mansa;-22.4059;-43.6686;nao_atendido
3501152;Alumínio;35;São Paulo;350003;Sorocaba;3502;Sorocaba;-23.5306;-47.2546;nao_atendido
3501806;Américo de Campos;35;São Paulo;350027;Votuporanga;3507;São José do Rio Preto;-20.2985;-49.7359;nao_atendido
3502804;Araçatuba;35;São Paulo;350022;Araçatuba;3506;Araçatuba;-21.2076;-50.4401;nao_atendido
3503505;Areias;35;São Paulo;350053;Cruzeiro;3511;São José dos Campos;-22.5786;-44.6992;nao_atendido
3503802;Artur Nogueira;35;São Paulo;350038;Campinas;3510;Campinas;-22.5727;-47.1727;nao_atendido
3504602;Bady Bassitt;35;São Paulo;350025;São José do Rio Preto;3507;São José do Rio Preto;-20.9197;-49.4385;nao_atendido
3504909;Bananal;35;São Paulo;350053;Cruzeiro;3511;São José dos Campos;-22.6819;-44.3281;nao_atendido
3505005;Barão de Antonina;35;São Paulo;350004;Itapeva;3502;Sorocaba;-23.6284;-49.5634;nao_atendido
3506409;Bilac;35;São Paulo;350023;Birigui - Penápolis;3506;Araçatuba;-21.404;-50.4746;nao_atendido
3506706;Boa Esperança do Sul;35;São Paulo;350036;Araraquara;3509;Araraquara;-21.9918;-48.3906;nao_atendido
3504800;Bálsamo;35;São Paulo;350025;São José do Rio Preto;3507;São José do Rio Preto;-20.7348;-49.5865;nao_atendido
3508405;Cabreúva;35;São Paulo;350039;Jundiaí;3510;Campinas;-23.3053;-47.1362;nao_atendido
3510302;Capela do Alto;35;São Paulo;350003;Sorocaba;3502;Sorocaba;-23.4685;-47.7388;nao_atendido
3510807;Casa Branca;35;São Paulo;350044;São João da Boa Vista;3510;Campinas;-21.7708;-47.0852;nao_atendido
3511003;Castilho;35;São Paulo;350024;Andradina;3506;Araçatuba;-20.8689;-51.4884;nao_atendido
3508504;Caçapava;35;São Paulo;350049;São José dos Campos;3511;São José dos Campos;-23.0992;-45.7076;nao_atendido
3511300;Cedral;35;São Paulo;350025;São José do Rio Preto;3507;São José do Rio Preto;-20.9009;-49.2664;nao_atendido
3512407;Cordeirópolis;35;São Paulo;350042;Limeira;3510;Campinas;-22.4778;-47.4519;nao_atendido
3514502;Duartina;35;São Paulo;350009;Bauru;3503;Bauru;-22.4146;-49.4084;nao_atendido
3514700;Echaporã;35;São Paulo;350013;Marília;3504;Marília;-22.4326;-50.2038;nao_atendido
3514924;Elisiário;35;São Paulo;350026;Catanduva;3507;São José do Rio Preto;-21.1678;-49.1146;nao_atendido
3515103;Embu-Guaçu;35;São Paulo;350001;São Paulo;3501;São Paulo;-23.8297;-46.8136;nao_atendido
3516705;Garça;35;São Paulo;350013;Marília;3504;Marília;-22.2125;-49.6546;nao_atendido
3517901;Guaraci;35;São Paulo;350032;Barretos;3508;Ribeirão Preto;-20.4977;-48.9391;nao_atendido
3518404;Guaratinguetá;35;São Paulo;350052;Guaratinguetá;3511;São José dos Campos;-22.8075;-45.1938;nao_atendido
3518701;Guarujá;35;São Paulo;350002;Santos;3501;São Paulo;-23.9888;-46.258;nao_atendido
3519055;Holambra;35;São Paulo;350038;Campinas;3510;Campinas;-22.6405;-47.0487;nao_atendido
3519105;Iacanga;35;São Paulo;350009;Bauru;3503;Bauru;-21.8896;-49.031;nao_atendido
3521002;Iperó;35;São Paulo;350003;Sorocaba;3502;Sorocaba;-23.3513;-47.6927;nao_atendido
3523008;Itapura;35;São Paulo;350024;Andradina;3506;Araçatuba;-20.6419;-51.5063;nao_atendido
3524105;Ituverava;35;São Paulo;350035;Ituverava;3508;Ribeirão Preto;-20.3355;-47.7902;nao_atendido
3524501;Jaci;35;São Paulo;350025;São José do Rio Preto;3507;São José do Rio Preto;-20.8805;-49.5797;nao_atendido
3524600;Jacupiranga;35;São Paulo;350005;Registro;3502;Sorocaba;-24.6963;-48.0064;nao_atendido
3524808;Jales;35;São Paulo;350028;Jales;3507;São José do Rio Preto;-20.2672;-50.5494;nao_atendido
3524907;Jambeiro;35;São Paulo;350049;São José dos Campos;3511;São José dos Campos;-23.2522;-45.6942;nao_atendido
3525904;Jundiaí;35;São Paulo;350039;Jundiaí;3510;Campinas;-23.1852;-46.8974;nao_atendido
3526407;Laranjal Paulista;35;São Paulo;350040;Piracicaba;3510;Campinas;-23.0506;-47.8375;nao_atendido
3526803;Lençóis Paulista;35;São Paulo;350009;Bauru;3503;Bauru;-22.6027;-48.8037;nao_atendido
3529203;Martinópolis;35;São Paulo;350018;Presidente Prudente;3505;Presidente Prudente;-22.1462;-51.1709;nao_atendido
3529302;Matão;35;São Paulo;350036;Araraquara;3509;Araraquara;-21.6025;-48.364;nao_atendido
3529401;Mauá;35;São Paulo;350001;São Paulo;3501;São Paulo;-23.6677;-46.4613;nao_atendido
3529906;Miracatu;35;São Paulo;350005;Registro;3502;Sorocaba;-24.2766;-47.4625;nao_atendido
3530904;Mombuca;35;São Paulo;350040;Piracicaba;3510;Campinas;-22.9285;-47.559;nao_atendido
3531407;Monte Aprazível;35;São Paulo;350025;São José do Rio Preto;3507;São José do Rio Preto;-20.768;-49.7184;nao_atendido
3532603;Nhandeara;35;São Paulo;350027;Votuporanga;3507;São José do Rio Preto;-20.6945;-50.0436;nao_atendido
3532827;Nova Campina;35;São Paulo;350004;Itapeva;3502;Sorocaba;-24.1224;-48.9022;nao_atendido
3532868;Nova Castilho;35;São Paulo;350022;Araçatuba;3506;Araçatuba;-20.7615;-50.3477;nao_atendido
3533908;Olímpia;35;São Paulo;350032;Barretos;3508;Ribeirão Preto;-20.7366;-48.9106;nao_atendido
3534302;Orlândia;35;São Paulo;350034;São Joaquim da Barra ¿ Orlândia;3508;Ribeirão Preto;-20.7169;-47.8852;nao_atendido
3534500;Oscar Bressane;35;São Paulo;350013;Marília;3504;Marília;-22.3149;-50.2811;nao_atendido
3534906;Pacaembu;35;São Paulo;350019;Adamantina - Lucélia;3505;Presidente Prudente;-21.5627;-51.2654;nao_atendido
3537107;Pedreira;35;São Paulo;350038;Campinas;3510;Campinas;-22.7413;-46.8948;nao_atendido
3537800;Piedade;35;São Paulo;350003;Sorocaba;3502;Sorocaba;-23.7139;-47.4256;nao_atendido
3538501;Piquete;35;São Paulo;350052;Guaratinguetá;3511;São José dos Campos;-22.6069;-45.1869;nao_atendido
3539004;Pirangi;35;São Paulo;350026;Catanduva;3507;São José do Rio Preto;-21.0886;-48.6607;nao_atendido
3539400;Piratininga;35;São Paulo;350009;Bauru;3503;Bauru;-22.4142;-49.1339;nao_atendido
3539905;Poloni;35;São Paulo;350025;São José do Rio Preto;3507;São José do Rio Preto;-20.7829;-49.8258;nao_atendido
3540309;Pontes Gestal;35;São Paulo;350027;Votuporanga;3507;São José do Rio Preto;-20.1727;-49.7064;nao_atendido
3539806;Poá;35;São Paulo;350001;São Paulo;3501;São Paulo;-23.5333;-46.3473;nao_atendido
3541406;Presidente Prudente;35;São Paulo;350018;Presidente Prudente;3505;Presidente Prudente;-22.1207;-51.3925;nao_atendido
3541653;Quadra;35;São Paulo;350008;Tatuí;3502;Sorocaba;-23.2993;-48.0547;nao_atendido
3542206;Rancharia;35;São Paulo;350018;Presidente Prudente;3505;Presidente Prudente;-22.2269;-50.893;nao_atendido
3542503;Reginópolis;35;São Paulo;350009;Bauru;3503;Bauru;-21.8914;-49.2268;nao_atendido
3543105;Ribeirão Corrente;35;São Paulo;350033;Franca;3508;Ribeirão Preto;-20.4579;-47.5904;nao_atendido
3543303;Ribeirão Pires;35;São Paulo;350001;São Paulo;3501;São Paulo;-23.7067;-46.4058;nao_atendido
3543907;Rio Claro;35;São Paulo;350046;Rio Claro;3510;Campinas;-22.3984;-47.5546;nao_atendido
3545704;Santa Albertina;35;São Paulo;350028;Jales;3507;São José do Rio Preto;-20.0311;-50.7297;nao_atendido
3546256;Santa Cruz da Esperança;35;São Paulo;350031;Ribeirão Preto;3508;Ribeirão Preto;-21.2951;-47.4304;nao_atendido
3546603;Santa Fé do Sul;35;São Paulo;350030;Santa Fé do Sul;3507;São José do Rio Preto;-20.2083;-50.932;nao_atendido
3547502;Santa Rita do Passa Quatro;35;São Paulo;350037;São Carlos;3509;Araraquara;-21.7083;-47.478;nao_atendido
3547809;Santo André;35;São Paulo;350001;São Paulo;3501;São Paulo;-23.6737;-46.5432;nao_atendido
3548104;Santo Antônio do Jardim;35;São Paulo;350044;São João da Boa Vista;3510;Campinas;-22.1121;-46.6845;nao_atendido
3548203;Santo Antônio do Pinhal;35;São Paulo;350050;Taubaté - Pindamonhangaba;3511;São José dos Campos;-22.827;-45.663;nao_atendido
3548302;Santo Expedito;35;São Paulo;350018;Presidente Prudente;3505;Presidente Prudente;-21.8467;-51.3929;nao_atendido
3551306;Sebastianópolis do Sul;35;São Paulo;350027;Votuporanga;3507;São José do Rio Preto;-20.6523;-49.925;nao_atendido
3551504;Serrana;35;São Paulo;350031;Ribeirão Preto;3508;Ribeirão Preto;-21.2043;-47.5952;nao_atendido
3551900;Severínia;35;São Paulo;350032;Barretos;3508;Ribeirão Preto;-20.8108;-48.8054;nao_atendido
3549102;São João da Boa Vista;35;São Paulo;350044;São João da Boa Vista;3510;Campinas;-21.9707;-46.7944;nao_atendido
3549250;São João de Iracema;35;São Paulo;350029;Fernandópolis;3507;São José do Rio Preto;-20.5111;-50.3561;nao_atendido
3550407;São Pedro;35;São Paulo;350040;Piracicaba;3510;Campinas;-22.5483;-47.9096;nao_atendido
3550803;São Sebastião da Grama;35;São Paulo;350047;São José do Rio Pardo - Mococa;3510;Campinas;-21.7041;-46.8208;nao_atendido
3553104;Taiaçu;35;São Paulo;350032;Barretos;3508;Ribeirão Preto;-21.1431;-48.5112;nao_atendido
3553203;Taiúva;35;São Paulo;350032;Barretos;3508;Ribeirão Preto;-21.1223;-48.4528;nao_atendido
3553302;Tambaú;35;São Paulo;350044;São João da Boa Vista;3510;Campinas;-21.7029;-47.2703;nao_atendido
3553401;Tanabi;35;São Paulo;350025;São José do Rio Preto;3507;São José do Rio Preto;-20.6228;-49.6563;nao_atendido
3553708;Taquaritinga;35;São Paulo;350036;Araraquara;3509;Araraquara;-21.4049;-48.5103;nao_atendido
3554300;Teodoro Sampaio;35;São Paulo;350018;Presidente Prudente;3505;Presidente Prudente;-22.5299;-52.1682;nao_atendido
3555208;Turiúba;35;São Paulo;350023;Birigui - Penápolis;3506;Araçatuba;-20.9428;-50.1135;nao_atendido
3555307;Turmalina;35;São Paulo;350028;Jales;3507;São José do Rio Preto;-20.0486;-50.4792;nao_atendido
3555703;União Paulista;35;São Paulo;350025;São José do Rio Preto;3507;São José do Rio Preto;-20.8862;-49.9025;nao_atendido
3556305;Valparaíso;35;São Paulo;350022;Araçatuba;3506;Araçatuba;-21.2229;-50.8699;nao_atendido
3556354;Vargem;35;São Paulo;350041;Bragança Paulista;3510;Campinas;-22.887;-46.4124;nao_atendido
3556453;Vargem Grande Paulista;35;São Paulo;350001;São Paulo;3501;São Paulo;-23.5993;-47.022;nao_atendido
3556909;Vista Alegre do Alto;35;São Paulo;350026;Catanduva;3507;São José do Rio Preto;-21.1692;-48.6284;nao_atendido
3500501;Águas de Lindóia;35;São Paulo;350048;Amparo;3510;Campinas;-22.4733;-46.6314;nao_atendido
4100459;Altamira do Paraná;41;Paraná;410015;Campo Mourão;4104;Maringá;-24.7983;-52.7128;fora_do_escopo
4102406;Bandeirantes;41;Paraná;410024;Cornélio Procópio ¿ Bandeirantes;4105;Londrina;-23.1078;-50.3704;fora_do_escopo
4103008;Boa Esperança;41;Paraná;410015;Campo Mourão;4104;Maringá;-24.2467;-52.7876;fora_do_escopo
4103370;Brasilândia do Sul;41;Paraná;410016;Umuarama;4104;Maringá;-24.1978;-53.5275;fora_do_escopo
4103453;Cafelândia;41;Paraná;410006;Cascavel;4103;Cascavel;-24.6189;-53.3207;fora_do_escopo
4105102;Centenário do Sul;41;Paraná;410021;Londrina;4105;Londrina;-22.8188;-51.5973;fora_do_escopo
4106100;Conselheiro Mairinck;41;Paraná;410026;Ibaiti;4105;Londrina;-23.623;-50.1707;fora_do_escopo
4107009;Curiúva;41;Paraná;410028;Telêmaco Borba;4106;Ponta Grossa;-24.0362;-50.4576;fora_do_escopo
4107207;Dois Vizinhos;41;Paraná;410012;Dois Vizinhos;4103;Cascavel;-25.7407;-53.057;fora_do_escopo
4107504;Engenheiro Beltrão;41;Paraná;410015;Campo Mourão;4104;Maringá;-23.797;-52.2659;fora_do_escopo
4107538;Entre Rios do Oeste;41;Paraná;410013;Marechal Cândido Rondon;4103;Cascavel;-24.7042;-54.2385;fora_do_escopo
4107553;Farol;41;Paraná;410015;Campo Mourão;4104;Maringá;-24.0958;-52.6217;fora_do_escopo
4107736;Fernandes Pinheiro;41;Paraná;410029;Irati;4106;Ponta Grossa;-25.4107;-50.5456;fora_do_escopo
4108700;Grandes Rios;41;Paraná;410025;Ivaiporã;4105;Londrina;-24.1466;-51.5094;fora_do_escopo
4109005;Guapirama;41;Paraná;410022;Santo Antônio da Platina;4105;Londrina;-23.5203;-50.0407;fora_do_escopo
4108809;Guaíra;41;Paraná;410008;Toledo;4103;Cascavel;-24.085;-54.2573;fora_do_escopo
4109807;Ibiporã;41;Paraná;410021;Londrina;4105;Londrina;-23.2659;-51.0522;fora_do_escopo
4109906;Icaraíma;41;Paraná;410016;Umuarama;4104;Maringá;-23.3944;-53.615;fora_do_escopo
4110003;Iguaraçu;41;Paraná;410014;Maringá;4104;Maringá;-23.1949;-51.8256;fora_do_escopo
4110953;Itaipulândia;41;Paraná;410007;Foz do Iguaçu;4103;Cascavel;-25.1366;-54.3001;fora_do_escopo
4112009;Jaguariaíva;41;Paraná;410027;Ponta Grossa;4106;Ponta Grossa;-24.2439;-49.7066;fora_do_escopo
4112751;Jesuítas;41;Paraná;410008;Toledo;4103;Cascavel;-24.3839;-53.3849;fora_do_escopo
4112900;Jundiaí do Sul;41;Paraná;410022;Santo Antônio da Platina;4105;Londrina;-23.4357;-50.2496;fora_do_escopo
4114104;Mandaguaçu;41;Paraná;410014;Maringá;4104;Maringá;-23.3458;-52.0944;fora_do_escopo
4114401;Mangueirinha;41;Paraná;410010;Pato Branco;4103;Cascavel;-25.9421;-52.1743;fora_do_escopo
4115606;Matelândia;41;Paraná;410006;Cascavel;4103;Cascavel;-25.2496;-53.9935;fora_do_escopo
4115705;Matinhos;41;Paraná;410002;Paranaguá;4101;Curitiba;-25.8237;-48.549;fora_do_escopo
4117206;Nova Olímpia;41;Paraná;410016;Umuarama;4104;Maringá;-23.4703;-53.0898;fora_do_escopo
4117222;Nova Santa Rosa;41;Paraná;410013;Marechal Cândido Rondon;4103;Cascavel;-24.4693;-53.9552;fora_do_escopo
4117305;Ortigueira;41;Paraná;410028;Telêmaco Borba;4106;Ponta Grossa;-24.2058;-50.9185;fora_do_escopo
4117602;Palmas;41;Paraná;410010;Pato Branco;4103;Cascavel;-26.4839;-51.9888;fora_do_escopo
4117800;Palmital;41;Paraná;410005;Pitanga;4102;Guarapuava;-24.8853;-52.2029;fora_do_escopo
4118402;Paranavaí;41;Paraná;410017;Paranavaí;4104;Maringá;-23.0816;-52.4617;fora_do_escopo
4119251;Pinhal de São Bento;41;Paraná;410009;Francisco Beltrão;4103;Cascavel;-26.0324;-53.482;fora_do_escopo
4119509;Piraquara;41;Paraná;410001;Curitiba;4101;Curitiba;-25.4422;-49.0624;fora_do_escopo
4120333;Prado Ferreira;41;Paraná;410021;Londrina;4105;Londrina;-23.0357;-51.4429;fora_do_escopo
4120507;Primeiro de Maio;41;Paraná;410021;Londrina;4105;Londrina;-22.8517;-51.0293;fora_do_escopo
4121356;Rancho Alegre D'Oeste;41;Paraná;410015;Campo Mourão;4104;Maringá;-24.3065;-52.9552;fora_do_escopo
4121752;Reserva do Iguaçu;41;Paraná;410004;Guarapuava;4102;Guarapuava;-25.8319;-52.0272;fora_do_escopo
4124020;Santa Tereza do Oeste;41;Paraná;410006;Cascavel;4103;Cascavel;-25.0543;-53.6274;fora_do_escopo
4124053;Santa Terezinha de Itaipu;41;Paraná;410007;Foz do Iguaçu;4103;Cascavel;-25.4391;-54.402;fora_do_escopo
4126256;Sarandi;41;Paraná;410014;Maringá;4104;Maringá;-23.4441;-51.876;fora_do_escopo
4126652;Sulina;41;Paraná;410010;Pato Branco;4103;Cascavel;-25.7066;-52.7299;fora_do_escopo
4124707;São Jerônimo da Serra;41;Paraná;410024;Cornélio Procópio ¿ Bandeirantes;4105;Londrina;-23.7218;-50.7475;fora_do_escopo
4126108;São Tomé;41;Paraná;410018;Cianorte;4104;Maringá;-23.5349;-52.5901;fora_do_escopo
4126678;Tamarana;41;Paraná;410021;Londrina;4105;Londrina;-23.7204;-51.0991;fora_do_escopo
4127957;Tupãssi;41;Paraná;410008;Toledo;4103;Cascavel;-24.5879;-53.5105;fora_do_escopo
4128005;Ubiratã;41;Paraná;410015;Campo Mourão;4104;Maringá;-24.5393;-52.9865;fora_do_escopo
4128500;Wenceslau Braz;41;Paraná;410022;Santo Antônio da Platina;4105;Londrina;-23.8742;-49.8032;fora_do_escopo
4200051;Abdon Batista;42;Santa Catarina;420008;Joaçaba - Herval d'Oeste;4204;Chapecó;-27.6126;-51.0233;fora_do_escopo
4201109;Anitápolis;42;Santa Catarina;420001;Florianópolis;4201;Florianópolis;-27.9012;-49.1316;fora_do_escopo
4201208;Antônio Carlos;42;Santa Catarina;420001;Florianópolis;4201;Florianópolis;-27.5191;-48.766;fora_do_escopo
4201802;Atalanta;42;Santa Catarina;420022;Rio do Sul;4207;Blumenau;-27.4219;-49.7789;fora_do_escopo
4202057;Balneário Barra do Sul;42;Santa Catarina;420016;Joinville;4206;Joinville;-26.4597;-48.6123;fora_do_escopo
4202081;Bandeirante;42;Santa Catarina;420009;São Miguel do Oeste;4204;Chapecó;-26.7705;-53.6413;fora_do_escopo
4202305;Biguaçu;42;Santa Catarina;420001;Florianópolis;4201;Florianópolis;-27.496;-48.6598;fora_do_escopo
4203956;Capivari de Baixo;42;Santa Catarina;420003;Tubarão;4202;Criciúma;-28.4498;-48.9631;fora_do_escopo
4204194;Chapadão do Lageado;42;Santa Catarina;420024;Ituporanga;4207;Blumenau;-27.5905;-49.5539;fora_do_escopo
4204350;Cordilheira Alta;42;Santa Catarina;420007;Chapecó;4204;Chapecó;-26.9844;-52.6056;fora_do_escopo
4204608;Criciúma;42;Santa Catarina;420002;Criciúma;4202;Criciúma;-28.6723;-49.3729;fora_do_escopo
4204905;Descanso;42;Santa Catarina;420009;São Miguel do Oeste;4204;Chapecó;-26.827;-53.5034;fora_do_escopo
4205175;Entre Rios;42;Santa Catarina;420011;Xanxerê;4204;Chapecó;-26.7225;-52.5585;fora_do_escopo
4205803;Garuva;42;Santa Catarina;420016;Joinville;4206;Joinville;-26.0292;-48.852;fora_do_escopo
4207601;Ipira;42;Santa Catarina;420010;Concórdia;4204;Chapecó;-27.4038;-51.7758;fora_do_escopo
4207700;Ipumirim;42;Santa Catarina;420010;Concórdia;4204;Chapecó;-27.0772;-52.1289;fora_do_escopo
4207007;Içara;42;Santa Catarina;420002;Criciúma;4202;Criciúma;-28.7132;-49.3087;fora_do_escopo
4208609;Jaborá;42;Santa Catarina;420008;Joaçaba - Herval d'Oeste;4204;Chapecó;-27.1782;-51.7279;fora_do_escopo
4208955;Jardinópolis;42;Santa Catarina;420007;Chapecó;4204;Chapecó;-26.7191;-52.8625;fora_do_escopo
4209177;Jupiá;42;Santa Catarina;420013;São Lourenço do Oeste;4204;Chapecó;-26.395;-52.7298;fora_do_escopo
4210209;Major Gercino;42;Santa Catarina;420021;Brusque;4207;Blumenau;-27.4192;-48.9488;fora_do_escopo
4212056;Palmeira;42;Santa Catarina;420005;Lages;4203;Lages;-27.583;-50.1577;fora_do_escopo
4212304;Paulo Lopes;42;Santa Catarina;420001;Florianópolis;4201;Florianópolis;-27.9607;-48.6864;fora_do_escopo
4213203;Pomerode;42;Santa Catarina;420019;Blumenau;4207;Blumenau;-26.7384;-49.1785;fora_do_escopo
4214201;Quilombo;42;Santa Catarina;420007;Chapecó;4204;Chapecó;-26.7264;-52.724;fora_do_escopo
4214904;Rio Fortuna;42;Santa Catarina;420003;Tubarão;4202;Criciúma;-28.1244;-49.1068;fora_do_escopo
4215000;Rio Negrinho;42;Santa Catarina;420018;São Bento do Sul - Rio Negrinho;4206;Joinville;-26.2591;-49.5177;fora_do_escopo
4214409;Rio das Antas;42;Santa Catarina;420015;Videira;4205;Caçador;-26.8946;-51.0674;fora_do_escopo
4217956;Tigrinhos;42;Santa Catarina;420012;Maravilha;4204;Chapecó;-26.6876;-53.1545;fora_do_escopo
4218855;União do Oeste;42;Santa Catarina;420007;Chapecó;4204;Chapecó;-26.762;-52.8541;fora_do_escopo
4300406;Alegrete;43;Rio Grande do Sul;430015;Uruguaiana;4304;Uruguaiana;-29.7902;-55.7949;fora_do_escopo
4300505;Alpestre;43;Rio Grande do Sul;430035;Nonoai;4306;Passo Fundo;-27.2502;-53.0341;fora_do_escopo
4300703;Anta Gorda;43;Rio Grande do Sul;430043;Encantado;4308;Santa Cruz do Sul - Lajeado;-28.9698;-52.0102;fora_do_escopo
4301206;Arroio do Tigre;43;Rio Grande do Sul;430042;Sobradinho;4308;Santa Cruz do Sul - Lajeado;-29.3348;-53.0966;fora_do_escopo
4301875;Barra do Quaraí;43;Rio Grande do Sul;430015;Uruguaiana;4304;Uruguaiana;-30.2029;-57.5497;fora_do_escopo
4301701;Barão de Cotegipe;43;Rio Grande do Sul;430026;Erechim;4306;Passo Fundo;-27.6208;-52.3798;fora_do_escopo
4302220;Boa Vista do Cadeado;43;Rio Grande do Sul;430027;Cruz Alta;4306;Passo Fundo;-28.5791;-53.8108;fora_do_escopo
4302303;Bom Jesus;43;Rio Grande do Sul;430039;Vacaria;4307;Caxias do Sul;-28.6697;-50.4295;fora_do_escopo
4302584;Bozano;43;Rio Grande do Sul;430018;Ijuí;4305;Ijuí;-28.3659;-53.772;fora_do_escopo
4303301;Caibaté;43;Rio Grande do Sul;430022;São Luiz Gonzaga;4305;Ijuí;-28.2905;-54.6454;fora_do_escopo
4303608;Cambará do Sul;43;Rio Grande do Sul;430036;Caxias do Sul;4307;Caxias do Sul;-29.0474;-50.1465;fora_do_escopo
4303707;Campina das Missões;43;Rio Grande do Sul;430019;Santa Rosa;4305;Ijuí;-27.9888;-54.8416;fora_do_escopo
4304705;Carazinho;43;Rio Grande do Sul;430028;Carazinho;4306;Passo Fundo;-28.2958;-52.7933;fora_do_escopo
4304713;Caraá;43;Rio Grande do Sul;430001;Porto Alegre;4301;Porto Alegre;-29.7869;-50.4316;fora_do_escopo
4304804;Carlos Barbosa;43;Rio Grande do Sul;430037;Bento Gonçalves;4307;Caxias do Sul;-29.2969;-51.5028;fora_do_escopo
4304853;Carlos Gomes;43;Rio Grande do Sul;430026;Erechim;4306;Passo Fundo;-27.7167;-51.9121;fora_do_escopo
4304952;Caseiros;43;Rio Grande do Sul;430033;Lagoa Vermelha;4306;Passo Fundo;-28.2582;-51.6861;fora_do_escopo
4305173;Cerro Grande do Sul;43;Rio Grande do Sul;430005;Camaquã;4301;Porto Alegre;-30.5905;-51.7418;fora_do_escopo
4305371;Charrua;43;Rio Grande do Sul;430032;Tapejara - Sananduva;4306;Passo Fundo;-27.9493;-52.015;fora_do_escopo
4305835;Coqueiro Baixo;43;Rio Grande do Sul;430041;Lajeado;4308;Santa Cruz do Sul - Lajeado;-29.1802;-52.0942;fora_do_escopo
4305900;Coronel Bicaco;43;Rio Grande do Sul;430018;Ijuí;4305;Ijuí;-27.7197;-53.7022;fora_do_escopo
4306130;Cruzaltense;43;Rio Grande do Sul;430026;Erechim;4306;Passo Fundo;-27.6672;-52.6522;fora_do_escopo
4306353;Dezesseis de Novembro;43;Rio Grande do Sul;430022;São Luiz Gonzaga;4305;Ijuí;-28.219;-55.0617;fora_do_escopo
4306551;Dom Pedro de Alcântara;43;Rio Grande do Sul;430008;Torres;4301;Porto Alegre;-29.3639;-49.853;fora_do_escopo
4306734;Doutor Maurício Cardoso;43;Rio Grande do Sul;430023;Três de Maio;4305;Ijuí;-27.5103;-54.3577;fora_do_escopo
4307054;Ernestina;43;Rio Grande do Sul;430025;Passo Fundo;4306;Passo Fundo;-28.4977;-52.5836;fora_do_escopo
4307302;Erval Seco;43;Rio Grande do Sul;430029;Frederico Westphalen;4306;Passo Fundo;-27.5443;-53.5005;fora_do_escopo
4307708;Esteio;43;Rio Grande do Sul;430001;Porto Alegre;4301;Porto Alegre;-29.852;-51.1841;fora_do_escopo
4307906;Farroupilha;43;Rio Grande do Sul;430036;Caxias do Sul;4307;Caxias do Sul;-29.2227;-51.3419;fora_do_escopo
4308409;Formigueiro;43;Rio Grande do Sul;430011;Santa Maria;4303;Santa Maria;-30.0035;-53.4959;fora_do_escopo
4308458;Fortaleza dos Valos;43;Rio Grande do Sul;430027;Cruz Alta;4306;Passo Fundo;-28.7986;-53.2249;fora_do_escopo
4308508;Frederico Westphalen;43;Rio Grande do Sul;430029;Frederico Westphalen;4306;Passo Fundo;-27.3586;-53.3958;fora_do_escopo
4309803;Ibiaçá;43;Rio Grande do Sul;430032;Tapejara - Sananduva;4306;Passo Fundo;-28.0566;-51.8599;fora_do_escopo
4309951;Ibirapuitã;43;Rio Grande do Sul;430031;Soledade;4306;Passo Fundo;-28.6247;-52.5158;fora_do_escopo
4310108;Igrejinha;43;Rio Grande do Sul;430004;Taquara - Parobé - Igrejinha;4301;Porto Alegre;-29.5693;-50.7919;fora_do_escopo
4310306;Ilópolis;43;Rio Grande do Sul;430043;Encantado;4308;Santa Cruz do Sul - Lajeado;-28.9282;-52.1258;fora_do_escopo
4310538;Itaara;43;Rio Grande do Sul;430011;Santa Maria;4303;Santa Maria;-29.6013;-53.7725;fora_do_escopo
4310876;Jacuizinho;43;Rio Grande do Sul;430027;Cruz Alta;4306;Passo Fundo;-29.0401;-53.0657;fora_do_escopo
4311304;Lagoa Vermelha;43;Rio Grande do Sul;430033;Lagoa Vermelha;4306;Passo Fundo;-28.2093;-51.5248;fora_do_escopo
4311270;Lagoa dos Três Cantos;43;Rio Grande do Sul;430025;Passo Fundo;4306;Passo Fundo;-28.5676;-52.8618;fora_do_escopo
4311254;Lagoão;43;Rio Grande do Sul;430042;Sobradinho;4308;Santa Cruz do Sul - Lajeado;-29.2348;-52.7997;fora_do_escopo
4311627;Lindolfo Collor;43;Rio Grande do Sul;430002;Novo Hamburgo - São Leopoldo;4301;Porto Alegre;-29.5859;-51.2141;fora_do_escopo
4311700;Machadinho;43;Rio Grande do Sul;430033;Lagoa Vermelha;4306;Passo Fundo;-27.5667;-51.6668;fora_do_escopo
4311734;Mampituba;43;Rio Grande do Sul;430008;Torres;4301;Porto Alegre;-29.2136;-49.9311;fora_do_escopo
4311908;Marcelino Ramos;43;Rio Grande do Sul;430026;Erechim;4306;Passo Fundo;-27.4676;-51.9095;fora_do_escopo
4312153;Mato Leitão;43;Rio Grande do Sul;430040;Santa Cruz do Sul;4308;Santa Cruz do Sul - Lajeado;-29.5285;-52.1278;fora_do_escopo
4312476;Morro Reuter;43;Rio Grande do Sul;430002;Novo Hamburgo - São Leopoldo;4301;Porto Alegre;-29.5379;-51.0811;fora_do_escopo
4312757;Nova Alvorada;43;Rio Grande do Sul;430030;Marau;4306;Passo Fundo;-28.6822;-52.1631;fora_do_escopo
4313706;Palmeira das Missões;43;Rio Grande do Sul;430034;Palmeira das Missões;4306;Passo Fundo;-27.9007;-53.3134;fora_do_escopo
4314175;Pedras Altas;43;Rio Grande do Sul;430010;Bagé;4302;Pelotas;-31.7365;-53.5814;fora_do_escopo
4314902;Porto Alegre;43;Rio Grande do Sul;430001;Porto Alegre;4301;Porto Alegre;-30.0318;-51.2065;fora_do_escopo
4315156;Progresso;43;Rio Grande do Sul;430041;Lajeado;4308;Santa Cruz do Sul - Lajeado;-29.2441;-52.3197;fora_do_escopo
4316006;Rolante;43;Rio Grande do Sul;430004;Taquara - Parobé - Igrejinha;4301;Porto Alegre;-29.6462;-50.5819;fora_do_escopo
4316204;Rondinha;43;Rio Grande do Sul;430028;Carazinho;4306;Passo Fundo;-27.8315;-52.9081;fora_do_escopo
4316402;Rosário do Sul;43;Rio Grande do Sul;430016;Santana do Livramento;4304;Uruguaiana;-30.2515;-54.9221;fora_do_escopo
4317103;Sant'Ana do Livramento;43;Rio Grande do Sul;430016;Santana do Livramento;4304;Uruguaiana;-30.8773;-55.5392;fora_do_escopo
4317301;Santa Vitória do Palmar;43;Rio Grande do Sul;430009;Pelotas;4302;Pelotas;-33.525;-53.3717;fora_do_escopo
4320552;Sertão Santana;43;Rio Grande do Sul;430001;Porto Alegre;4301;Porto Alegre;-30.4562;-51.6017;fora_do_escopo
4320800;Soledade;43;Rio Grande do Sul;430031;Soledade;4306;Passo Fundo;-28.8306;-52.5131;fora_do_escopo
4318309;São Gabriel;43;Rio Grande do Sul;430012;São Gabriel - Caçapava do Sul;4303;Santa Maria;-30.3337;-54.3217;fora_do_escopo
4318499;São José do Inhacorá;43;Rio Grande do Sul;430023;Três de Maio;4305;Ijuí;-27.7251;-54.1275;fora_do_escopo
4318804;São Lourenço do Sul;43;Rio Grande do Sul;430009;Pelotas;4302;Pelotas;-31.3564;-51.9715;fora_do_escopo
4318903;São Luiz Gonzaga;43;Rio Grande do Sul;430022;São Luiz Gonzaga;4305;Ijuí;-28.412;-54.9559;fora_do_escopo
4319604;São Sepé;43;Rio Grande do Sul;430011;Santa Maria;4303;Santa Maria;-30.1643;-53.5603;fora_do_escopo
4319802;São Vicente do Sul;43;Rio Grande do Sul;430011;Santa Maria;4303;Santa Maria;-29.6882;-54.6826;fora_do_escopo
4321857;Três Palmeiras;43;Rio Grande do Sul;430025;Passo Fundo;4306;Passo Fundo;-27.6139;-52.8437;fora_do_escopo
4322301;Tuparendi;43;Rio Grande do Sul;430019;Santa Rosa;4305;Ijuí;-27.7598;-54.4814;fora_do_escopo
4322558;Vanini;43;Rio Grande do Sul;430030;Marau;4306;Passo Fundo;-28.4758;-51.8447;fora_do_escopo
4323705;Vista Gaúcha;43;Rio Grande do Sul;430021;Três Passos;4305;Ijuí;-27.2902;-53.6974;fora_do_escopo
5001003;Aparecida do Taboado;50;Mato Grosso do Sul;500003;Paranaíba - Chapadão do Sul - Cassilândia;5001;Campo Grande;-20.0873;-51.0961;fora_do_escopo
5003207;Corumbá;50;Mato Grosso do Sul;500010;Corumbá;5003;Corumbá;-19.0077;-57.651;fora_do_escopo
5003256;Costa Rica;50;Mato Grosso do Sul;500004;Coxim;5001;Campo Grande;-18.5432;-53.1287;fora_do_escopo
5003454;Deodápolis;50;Mato Grosso do Sul;500005;Dourados;5002;Dourados;-22.2763;-54.1682;fora_do_escopo
5004700;Ivinhema;50;Mato Grosso do Sul;500007;Nova Andradina;5002;Dourados;-22.3046;-53.8184;fora_do_escopo
5004809;Japorã;50;Mato Grosso do Sul;500006;Naviraí - Mundo Novo;5002;Dourados;-23.8903;-54.4059;fora_do_escopo
5005707;Naviraí;50;Mato Grosso do Sul;500006;Naviraí - Mundo Novo;5002;Dourados;-23.0618;-54.1995;fora_do_escopo
5007208;Rio Brilhante;50;Mato Grosso do Sul;500005;Dourados;5002;Dourados;-21.8033;-54.5427;fora_do_escopo
5007935;Sonora;50;Mato Grosso do Sul;500004;Coxim;5001;Campo Grande;-17.5698;-54.7551;fora_do_escopo
5008404;Vicentina;50;Mato Grosso do Sul;500005;Dourados;5002;Dourados;-22.4098;-54.4415;fora_do_escopo
5101308;Arenápolis;51;Mato Grosso;510003;Diamantino;5101;Cuiabá;-14.4472;-56.8437;fora_do_escopo
5102793;Carlinda;51;Mato Grosso;510010;Alta Floresta;5103;Sinop;-9.94912;-55.8417;fora_do_escopo
5103056;Cláudia;51;Mato Grosso;510007;Sinop;5103;Sinop;-11.5075;-54.8835;fora_do_escopo
5108808;Nova Guarita;51;Mato Grosso;510007;Sinop;5103;Sinop;-10.312;-55.4061;fora_do_escopo
5106232;Nova Olímpia;51;Mato Grosso;510002;Tangará da Serra;5101;Cuiabá;-14.7889;-57.2886;fora_do_escopo
5106281;Novo São Joaquim;51;Mato Grosso;510013;Barra do Garças;5104;Barra do Garças;-14.9054;-53.0194;fora_do_escopo
5106653;Pontal do Araguaia;51;Mato Grosso;510013;Barra do Garças;5104;Barra do Garças;-15.9274;-52.3273;fora_do_escopo
5106802;Porto dos Gaúchos;51;Mato Grosso;510012;Juara;5103;Sinop;-11.533;-57.4132;fora_do_escopo
5107180;Ribeirão Cascalheira;51;Mato Grosso;510015;Água Boa;5104;Barra do Garças;-12.9367;-51.8244;fora_do_escopo
5107602;Rondonópolis;51;Mato Grosso;510016;Rondonópolis;5105;Rondonópolis;-16.4673;-54.6372;fora_do_escopo
5107792;Santo Antônio do Leste;51;Mato Grosso;510017;Primavera do Leste;5105;Rondonópolis;-14.805;-53.6075;fora_do_escopo
5107909;Sinop;51;Mato Grosso;510007;Sinop;5103;Sinop;-11.8604;-55.5091;fora_do_escopo
5107297;São José do Povo;51;Mato Grosso;510016;Rondonópolis;5105;Rondonópolis;-16.4549;-54.2487;fora_do_escopo
5107305;São José do Rio Claro;51;Mato Grosso;510003;Diamantino;5101;Cuiabá;-13.4398;-56.7218;fora_do_escopo
5105507;Vila Bela da Santíssima Trindade;51;Mato Grosso;510005;Pontes e Lacerda - Comodoro;5102;Cáceres;-15.0068;-59.9504;fora_do_escopo
5200050;Abadia de Goiás;52;Goiás;520001;Goiânia;5201;Goiânia;-16.7573;-49.4412;fora_do_escopo
5201801;Aragoiânia;52;Goiás;520001;Goiânia;5201;Goiânia;-16.9087;-49.4476;fora_do_escopo
5202502;Aruanã;52;Goiás;520005;Goiás - Itapuranga;5201;Goiânia;-14.9166;-51.075;fora_do_escopo
5204201;Cachoeira de Goiás;52;Goiás;520013;São Luís de Montes Belos;5204;São Luís de Montes Belos - Iporá;-16.6635;-50.646;fora_do_escopo
5204854;Campo Limpo de Goiás;52;Goiás;520002;Anápolis;5201;Goiânia;-16.2971;-49.0895;fora_do_escopo
5205000;Carmo do Rio Verde;52;Goiás;520018;Ceres - Rialma - Goianésia;5205;Porangatu - Uruaçu;-15.3549;-49.708;fora_do_escopo
5206503;Cromínia;52;Goiás;520009;Piracanjuba;5202;Itumbiara;-17.2883;-49.3798;fora_do_escopo
5205703;Córrego do Ouro;52;Goiás;520013;São Luís de Montes Belos;5204;São Luís de Montes Belos - Iporá;-16.2918;-50.5503;fora_do_escopo
5206909;Davinópolis;52;Goiás;520004;Catalão;5201;Goiânia;-18.1501;-47.5568;fora_do_escopo
5208509;Goiandira;52;Goiás;520004;Catalão;5201;Goiânia;-18.1352;-48.0875;fora_do_escopo
5209606;Heitoraí;52;Goiás;520003;Inhumas - Itaberaí - Anicuns;5201;Goiânia;-15.719;-49.8268;fora_do_escopo
5210604;Itaguaru;52;Goiás;520003;Inhumas - Itaberaí - Anicuns;5201;Goiânia;-15.7565;-49.6354;fora_do_escopo
5210901;Itapaci;52;Goiás;520018;Ceres - Rialma - Goianésia;5205;Porangatu - Uruaçu;-14.9522;-49.5511;fora_do_escopo
5211305;Itarumã;52;Goiás;520010;Rio Verde;5203;Rio Verde;-18.7646;-51.3485;fora_do_escopo
5213509;Monte Alegre de Goiás;52;Goiás;520021;Posse-Campos Belos;5206;Luziânia - Águas Lindas de Goiás;-13.2552;-46.8928;fora_do_escopo
5214051;Mundo Novo;52;Goiás;520016;Porangatu;5205;Porangatu - Uruaçu;-13.7729;-50.2814;fora_do_escopo
5214705;Nova América;52;Goiás;520018;Ceres - Rialma - Goianésia;5205;Porangatu - Uruaçu;-15.0206;-49.8953;fora_do_escopo
5218003;Porangatu;52;Goiás;520016;Porangatu;5205;Porangatu - Uruaçu;-13.4391;-49.1503;fora_do_escopo
5218789;Rio Quente;52;Goiás;520008;Caldas Novas-Morrinhos;5202;Itumbiara;-17.774;-48.7725;fora_do_escopo
5218904;Rubiataba;52;Goiás;520018;Ceres - Rialma - Goianésia;5205;Porangatu - Uruaçu;-15.1617;-49.8048;fora_do_escopo
5219209;Santa Cruz de Goiás;52;Goiás;520006;Pires do Rio;5201;Goiânia;-17.3155;-48.4809;fora_do_escopo
5219456;Santa Rita do Novo Destino;52;Goiás;520018;Ceres - Rialma - Goianésia;5205;Porangatu - Uruaçu;-15.1351;-49.1203;fora_do_escopo
5219605;Santa Tereza de Goiás;52;Goiás;520016;Porangatu;5205;Porangatu - Uruaçu;-13.7138;-49.0144;fora_do_escopo
5220264;São Miguel do Passa Quatro;52;Goiás;520002;Anápolis;5201;Goiânia;-17.0582;-48.662;fora_do_escopo
5220280;São Patrício;52;Goiás;520018;Ceres - Rialma - Goianésia;5205;Porangatu - Uruaçu;-15.35;-49.818;fora_do_escopo
5221007;Taquaral de Goiás;52;Goiás;520003;Inhumas - Itaberaí - Anicuns;5201;Goiânia;-16.0521;-49.6039;fora_do_escopo
5221700;Uruana;52;Goiás;520018;Ceres - Rialma - Goianésia;5205;Porangatu - Uruaçu;-15.4993;-49.6861;fora_do_escopo
5222302;Vila Propício;52;Goiás;520018;Ceres - Rialma - Goianésia;5205;Porangatu - Uruaçu;-15.4542;-48.8819;fora_do_escopo
5200209;Água Limpa;52;Goiás;520008;Caldas Novas-Morrinhos;5202;Itumbiara;-18.0771;-48.7603;fora_do_escopo
3122306;Divinópolis;31;Minas Gerais;310065;Divinópolis;3113;Divinópolis;-20.1446;-44.8912;atendido
3133709;Itatiaiuçu;31;Minas Gerais;310065;Divinópolis;3113;Divinópolis;-20.1983;-44.4211;atendido
3138203;Lavras;31;Minas Gerais;310043;Lavras;3108;Varginha;-21.248;-45.0009;atendido
3145208;Nova Serrana;31;Minas Gerais;310065;Divinópolis;3113;Divinópolis;-19.8713;-44.9847;atendido
1100015;Alta Floresta D'Oeste;11;Rondônia;110005;Cacoal;1102;Ji-Paraná;-11.9283;-61.9953;fora_do_escopo
1100809;Candeias do Jamari;11;Rondônia;110001;Porto Velho;1101;Porto Velho;-8.7907;-63.7005;fora_do_escopo
1100064;Colorado do Oeste;11;Rondônia;110006;Vilhena;1102;Ji-Paraná;-13.1174;-60.5454;fora_do_escopo
1100338;Nova Mamoré;11;Rondônia;110001;Porto Velho;1101;Porto Velho;-10.4077;-65.3346;fora_do_escopo
1101468;Pimenteiras do Oeste;11;Rondônia;110006;Vilhena;1102;Ji-Paraná;-13.4823;-61.0471;fora_do_escopo
1100205;Porto Velho;11;Rondônia;110001;Porto Velho;1101;Porto Velho;-8.76077;-63.8999;fora_do_escopo
1100288;Rolim de Moura;11;Rondônia;110005;Cacoal;1102;Ji-Paraná;-11.7271;-61.7714;fora_do_escopo
1100296;Santa Luzia D'Oeste;11;Rondônia;110005;Cacoal;1102;Ji-Paraná;-11.9074;-61.7777;fora_do_escopo
1100320;São Miguel do Guaporé;11;Rondônia;110004;Ji-Paraná;1102;Ji-Paraná;-11.6953;-62.7192;fora_do_escopo
1200138;Bujari;12;Acre;120001;Rio Branco;1201;Rio Branco;-9.81528;-67.955;fora_do_escopo
1200427;Rodrigues Alves;12;Acre;120004;Cruzeiro do Sul;1202;Cruzeiro do Sul;-7.73864;-72.661;fora_do_escopo
1200609;Tarauacá;12;Acre;120005;Tarauacá;1202;Cruzeiro do Sul;-8.15697;-70.7722;fora_do_escopo
1300300;Autazes;13;Amazonas;130001;Manaus;1301;Manaus;-3.58574;-59.1256;fora_do_escopo
1300607;Benjamin Constant;13;Amazonas;130006;Tabatinga;1302;Tefé;-4.37768;-70.0342;fora_do_escopo
1301704;Humaitá;13;Amazonas;130009;Manicoré;1303;Lábrea;-7.51171;-63.0327;fora_do_escopo
1301852;Iranduba;13;Amazonas;130001;Manaus;1301;Manaus;-3.27479;-60.19;fora_do_escopo
1302306;Jutaí;13;Amazonas;130005;Tefé;1302;Tefé;-2.75814;-66.7595;fora_do_escopo
1303569;Rio Preto da Eva;13;Amazonas;130001;Manaus;1301;Manaus;-2.7045;-59.6858;fora_do_escopo
1400456;Pacaraima;14;Roraima;140002;Pacaraima;1401;Boa Vista;4.4799;-61.1477;fora_do_escopo
1400506;São João da Baliza;14;Roraima;140003;Rorainópolis;1402;Rorainópolis - Caracaraí;0.951659;-59.9133;fora_do_escopo
1501105;Bagre;15;Pará;150020;Breves;1507;Breves;-1.90057;-50.1987;fora_do_escopo
1502152;Canaã dos Carajás;15;Pará;150010;Parauapebas;1503;Marabá;-6.49659;-49.8776;fora_do_escopo
1502202;Capanema;15;Pará;150006;Capanema;1502;Castanhal;-1.20529;-47.1778;fora_do_escopo
1502855;Curuá;15;Pará;150017;Oriximiná;1505;Santarém;-1.88775;-55.1168;fora_do_escopo
1505064;Novo Repartimento;15;Pará;150011;Tucuruí;1503;Marabá;-4.24749;-49.9499;fora_do_escopo
1505635;Piçarra;15;Pará;150009;Marabá;1503;Marabá;-6.43778;-48.8716;fora_do_escopo
1506112;Quatipuru;15;Pará;150006;Capanema;1502;Castanhal;-0.899604;-47.0134;fora_do_escopo
1506161;Rio Maria;15;Pará;150014;Xinguara;1504;Redenção;-7.31236;-50.0379;fora_do_escopo
1506401;Santa Cruz do Arari;15;Pará;150021;Soure-Salvaterra;1507;Breves;-0.661019;-49.1771;fora_do_escopo
1506906;Santarém Novo;15;Pará;150006;Capanema;1502;Castanhal;-0.93097;-47.3855;fora_do_escopo
1507755;Sapucaia;15;Pará;150014;Xinguara;1504;Redenção;-6.94018;-49.6834;fora_do_escopo
1507474;São João de Pirabas;15;Pará;150006;Capanema;1502;Castanhal;-0.780222;-47.181;fora_do_escopo
1508308;Viseu;15;Pará;150005;Bragança;1502;Castanhal;-1.19124;-46.1399;fora_do_escopo
1508357;Vitória do Xingu;15;Pará;150018;Altamira;1506;Altamira;-2.87922;-52.0088;fora_do_escopo
1505106;Óbidos;15;Pará;150017;Oriximiná;1505;Santarém;-1.90107;-55.5208;fora_do_escopo
1600709;Tartarugalzinho;16;Amapá;160003;Oiapoque;1602;Oiapoque - Porto Grande;1.50652;-50.9087;fora_do_escopo
1701051;Angico;17;Tocantins;170005;Araguaína;1702;Araguaína;-6.39179;-47.8611;fora_do_escopo
1702406;Arraias;17;Tocantins;170011;Dianópolis;1703;Gurupi;-12.9287;-46.9359;fora_do_escopo
1702703;Aurora do Tocantins;17;Tocantins;170011;Dianópolis;1703;Gurupi;-12.7105;-46.4076;fora_do_escopo
1703073;Barra do Ouro;17;Tocantins;170005;Araguaína;1702;Araguaína;-7.69593;-47.6776;fora_do_escopo
1703107;Barrolândia;17;Tocantins;170003;Paraíso do Tocantins;1701;Palmas;-9.83404;-48.7252;fora_do_escopo
1703305;Bom Jesus do Tocantins;17;Tocantins;170006;Guaraí;1702;Araguaína;-8.96306;-48.165;fora_do_escopo
1703701;Brejinho de Nazaré;17;Tocantins;170002;Porto Nacional;1701;Palmas;-11.0058;-48.5683;fora_do_escopo
1709302;Guaraí;17;Tocantins;170006;Guaraí;1702;Araguaína;-8.83543;-48.5114;fora_do_escopo
1710706;Itaguatins;17;Tocantins;170009;Araguatins;1702;Araguaína;-5.77267;-47.4864;fora_do_escopo
1710904;Itapiratins;17;Tocantins;170007;Colinas do Tocantins;1702;Araguaína;-8.37982;-48.1072;fora_do_escopo
1713205;Miracema do Tocantins;17;Tocantins;170004;Miracema do Tocantins;1701;Palmas;-9.56556;-48.393;fora_do_escopo
1715150;Novo Alegre;17;Tocantins;170011;Dianópolis;1703;Gurupi;-12.9217;-46.5713;fora_do_escopo
1721000;Palmas;17;Tocantins;170001;Palmas;1701;Palmas;-10.24;-48.3558;fora_do_escopo
1716109;Paraíso do Tocantins;17;Tocantins;170003;Paraíso do Tocantins;1701;Palmas;-10.175;-48.8823;fora_do_escopo
1717503;Pium;17;Tocantins;170003;Paraíso do Tocantins;1701;Palmas;-10.442;-49.1876;fora_do_escopo
1718402;Presidente Kennedy;17;Tocantins;170006;Guaraí;1702;Araguaína;-8.5406;-48.5062;fora_do_escopo
1718808;Sampaio;17;Tocantins;170009;Araguatins;1702;Araguaína;-5.35423;-47.8782;fora_do_escopo
1720903;Taguatinga;17;Tocantins;170011;Dianópolis;1703;Gurupi;-12.4026;-46.437;fora_do_escopo
2100600;Amarante do Maranhão;21;Maranhão;210019;Imperatriz;2105;Imperatriz;-5.56913;-46.7473;fora_do_escopo
2101707;Barreirinhas;21;Maranhão;210006;Barreirinhas;2101;São Luís;-2.75863;-42.8232;fora_do_escopo
2102101;Brejo;21;Maranhão;210003;Chapadinha;2101;São Luís;-3.67796;-42.7527;fora_do_escopo
2102507;Cajari;21;Maranhão;210005;Viana;2101;São Luís;-3.32742;-45.0145;fora_do_escopo
2103604;Coroatá;21;Maranhão;210015;Codó;2103;Caxias;-4.13442;-44.1244;fora_do_escopo
2104206;Fortuna;21;Maranhão;210016;Presidente Dutra;2104;Presidente Dutra;-5.72792;-44.1565;fora_do_escopo
2104503;Governador Archer;21;Maranhão;210016;Presidente Dutra;2104;Presidente Dutra;-5.02078;-44.2754;fora_do_escopo
2104909;Guimarães;21;Maranhão;210008;Cururupu;2101;São Luís;-2.12755;-44.602;fora_do_escopo
2105609;Joselândia;21;Maranhão;210012;Pedreiras;2102;Santa Inês - Bacabal;-4.98611;-44.6958;fora_do_escopo
2105906;Lago Verde;21;Maranhão;210010;Bacabal;2102;Santa Inês - Bacabal;-3.94661;-44.826;fora_do_escopo
2106409;Mata Roma;21;Maranhão;210003;Chapadinha;2101;São Luís;-3.62035;-43.1112;fora_do_escopo
2107407;Olho d'Água das Cunhãs;21;Maranhão;210010;Bacabal;2102;Santa Inês - Bacabal;-4.13417;-45.1163;fora_do_escopo
2108207;Pedreiras;21;Maranhão;210012;Pedreiras;2102;Santa Inês - Bacabal;-4.56482;-44.6006;fora_do_escopo
2108454;Peritoró;21;Maranhão;210015;Codó;2103;Caxias;-4.37459;-44.3369;fora_do_escopo
2108702;Pio XII;21;Maranhão;210009;Santa Inês;2102;Santa Inês - Bacabal;-3.89315;-45.1759;fora_do_escopo
2109007;Porto Franco;21;Maranhão;210019;Imperatriz;2105;Imperatriz;-6.34149;-47.3962;fora_do_escopo
2109809;Santa Helena;21;Maranhão;210002;Pinheiro;2101;São Luís;-2.24426;-45.29;fora_do_escopo
2110237;Santana do Maranhão;21;Maranhão;210007;Tutóia - Araioses;2101;São Luís;-3.109;-42.4064;fora_do_escopo
2111508;São Mateus do Maranhão;21;Maranhão;210010;Bacabal;2102;Santa Inês - Bacabal;-4.03736;-44.4707;fora_do_escopo
2200301;Alto Longá;22;Piauí;220001;Teresina;2201;Teresina;-5.25634;-42.2096;fora_do_escopo
2200608;Angical do Piauí;22;Piauí;220002;Amarante - Água Branca - Regeneração;2201;Teresina;-6.08786;-42.74;fora_do_escopo
2201051;Assunção do Piauí;22;Piauí;220003;Campo Maior;2201;Teresina;-5.865;-41.0389;fora_do_escopo
2201101;Avelino Lopes;22;Piauí;220015;Corrente;2205;Corrente - Bom Jesus;-10.1345;-43.9563;fora_do_escopo
2202117;Campo Alegre do Fidalgo;22;Piauí;220014;São João do Piauí;2204;São Raimundo Nonato;-8.38236;-41.8344;fora_do_escopo
2202208;Campo Maior;22;Piauí;220003;Campo Maior;2201;Teresina;-4.8217;-42.1641;fora_do_escopo
2202406;Capitão de Campos;22;Piauí;220007;Piripiri;2202;Parnaíba;-4.457;-41.944;fora_do_escopo
2202737;Coivaras;22;Piauí;220001;Teresina;2201;Teresina;-5.09224;-42.208;fora_do_escopo
2203602;Eliseu Martins;22;Piauí;220019;Canto do Buriti;2206;Floriano;-8.09629;-43.6705;fora_do_escopo
2205532;Jurema;22;Piauí;220013;São Raimundo Nonato;2204;São Raimundo Nonato;-9.21992;-43.1337;fora_do_escopo
2205607;Landri Sales;22;Piauí;220017;Floriano;2206;Floriano;-7.25922;-43.9364;fora_do_escopo
2206050;Massapê do Piauí;22;Piauí;220009;Picos;2203;Picos;-7.47469;-41.1103;fora_do_escopo
2206100;Matias Olímpio;22;Piauí;220008;Esperantina;2202;Parnaíba;-3.71492;-42.5507;fora_do_escopo
2207306;Paes Landim;22;Piauí;220012;Simplício Mendes;2203;Picos;-7.77375;-42.2474;fora_do_escopo
2207801;Paulistana;22;Piauí;220010;Paulistana;2203;Picos;-8.13436;-41.1431;fora_do_escopo
2209351;Santana do Piauí;22;Piauí;220009;Picos;2203;Picos;-6.94696;-41.5178;fora_do_escopo
2210631;Sebastião Leal;22;Piauí;220018;Uruçuí;2206;Floriano;-7.56803;-44.06;fora_do_escopo
2210938;Sussuapara;22;Piauí;220009;Picos;2203;Picos;-7.03687;-41.3767;fora_do_escopo
2210052;São José do Divino;22;Piauí;220007;Piripiri;2202;Parnaíba;-3.81411;-41.8308;fora_do_escopo
2210201;São José do Piauí;22;Piauí;220009;Picos;2203;Picos;-6.87194;-41.4731;fora_do_escopo
2211357;Várzea Branca;22;Piauí;220013;São Raimundo Nonato;2204;São Raimundo Nonato;-9.238;-42.9692;fora_do_escopo
2211407;Várzea Grande;22;Piauí;220002;Amarante - Água Branca - Regeneração;2201;Teresina;-6.54899;-42.248;fora_do_escopo
2211704;Wall Ferraz;22;Piauí;220009;Picos;2203;Picos;-7.23151;-41.905;fora_do_escopo
2300101;Abaiara;23;Ceará;230012;Brejo Santo;2304;Juazeiro do Norte;-7.34588;-39.0416;fora_do_escopo
2300754;Amontada;23;Ceará;230002;Itapipoca;2301;Fortaleza;-3.36017;-39.8288;fora_do_escopo
2302800;Canindé;23;Ceará;230004;Canindé;2301;Fortaleza;-4.35162;-39.3155;fora_do_escopo
2302909;Capistrano;23;Ceará;230003;Redenção-Acarape;2301;Fortaleza;-4.45569;-38.9048;fora_do_escopo
2303402;Carnaubal;23;Ceará;230016;São Benedito - Ipu - Guaraciaba do Norte - Tianguá;2306;Sobral;-4.15985;-40.9413;fora_do_escopo
2303709;Caucaia;23;Ceará;230001;Fortaleza;2301;Fortaleza;-3.72797;-38.6619;fora_do_escopo
2303808;Cedro;23;Ceará;230009;Iguatu;2303;Iguatu;-6.60034;-39.0609;fora_do_escopo
2304103;Crateús;23;Ceará;230013;Crateús;2305;Crateús;-5.16768;-40.6536;fora_do_escopo
2305357;Icapuí;23;Ceará;230008;Aracati;2302;Quixadá;-4.71206;-37.3531;fora_do_escopo
2306306;Itapajé;23;Ceará;230005;Itapagé;2301;Fortaleza;-3.68314;-39.5855;fora_do_escopo
2307304;Juazeiro do Norte;23;Ceará;230011;Juazeiro do Norte;2304;Juazeiro do Norte;-7.19621;-39.3076;fora_do_escopo
2307502;Lavras da Mangabeira;23;Ceará;230011;Juazeiro do Norte;2304;Juazeiro do Norte;-6.7448;-38.9706;fora_do_escopo
2309003;Mucambo;23;Ceará;230015;Sobral;2306;Sobral;-3.90271;-40.7452;fora_do_escopo
2310209;Paracuru;23;Ceará;230001;Fortaleza;2301;Fortaleza;-3.41436;-39.03;fora_do_escopo
2310258;Paraipaba;23;Ceará;230001;Fortaleza;2301;Fortaleza;-3.43799;-39.1479;fora_do_escopo
2310605;Penaforte;23;Ceará;230012;Brejo Santo;2304;Juazeiro do Norte;-7.82163;-39.0707;fora_do_escopo
2310803;Pereiro;23;Ceará;230007;Russas - Limoeiro do Norte;2302;Quixadá;-6.03576;-38.4624;fora_do_escopo
2311231;Potiretama;23;Ceará;230007;Russas - Limoeiro do Norte;2302;Quixadá;-5.71287;-38.1578;fora_do_escopo
2312809;Senador Sá;23;Ceará;230015;Sobral;2306;Sobral;-3.35305;-40.4662;fora_do_escopo
2313203;Tamboril;23;Ceará;230013;Crateús;2305;Crateús;-4.83136;-40.3196;fora_do_escopo
2313252;Tarrafas;23;Ceará;230011;Juazeiro do Norte;2304;Juazeiro do Norte;-6.67838;-39.753;fora_do_escopo
2313351;Tejuçuoca;23;Ceará;230005;Itapagé;2301;Fortaleza;-3.98831;-39.5799;fora_do_escopo
2401503;Barcelona;24;Rio Grande do Norte;240006;São Paulo do Potengi;2401;Natal;-5.94284;-35.9247;fora_do_escopo
2402204;Canguaretama;24;Rio Grande do Norte;240003;Canguaretama;2401;Natal;-6.37193;-35.1281;fora_do_escopo
2402600;Ceará-Mirim;24;Rio Grande do Norte;240001;Natal;2401;Natal;-5.64323;-35.4247;fora_do_escopo
2403608;Extremoz;24;Rio Grande do Norte;240001;Natal;2401;Natal;-5.70143;-35.3048;fora_do_escopo
2403905;Francisco Dantas;24;Rio Grande do Norte;240010;Pau dos Ferros;2403;Mossoró;-6.07234;-38.1212;fora_do_escopo
2404408;Grossos;24;Rio Grande do Norte;240009;Mossoró;2403;Mossoró;-4.98068;-37.1621;fora_do_escopo
2405207;Janduís;24;Rio Grande do Norte;240009;Mossoró;2403;Mossoró;-6.01474;-37.4048;fora_do_escopo
2405009;Jaçanã;24;Rio Grande do Norte;240004;Santa Cruz;2401;Natal;-6.41856;-36.2031;fora_do_escopo
2406106;Jucurutu;24;Rio Grande do Norte;240007;Caicó;2402;Caicó;-6.0306;-37.009;fora_do_escopo
2406809;Lajes Pintadas;24;Rio Grande do Norte;240004;Santa Cruz;2401;Natal;-6.14943;-36.1171;fora_do_escopo
2407609;Messias Targino;24;Rio Grande do Norte;240009;Mossoró;2403;Mossoró;-6.07194;-37.5158;fora_do_escopo
2409308;Patu;24;Rio Grande do Norte;240010;Pau dos Ferros;2403;Mossoró;-6.10656;-37.6356;fora_do_escopo
2409605;Pedra Preta;24;Rio Grande do Norte;240005;João Câmara;2401;Natal;-5.57352;-36.1084;fora_do_escopo
2410207;Portalegre;24;Rio Grande do Norte;240010;Pau dos Ferros;2403;Mossoró;-6.02064;-37.9865;fora_do_escopo
2410702;Riacho da Cruz;24;Rio Grande do Norte;240010;Pau dos Ferros;2403;Mossoró;-5.92654;-37.949;fora_do_escopo
2411106;Ruy Barbosa;24;Rio Grande do Norte;240006;São Paulo do Potengi;2401;Natal;-5.88745;-35.933;fora_do_escopo
2411429;Santana do Seridó;24;Rio Grande do Norte;240007;Caicó;2402;Caicó;-6.76643;-36.7312;fora_do_escopo
2413201;Senador Georgino Avelino;24;Rio Grande do Norte;240001;Natal;2401;Natal;-6.1576;-35.1299;fora_do_escopo
2412203;São José de Mipibu;24;Rio Grande do Norte;240001;Natal;2401;Natal;-6.0773;-35.2417;fora_do_escopo
2412104;São João do Sabugi;24;Rio Grande do Norte;240007;Caicó;2402;Caicó;-6.71387;-37.2027;fora_do_escopo
2413904;Taipu;24;Rio Grande do Norte;240001;Natal;2401;Natal;-5.63058;-35.5918;fora_do_escopo
2500536;Alcantil;25;Paraíba;250005;Campina Grande;2502;Campina Grande;-7.73668;-36.0511;fora_do_escopo
2500577;Algodão de Jandaíra;25;Paraíba;250005;Campina Grande;2502;Campina Grande;-6.89292;-36.0129;fora_do_escopo
2500775;Aparecida;25;Paraíba;250014;Sousa;2504;Sousa - Cajazeiras;-6.78466;-38.0803;fora_do_escopo
2501104;Areia;25;Paraíba;250005;Campina Grande;2502;Campina Grande;-6.96396;-35.6977;fora_do_escopo
2501351;Assunção;25;Paraíba;250005;Campina Grande;2502;Campina Grande;-7.07231;-36.725;fora_do_escopo
2501401;Baía da Traição;25;Paraíba;250003;Mamanguape - Rio Tinto;2501;João Pessoa;-6.69209;-34.9381;fora_do_escopo
2503209;Cabedelo;25;Paraíba;250001;João Pessoa;2501;João Pessoa;-6.98731;-34.8284;fora_do_escopo
2504033;Capim;25;Paraíba;250003;Mamanguape - Rio Tinto;2501;João Pessoa;-6.91624;-35.1673;fora_do_escopo
2504074;Caraúbas;25;Paraíba;250005;Campina Grande;2502;Campina Grande;-7.72049;-36.492;fora_do_escopo
2504207;Catingueira;25;Paraíba;250009;Patos;2503;Patos;-7.12008;-37.6064;fora_do_escopo
2504306;Catolé do Rocha;25;Paraíba;250011;Catolé do Rocha - São Bento;2503;Patos;-6.34062;-37.747;fora_do_escopo
2505709;Dona Inês;25;Paraíba;250002;Guarabira;2501;João Pessoa;-6.61566;-35.6205;fora_do_escopo
2502607;Igaracy;25;Paraíba;250010;Itaporanga;2503;Patos;-7.17184;-38.1478;fora_do_escopo
2507200;Itatuba;25;Paraíba;250005;Campina Grande;2502;Campina Grande;-7.38115;-35.638;fora_do_escopo
2507309;Jacaraú;25;Paraíba;250003;Mamanguape - Rio Tinto;2501;João Pessoa;-6.61453;-35.289;fora_do_escopo
2508000;Juru;25;Paraíba;250013;Princesa Isabel;2503;Patos;-7.52983;-37.815;fora_do_escopo
2508802;Malta;25;Paraíba;250009;Patos;2503;Patos;-6.89719;-37.5221;fora_do_escopo
2509156;Marizópolis;25;Paraíba;250014;Sousa;2504;Sousa - Cajazeiras;-6.82748;-38.3528;fora_do_escopo
2509701;Monteiro;25;Paraíba;250007;Monteiro;2502;Campina Grande;-7.88363;-37.1184;fora_do_escopo
2509909;Natuba;25;Paraíba;250004;Itabaiana;2501;João Pessoa;-7.63514;-35.5586;fora_do_escopo
2511202;Pedras de Fogo;25;Paraíba;250001;João Pessoa;2501;João Pessoa;-7.39107;-35.1065;fora_do_escopo
2511400;Picuí;25;Paraíba;250006;Cuité - Nova Floresta;2502;Campina Grande;-6.50845;-36.3497;fora_do_escopo
2511806;Pirpirituba;25;Paraíba;250002;Guarabira;2501;João Pessoa;-6.77922;-35.4906;fora_do_escopo
2511905;Pitimbu;25;Paraíba;250001;João Pessoa;2501;João Pessoa;-7.4664;-34.8151;fora_do_escopo
2512408;Puxinanã;25;Paraíba;250005;Campina Grande;2502;Campina Grande;-7.15479;-35.9543;fora_do_escopo
2512507;Queimadas;25;Paraíba;250005;Campina Grande;2502;Campina Grande;-7.35029;-35.9031;fora_do_escopo
2512788;Riacho de Santo Antônio;25;Paraíba;250005;Campina Grande;2502;Campina Grande;-7.68023;-36.157;fora_do_escopo
2512754;Riachão do Bacamarte;25;Paraíba;250005;Campina Grande;2502;Campina Grande;-7.25347;-35.6693;fora_do_escopo
2513109;Salgado de São Félix;25;Paraíba;250004;Itabaiana;2501;João Pessoa;-7.35337;-35.4305;fora_do_escopo
2513356;Santa Inês;25;Paraíba;250010;Itaporanga;2503;Patos;-7.621;-38.554;fora_do_escopo
2516151;Sossêgo;25;Paraíba;250006;Cuité - Nova Floresta;2502;Campina Grande;-6.77067;-36.2538;fora_do_escopo
2514206;São José da Lagoa Tapada;25;Paraíba;250014;Sousa;2504;Sousa - Cajazeiras;-6.93646;-38.1622;fora_do_escopo
2516409;Tacima;25;Paraíba;250002;Guarabira;2501;João Pessoa;-6.48759;-35.6367;fora_do_escopo
2600203;Afrânio;26;Pernambuco;260015;Petrolina;2604;Petrolina;-8.51136;-41.0095;fora_do_escopo
2603801;Capoeiras;26;Pernambuco;260010;Garanhuns;2602;Caruaru;-8.73423;-36.6306;fora_do_escopo
2603900;Carnaíba;26;Pernambuco;260014;Afogados da Ingazeira;2603;Serra Talhada;-7.79342;-37.7946;fora_do_escopo
2604700;Correntes;26;Pernambuco;260010;Garanhuns;2602;Caruaru;-9.12117;-36.3244;fora_do_escopo
2604908;Cumaru;26;Pernambuco;260009;Caruaru;2602;Caruaru;-8.00827;-35.6957;fora_do_escopo
2605400;Feira Nova;26;Pernambuco;260004;Limoeiro;2601;Recife;-7.94704;-35.3801;fora_do_escopo
2606309;Granito;26;Pernambuco;260016;Araripina;2604;Petrolina;-7.70711;-39.615;fora_do_escopo
2607000;Inajá;26;Pernambuco;260011;Arcoverde;2602;Caruaru;-8.90206;-37.8351;fora_do_escopo
2609808;Orocó;26;Pernambuco;260015;Petrolina;2604;Petrolina;-8.61026;-39.6026;fora_do_escopo
2610608;Paudalho;26;Pernambuco;260001;Recife;2601;Recife;-7.90287;-35.1716;fora_do_escopo
2610707;Paulista;26;Pernambuco;260001;Recife;2601;Recife;-7.93401;-34.8684;fora_do_escopo
2611002;Petrolândia;26;Pernambuco;260013;Serra Talhada;2603;Serra Talhada;-9.06863;-38.3027;fora_do_escopo
2612000;Sairé;26;Pernambuco;260009;Caruaru;2602;Caruaru;-8.32864;-35.6967;fora_do_escopo
2612109;Salgadinho;26;Pernambuco;260004;Limoeiro;2601;Recife;-7.9269;-35.6503;fora_do_escopo
2612505;Santa Cruz do Capibaribe;26;Pernambuco;260009;Caruaru;2602;Caruaru;-7.94802;-36.2061;fora_do_escopo
2612703;Santa Maria do Cambucá;26;Pernambuco;260008;Surubim;2601;Recife;-7.83676;-35.8941;fora_do_escopo
2613404;São José da Coroa Grande;26;Pernambuco;260007;Barreiros - Sirinhaém;2601;Recife;-8.88937;-35.1515;fora_do_escopo
2613800;São Vicente Férrer;26;Pernambuco;260002;Goiana ¿ Timbaúba;2601;Recife;-7.58969;-35.4808;fora_do_escopo
2615409;Toritama;26;Pernambuco;260009;Caruaru;2602;Caruaru;-8.00955;-36.0637;fora_do_escopo
2615904;Tuparetama;26;Pernambuco;260014;Afogados da Ingazeira;2603;Serra Talhada;-7.6003;-37.3165;fora_do_escopo
2616001;Venturosa;26;Pernambuco;260011;Arcoverde;2602;Caruaru;-8.57885;-36.8742;fora_do_escopo
2616100;Verdejante;26;Pernambuco;260017;Salgueiro;2604;Petrolina;-7.92235;-38.9701;fora_do_escopo
2616209;Vertentes;26;Pernambuco;260008;Surubim;2601;Recife;-7.90158;-35.9681;fora_do_escopo
2616506;Xexéu;26;Pernambuco;260003;Palmares;2601;Recife;-8.8046;-35.6212;fora_do_escopo
2700201;Anadia;27;Alagoas;270004;São Miguel dos Campos;2701;Maceió;-9.68489;-36.3078;fora_do_escopo
2700508;Barra de Santo Antônio;27;Alagoas;270001;Maceió;2701;Maceió;-9.4023;-35.5101;fora_do_escopo
2701506;Campo Grande;27;Alagoas;270007;Arapiraca;2702;Arapiraca;-9.95542;-36.7926;fora_do_escopo
2701902;Chã Preta;27;Alagoas;270006;Atalaia;2701;Maceió;-9.2556;-36.2983;fora_do_escopo
2702405;Delmiro Gouveia;27;Alagoas;270009;Delmiro Gouveia;2702;Arapiraca;-9.38534;-37.9987;fora_do_escopo
2702504;Dois Riachos;27;Alagoas;270010;Santana do Ipanema;2702;Arapiraca;-9.38465;-37.0965;fora_do_escopo
2703908;Jundiá;27;Alagoas;270002;Porto Calvo - São Luís do Quitunde;2701;Maceió;-8.93297;-35.5669;fora_do_escopo
2704203;Limoeiro de Anadia;27;Alagoas;270007;Arapiraca;2702;Arapiraca;-9.74098;-36.5121;fora_do_escopo
2704906;Mar Vermelho;27;Alagoas;270006;Atalaia;2701;Maceió;-9.44739;-36.3881;fora_do_escopo
2705200;Messias;27;Alagoas;270001;Maceió;2701;Maceió;-9.39384;-35.8392;fora_do_escopo
2706422;Pariconha;27;Alagoas;270009;Delmiro Gouveia;2702;Arapiraca;-9.25634;-37.9988;fora_do_escopo
2707008;Pindoba;27;Alagoas;270006;Atalaia;2701;Maceió;-9.47382;-36.2918;fora_do_escopo
2708907;Satuba;27;Alagoas;270001;Maceió;2701;Maceió;-9.56911;-35.8227;fora_do_escopo
2708402;São José da Tapera;27;Alagoas;270011;Pão de Açúcar - Olho d'Água das Flores ¿ Batalha;2702;Arapiraca;-9.55768;-37.3831;fora_do_escopo
2708808;São Sebastião;27;Alagoas;270007;Arapiraca;2702;Arapiraca;-9.93043;-36.559;fora_do_escopo
2709202;Traipu;27;Alagoas;270007;Arapiraca;2702;Arapiraca;-9.96262;-37.0071;fora_do_escopo
2800308;Aracaju;28;Sergipe;280001;Aracaju;2801;Aracaju;-10.9091;-37.0677;fora_do_escopo
2802205;Feira Nova;28;Sergipe;280006;Nossa Senhora da Glória;2802;Itabaiana;-10.2616;-37.3147;fora_do_escopo
2803203;Itaporanga d'Ajuda;28;Sergipe;280001;Aracaju;2801;Aracaju;-10.99;-37.3078;fora_do_escopo
2804409;Neópolis;28;Sergipe;280003;Propriá;2801;Aracaju;-10.3215;-36.585;fora_do_escopo
2804508;Nossa Senhora da Glória;28;Sergipe;280006;Nossa Senhora da Glória;2802;Itabaiana;-10.2158;-37.4211;fora_do_escopo
2806701;São Cristóvão;28;Sergipe;280001;Aracaju;2801;Aracaju;-11.0084;-37.2044;fora_do_escopo
2807006;São Miguel do Aleixo;28;Sergipe;280004;Itabaiana;2802;Itabaiana;-10.3847;-37.3836;fora_do_escopo
2900355;Adustina;29;Bahia;290027;Cícero Dantas;2909;Paulo Afonso;-10.5437;-38.1113;fora_do_escopo
2901106;Amélia Rodrigues;29;Bahia;290029;Feira de Santana;2910;Feira de Santana;-12.3914;-38.7563;fora_do_escopo
2901353;Andorinha;29;Bahia;290023;Senhor do Bonfim;2908;Juazeiro;-10.3482;-39.8391;fora_do_escopo
2904050;Bonito;29;Bahia;290020;Irecê;2907;Irecê;-11.9668;-41.2647;fora_do_escopo
2904209;Botuporã;29;Bahia;290016;Guanambi;2905;Guanambi;-13.3772;-42.5163;fora_do_escopo
2904753;Buritirama;29;Bahia;290021;Xique-Xique ¿ Barra;2907;Irecê;-10.7171;-43.6302;fora_do_escopo
2905701;Camaçari;29;Bahia;290001;Salvador;2901;Salvador;-12.6996;-38.3263;fora_do_escopo
2906204;Canarana;29;Bahia;290020;Irecê;2907;Irecê;-11.6858;-41.7677;fora_do_escopo
2906303;Canavieiras;29;Bahia;290010;Camacan;2903;Ilhéus ¿ Itabuna;-15.6722;-38.9536;fora_do_escopo
2906808;Cansanção;29;Bahia;290026;Euclides da Cunha;2909;Paulo Afonso;-10.6647;-39.4944;fora_do_escopo
2907509;Catu;29;Bahia;290001;Salvador;2901;Salvador;-12.3513;-38.3791;fora_do_escopo
2907905;Cipó;29;Bahia;290025;Ribeira do Pombal;2909;Paulo Afonso;-11.1032;-38.5179;fora_do_escopo
2908002;Coaraci;29;Bahia;290007;Ilhéus ¿ Itabuna;2903;Ilhéus ¿ Itabuna;-14.637;-39.5556;fora_do_escopo
2908101;Cocos;29;Bahia;290019;Santa Maria da Vitoria;2906;Barreiras;-14.1814;-44.5352;fora_do_escopo
2910602;Esplanada;29;Bahia;290002;Alagoinhas;2901;Salvador;-11.7942;-37.9432;fora_do_escopo
2910776;Feira da Mata;29;Bahia;290016;Guanambi;2905;Guanambi;-14.2044;-44.2744;fora_do_escopo
2911006;Floresta Azul;29;Bahia;290007;Ilhéus ¿ Itabuna;2903;Ilhéus ¿ Itabuna;-14.8629;-39.6579;fora_do_escopo
2911253;Gavião;29;Bahia;290029;Feira de Santana;2910;Feira de Santana;-11.4688;-39.7757;fora_do_escopo
2911709;Guanambi;29;Bahia;290016;Guanambi;2905;Guanambi;-14.2231;-42.7799;fora_do_escopo
2912202;Ibicoara;29;Bahia;290011;Vitória da Conquista;2904;Vitória da Conquista;-13.4059;-41.284;fora_do_escopo
2912905;Ibirataia;29;Bahia;290014;Ipiaú;2904;Vitória da Conquista;-14.0643;-39.6459;fora_do_escopo
2914208;Irajuba;29;Bahia;290012;Jequié;2904;Vitória da Conquista;-13.2563;-40.0848;fora_do_escopo
2915205;Itagibá;29;Bahia;290014;Ipiaú;2904;Vitória da Conquista;-14.2782;-39.8449;fora_do_escopo
2917201;Ituaçu;29;Bahia;290011;Vitória da Conquista;2904;Vitória da Conquista;-13.8107;-41.3003;fora_do_escopo
2918555;Jussari;29;Bahia;290010;Camacan;2903;Ilhéus ¿ Itabuna;-15.192;-39.491;fora_do_escopo
2918704;Lafaiete Coutinho;29;Bahia;290012;Jequié;2904;Vitória da Conquista;-13.6541;-40.2119;fora_do_escopo
2918902;Lajedão;29;Bahia;290008;Teixeira de Freitas;2903;Ilhéus ¿ Itabuna;-17.6056;-40.3383;fora_do_escopo
2919405;Licínio de Almeida;29;Bahia;290016;Guanambi;2905;Guanambi;-14.6842;-42.5095;fora_do_escopo
2920205;Malhada;29;Bahia;290016;Guanambi;2905;Guanambi;-14.3371;-43.7686;fora_do_escopo
2921203;Miguel Calmon;29;Bahia;290030;Jacobina;2910;Feira de Santana;-11.4299;-40.6031;fora_do_escopo
2921302;Milagres;29;Bahia;290003;Santo Antônio de Jesus;2902;Santo Antônio de Jesus;-12.8646;-39.8611;fora_do_escopo
2921500;Monte Santo;29;Bahia;290026;Euclides da Cunha;2909;Paulo Afonso;-10.4374;-39.3321;fora_do_escopo
2922102;Mundo Novo;29;Bahia;290029;Feira de Santana;2910;Feira de Santana;-11.8541;-40.4714;fora_do_escopo
2922706;Nova Canaã;29;Bahia;290011;Vitória da Conquista;2904;Vitória da Conquista;-14.7912;-40.1458;fora_do_escopo
2923050;Novo Triunfo;29;Bahia;290028;Jeremoabo;2909;Paulo Afonso;-10.3182;-38.4014;fora_do_escopo
2923209;Oliveira dos Brejinhos;29;Bahia;290021;Xique-Xique ¿ Barra;2907;Irecê;-12.3132;-42.8969;fora_do_escopo
2924207;Pedro Alexandre;29;Bahia;290028;Jeremoabo;2909;Paulo Afonso;-10.012;-37.8932;fora_do_escopo
2924108;Pedrão;29;Bahia;290002;Alagoinhas;2901;Salvador;-12.1491;-38.6487;fora_do_escopo
2925709;Presidente Jânio Quadros;29;Bahia;290011;Vitória da Conquista;2904;Vitória da Conquista;-14.6885;-41.6798;fora_do_escopo
2926202;Riachão das Neves;29;Bahia;290018;Barreiras;2906;Barreiras;-11.7508;-44.9143;fora_do_escopo
2926301;Riachão do Jacuípe;29;Bahia;290029;Feira de Santana;2910;Feira de Santana;-11.8067;-39.3818;fora_do_escopo
2926608;Ribeira do Pombal;29;Bahia;290025;Ribeira do Pombal;2909;Paulo Afonso;-10.8373;-38.5382;fora_do_escopo
2926657;Ribeirão do Largo;29;Bahia;290011;Vitória da Conquista;2904;Vitória da Conquista;-15.4508;-40.7441;fora_do_escopo
2927309;Salinas da Margarida;29;Bahia;290006;Nazaré ¿ Maragogipe;2902;Santo Antônio de Jesus;-12.873;-38.7562;fora_do_escopo
2929750;Saubara;29;Bahia;290001;Salvador;2901;Salvador;-12.7387;-38.7625;fora_do_escopo
2928950;São Domingos;29;Bahia;290032;Conceição do Coité;2910;Feira de Santana;-11.4649;-39.5268;fora_do_escopo
2931806;Tremedal;29;Bahia;290011;Vitória da Conquista;2904;Vitória da Conquista;-14.9736;-41.4142;fora_do_escopo
2932457;Umburanas;29;Bahia;290030;Jacobina;2910;Feira de Santana;-10.7339;-41.3234;fora_do_escopo
2932804;Utinga;29;Bahia;290031;Itaberaba;2910;Feira de Santana;-12.0783;-41.0954;fora_do_escopo
2933505;Wenceslau Guimarães;29;Bahia;290014;Ipiaú;2904;Vitória da Conquista;-13.6908;-39.4762;fora_do_escopo
2900405;Água Fria;29;Bahia;290029;Feira de Santana;2910;Feira de Santana;-11.8618;-38.7639;fora_do_escopo
3100203;Abaeté;31;Minas Gerais;310070;Abaeté;3113;Divinópolis;-19.1551;-45.4444;nao_atendido
3100302;Abre Campo;31;Minas Gerais;310028;Manhuaçu;3106;Juíz de Fora;-20.2996;-42.4743;nao_atendido
3102209;Alvarenga;31;Minas Gerais;310025;Caratinga;3105;Ipatinga;-19.4174;-41.7317;nao_atendido
3102308;Alvinópolis;31;Minas Gerais;310030;Ponte Nova;3106;Juíz de Fora;-20.1098;-43.0535;nao_atendido
3103504;Araguari;31;Minas Gerais;310059;Uberlândia;3111;Uberlândia;-18.6456;-48.1934;nao_atendido
3104007;Araxá;31;Minas Gerais;310056;Araxá;3110;Uberaba;-19.5902;-46.9438;nao_atendido
3104908;Baependi;31;Minas Gerais;310054;Caxambu - Baependi;3109;Pouso Alegre;-21.957;-44.8874;nao_atendido
3105509;Barão do Monte Alto;31;Minas Gerais;310031;Muriaé;3106;Juíz de Fora;-21.2444;-42.2372;nao_atendido
3106408;Belo Vale;31;Minas Gerais;310038;Conselheiro Lafaiete;3107;Barbacena;-20.4077;-44.0275;nao_atendido
3106655;Berizal;31;Minas Gerais;310008;Salinas;3102;Montes Claros;-15.61;-41.7432;nao_atendido
3107901;Bom Repouso;31;Minas Gerais;310050;Pouso Alegre;3109;Pouso Alegre;-22.4675;-46.144;nao_atendido
3108008;Bom Sucesso;31;Minas Gerais;310043;Lavras;3108;Varginha;-21.0329;-44.7537;nao_atendido
3108206;Bonfinópolis de Minas;31;Minas Gerais;310063;Unaí;3112;Patos de Minas;-16.568;-45.9839;nao_atendido
3108503;Botumirim;31;Minas Gerais;310006;Montes Claros;3102;Montes Claros;-16.8657;-43.0086;nao_atendido
3108602;Brasília de Minas;31;Minas Gerais;310006;Montes Claros;3102;Montes Claros;-16.2104;-44.4299;nao_atendido
3110004;Caeté;31;Minas Gerais;310001;Belo Horizonte;3101;Belo Horizonte;-19.8826;-43.6704;nao_atendido
3111101;Campina Verde;31;Minas Gerais;310059;Uberlândia;3111;Uberlândia;-19.5382;-49.4862;nao_atendido
3111705;Canaã;31;Minas Gerais;310033;Viçosa;3106;Juíz de Fora;-20.6869;-42.6167;nao_atendido
3112059;Cantagalo;31;Minas Gerais;310021;Guanhães;3104;Governador Valadares;-18.5248;-42.6223;nao_atendido
3112109;Caparaó;31;Minas Gerais;310028;Manhuaçu;3106;Juíz de Fora;-20.5289;-41.9061;nao_atendido
3112208;Capela Nova;31;Minas Gerais;310038;Conselheiro Lafaiete;3107;Barbacena;-20.9179;-43.622;nao_atendido
3112604;Capinópolis;31;Minas Gerais;310060;Ituiutaba;3111;Uberlândia;-18.6862;-49.5706;nao_atendido
3112703;Capitão Enéas;31;Minas Gerais;310006;Montes Claros;3102;Montes Claros;-16.3265;-43.7084;nao_atendido
3114006;Carmo da Mata;31;Minas Gerais;310065;Divinópolis;3113;Divinópolis;-20.5575;-44.8735;nao_atendido
3114105;Carmo de Minas;31;Minas Gerais;310053;São Lourenço;3109;Pouso Alegre;-22.1204;-45.1307;nao_atendido
3115359;Catas Altas;31;Minas Gerais;310003;Santa Bárbara - Ouro Preto;3101;Belo Horizonte;-20.0734;-43.4061;nao_atendido
3115458;Catuji;31;Minas Gerais;310013;Teófilo Otoni;3103;Teófilo Otoni;-17.3018;-41.5276;nao_atendido
3116209;Chiador;31;Minas Gerais;310027;Juiz de Fora;3106;Juíz de Fora;-21.9996;-43.0617;nao_atendido
3116704;Coimbra;31;Minas Gerais;310033;Viçosa;3106;Juíz de Fora;-20.8535;-42.8008;nao_atendido
3119302;Coromandel;31;Minas Gerais;310064;Patrocínio;3112;Patos de Minas;-18.4734;-47.1933;nao_atendido
3119401;Coronel Fabriciano;31;Minas Gerais;310024;Ipatinga;3105;Ipatinga;-19.5179;-42.6276;nao_atendido
3120805;Cruzília;31;Minas Gerais;310054;Caxambu - Baependi;3109;Pouso Alegre;-21.84;-44.8067;nao_atendido
3121258;Delta;31;Minas Gerais;310055;Uberaba;3110;Uberaba;-19.9721;-47.7841;nao_atendido
3122603;Dom Joaquim;31;Minas Gerais;310021;Guanhães;3104;Governador Valadares;-18.961;-43.2544;nao_atendido
3122900;Dona Euzébia;31;Minas Gerais;310032;Cataguases;3106;Juíz de Fora;-21.319;-42.807;nao_atendido
3123205;Dores do Indaiá;31;Minas Gerais;310067;Dores do Indaiá;3113;Divinópolis;-19.4628;-45.5927;nao_atendido
3123304;Dores do Turvo;31;Minas Gerais;310029;Ubá;3106;Juíz de Fora;-20.9785;-43.1834;nao_atendido
3123858;Entre Folhas;31;Minas Gerais;310025;Caratinga;3105;Ipatinga;-19.6218;-42.2306;nao_atendido
3124500;Estiva;31;Minas Gerais;310050;Pouso Alegre;3109;Pouso Alegre;-22.4577;-46.0191;nao_atendido
3124609;Estrela Dalva;31;Minas Gerais;310036;Além Paraíba;3106;Juíz de Fora;-21.7412;-42.4574;nao_atendido
3125309;Faria Lemos;31;Minas Gerais;310034;Carangola;3106;Juíz de Fora;-20.8097;-42.0213;nao_atendido
3126307;Fortaleza de Minas;31;Minas Gerais;310041;Passos;3108;Varginha;-20.8508;-46.712;nao_atendido
3126901;Frei Inocêncio;31;Minas Gerais;310020;Governador Valadares;3104;Governador Valadares;-18.5556;-41.9121;nao_atendido
3126950;Frei Lagonegro;31;Minas Gerais;310021;Guanhães;3104;Governador Valadares;-18.1751;-42.7617;nao_atendido
3127602;Gouveia;31;Minas Gerais;310016;Diamantina;3103;Teófilo Otoni;-18.4519;-43.7423;nao_atendido
3128204;Guaraciaba;31;Minas Gerais;310030;Ponte Nova;3106;Juíz de Fora;-20.5716;-43.0094;nao_atendido
3128709;Guaxupé;31;Minas Gerais;310044;Guaxupé;3108;Varginha;-21.305;-46.7081;nao_atendido
3129301;Iapu;31;Minas Gerais;310024;Ipatinga;3105;Ipatinga;-19.4387;-42.2147;nao_atendido
3131505;Ipuiúna;31;Minas Gerais;310050;Pouso Alegre;3109;Pouso Alegre;-22.1013;-46.1915;nao_atendido
3131901;Itabirito;31;Minas Gerais;310003;Santa Bárbara - Ouro Preto;3101;Belo Horizonte;-20.2501;-43.8038;nao_atendido
3132701;Itambacuri;31;Minas Gerais;310013;Teófilo Otoni;3103;Teófilo Otoni;-18.035;-41.683;nao_atendido
3133006;Itamonte;31;Minas Gerais;310053;São Lourenço;3109;Pouso Alegre;-22.2859;-44.868;nao_atendido
3133402;Itapagipe;31;Minas Gerais;310057;Frutal;3110;Uberaba;-19.9062;-49.3781;nao_atendido
3135001;Jaguaraçu;31;Minas Gerais;310024;Ipatinga;3105;Ipatinga;-19.647;-42.7498;nao_atendido
3135803;Jequitinhonha;31;Minas Gerais;310015;Almenara;3103;Teófilo Otoni;-16.4375;-41.0117;nao_atendido
3136009;Joaíma;31;Minas Gerais;310015;Almenara;3103;Teófilo Otoni;-16.6522;-41.0229;nao_atendido
3136504;Jordânia;31;Minas Gerais;310015;Almenara;3103;Teófilo Otoni;-15.9009;-40.1841;nao_atendido
3136207;João Monlevade;31;Minas Gerais;310026;João Monlevade;3105;Ipatinga;-19.8126;-43.1735;nao_atendido
3136900;Juruaia;31;Minas Gerais;310044;Guaxupé;3108;Varginha;-21.2493;-46.5735;nao_atendido
3138500;Liberdade;31;Minas Gerais;310027;Juiz de Fora;3106;Juíz de Fora;-22.0275;-44.3208;nao_atendido
3138906;Machacalis;31;Minas Gerais;310019;Águas Formosas;3103;Teófilo Otoni;-17.0723;-40.7245;nao_atendido
3139102;Madre de Deus de Minas;31;Minas Gerais;310039;São João del Rei;3107;Barbacena;-21.483;-44.3287;nao_atendido
3139201;Malacacheta;31;Minas Gerais;310013;Teófilo Otoni;3103;Teófilo Otoni;-17.8456;-42.0769;nao_atendido
3139508;Manhumirim;31;Minas Gerais;310028;Manhuaçu;3106;Juíz de Fora;-20.3591;-41.9589;nao_atendido
3139805;Mar de Espanha;31;Minas Gerais;310035;São João Nepomuceno - Bicas;3106;Juíz de Fora;-21.8707;-43.0062;nao_atendido
3140530;Martins Soares;31;Minas Gerais;310028;Manhuaçu;3106;Juíz de Fora;-20.2546;-41.8786;nao_atendido
3141108;Matozinhos;31;Minas Gerais;310002;Sete Lagoas;3101;Belo Horizonte;-19.5543;-44.0868;nao_atendido
3141405;Medina;31;Minas Gerais;310018;Pedra Azul;3103;Teófilo Otoni;-16.2245;-41.4728;nao_atendido
3142304;Moeda;31;Minas Gerais;310001;Belo Horizonte;3101;Belo Horizonte;-20.3399;-44.0509;nao_atendido
3142908;Monte Azul;31;Minas Gerais;310012;Espinosa;3102;Montes Claros;-15.1514;-42.8718;nao_atendido
3143450;Montezuma;31;Minas Gerais;310012;Espinosa;3102;Montes Claros;-15.1702;-42.4941;nao_atendido
3144102;Muzambinho;31;Minas Gerais;310044;Guaxupé;3108;Varginha;-21.3692;-46.5213;nao_atendido
3144508;Nazareno;31;Minas Gerais;310039;São João del Rei;3107;Barbacena;-21.2168;-44.6138;nao_atendido
3145000;Nova Ponte;31;Minas Gerais;310055;Uberaba;3110;Uberaba;-19.1461;-47.6779;nao_atendido
3146909;Papagaios;31;Minas Gerais;310068;Pará de Minas;3113;Divinópolis;-19.4419;-44.7468;nao_atendido
3149150;Pedras de Maria da Cruz;31;Minas Gerais;310009;Januária;3102;Montes Claros;-15.6032;-44.391;nao_atendido
3149200;Pedrinópolis;31;Minas Gerais;310056;Araxá;3110;Uberaba;-19.2241;-47.4579;nao_atendido
3149309;Pedro Leopoldo;31;Minas Gerais;310001;Belo Horizonte;3101;Belo Horizonte;-19.6308;-44.0383;nao_atendido
3149952;Periquito;31;Minas Gerais;310024;Ipatinga;3105;Ipatinga;-19.1573;-42.2333;nao_atendido
3150307;Piedade do Rio Grande;31;Minas Gerais;310039;São João del Rei;3107;Barbacena;-21.469;-44.1938;nao_atendido
3150901;Piranguçu;31;Minas Gerais;310052;Itajubá;3109;Pouso Alegre;-22.5249;-45.4945;nao_atendido
3151107;Pirapetinga;31;Minas Gerais;310036;Além Paraíba;3106;Juíz de Fora;-21.6554;-42.3434;nao_atendido
3151404;Pitangui;31;Minas Gerais;310065;Divinópolis;3113;Divinópolis;-19.6741;-44.8964;nao_atendido
3152303;Porto Firme;31;Minas Gerais;310033;Viçosa;3106;Juíz de Fora;-20.6642;-43.0834;nao_atendido
3151701;Poço Fundo;31;Minas Gerais;310042;Alfenas;3108;Varginha;-21.78;-45.9658;nao_atendido
3153608;Prudente de Morais;31;Minas Gerais;310002;Sete Lagoas;3101;Belo Horizonte;-19.4742;-44.1591;nao_atendido
3154408;Ressaquinha;31;Minas Gerais;310037;Barbacena;3107;Barbacena;-21.0642;-43.7598;nao_atendido
3154903;Rio Casca;31;Minas Gerais;310030;Ponte Nova;3106;Juíz de Fora;-20.2285;-42.6462;nao_atendido
3155405;Rio Novo;31;Minas Gerais;310027;Juiz de Fora;3106;Juíz de Fora;-21.4649;-43.1168;nao_atendido
3156007;Rio Vermelho;31;Minas Gerais;310021;Guanhães;3104;Governador Valadares;-18.2922;-43.0018;nao_atendido
3156908;Sacramento;31;Minas Gerais;310055;Uberaba;3110;Uberaba;-19.8622;-47.4508;nao_atendido
3157005;Salinas;31;Minas Gerais;310008;Salinas;3102;Montes Claros;-16.1753;-42.2964;nao_atendido
3157203;Santa Bárbara;31;Minas Gerais;310003;Santa Bárbara - Ouro Preto;3101;Belo Horizonte;-19.9604;-43.4101;nao_atendido
3157336;Santa Cruz de Minas;31;Minas Gerais;310039;São João del Rei;3107;Barbacena;-21.1241;-44.2202;nao_atendido
3158102;Santa Maria do Salto;31;Minas Gerais;310015;Almenara;3103;Teófilo Otoni;-16.2479;-40.1512;nao_atendido
3159407;Santa Rita de Ibitipoca;31;Minas Gerais;310037;Barbacena;3107;Barbacena;-21.5658;-43.9163;nao_atendido
3159803;Santa Vitória;31;Minas Gerais;310060;Ituiutaba;3111;Uberlândia;-18.8414;-50.1208;nao_atendido
3158805;Santana do Jacaré;31;Minas Gerais;310048;Campo Belo;3108;Varginha;-20.9007;-45.1285;nao_atendido
3160108;Santo Antônio do Grama;31;Minas Gerais;310030;Ponte Nova;3106;Juíz de Fora;-20.3185;-42.6047;nao_atendido
3160405;Santo Antônio do Monte;31;Minas Gerais;310065;Divinópolis;3113;Divinópolis;-20.085;-45.2947;nao_atendido
3160504;Santo Antônio do Rio Abaixo;31;Minas Gerais;310005;Itabira;3101;Belo Horizonte;-19.2374;-43.2604;nao_atendido
3160603;Santo Hipólito;31;Minas Gerais;310004;Curvelo;3101;Belo Horizonte;-18.2968;-44.2229;nao_atendido
3165537;Sarzedo;31;Minas Gerais;310001;Belo Horizonte;3101;Belo Horizonte;-20.0367;-44.1446;nao_atendido
3165602;Senador Cortes;31;Minas Gerais;310035;São João Nepomuceno - Bicas;3106;Juíz de Fora;-21.7986;-42.9424;nao_atendido
3167707;Sobrália;31;Minas Gerais;310020;Governador Valadares;3104;Governador Valadares;-19.2345;-42.0998;nao_atendido
3161700;São Gonçalo do Abaeté;31;Minas Gerais;310062;Patos de Minas;3112;Patos de Minas;-18.3315;-45.8265;nao_atendido
3161908;São Gonçalo do Rio Abaixo;31;Minas Gerais;310026;João Monlevade;3105;Ipatinga;-19.8221;-43.366;nao_atendido
3162955;São José da Lapa;31;Minas Gerais;310001;Belo Horizonte;3101;Belo Horizonte;-19.6971;-43.9586;nao_atendido
3163409;São José do Goiabal;31;Minas Gerais;310024;Ipatinga;3105;Ipatinga;-19.9214;-42.7035;nao_atendido
3163904;São Pedro da União;31;Minas Gerais;310044;Guaxupé;3108;Varginha;-21.131;-46.6123;nao_atendido
3165305;São Vicente de Minas;31;Minas Gerais;310039;São João del Rei;3107;Barbacena;-21.7042;-44.4431;nao_atendido
3168606;Teófilo Otoni;31;Minas Gerais;310013;Teófilo Otoni;3103;Teófilo Otoni;-17.8595;-41.5087;nao_atendido
3169703;Turmalina;31;Minas Gerais;310014;Capelinha;3103;Teófilo Otoni;-17.2828;-42.7285;nao_atendido
3170057;Ubaporanga;31;Minas Gerais;310025;Caratinga;3105;Ipatinga;-19.6351;-42.1059;nao_atendido
3170479;Uruana de Minas;31;Minas Gerais;310063;Unaí;3112;Patos de Minas;-16.0634;-46.2443;nao_atendido
3170529;Urucuia;31;Minas Gerais;310063;Unaí;3112;Patos de Minas;-16.1244;-45.7352;nao_atendido
3170651;Vargem Grande do Rio Pardo;31;Minas Gerais;310008;Salinas;3102;Montes Claros;-15.3987;-42.3085;nao_atendido
3171006;Vazante;31;Minas Gerais;310062;Patos de Minas;3112;Patos de Minas;-17.9827;-46.9088;nao_atendido
3171105;Veríssimo;31;Minas Gerais;310055;Uberaba;3110;Uberaba;-19.6657;-48.3118;nao_atendido
3171204;Vespasiano;31;Minas Gerais;310001;Belo Horizonte;3101;Belo Horizonte;-19.6883;-43.9239;nao_atendido
3171303;Viçosa;31;Minas Gerais;310033;Viçosa;3106;Juíz de Fora;-20.7559;-42.8742;nao_atendido
3170800;Várzea da Palma;31;Minas Gerais;310010;Pirapora;3102;Montes Claros;-17.5944;-44.7226;nao_atendido
3200102;Afonso Cláudio;32;Espírito Santo;320002;Afonso Cláudio - Venda Nova do Imigrante - Santa Maria de Jetibá;3201;Vitória;-20.0778;-41.1261;nao_atendido
3200201;Alegre;32;Espírito Santo;320008;Alegre;3204;Cachoeiro do Itapemirim;-20.758;-41.5382;nao_atendido
3200359;Alto Rio Novo;32;Espírito Santo;320005;Colatina;3203;Colatina;-19.0618;-41.0209;nao_atendido
3200805;Baixo Guandu;32;Espírito Santo;320005;Colatina;3203;Colatina;-19.5213;-41.0109;nao_atendido
3201209;Cachoeiro de Itapemirim;32;Espírito Santo;320007;Cachoeiro de Itapemirim;3204;Cachoeiro do Itapemirim;-20.8462;-41.1198;nao_atendido
3201803;Divino de São Lourenço;32;Espírito Santo;320008;Alegre;3204;Cachoeiro do Itapemirim;-20.6229;-41.6937;nao_atendido
3202454;Ibatiba;32;Espírito Santo;320008;Alegre;3204;Cachoeiro do Itapemirim;-20.2347;-41.5087;nao_atendido
3203056;Jaguaré;32;Espírito Santo;320003;São Mateus;3202;São Mateus;-18.907;-40.0759;nao_atendido
3203809;Muqui;32;Espírito Santo;320007;Cachoeiro de Itapemirim;3204;Cachoeiro do Itapemirim;-20.9509;-41.346;nao_atendido
3204054;Pedro Canário;32;Espírito Santo;320003;São Mateus;3202;São Mateus;-18.3004;-39.9574;nao_atendido
3205010;Sooretama;32;Espírito Santo;320004;Linhares;3202;São Mateus;-19.1897;-40.0974;nao_atendido
3200169;Água Doce do Norte;32;Espírito Santo;320006;Nova Venécia;3203;Colatina;-18.5482;-40.9854;nao_atendido
3300803;Cachoeiras de Macacu;33;Rio de Janeiro;330003;Rio Bonito;3301;Rio de Janeiro;-22.4658;-42.6523;nao_atendido
3300936;Carapebus;33;Rio de Janeiro;330014;Macaé - Rio das Ostras;3305;Macaé - Rio das Ostras - Cabo Frio;-22.1821;-41.663;nao_atendido
3301306;Casimiro de Abreu;33;Rio de Janeiro;330014;Macaé - Rio das Ostras;3305;Macaé - Rio das Ostras - Cabo Frio;-22.4812;-42.2066;nao_atendido
3302452;Macuco;33;Rio de Janeiro;330008;Nova Friburgo;3303;Petrópolis;-21.9813;-42.2533;nao_atendido
3304102;Porciúncula;33;Rio de Janeiro;330011;Itaperuna;3304;Campos dos Goytacazes;-20.9632;-42.0465;nao_atendido
3304409;Rio Claro;33;Rio de Janeiro;330004;Volta Redonda - Barra Mansa;3302;Volta Redonda - Barra Mansa;-22.72;-44.1419;nao_atendido
3305505;Saquarema;33;Rio de Janeiro;330001;Rio de Janeiro;3301;Rio de Janeiro;-22.9292;-42.5099;nao_atendido
3305000;São João da Barra;33;Rio de Janeiro;330010;Campos dos Goytacazes;3304;Campos dos Goytacazes;-21.638;-41.0446;nao_atendido
3501905;Amparo;35;São Paulo;350048;Amparo;3510;Campinas;-22.7088;-46.772;nao_atendido
3503604;Areiópolis;35;São Paulo;350011;Botucatu;3503;Bauru;-22.6672;-48.6681;nao_atendido
3503901;Arujá;35;São Paulo;350001;São Paulo;3501;São Paulo;-23.3965;-46.32;nao_atendido
3504107;Atibaia;35;São Paulo;350041;Bragança Paulista;3510;Campinas;-23.1171;-46.5563;nao_atendido
3505351;Barra do Chapéu;35;São Paulo;350004;Itapeva;3502;Sorocaba;-24.4722;-49.0238;nao_atendido
3506003;Bauru;35;São Paulo;350009;Bauru;3503;Bauru;-22.3246;-49.0871;nao_atendido
3506102;Bebedouro;35;São Paulo;350032;Barretos;3508;Ribeirão Preto;-20.9491;-48.4791;nao_atendido
3506201;Bento de Abreu;35;São Paulo;350022;Araçatuba;3506;Araçatuba;-21.2686;-50.814;nao_atendido
3506607;Biritiba Mirim;35;São Paulo;350001;São Paulo;3501;São Paulo;-23.5698;-46.0407;nao_atendido
3508009;Buri;35;São Paulo;350004;Itapeva;3502;Sorocaba;-23.7977;-48.5958;nao_atendido
3508702;Caconde;35;São Paulo;350047;São José do Rio Pardo - Mococa;3510;Campinas;-21.528;-46.6437;nao_atendido
3510708;Cardoso;35;São Paulo;350027;Votuporanga;3507;São José do Rio Preto;-20.08;-49.9183;nao_atendido
3512209;Conchal;35;São Paulo;350045;Araras;3510;Campinas;-22.3375;-47.1729;nao_atendido
3512605;Coronel Macedo;35;São Paulo;350007;Avaré;3502;Sorocaba;-23.6261;-49.31;nao_atendido
3512704;Corumbataí;35;São Paulo;350046;Rio Claro;3510;Campinas;-22.2213;-47.6215;nao_atendido
3514106;Dois Córregos;35;São Paulo;350010;Jaú;3503;Bauru;-22.3673;-48.3819;nao_atendido
3515186;Espírito Santo do Pinhal;35;São Paulo;350044;São João da Boa Vista;3510;Campinas;-22.1909;-46.7477;nao_atendido
3515905;Floreal;35;São Paulo;350027;Votuporanga;3507;São José do Rio Preto;-20.6752;-50.1513;nao_atendido
3516101;Florínea;35;São Paulo;350014;Assis;3504;Marília;-22.868;-50.6814;nao_atendido
3516002;Flórida Paulista;35;São Paulo;350019;Adamantina - Lucélia;3505;Presidente Prudente;-21.6127;-51.1724;nao_atendido
3516309;Francisco Morato;35;São Paulo;350001;São Paulo;3501;São Paulo;-23.2792;-46.7448;nao_atendido
3516408;Franco da Rocha;35;São Paulo;350001;São Paulo;3501;São Paulo;-23.3229;-46.729;nao_atendido
3516903;General Salgado;35;São Paulo;350022;Araçatuba;3506;Araçatuba;-20.6485;-50.364;nao_atendido
3517109;Glicério;35;São Paulo;350023;Birigui - Penápolis;3506;Araçatuba;-21.3812;-50.2123;nao_atendido
3518800;Guarulhos;35;São Paulo;350001;São Paulo;3501;São Paulo;-23.4538;-46.5333;nao_atendido
3517406;Guaíra;35;São Paulo;350032;Barretos;3508;Ribeirão Preto;-20.3196;-48.312;nao_atendido
3519709;Ibiúna;35;São Paulo;350003;Sorocaba;3502;Sorocaba;-23.6596;-47.223;nao_atendido
3520509;Indaiatuba;35;São Paulo;350038;Campinas;3510;Campinas;-23.0816;-47.2101;nao_atendido
3520608;Indiana;35;São Paulo;350018;Presidente Prudente;3505;Presidente Prudente;-22.1738;-51.2555;nao_atendido
3520905;Ipaussu;35;São Paulo;350015;Ourinhos;3504;Marília;-23.0575;-49.6279;nao_atendido
3523107;Itaquaquecetuba;35;São Paulo;350001;São Paulo;3501;São Paulo;-23.4835;-46.3457;nao_atendido
3524303;Jaboticabal;35;São Paulo;350031;Ribeirão Preto;3508;Ribeirão Preto;-21.252;-48.3252;nao_atendido
3524402;Jacareí;35;São Paulo;350049;São José dos Campos;3511;São José dos Campos;-23.2983;-45.9658;nao_atendido
3525102;Jardinópolis;35;São Paulo;350031;Ribeirão Preto;3508;Ribeirão Preto;-21.0176;-47.7606;nao_atendido
3525300;Jaú;35;São Paulo;350010;Jaú;3503;Bauru;-22.2936;-48.5592;nao_atendido
3525409;Jeriquara;35;São Paulo;350033;Franca;3508;Ribeirão Preto;-20.3116;-47.5918;nao_atendido
3526001;Junqueirópolis;35;São Paulo;350020;Dracena;3505;Presidente Prudente;-21.5103;-51.4342;nao_atendido
3526605;Lavrinhas;35;São Paulo;350053;Cruzeiro;3511;São José dos Campos;-22.57;-44.9024;nao_atendido
3526506;Lavínia;35;São Paulo;350024;Andradina;3506;Araçatuba;-21.1639;-51.0412;nao_atendido
3526704;Leme;35;São Paulo;350045;Araras;3510;Campinas;-22.1809;-47.3841;nao_atendido
3528403;Mairinque;35;São Paulo;350003;Sorocaba;3502;Sorocaba;-23.5398;-47.185;nao_atendido
3529005;Marília;35;São Paulo;350013;Marília;3504;Marília;-22.2171;-49.9501;nao_atendido
3531209;Monte Alegre do Sul;35;São Paulo;350048;Amparo;3510;Campinas;-22.6817;-46.681;nao_atendido
3532009;Morungaba;35;São Paulo;350039;Jundiaí;3510;Campinas;-22.8811;-46.7896;nao_atendido
3532207;Narandiba;35;São Paulo;350018;Presidente Prudente;3505;Presidente Prudente;-22.4057;-51.5274;nao_atendido
3532306;Natividade da Serra;35;São Paulo;350050;Taubaté - Pindamonhangaba;3511;São José dos Campos;-23.3707;-45.4468;nao_atendido
3532843;Nova Canaã Paulista;35;São Paulo;350030;Santa Fé do Sul;3507;São José do Rio Preto;-20.3836;-50.9483;nao_atendido
3532900;Nova Europa;35;São Paulo;350036;Araraquara;3509;Araraquara;-21.7765;-48.5705;nao_atendido
3533601;Nuporanga;35;São Paulo;350034;São Joaquim da Barra ¿ Orlândia;3508;Ribeirão Preto;-20.7296;-47.7429;nao_atendido
3534757;Ouroeste;35;São Paulo;350029;Fernandópolis;3507;São José do Rio Preto;-20.0061;-50.3768;nao_atendido
3535309;Palmital;35;São Paulo;350014;Assis;3504;Marília;-22.7858;-50.218;nao_atendido
3535408;Panorama;35;São Paulo;350020;Dracena;3505;Presidente Prudente;-21.354;-51.8562;nao_atendido
3536406;Paulicéia;35;São Paulo;350020;Dracena;3505;Presidente Prudente;-21.3153;-51.8321;nao_atendido
3536604;Paulo de Faria;35;São Paulo;350025;São José do Rio Preto;3507;São José do Rio Preto;-20.0296;-49.4;nao_atendido
3536505;Paulínia;35;São Paulo;350038;Campinas;3510;Campinas;-22.7542;-47.1488;nao_atendido
3537156;Pedrinhas Paulista;35;São Paulo;350014;Assis;3504;Marília;-22.8174;-50.7933;nao_atendido
3537602;Peruíbe;35;São Paulo;350002;Santos;3501;São Paulo;-24.312;-47.0012;nao_atendido
3538006;Pindamonhangaba;35;São Paulo;350050;Taubaté - Pindamonhangaba;3511;São José dos Campos;-22.9246;-45.4613;nao_atendido
3538907;Pirajuí;35;São Paulo;350009;Bauru;3503;Bauru;-21.999;-49.4608;nao_atendido
3540903;Pradópolis;35;São Paulo;350031;Ribeirão Preto;3508;Ribeirão Preto;-21.3626;-48.0679;nao_atendido
3542909;Ribeirão Bonito;35;São Paulo;350037;São Carlos;3509;Araraquara;-22.0685;-48.182;nao_atendido
3543808;Rinópolis;35;São Paulo;350016;Tupã;3504;Marília;-21.7284;-50.7239;nao_atendido
3544400;Rubiácea;35;São Paulo;350022;Araçatuba;3506;Araçatuba;-21.3006;-50.7296;nao_atendido
3544707;Sagres;35;São Paulo;350019;Adamantina - Lucélia;3505;Presidente Prudente;-21.8823;-50.9594;nao_atendido
3546207;Santa Cruz da Conceição;35;São Paulo;350045;Araras;3510;Campinas;-22.1405;-47.4512;nao_atendido
3548500;Santos;35;São Paulo;350002;Santos;3501;São Paulo;-23.9535;-46.335;nao_atendido
3552205;Sorocaba;35;São Paulo;350003;Sorocaba;3502;Sorocaba;-23.4969;-47.4451;nao_atendido
3552551;Suzanápolis;35;São Paulo;350028;Jales;3507;São José do Rio Preto;-20.4981;-51.0268;nao_atendido
3548708;São Bernardo do Campo;35;São Paulo;350001;São Paulo;3501;São Paulo;-23.6914;-46.5646;nao_atendido
3549003;São Francisco;35;São Paulo;350028;Jales;3507;São José do Rio Preto;-20.3623;-50.6952;nao_atendido
3550902;São Simão;35;São Paulo;350031;Ribeirão Preto;3508;Ribeirão Preto;-21.4732;-47.5518;nao_atendido
3553005;Taguaí;35;São Paulo;350007;Avaré;3502;Sorocaba;-23.4452;-49.4024;nao_atendido
3553856;Taquarivaí;35;São Paulo;350004;Itapeva;3502;Sorocaba;-23.9211;-48.6948;nao_atendido
3554409;Terra Roxa;35;São Paulo;350032;Barretos;3508;Ribeirão Preto;-20.787;-48.3314;nao_atendido
3555109;Tupi Paulista;35;São Paulo;350020;Dracena;3505;Presidente Prudente;-21.3825;-51.575;nao_atendido
4100301;Agudos do Sul;41;Paraná;410001;Curitiba;4101;Curitiba;-25.9899;-49.3343;fora_do_escopo
4101002;Ampére;41;Paraná;410009;Francisco Beltrão;4103;Cascavel;-25.9168;-53.4686;fora_do_escopo
4101507;Arapongas;41;Paraná;410021;Londrina;4105;Londrina;-23.4153;-51.4259;fora_do_escopo
4102109;Astorga;41;Paraná;410014;Maringá;4104;Maringá;-23.2318;-51.6668;fora_do_escopo
4102703;Barra do Jacaré;41;Paraná;410022;Santo Antônio da Platina;4105;Londrina;-23.116;-50.1842;fora_do_escopo
4102802;Bela Vista do Paraíso;41;Paraná;410021;Londrina;4105;Londrina;-22.9937;-51.1927;fora_do_escopo
4103057;Boa Vista da Aparecida;41;Paraná;410006;Cascavel;4103;Cascavel;-25.4308;-53.4117;fora_do_escopo
4104303;Campo Mourão;41;Paraná;410015;Campo Mourão;4104;Maringá;-24.0463;-52.378;fora_do_escopo
4104451;Cantagalo;41;Paraná;410004;Guarapuava;4102;Guarapuava;-25.3734;-52.1198;fora_do_escopo
4104709;Carlópolis;41;Paraná;410022;Santo Antônio da Platina;4105;Londrina;-23.4269;-49.7235;fora_do_escopo
4106001;Congonhinhas;41;Paraná;410024;Cornélio Procópio ¿ Bandeirantes;4105;Londrina;-23.5493;-50.5569;fora_do_escopo
4106209;Contenda;41;Paraná;410001;Curitiba;4101;Curitiba;-25.6788;-49.535;fora_do_escopo
4106605;Cruzeiro do Oeste;41;Paraná;410016;Umuarama;4104;Maringá;-23.7799;-53.0774;fora_do_escopo
4107157;Diamante D'Oeste;41;Paraná;410006;Cascavel;4103;Cascavel;-24.9419;-54.1052;fora_do_escopo
4107256;Douradina;41;Paraná;410016;Umuarama;4104;Maringá;-23.3807;-53.2918;fora_do_escopo
4107900;Floresta;41;Paraná;410014;Maringá;4104;Maringá;-23.6031;-52.0807;fora_do_escopo
4108106;Flórida;41;Paraná;410014;Maringá;4104;Maringá;-23.0847;-51.9546;fora_do_escopo
4108320;Francisco Alves;41;Paraná;410016;Umuarama;4104;Maringá;-24.0667;-53.8461;fora_do_escopo
4107702;Fênix;41;Paraná;410015;Campo Mourão;4104;Maringá;-23.9135;-51.9805;fora_do_escopo
4108650;Goioxim;41;Paraná;410004;Guarapuava;4102;Guarapuava;-25.1927;-51.9911;fora_do_escopo
4109500;Guaraqueçaba;41;Paraná;410002;Paranaguá;4101;Curitiba;-25.3071;-48.3204;fora_do_escopo
4110102;Imbituva;41;Paraná;410029;Irati;4106;Ponta Grossa;-25.2285;-50.5989;fora_do_escopo
4110607;Iporã;41;Paraná;410016;Umuarama;4104;Maringá;-24.0083;-53.706;fora_do_escopo
4111001;Itambaracá;41;Paraná;410024;Cornélio Procópio ¿ Bandeirantes;4105;Londrina;-23.0181;-50.4097;fora_do_escopo
4111308;Itaúna do Sul;41;Paraná;410017;Paranavaí;4104;Maringá;-22.7289;-52.8874;fora_do_escopo
4112702;Jataizinho;41;Paraná;410021;Londrina;4105;Londrina;-23.2578;-50.9777;fora_do_escopo
4113759;Lunardelli;41;Paraná;410025;Ivaiporã;4105;Londrina;-24.0821;-51.7368;fora_do_escopo
4114351;Manfrinópolis;41;Paraná;410009;Francisco Beltrão;4103;Cascavel;-26.1441;-53.3113;fora_do_escopo
4115754;Mauá da Serra;41;Paraná;410023;Apucarana;4105;Londrina;-23.8988;-51.2277;fora_do_escopo
4115853;Mercedes;41;Paraná;410013;Marechal Cândido Rondon;4103;Cascavel;-24.4538;-54.1618;fora_do_escopo
4116703;Nova Aurora;41;Paraná;410006;Cascavel;4103;Cascavel;-24.5289;-53.2575;fora_do_escopo
4116802;Nova Cantu;41;Paraná;410015;Campo Mourão;4104;Maringá;-24.6723;-52.5661;fora_do_escopo
4116950;Nova Esperança do Sudoeste;41;Paraná;410009;Francisco Beltrão;4103;Cascavel;-25.9004;-53.2618;fora_do_escopo
4117008;Nova Fátima;41;Paraná;410024;Cornélio Procópio ¿ Bandeirantes;4105;Londrina;-23.4324;-50.5665;fora_do_escopo
4117453;Ouro Verde do Oeste;41;Paraná;410008;Toledo;4103;Cascavel;-24.7933;-53.9043;fora_do_escopo
4118204;Paranaguá;41;Paraná;410002;Paranaguá;4101;Curitiba;-25.5161;-48.5225;fora_do_escopo
4120804;Quatro Barras;41;Paraná;410001;Curitiba;4101;Curitiba;-25.3673;-49.0763;fora_do_escopo
4121307;Rancho Alegre;41;Paraná;410024;Cornélio Procópio ¿ Bandeirantes;4105;Londrina;-23.0676;-50.9145;fora_do_escopo
4121505;Rebouças;41;Paraná;410029;Irati;4106;Ponta Grossa;-25.6232;-50.6877;fora_do_escopo
4121604;Renascença;41;Paraná;410009;Francisco Beltrão;4103;Cascavel;-26.1588;-52.9703;fora_do_escopo
4122107;Rio Bom;41;Paraná;410023;Apucarana;4105;Londrina;-23.7606;-51.4122;fora_do_escopo
4122305;Rio Negro;41;Paraná;410001;Curitiba;4101;Curitiba;-26.095;-49.7982;fora_do_escopo
4122651;Rosário do Ivaí;41;Paraná;410025;Ivaiporã;4105;Londrina;-24.2682;-51.272;fora_do_escopo
4122800;Salgado Filho;41;Paraná;410009;Francisco Beltrão;4103;Cascavel;-26.1777;-53.3631;fora_do_escopo
4122909;Salto do Itararé;41;Paraná;410022;Santo Antônio da Platina;4105;Londrina;-23.6074;-49.6354;fora_do_escopo
4123204;Santa Cecília do Pavão;41;Paraná;410024;Cornélio Procópio ¿ Bandeirantes;4105;Londrina;-23.5201;-50.7835;fora_do_escopo
4123303;Santa Cruz de Monte Castelo;41;Paraná;410020;Loanda;4104;Maringá;-22.9582;-53.2949;fora_do_escopo
4123709;Santa Isabel do Ivaí;41;Paraná;410020;Loanda;4104;Maringá;-23.0025;-53.1989;fora_do_escopo
4126272;Saudade do Iguaçu;41;Paraná;410010;Pato Branco;4103;Cascavel;-25.6917;-52.6184;fora_do_escopo
4125407;São José da Boa Vista;41;Paraná;410022;Santo Antônio da Platina;4105;Londrina;-23.9122;-49.6577;fora_do_escopo
4125456;São José das Palmeiras;41;Paraná;410008;Toledo;4103;Cascavel;-24.8369;-54.0572;fora_do_escopo
4125001;São João do Ivaí;41;Paraná;410025;Ivaiporã;4105;Londrina;-23.9833;-51.8215;fora_do_escopo
4125605;São Mateus do Sul;41;Paraná;410003;União da Vitória;4101;Curitiba;-25.8677;-50.384;fora_do_escopo
4126009;São Sebastião da Amoreira;41;Paraná;410024;Cornélio Procópio ¿ Bandeirantes;4105;Londrina;-23.4656;-50.7625;fora_do_escopo
4126702;Tamboara;41;Paraná;410017;Paranavaí;4104;Maringá;-23.2036;-52.4743;fora_do_escopo
4127502;Tibagi;41;Paraná;410028;Telêmaco Borba;4106;Ponta Grossa;-24.5153;-50.4176;fora_do_escopo
4127908;Tuneiras do Oeste;41;Paraná;410018;Cianorte;4104;Maringá;-23.8648;-52.8769;fora_do_escopo
4128302;Uniflor;41;Paraná;410014;Maringá;4104;Maringá;-23.0868;-52.1573;fora_do_escopo
4128203;União da Vitória;41;Paraná;410003;União da Vitória;4101;Curitiba;-26.2273;-51.0873;fora_do_escopo
4201257;Apiúna;42;Santa Catarina;420019;Blumenau;4207;Blumenau;-27.0375;-49.3885;fora_do_escopo
4201901;Aurora;42;Santa Catarina;420022;Rio do Sul;4207;Blumenau;-27.3098;-49.6295;fora_do_escopo
4202008;Balneário Camboriú;42;Santa Catarina;420020;Itajaí;4207;Blumenau;-26.9926;-48.6352;fora_do_escopo
4202859;Braço do Trombudo;42;Santa Catarina;420022;Rio do Sul;4207;Blumenau;-27.3586;-49.8821;fora_do_escopo
4202909;Brusque;42;Santa Catarina;420021;Brusque;4207;Blumenau;-27.0977;-48.9107;fora_do_escopo
4203402;Campo Belo do Sul;42;Santa Catarina;420005;Lages;4203;Lages;-27.8975;-50.7595;fora_do_escopo
4204251;Cocal do Sul;42;Santa Catarina;420002;Criciúma;4202;Criciúma;-28.5986;-49.3335;fora_do_escopo
4204459;Coronel Martins;42;Santa Catarina;420011;Xanxerê;4204;Chapecó;-26.511;-52.6694;fora_do_escopo
4205407;Florianópolis;42;Santa Catarina;420001;Florianópolis;4201;Florianópolis;-27.5945;-48.5477;fora_do_escopo
4205456;Forquilhinha;42;Santa Catarina;420002;Criciúma;4202;Criciúma;-28.7454;-49.4785;fora_do_escopo
4206009;Governador Celso Ramos;42;Santa Catarina;420001;Florianópolis;4201;Florianópolis;-27.3172;-48.5576;fora_do_escopo
4206306;Guabiruba;42;Santa Catarina;420021;Brusque;4207;Blumenau;-27.0808;-48.9804;fora_do_escopo
4207502;Indaial;42;Santa Catarina;420019;Blumenau;4207;Blumenau;-26.8992;-49.2354;fora_do_escopo
4207684;Ipuaçu;42;Santa Catarina;420011;Xanxerê;4204;Chapecó;-26.635;-52.4556;fora_do_escopo
4208401;Itapiranga;42;Santa Catarina;420009;São Miguel do Oeste;4204;Chapecó;-27.1659;-53.7166;fora_do_escopo
4208500;Ituporanga;42;Santa Catarina;420024;Ituporanga;4207;Blumenau;-27.4101;-49.5963;fora_do_escopo
4208005;Itá;42;Santa Catarina;420010;Concórdia;4204;Chapecó;-27.2907;-52.3212;fora_do_escopo
4208906;Jaraguá do Sul;42;Santa Catarina;420016;Joinville;4206;Joinville;-26.4851;-49.0713;fora_do_escopo
4209300;Lages;42;Santa Catarina;420005;Lages;4203;Lages;-27.815;-50.3259;fora_do_escopo
4209409;Laguna;42;Santa Catarina;420003;Tubarão;4202;Criciúma;-28.4843;-48.7772;fora_do_escopo
4209508;Laurentino;42;Santa Catarina;420022;Rio do Sul;4207;Blumenau;-27.2173;-49.7331;fora_do_escopo
4209706;Lebon Régis;42;Santa Catarina;420014;Caçador;4205;Caçador;-26.928;-50.6921;fora_do_escopo
4209805;Leoberto Leal;42;Santa Catarina;420024;Ituporanga;4207;Blumenau;-27.5081;-49.2789;fora_do_escopo
4210001;Luiz Alves;42;Santa Catarina;420020;Itajaí;4207;Blumenau;-26.7151;-48.9322;fora_do_escopo
4210035;Luzerna;42;Santa Catarina;420008;Joaçaba - Herval d'Oeste;4204;Chapecó;-27.1304;-51.4682;fora_do_escopo
4210852;Mirim Doce;42;Santa Catarina;420022;Rio do Sul;4207;Blumenau;-27.197;-50.0786;fora_do_escopo
4212205;Papanduva;42;Santa Catarina;420017;Mafra;4206;Joinville;-26.3777;-50.1419;fora_do_escopo
4212239;Paraíso;42;Santa Catarina;420009;São Miguel do Oeste;4204;Chapecó;-26.62;-53.6716;fora_do_escopo
4214607;Rio do Oeste;42;Santa Catarina;420022;Rio do Sul;4207;Blumenau;-27.1952;-49.7989;fora_do_escopo
4215307;Salete;42;Santa Catarina;420022;Rio do Sul;4207;Blumenau;-26.9798;-49.9988;fora_do_escopo
4215802;São Bento do Sul;42;Santa Catarina;420018;São Bento do Sul - Rio Negrinho;4206;Joinville;-26.2495;-49.3831;fora_do_escopo
4215752;São Bernardino;42;Santa Catarina;420013;São Lourenço do Oeste;4204;Chapecó;-26.4739;-52.9687;fora_do_escopo
4216305;São João Batista;42;Santa Catarina;420021;Brusque;4207;Blumenau;-27.2772;-48.8474;fora_do_escopo
4216354;São João do Itaperiú;42;Santa Catarina;420016;Joinville;4206;Joinville;-26.6213;-48.7683;fora_do_escopo
4217204;São Miguel do Oeste;42;Santa Catarina;420009;São Miguel do Oeste;4204;Chapecó;-26.7242;-53.5163;fora_do_escopo
4217808;Taió;42;Santa Catarina;420022;Rio do Sul;4207;Blumenau;-27.121;-49.9942;fora_do_escopo
4218400;Treze de Maio;42;Santa Catarina;420003;Tubarão;4202;Criciúma;-28.5537;-49.1565;fora_do_escopo
4218905;Urubici;42;Santa Catarina;420005;Lages;4203;Lages;-28.0157;-49.5925;fora_do_escopo
4218954;Urupema;42;Santa Catarina;420005;Lages;4203;Lages;-27.9557;-49.8729;fora_do_escopo
4219507;Xanxerê;42;Santa Catarina;420011;Xanxerê;4204;Chapecó;-26.8747;-52.4036;fora_do_escopo
4301909;Barra do Ribeiro;43;Rio Grande do Sul;430001;Porto Alegre;4301;Porto Alegre;-30.2939;-51.3014;fora_do_escopo
4301800;Barracão;43;Rio Grande do Sul;430033;Lagoa Vermelha;4306;Passo Fundo;-27.6739;-51.4585;fora_do_escopo
4301651;Barão;43;Rio Grande do Sul;430037;Bento Gonçalves;4307;Caxias do Sul;-29.3725;-51.4949;fora_do_escopo
4302204;Boa Vista do Buricá;43;Rio Grande do Sul;430023;Três de Maio;4305;Ijuí;-27.6693;-54.1082;fora_do_escopo
4302501;Bossoroca;43;Rio Grande do Sul;430022;São Luiz Gonzaga;4305;Ijuí;-28.7291;-54.9035;fora_do_escopo
4303509;Camaquã;43;Rio Grande do Sul;430005;Camaquã;4301;Porto Alegre;-30.8489;-51.8043;fora_do_escopo
4304507;Canguçu;43;Rio Grande do Sul;430009;Pelotas;4302;Pelotas;-31.396;-52.6783;fora_do_escopo
4304697;Capitão;43;Rio Grande do Sul;430041;Lajeado;4308;Santa Cruz do Sul - Lajeado;-29.2674;-51.9853;fora_do_escopo
4305447;Chuvisca;43;Rio Grande do Sul;430005;Camaquã;4301;Porto Alegre;-30.7504;-51.9737;fora_do_escopo
4305439;Chuí;43;Rio Grande do Sul;430009;Pelotas;4302;Pelotas;-33.6866;-53.4594;fora_do_escopo
4306205;Cruzeiro do Sul;43;Rio Grande do Sul;430041;Lajeado;4308;Santa Cruz do Sul - Lajeado;-29.5148;-51.9928;fora_do_escopo
4306320;Derrubadas;43;Rio Grande do Sul;430021;Três Passos;4305;Ijuí;-27.2642;-53.8645;fora_do_escopo
4306759;Doutor Ricardo;43;Rio Grande do Sul;430043;Encantado;4308;Santa Cruz do Sul - Lajeado;-29.084;-51.9972;fora_do_escopo
4307609;Estância Velha;43;Rio Grande do Sul;430002;Novo Hamburgo - São Leopoldo;4301;Porto Alegre;-29.6535;-51.1843;fora_do_escopo
4308201;Flores da Cunha;43;Rio Grande do Sul;430036;Caxias do Sul;4307;Caxias do Sul;-29.0261;-51.1875;fora_do_escopo
4308250;Floriano Peixoto;43;Rio Grande do Sul;430026;Erechim;4306;Passo Fundo;-27.8614;-52.0838;fora_do_escopo
4308433;Forquetinha;43;Rio Grande do Sul;430041;Lajeado;4308;Santa Cruz do Sul - Lajeado;-29.3828;-52.0981;fora_do_escopo
4308656;Garruchos;43;Rio Grande do Sul;430022;São Luiz Gonzaga;4305;Ijuí;-28.1944;-55.6383;fora_do_escopo
4308904;Getúlio Vargas;43;Rio Grande do Sul;430026;Erechim;4306;Passo Fundo;-27.8911;-52.2294;fora_do_escopo
4309407;Guaporé;43;Rio Grande do Sul;430038;Nova Prata - Guaporé;4307;Caxias do Sul;-28.8399;-51.8895;fora_do_escopo
4310504;Iraí;43;Rio Grande do Sul;430029;Frederico Westphalen;4306;Passo Fundo;-27.1951;-53.2543;fora_do_escopo
4310652;Itati;43;Rio Grande do Sul;430003;Tramandaí - Osório;4301;Porto Alegre;-29.4974;-50.1016;fora_do_escopo
4311007;Jaguarão;43;Rio Grande do Sul;430009;Pelotas;4302;Pelotas;-32.5604;-53.377;fora_do_escopo
4311718;Maçambará;43;Rio Grande do Sul;430017;São Borja;4304;Uruguaiana;-29.1445;-56.0674;fora_do_escopo
4312427;Mormaço;43;Rio Grande do Sul;430031;Soledade;4306;Passo Fundo;-28.6968;-52.6999;fora_do_escopo
4312955;Nova Boa Vista;43;Rio Grande do Sul;430028;Carazinho;4306;Passo Fundo;-27.9926;-52.9784;fora_do_escopo
4313490;Novo Barreiro;43;Rio Grande do Sul;430034;Palmeira das Missões;4306;Passo Fundo;-27.9077;-53.1103;fora_do_escopo
4313409;Novo Hamburgo;43;Rio Grande do Sul;430002;Novo Hamburgo - São Leopoldo;4301;Porto Alegre;-29.6875;-51.1328;fora_do_escopo
4313441;Novo Tiradentes;43;Rio Grande do Sul;430029;Frederico Westphalen;4306;Passo Fundo;-27.5649;-53.1837;fora_do_escopo
4314548;Pinto Bandeira;43;Rio Grande do Sul;430037;Bento Gonçalves;4307;Caxias do Sul;-29.0975;-51.4503;fora_do_escopo
4315305;Quaraí;43;Rio Grande do Sul;430016;Santana do Livramento;4304;Uruguaiana;-30.384;-56.4483;fora_do_escopo
4315958;Rolador;43;Rio Grande do Sul;430022;São Luiz Gonzaga;4305;Ijuí;-28.2566;-54.8186;fora_do_escopo
4316303;Roque Gonzales;43;Rio Grande do Sul;430024;Cerro Largo;4305;Ijuí;-28.1297;-55.0266;fora_do_escopo
4316428;Sagrada Família;43;Rio Grande do Sul;430034;Palmeira das Missões;4306;Passo Fundo;-27.7085;-53.1351;fora_do_escopo
4316501;Salvador do Sul;43;Rio Grande do Sul;430007;Montenegro;4301;Porto Alegre;-29.4386;-51.5077;fora_do_escopo
4317202;Santa Rosa;43;Rio Grande do Sul;430019;Santa Rosa;4305;Ijuí;-27.8702;-54.4796;fora_do_escopo
4320404;Serafina Corrêa;43;Rio Grande do Sul;430038;Nova Prata - Guaporé;4307;Caxias do Sul;-28.7126;-51.9352;fora_do_escopo
4320602;Severiano de Almeida;43;Rio Grande do Sul;430026;Erechim;4306;Passo Fundo;-27.4362;-52.1217;fora_do_escopo
4320677;Sinimbu;43;Rio Grande do Sul;430040;Santa Cruz do Sul;4308;Santa Cruz do Sul - Lajeado;-29.5357;-52.5304;fora_do_escopo
4318200;São Francisco de Paula;43;Rio Grande do Sul;430036;Caxias do Sul;4307;Caxias do Sul;-29.4404;-50.5828;fora_do_escopo
4319000;São Marcos;43;Rio Grande do Sul;430036;Caxias do Sul;4307;Caxias do Sul;-28.9677;-51.0696;fora_do_escopo
4319307;São Paulo das Missões;43;Rio Grande do Sul;430024;Cerro Largo;4305;Ijuí;-28.0195;-54.9404;fora_do_escopo
4319406;São Pedro do Sul;43;Rio Grande do Sul;430011;Santa Maria;4303;Santa Maria;-29.6202;-54.1855;fora_do_escopo
4320453;Sério;43;Rio Grande do Sul;430041;Lajeado;4308;Santa Cruz do Sul - Lajeado;-29.3904;-52.2685;fora_do_escopo
4321303;Taquari;43;Rio Grande do Sul;430041;Lajeado;4308;Santa Cruz do Sul - Lajeado;-29.7943;-51.8653;fora_do_escopo
4321352;Tavares;43;Rio Grande do Sul;430001;Porto Alegre;4301;Porto Alegre;-31.2843;-51.088;fora_do_escopo
4321709;Três Coroas;43;Rio Grande do Sul;430004;Taquara - Parobé - Igrejinha;4301;Porto Alegre;-29.5137;-50.7739;fora_do_escopo
4321832;Três Forquilhas;43;Rio Grande do Sul;430008;Torres;4301;Porto Alegre;-29.5384;-50.0708;fora_do_escopo
4321907;Três Passos;43;Rio Grande do Sul;430021;Três Passos;4305;Ijuí;-27.4555;-53.9296;fora_do_escopo
4322251;Tupandi;43;Rio Grande do Sul;430002;Novo Hamburgo - São Leopoldo;4301;Porto Alegre;-29.4772;-51.4174;fora_do_escopo
4322533;Vale do Sol;43;Rio Grande do Sul;430040;Santa Cruz do Sul;4308;Santa Cruz do Sul - Lajeado;-29.5967;-52.6839;fora_do_escopo
4322806;Veranópolis;43;Rio Grande do Sul;430037;Bento Gonçalves;4307;Caxias do Sul;-28.9312;-51.5516;fora_do_escopo
4322905;Viadutos;43;Rio Grande do Sul;430026;Erechim;4306;Passo Fundo;-27.5716;-52.0211;fora_do_escopo
4323002;Viamão;43;Rio Grande do Sul;430001;Porto Alegre;4301;Porto Alegre;-30.0819;-51.0194;fora_do_escopo
4323101;Vicente Dutra;43;Rio Grande do Sul;430029;Frederico Westphalen;4306;Passo Fundo;-27.1607;-53.4022;fora_do_escopo
4323309;Vila Flores;43;Rio Grande do Sul;430037;Bento Gonçalves;4307;Caxias do Sul;-28.8598;-51.5504;fora_do_escopo
4323457;Vila Nova do Sul;43;Rio Grande do Sul;430012;São Gabriel - Caçapava do Sul;4303;Santa Maria;-30.3461;-53.876;fora_do_escopo
4323770;Westfália;43;Rio Grande do Sul;430041;Lajeado;4308;Santa Cruz do Sul - Lajeado;-29.4263;-51.7645;fora_do_escopo
5000807;Anaurilândia;50;Mato Grosso do Sul;500007;Nova Andradina;5002;Dourados;-22.1852;-52.7191;fora_do_escopo
5002100;Bela Vista;50;Mato Grosso do Sul;500011;Jardim;5003;Corumbá;-22.1073;-56.5263;fora_do_escopo
5002209;Bonito;50;Mato Grosso do Sul;500011;Jardim;5003;Corumbá;-21.1261;-56.4836;fora_do_escopo
5002704;Campo Grande;50;Mato Grosso do Sul;500001;Campo Grande;5001;Campo Grande;-20.4486;-54.6295;fora_do_escopo
5003504;Douradina;50;Mato Grosso do Sul;500005;Dourados;5002;Dourados;-22.0405;-54.6158;fora_do_escopo
5003751;Eldorado;50;Mato Grosso do Sul;500006;Naviraí - Mundo Novo;5002;Dourados;-23.7868;-54.2838;fora_do_escopo
5003900;Figueirão;50;Mato Grosso do Sul;500004;Coxim;5001;Campo Grande;-18.6782;-53.638;fora_do_escopo
5004304;Iguatemi;50;Mato Grosso do Sul;500006;Naviraí - Mundo Novo;5002;Dourados;-23.6736;-54.5637;fora_do_escopo
5005103;Jateí;50;Mato Grosso do Sul;500005;Dourados;5002;Dourados;-22.4806;-54.3079;fora_do_escopo
5005251;Laguna Carapã;50;Mato Grosso do Sul;500005;Dourados;5002;Dourados;-22.5448;-55.1502;fora_do_escopo
5005681;Mundo Novo;50;Mato Grosso do Sul;500006;Naviraí - Mundo Novo;5002;Dourados;-23.9355;-54.281;fora_do_escopo
5005806;Nioaque;50;Mato Grosso do Sul;500011;Jardim;5003;Corumbá;-21.1419;-55.8296;fora_do_escopo
5006002;Nova Alvorada do Sul;50;Mato Grosso do Sul;500001;Campo Grande;5001;Campo Grande;-21.4657;-54.3825;fora_do_escopo
5006200;Nova Andradina;50;Mato Grosso do Sul;500007;Nova Andradina;5002;Dourados;-22.238;-53.3437;fora_do_escopo
5007802;Selvíria;50;Mato Grosso do Sul;500002;Três Lagoas;5001;Campo Grande;-20.3637;-51.4192;fora_do_escopo
5008008;Terenos;50;Mato Grosso do Sul;500001;Campo Grande;5001;Campo Grande;-20.4378;-54.8647;fora_do_escopo
5101209;Araguainha;51;Mato Grosso;510016;Rondonópolis;5105;Rondonópolis;-16.857;-53.0318;fora_do_escopo
5101837;Boa Esperança do Norte;51;Mato Grosso;510008;Sorriso;5103;Sinop;-13.5067;-55.1486;fora_do_escopo
5101902;Brasnorte;51;Mato Grosso;510002;Tangará da Serra;5101;Cuiabá;-12.1474;-57.9833;fora_do_escopo
5102637;Campo Novo do Parecis;51;Mato Grosso;510002;Tangará da Serra;5101;Cuiabá;-13.6587;-57.8907;fora_do_escopo
5102850;Castanheira;51;Mato Grosso;510009;Juína;5103;Sinop;-11.1251;-58.6081;fora_do_escopo
5103379;Cotriguaçu;51;Mato Grosso;510009;Juína;5103;Sinop;-9.85656;-58.4192;fora_do_escopo
5103403;Cuiabá;51;Mato Grosso;510001;Cuiabá;5101;Cuiabá;-15.601;-56.0974;fora_do_escopo
5102504;Cáceres;51;Mato Grosso;510004;Cáceres;5102;Cáceres;-16.0764;-57.6818;fora_do_escopo
5105002;Jauru;51;Mato Grosso;510006;Mirassol D'oeste;5102;Cáceres;-15.3342;-58.8723;fora_do_escopo
5106182;Nova Lacerda;51;Mato Grosso;510005;Pontes e Lacerda - Comodoro;5102;Cáceres;-14.4727;-59.6001;fora_do_escopo
5106307;Paranatinga;51;Mato Grosso;510017;Primavera do Leste;5105;Rondonópolis;-14.4265;-54.0524;fora_do_escopo
5106505;Poconé;51;Mato Grosso;510001;Cuiabá;5101;Cuiabá;-16.266;-56.6261;fora_do_escopo
5106828;Porto Esperidião;51;Mato Grosso;510006;Mirassol D'oeste;5102;Cáceres;-15.857;-58.4619;fora_do_escopo
5107743;Santa Cruz do Xingu;51;Mato Grosso;510014;Confresa - Vila Rica;5104;Barra do Garças;-10.1532;-52.3953;fora_do_escopo
5107941;Tabaporã;51;Mato Grosso;510012;Juara;5103;Sinop;-11.3007;-56.8312;fora_do_escopo
5108055;Terra Nova do Norte;51;Mato Grosso;510007;Sinop;5103;Sinop;-10.517;-55.231;fora_do_escopo
5200134;Acreúna;52;Goiás;520015;Palmeiras de Goiás;5204;São Luís de Montes Belos - Iporá;-17.396;-50.3749;fora_do_escopo
5200555;Alto Horizonte;52;Goiás;520017;Uruaçu - Niquelândia;5205;Porangatu - Uruaçu;-14.1978;-49.3378;fora_do_escopo
5200902;Amorinópolis;52;Goiás;520014;Iporá;5204;São Luís de Montes Belos - Iporá;-16.6151;-51.0919;fora_do_escopo
5201454;Aparecida do Rio Doce;52;Goiás;520010;Rio Verde;5203;Rio Verde;-18.2941;-51.1516;fora_do_escopo
5202601;Aurilândia;52;Goiás;520013;São Luís de Montes Belos;5204;São Luís de Montes Belos - Iporá;-16.6773;-50.4641;fora_do_escopo
5203939;Buriti de Goiás;52;Goiás;520013;São Luís de Montes Belos;5204;São Luís de Montes Belos - Iporá;-16.1792;-50.4302;fora_do_escopo
5203962;Buritinópolis;52;Goiás;520021;Posse-Campos Belos;5206;Luziânia - Águas Lindas de Goiás;-14.4772;-46.4076;fora_do_escopo
5205109;Catalão;52;Goiás;520004;Catalão;5201;Goiânia;-18.1656;-47.944;fora_do_escopo
5205307;Cavalcante;52;Goiás;520022;Flores de Goiás;5206;Luziânia - Águas Lindas de Goiás;-13.7976;-47.4566;fora_do_escopo
5205521;Colinas do Sul;52;Goiás;520017;Uruaçu - Niquelândia;5205;Porangatu - Uruaçu;-14.1528;-48.076;fora_do_escopo
5206404;Crixás;52;Goiás;520018;Ceres - Rialma - Goianésia;5205;Porangatu - Uruaçu;-14.5412;-49.974;fora_do_escopo
5207402;Edéia;52;Goiás;520015;Palmeiras de Goiás;5204;São Luís de Montes Belos - Iporá;-17.3406;-49.9295;fora_do_escopo
5207535;Faina;52;Goiás;520005;Goiás - Itapuranga;5201;Goiânia;-15.4473;-50.3622;fora_do_escopo
5207600;Fazenda Nova;52;Goiás;520013;São Luís de Montes Belos;5204;São Luís de Montes Belos - Iporá;-16.1834;-50.7781;fora_do_escopo
5209291;Guaraíta;52;Goiás;520005;Goiás - Itapuranga;5201;Goiânia;-15.6121;-50.0265;fora_do_escopo
5209903;Iaciara;52;Goiás;520021;Posse-Campos Belos;5206;Luziânia - Águas Lindas de Goiás;-14.1011;-46.6335;fora_do_escopo
5212055;Jesúpolis;52;Goiás;520002;Anápolis;5201;Goiânia;-15.9484;-49.3739;fora_do_escopo
5212105;Joviânia;52;Goiás;520007;Itumbiara;5202;Itumbiara;-17.802;-49.6197;fora_do_escopo
5212303;Leopoldo de Bulhões;52;Goiás;520002;Anápolis;5201;Goiânia;-16.619;-48.7428;fora_do_escopo
5213855;Morro Agudo de Goiás;52;Goiás;520018;Ceres - Rialma - Goianésia;5205;Porangatu - Uruaçu;-15.3184;-50.0553;fora_do_escopo
5214002;Mozarlândia;52;Goiás;520005;Goiás - Itapuranga;5201;Goiânia;-14.7457;-50.5713;fora_do_escopo
5214838;Nova Crixás;52;Goiás;520005;Goiás - Itapuranga;5201;Goiânia;-14.0957;-50.33;fora_do_escopo
5215009;Nova Veneza;52;Goiás;520001;Goiânia;5201;Goiânia;-16.3695;-49.3168;fora_do_escopo
5215504;Ouvidor;52;Goiás;520004;Catalão;5201;Goiânia;-18.2277;-47.8355;fora_do_escopo
5216452;Perolândia;52;Goiás;520011;Jataí-Mineiros;5203;Rio Verde;-17.5258;-52.065;fora_do_escopo
5217708;Pontalina;52;Goiás;520009;Piracanjuba;5202;Itumbiara;-17.5225;-49.4489;fora_do_escopo
5218300;Posse;52;Goiás;520021;Posse-Campos Belos;5206;Luziânia - Águas Lindas de Goiás;-14.0859;-46.3704;fora_do_escopo
5219308;Santa Helena de Goiás;52;Goiás;520010;Rio Verde;5203;Rio Verde;-17.8115;-50.5977;fora_do_escopo
5220058;São João da Paraúna;52;Goiás;520015;Palmeiras de Goiás;5204;São Luís de Montes Belos - Iporá;-16.8126;-50.4092;fora_do_escopo
5200175;Água Fria de Goiás;52;Goiás;520022;Flores de Goiás;5206;Luziânia - Águas Lindas de Goiás;-14.9778;-47.7823;fora_do_escopo
5200258;Águas Lindas de Goiás;52;Goiás;520020;Águas Lindas de Goiás;5206;Luziânia - Águas Lindas de Goiás;-15.7617;-48.2816;fora_do_escopo
3154606;Ribeirão das Neves;31;Minas Gerais;310001;Belo Horizonte;3101;Belo Horizonte;-19.7621;-44.0844;atendido
1100031;Cabixi;11;Rondônia;110006;Vilhena;1102;Ji-Paraná;-13.4945;-60.552;fora_do_escopo
1100049;Cacoal;11;Rondônia;110005;Cacoal;1102;Ji-Paraná;-11.4343;-61.4562;fora_do_escopo
1100700;Campo Novo de Rondônia;11;Rondônia;110002;Ariquemes;1101;Porto Velho;-10.5712;-63.6266;fora_do_escopo
1100106;Guajará-Mirim;11;Rondônia;110001;Porto Velho;1101;Porto Velho;-10.7889;-65.3296;fora_do_escopo
1100122;Ji-Paraná;11;Rondônia;110004;Ji-Paraná;1102;Ji-Paraná;-10.8777;-61.9322;fora_do_escopo
1100130;Machadinho D'Oeste;11;Rondônia;110003;Jaru;1101;Porto Velho;-9.44363;-61.9818;fora_do_escopo
1100254;Presidente Médici;11;Rondônia;110004;Ji-Paraná;1102;Ji-Paraná;-11.169;-61.8986;fora_do_escopo
1100304;Vilhena;11;Rondônia;110006;Vilhena;1102;Ji-Paraná;-12.7502;-60.1488;fora_do_escopo
1200203;Cruzeiro do Sul;12;Acre;120004;Cruzeiro do Sul;1202;Cruzeiro do Sul;-7.62762;-72.6756;fora_do_escopo
1200351;Marechal Thaumaturgo;12;Acre;120004;Cruzeiro do Sul;1202;Cruzeiro do Sul;-8.93898;-72.7997;fora_do_escopo
1200807;Porto Acre;12;Acre;120001;Rio Branco;1201;Rio Branco;-9.58138;-67.5478;fora_do_escopo
1200393;Porto Walter;12;Acre;120004;Cruzeiro do Sul;1202;Cruzeiro do Sul;-8.26323;-72.7537;fora_do_escopo
1200401;Rio Branco;12;Acre;120001;Rio Branco;1201;Rio Branco;-9.97499;-67.8243;fora_do_escopo
1300029;Alvarães;13;Amazonas;130005;Tefé;1302;Tefé;-3.22727;-64.8007;fora_do_escopo
1300706;Boca do Acre;13;Amazonas;130008;Lábrea;1303;Lábrea;-8.74232;-67.3919;fora_do_escopo
1300839;Caapiranga;13;Amazonas;130004;Manacapuru;1301;Manaus;-3.31537;-61.2206;fora_do_escopo
1301001;Carauari;13;Amazonas;130005;Tefé;1302;Tefé;-4.88161;-66.9086;fora_do_escopo
1301100;Careiro;13;Amazonas;130001;Manaus;1301;Manaus;-3.76803;-60.369;fora_do_escopo
1301159;Careiro da Várzea;13;Amazonas;130001;Manaus;1301;Manaus;-3.314;-59.5557;fora_do_escopo
1302009;Itapiranga;13;Amazonas;130011;Itacoatiara;1304;Parintins;-2.74081;-58.0293;fora_do_escopo
1302504;Manacapuru;13;Amazonas;130004;Manacapuru;1301;Manaus;-3.29066;-60.6216;fora_do_escopo
1302553;Manaquiri;13;Amazonas;130001;Manaus;1301;Manaus;-3.44078;-60.4612;fora_do_escopo
1302801;Maraã;13;Amazonas;130005;Tefé;1302;Tefé;-1.85313;-65.573;fora_do_escopo
1303403;Parintins;13;Amazonas;130010;Parintins;1304;Parintins;-2.63741;-56.729;fora_do_escopo
1304237;Tonantins;13;Amazonas;130006;Tabatinga;1302;Tefé;-2.86582;-67.7919;fora_do_escopo
1304260;Uarini;13;Amazonas;130005;Tefé;1302;Tefé;-2.99609;-65.1133;fora_do_escopo
1304401;Urucurituba;13;Amazonas;130011;Itacoatiara;1304;Parintins;-3.12841;-58.1496;fora_do_escopo
1400159;Bonfim;14;Roraima;140001;Boa Vista;1401;Boa Vista;3.36161;-59.8333;fora_do_escopo
1400605;São Luiz;14;Roraima;140003;Rorainópolis;1402;Rorainópolis - Caracaraí;1.01019;-60.0419;fora_do_escopo
1500800;Ananindeua;15;Pará;150001;Belém;1501;Belém;-1.36391;-48.3743;fora_do_escopo
1501253;Bannach;15;Pará;150012;Redenção;1504;Redenção;-7.34779;-50.3959;fora_do_escopo
1501303;Barcarena;15;Pará;150001;Belém;1501;Belém;-1.51187;-48.6195;fora_do_escopo
1501907;Bujaru;15;Pará;150001;Belém;1501;Belém;-1.51762;-48.0381;fora_do_escopo
1501956;Cachoeira do Piriá;15;Pará;150005;Bragança;1502;Castanhal;-1.75974;-46.5459;fora_do_escopo
1502301;Capitão Poço;15;Pará;150008;Capitão Poço;1502;Castanhal;-1.74785;-47.0629;fora_do_escopo
1502772;Curionópolis;15;Pará;150010;Parauapebas;1503;Marabá;-6.09965;-49.6068;fora_do_escopo
1502954;Eldorado do Carajás;15;Pará;150010;Parauapebas;1503;Marabá;-6.10389;-49.3553;fora_do_escopo
1503705;Itupiranga;15;Pará;150009;Marabá;1503;Marabá;-5.13272;-49.3358;fora_do_escopo
1504604;Mocajuba;15;Pará;150002;Cametá;1501;Belém;-2.5831;-49.5042;fora_do_escopo
1504950;Nova Esperança do Piriá;15;Pará;150008;Capitão Poço;1502;Castanhal;-2.26693;-46.9731;fora_do_escopo
1505205;Oeiras do Pará;15;Pará;150002;Cametá;1501;Belém;-2.00358;-49.8628;fora_do_escopo
1505403;Ourém;15;Pará;150008;Capitão Poço;1502;Castanhal;-1.54168;-47.1126;fora_do_escopo
1506005;Prainha;15;Pará;150015;Santarém;1505;Santarém;-1.798;-53.4779;fora_do_escopo
1506138;Redenção;15;Pará;150012;Redenção;1504;Redenção;-8.02529;-50.0317;fora_do_escopo
1506195;Rurópolis;15;Pará;150016;Itaituba;1505;Santarém;-4.10028;-54.9092;fora_do_escopo
1506351;Santa Bárbara do Pará;15;Pará;150001;Belém;1501;Belém;-1.19219;-48.238;fora_do_escopo
1507300;São Félix do Xingu;15;Pará;150013;Tucumã - São Félix do Xingu;1504;Redenção;-6.64254;-51.9904;fora_do_escopo
1507458;São Geraldo do Araguaia;15;Pará;150009;Marabá;1503;Marabá;-6.39471;-48.5592;fora_do_escopo
1508001;Tomé-Açu;15;Pará;150001;Belém;1501;Belém;-2.41302;-48.1415;fora_do_escopo
1508084;Tucumã;15;Pará;150013;Tucumã - São Félix do Xingu;1504;Redenção;-6.74687;-51.1626;fora_do_escopo
1508100;Tucuruí;15;Pará;150011;Tucuruí;1503;Marabá;-3.7657;-49.6773;fora_do_escopo
1508407;Xinguara;15;Pará;150014;Xinguara;1504;Redenção;-7.0983;-49.9437;fora_do_escopo
1600212;Cutias;16;Amapá;160003;Oiapoque;1602;Oiapoque - Porto Grande;0.970761;-50.8005;fora_do_escopo
1600600;Santana;16;Amapá;160001;Macapá;1601;Macapá;-0.045434;-51.1729;fora_do_escopo
1600055;Serra do Navio;16;Amapá;160004;Porto Grande;1602;Oiapoque - Porto Grande;0.901357;-52.0036;fora_do_escopo
1702158;Araguanã;17;Tocantins;170005;Araguaína;1702;Araguaína;-6.58225;-48.6395;fora_do_escopo
1702208;Araguatins;17;Tocantins;170009;Araguatins;1702;Araguaína;-5.64659;-48.1232;fora_do_escopo
1702901;Axixá do Tocantins;17;Tocantins;170009;Araguatins;1702;Araguaína;-5.61275;-47.7701;fora_do_escopo
1703206;Bernardo Sayão;17;Tocantins;170007;Colinas do Tocantins;1702;Araguaína;-7.87481;-48.8893;fora_do_escopo
1703867;Cariri do Tocantins;17;Tocantins;170010;Gurupi;1703;Gurupi;-11.8881;-49.1609;fora_do_escopo
1704105;Centenário;17;Tocantins;170006;Guaraí;1702;Araguaína;-8.96103;-47.3304;fora_do_escopo
1716208;Paranã;17;Tocantins;170010;Gurupi;1703;Gurupi;-12.6167;-47.8734;fora_do_escopo
1716653;Pequizeiro;17;Tocantins;170006;Guaraí;1702;Araguaína;-8.5932;-48.9327;fora_do_escopo
1717206;Piraquê;17;Tocantins;170005;Araguaína;1702;Araguaína;-6.77302;-48.2958;fora_do_escopo
1717909;Ponte Alta do Tocantins;17;Tocantins;170002;Porto Nacional;1701;Palmas;-10.7481;-47.5276;fora_do_escopo
1718758;Rio Sono;17;Tocantins;170001;Palmas;1701;Palmas;-9.35002;-47.888;fora_do_escopo
1718659;Rio da Conceição;17;Tocantins;170011;Dianópolis;1703;Gurupi;-11.3949;-46.8847;fora_do_escopo
1721307;Tupiratins;17;Tocantins;170007;Colinas do Tocantins;1702;Araguaína;-8.39388;-48.1277;fora_do_escopo
2100204;Alcântara;21;Maranhão;210001;São Luís;2101;São Luís;-2.39574;-44.4062;fora_do_escopo
2100303;Aldeias Altas;21;Maranhão;210013;Caxias;2103;Caxias;-4.62621;-43.4689;fora_do_escopo
2101350;Bacurituba;21;Maranhão;210002;Pinheiro;2101;São Luís;-2.71;-44.7329;fora_do_escopo
2101608;Barra do Corda;21;Maranhão;210020;Barra do Corda;2105;Imperatriz;-5.49682;-45.2485;fora_do_escopo
2102804;Carolina;21;Maranhão;210022;Balsas;2105;Imperatriz;-7.33584;-47.4634;fora_do_escopo
2103505;Colinas;21;Maranhão;210018;Colinas;2104;Presidente Dutra;-6.03199;-44.2543;fora_do_escopo
2102606;Cândido Mendes;21;Maranhão;210011;Governador Nunes Freire;2102;Santa Inês - Bacabal;-1.43265;-45.7161;fora_do_escopo
2104057;Estreito;21;Maranhão;210019;Imperatriz;2105;Imperatriz;-6.56077;-47.4431;fora_do_escopo
2104107;Fortaleza dos Nogueiras;21;Maranhão;210022;Balsas;2105;Imperatriz;-6.95983;-46.1749;fora_do_escopo
2104404;Gonçalves Dias;21;Maranhão;210016;Presidente Dutra;2104;Presidente Dutra;-5.1475;-44.3013;fora_do_escopo
2105104;Icatu;21;Maranhão;210001;São Luís;2101;São Luís;-2.77206;-44.0501;fora_do_escopo
2105963;Lagoa Grande do Maranhão;21;Maranhão;210010;Bacabal;2102;Santa Inês - Bacabal;-4.98893;-45.3816;fora_do_escopo
2106631;Matões do Norte;21;Maranhão;210004;Itapecuru Mirim;2101;São Luís;-3.6244;-44.5468;fora_do_escopo
2107456;Olinda Nova do Maranhão;21;Maranhão;210005;Viana;2101;São Luís;-2.99295;-44.9897;fora_do_escopo
2107902;Passagem Franca;21;Maranhão;210017;São João dos Patos;2104;Presidente Dutra;-6.17745;-43.7755;fora_do_escopo
2108108;Paulo Ramos;21;Maranhão;210010;Bacabal;2102;Santa Inês - Bacabal;-4.44485;-45.2398;fora_do_escopo
2107506;Paço do Lumiar;21;Maranhão;210001;São Luís;2101;São Luís;-2.51657;-44.1019;fora_do_escopo
2108603;Pinheiro;21;Maranhão;210002;Pinheiro;2101;São Luís;-2.52224;-45.0788;fora_do_escopo
2109239;Presidente Médici;21;Maranhão;210011;Governador Nunes Freire;2102;Santa Inês - Bacabal;-2.38991;-45.82;fora_do_escopo
2109304;Presidente Vargas;21;Maranhão;210004;Itapecuru Mirim;2101;São Luís;-3.40787;-44.0234;fora_do_escopo
2110609;São Bernardo;21;Maranhão;210007;Tutóia - Araioses;2101;São Luís;-3.37223;-42.4191;fora_do_escopo
2110658;São Domingos do Azeitão;21;Maranhão;210017;São João dos Patos;2104;Presidente Dutra;-6.81471;-44.6509;fora_do_escopo
2111300;São Luís;21;Maranhão;210001;São Luís;2101;São Luís;-2.53874;-44.2825;fora_do_escopo
2111672;São Roberto;21;Maranhão;210012;Pedreiras;2102;Santa Inês - Bacabal;-5.0231;-45.001;fora_do_escopo
2112704;Vargem Grande;21;Maranhão;210004;Itapecuru Mirim;2101;São Luís;-3.53639;-43.917;fora_do_escopo
2114007;Zé Doca;21;Maranhão;210009;Santa Inês;2102;Santa Inês - Bacabal;-3.27014;-45.6553;fora_do_escopo
2200251;Alagoinha do Piauí;22;Piauí;220009;Picos;2203;Picos;-7.00039;-40.9282;fora_do_escopo
2200400;Altos;22;Piauí;220001;Teresina;2201;Teresina;-5.03888;-42.4612;fora_do_escopo
2200459;Alvorada do Gurguéia;22;Piauí;220016;Bom Jesus;2205;Corrente - Bom Jesus;-8.42418;-43.777;fora_do_escopo
2200509;Amarante;22;Piauí;220002;Amarante - Água Branca - Regeneração;2201;Teresina;-6.24304;-42.8433;fora_do_escopo
2200954;Aroeiras do Itaim;22;Piauí;220009;Picos;2203;Picos;-7.24502;-41.5325;fora_do_escopo
2201002;Arraial;22;Piauí;220017;Floriano;2206;Floriano;-6.65075;-42.5418;fora_do_escopo
2201770;Boa Hora;22;Piauí;220005;Barras;2201;Teresina;-4.41404;-42.1357;fora_do_escopo
2201960;Brasileira;22;Piauí;220007;Piripiri;2202;Parnaíba;-4.1337;-41.7859;fora_do_escopo
2202075;Cajazeiras do Piauí;22;Piauí;220011;Oeiras;2203;Picos;-6.79667;-42.3903;fora_do_escopo
2202091;Caldeirão Grande do Piauí;22;Piauí;220009;Picos;2203;Picos;-7.3314;-40.6366;fora_do_escopo
2202133;Campo Grande do Piauí;22;Piauí;220009;Picos;2203;Picos;-7.12827;-41.0315;fora_do_escopo
2202174;Campo Largo do Piauí;22;Piauí;220005;Barras;2201;Teresina;-3.80441;-42.64;fora_do_escopo
2202251;Canavieira;22;Piauí;220017;Floriano;2206;Floriano;-7.68821;-43.7233;fora_do_escopo
2202554;Caridade do Piauí;22;Piauí;220010;Paulistana;2203;Picos;-7.73435;-40.9848;fora_do_escopo
2202729;Cocal dos Alves;22;Piauí;220006;Parnaíba;2202;Parnaíba;-3.62047;-41.4402;fora_do_escopo
2203008;Cristalândia do Piauí;22;Piauí;220015;Corrente;2205;Corrente - Bom Jesus;-10.6443;-45.1893;fora_do_escopo
2203305;Demerval Lobão;22;Piauí;220001;Teresina;2201;Teresina;-5.35875;-42.6776;fora_do_escopo
2205003;Itainópolis;22;Piauí;220009;Picos;2203;Picos;-7.44336;-41.4687;fora_do_escopo
2205359;João Costa;22;Piauí;220014;São João do Piauí;2204;São Raimundo Nonato;-8.50736;-42.4264;fora_do_escopo
2205557;Lagoa Alegre;22;Piauí;220001;Teresina;2201;Teresina;-4.51539;-42.6309;fora_do_escopo
2207108;Olho D'Água do Piauí;22;Piauí;220002;Amarante - Água Branca - Regeneração;2201;Teresina;-5.84125;-42.5594;fora_do_escopo
2207355;Pajeú do Piauí;22;Piauí;220019;Canto do Buriti;2206;Floriano;-7.85508;-42.8248;fora_do_escopo
2207553;Paquetá;22;Piauí;220009;Picos;2203;Picos;-7.10303;-41.7;fora_do_escopo
2207777;Patos do Piauí;22;Piauí;220010;Paulistana;2203;Picos;-7.67231;-41.2408;fora_do_escopo
2208007;Picos;22;Piauí;220009;Picos;2203;Picos;-7.07721;-41.467;fora_do_escopo
2208874;Ribeira do Piauí;22;Piauí;220014;São João do Piauí;2204;São Raimundo Nonato;-7.69028;-42.7128;fora_do_escopo
2209203;Santa Filomena;22;Piauí;220015;Corrente;2205;Corrente - Bom Jesus;-9.11228;-45.9116;fora_do_escopo
2210375;São Luis do Piauí;22;Piauí;220009;Picos;2203;Picos;-6.81936;-41.3175;fora_do_escopo
2210409;São Miguel do Tapuio;22;Piauí;220003;Campo Maior;2201;Teresina;-5.49729;-41.3165;fora_do_escopo
2210607;São Raimundo Nonato;22;Piauí;220013;São Raimundo Nonato;2204;São Raimundo Nonato;-9.01241;-42.6987;fora_do_escopo
2210953;Tamboril do Piauí;22;Piauí;220019;Canto do Buriti;2206;Floriano;-8.40937;-42.9211;fora_do_escopo
2300606;Altaneira;23;Ceará;230011;Juazeiro do Norte;2304;Juazeiro do Norte;-6.99837;-39.7356;fora_do_escopo
2302057;Barroquinha;23;Ceará;230018;Camocim;2306;Sobral;-3.02051;-41.1358;fora_do_escopo
2305308;Ibiapina;23;Ceará;230016;São Benedito - Ipu - Guaraciaba do Norte - Tianguá;2306;Sobral;-3.92403;-40.8911;fora_do_escopo
2306504;Itapiúna;23;Ceará;230003;Redenção-Acarape;2301;Fortaleza;-4.55516;-38.9281;fora_do_escopo
2308377;Miraíma;23;Ceará;230002;Itapipoca;2301;Fortaleza;-3.56867;-39.9663;fora_do_escopo
2308401;Missão Velha;23;Ceará;230011;Juazeiro do Norte;2304;Juazeiro do Norte;-7.23522;-39.143;fora_do_escopo
2308609;Monsenhor Tabosa;23;Ceará;230013;Crateús;2305;Crateús;-4.79102;-40.0646;fora_do_escopo
2309201;Nova Olinda;23;Ceará;230011;Juazeiro do Norte;2304;Juazeiro do Norte;-7.08415;-39.6713;fora_do_escopo
2309300;Nova Russas;23;Ceará;230013;Crateús;2305;Crateús;-4.70581;-40.5621;fora_do_escopo
2309607;Pacajus;23;Ceará;230001;Fortaleza;2301;Fortaleza;-4.17107;-38.465;fora_do_escopo
2310001;Palhano;23;Ceará;230007;Russas - Limoeiro do Norte;2302;Quixadá;-4.73672;-37.9655;fora_do_escopo
2310852;Pindoretama;23;Ceará;230001;Fortaleza;2301;Fortaleza;-4.01584;-38.3061;fora_do_escopo
2310902;Piquet Carneiro;23;Ceará;230009;Iguatu;2303;Iguatu;-5.80025;-39.417;fora_do_escopo
2311306;Quixadá;23;Ceará;230006;Quixadá;2302;Quixadá;-4.9663;-39.0155;fora_do_escopo
2311405;Quixeramobim;23;Ceará;230006;Quixadá;2302;Quixadá;-5.19067;-39.2889;fora_do_escopo
2313500;Trairi;23;Ceará;230002;Itapipoca;2301;Fortaleza;-3.26932;-39.2681;fora_do_escopo
2400604;Almino Afonso;24;Rio Grande do Norte;240010;Pau dos Ferros;2403;Mossoró;-6.1475;-37.7636;fora_do_escopo
2402907;Coronel João Pessoa;24;Rio Grande do Norte;240010;Pau dos Ferros;2403;Mossoró;-6.24974;-38.4441;fora_do_escopo
2404853;Itajá;24;Rio Grande do Norte;240011;Açu;2403;Mossoró;-5.63894;-36.8712;fora_do_escopo
2405108;Jandaíra;24;Rio Grande do Norte;240005;João Câmara;2401;Natal;-5.35211;-36.1278;fora_do_escopo
2405306;Januário Cicco;24;Rio Grande do Norte;240002;Santo Antônio - Passa e Fica - Nova Cruz;2401;Natal;-6.16566;-35.6219;fora_do_escopo
2405801;João Câmara;24;Rio Grande do Norte;240005;João Câmara;2401;Natal;-5.54094;-35.8122;fora_do_escopo
2406155;Jundiá;24;Rio Grande do Norte;240001;Natal;2401;Natal;-6.26866;-35.3495;fora_do_escopo
2407401;Martins;24;Rio Grande do Norte;240010;Pau dos Ferros;2403;Mossoró;-6.08279;-37.908;fora_do_escopo
2408102;Natal;24;Rio Grande do Norte;240001;Natal;2401;Natal;-5.79357;-35.1986;fora_do_escopo
2408201;Nísia Floresta;24;Rio Grande do Norte;240001;Natal;2401;Natal;-6.09329;-35.1991;fora_do_escopo
2408409;Olho d'Água do Borges;24;Rio Grande do Norte;240010;Pau dos Ferros;2403;Mossoró;-5.9486;-37.7047;fora_do_escopo
2408904;Parelhas;24;Rio Grande do Norte;240007;Caicó;2402;Caicó;-6.68491;-36.6566;fora_do_escopo
2409506;Pedra Grande;24;Rio Grande do Norte;240005;João Câmara;2401;Natal;-5.14988;-35.876;fora_do_escopo
2409803;Pedro Velho;24;Rio Grande do Norte;240003;Canguaretama;2401;Natal;-6.4356;-35.2195;fora_do_escopo
2412401;São José do Seridó;24;Rio Grande do Norte;240007;Caicó;2402;Caicó;-6.44002;-36.8746;fora_do_escopo
2411056;Tibau;24;Rio Grande do Norte;240009;Mossoró;2403;Mossoró;-4.83729;-37.2554;fora_do_escopo
2414407;Touros;24;Rio Grande do Norte;240001;Natal;2401;Natal;-5.20182;-35.4621;fora_do_escopo
2414753;Venha-Ver;24;Rio Grande do Norte;240010;Pau dos Ferros;2403;Mossoró;-6.32016;-38.4896;fora_do_escopo
2500304;Alagoa Grande;25;Paraíba;250005;Campina Grande;2502;Campina Grande;-7.03943;-35.6206;fora_do_escopo
2500502;Alagoinha;25;Paraíba;250002;Guarabira;2501;João Pessoa;-6.94657;-35.5332;fora_do_escopo
2500601;Alhandra;25;Paraíba;250001;João Pessoa;2501;João Pessoa;-7.42977;-34.9057;fora_do_escopo
2501153;Areia de Baraúnas;25;Paraíba;250009;Patos;2503;Patos;-7.11702;-36.9404;fora_do_escopo
2501500;Bananeiras;25;Paraíba;250002;Guarabira;2501;João Pessoa;-6.74775;-35.6246;fora_do_escopo
2501534;Baraúna;25;Paraíba;250006;Cuité - Nova Floresta;2502;Campina Grande;-6.63484;-36.2601;fora_do_escopo
2502805;Brejo do Cruz;25;Paraíba;250011;Catolé do Rocha - São Bento;2503;Patos;-6.34185;-37.4943;fora_do_escopo
2502904;Brejo dos Santos;25;Paraíba;250011;Catolé do Rocha - São Bento;2503;Patos;-6.37065;-37.8253;fora_do_escopo
2503407;Cacimba de Areia;25;Paraíba;250009;Patos;2503;Patos;-7.12128;-37.1563;fora_do_escopo
2503803;Caldas Brandão;25;Paraíba;250001;João Pessoa;2501;João Pessoa;-7.1025;-35.3272;fora_do_escopo
2504504;Condado;25;Paraíba;250012;Pombal;2503;Patos;-6.89831;-37.606;fora_do_escopo
2505303;Curral Velho;25;Paraíba;250010;Itaporanga;2503;Patos;-7.53075;-38.1962;fora_do_escopo
2505600;Diamante;25;Paraíba;250010;Itaporanga;2503;Patos;-7.41738;-38.2615;fora_do_escopo
2505907;Emas;25;Paraíba;250009;Patos;2503;Patos;-7.09964;-37.7163;fora_do_escopo
2506004;Esperança;25;Paraíba;250005;Campina Grande;2502;Campina Grande;-7.02278;-35.8597;fora_do_escopo
2506301;Guarabira;25;Paraíba;250002;Guarabira;2501;João Pessoa;-6.85064;-35.485;fora_do_escopo
2507507;João Pessoa;25;Paraíba;250001;João Pessoa;2501;João Pessoa;-7.11509;-34.8641;fora_do_escopo
2507606;Juarez Távora;25;Paraíba;250001;João Pessoa;2501;João Pessoa;-7.1713;-35.5686;fora_do_escopo
2509008;Manaíra;25;Paraíba;250013;Princesa Isabel;2503;Patos;-7.70331;-38.1523;fora_do_escopo
2509057;Marcação;25;Paraíba;250003;Mamanguape - Rio Tinto;2501;João Pessoa;-6.76535;-35.0087;fora_do_escopo
2509396;Maturéia;25;Paraíba;250009;Patos;2503;Patos;-7.26188;-37.351;fora_do_escopo
2510006;Nazarezinho;25;Paraíba;250014;Sousa;2504;Sousa - Cajazeiras;-6.9114;-38.322;fora_do_escopo
2510105;Nova Floresta;25;Paraíba;250006;Cuité - Nova Floresta;2502;Campina Grande;-6.45056;-36.2057;fora_do_escopo
2510204;Nova Olinda;25;Paraíba;250010;Itaporanga;2503;Patos;-7.47232;-38.0382;fora_do_escopo
2512077;Poço de José de Moura;25;Paraíba;250015;Cajazeiras;2504;Sousa - Cajazeiras;-6.56401;-38.5111;fora_do_escopo
2513307;Santa Helena;25;Paraíba;250015;Cajazeiras;2504;Sousa - Cajazeiras;-6.7176;-38.6427;fora_do_escopo
2513851;Santo André;25;Paraíba;250005;Campina Grande;2502;Campina Grande;-7.22016;-36.6213;fora_do_escopo
2515500;Serra Branca;25;Paraíba;250008;Sumé;2502;Campina Grande;-7.48034;-36.666;fora_do_escopo
2515930;Sertãozinho;25;Paraíba;250002;Guarabira;2501;João Pessoa;-6.75127;-35.4372;fora_do_escopo
2515971;Sobrado;25;Paraíba;250001;João Pessoa;2501;João Pessoa;-7.14429;-35.2357;fora_do_escopo
2513901;São Bento;25;Paraíba;250011;Catolé do Rocha - São Bento;2503;Patos;-6.48529;-37.4488;fora_do_escopo
2513968;São Domingos;25;Paraíba;250012;Pombal;2503;Patos;-6.80313;-37.9488;fora_do_escopo
2513984;São Francisco;25;Paraíba;250014;Sousa;2504;Sousa - Cajazeiras;-6.60773;-38.0968;fora_do_escopo
2515005;São Miguel de Taipu;25;Paraíba;250001;João Pessoa;2501;João Pessoa;-7.24764;-35.2016;fora_do_escopo
2516508;Taperoá;25;Paraíba;250005;Campina Grande;2502;Campina Grande;-7.20629;-36.8245;fora_do_escopo
2516607;Tavares;25;Paraíba;250013;Princesa Isabel;2503;Patos;-7.62697;-37.8712;fora_do_escopo
2516706;Teixeira;25;Paraíba;250009;Patos;2503;Patos;-7.22104;-37.2525;fora_do_escopo
2505501;Vista Serrana;25;Paraíba;250009;Patos;2503;Patos;-6.7303;-37.5704;fora_do_escopo
2600708;Aliança;26;Pernambuco;260002;Goiana ¿ Timbaúba;2601;Recife;-7.60398;-35.2227;fora_do_escopo
2601409;Barreiros;26;Pernambuco;260007;Barreiros - Sirinhaém;2601;Recife;-8.81605;-35.1832;fora_do_escopo
2602209;Bom Jardim;26;Pernambuco;260004;Limoeiro;2601;Recife;-7.79695;-35.5784;fora_do_escopo
2602704;Buenos Aires;26;Pernambuco;260006;Carpina;2601;Recife;-7.72449;-35.3182;fora_do_escopo
2602803;Buíque;26;Pernambuco;260011;Arcoverde;2602;Caruaru;-8.61954;-37.1606;fora_do_escopo
2603306;Calçado;26;Pernambuco;260010;Garanhuns;2602;Caruaru;-8.73108;-36.3366;fora_do_escopo
2605103;Custódia;26;Pernambuco;260011;Arcoverde;2602;Caruaru;-8.08546;-37.6443;fora_do_escopo
2605152;Dormentes;26;Pernambuco;260015;Petrolina;2604;Petrolina;-8.44116;-40.7662;fora_do_escopo
2607604;Ilha de Itamaracá;26;Pernambuco;260001;Recife;2601;Recife;-7.74766;-34.8303;fora_do_escopo
2608206;Joaquim Nabuco;26;Pernambuco;260003;Palmares;2601;Recife;-8.62281;-35.5288;fora_do_escopo
2608107;João Alfredo;26;Pernambuco;260004;Limoeiro;2601;Recife;-7.86565;-35.5787;fora_do_escopo
2608750;Lagoa Grande;26;Pernambuco;260015;Petrolina;2604;Petrolina;-8.99452;-40.2767;fora_do_escopo
2609105;Machados;26;Pernambuco;260004;Limoeiro;2601;Recife;-7.68827;-35.5114;fora_do_escopo
2609501;Nazaré da Mata;26;Pernambuco;260006;Carpina;2601;Recife;-7.74149;-35.2193;fora_do_escopo
2610806;Pedra;26;Pernambuco;260011;Arcoverde;2602;Caruaru;-8.49641;-36.94;fora_do_escopo
2610905;Pesqueira;26;Pernambuco;260012;Belo Jardim ¿ Pesqueira;2602;Caruaru;-8.35797;-36.6978;fora_do_escopo
2611200;Poção;26;Pernambuco;260012;Belo Jardim ¿ Pesqueira;2602;Caruaru;-8.18726;-36.7111;fora_do_escopo
2612604;Santa Maria da Boa Vista;26;Pernambuco;260015;Petrolina;2604;Petrolina;-8.79766;-39.8241;fora_do_escopo
2614105;Sertânia;26;Pernambuco;260011;Arcoverde;2602;Caruaru;-8.06847;-37.2684;fora_do_escopo
2613305;São Joaquim do Monte;26;Pernambuco;260009;Caruaru;2602;Caruaru;-8.43196;-35.8035;fora_do_escopo
2615201;Terra Nova;26;Pernambuco;260017;Salgueiro;2604;Petrolina;-8.22244;-39.3825;fora_do_escopo
2615300;Timbaúba;26;Pernambuco;260002;Goiana ¿ Timbaúba;2601;Recife;-7.50484;-35.3119;fora_do_escopo
2615607;Trindade;26;Pernambuco;260016;Araripina;2604;Petrolina;-7.759;-40.2647;fora_do_escopo
2700409;Atalaia;27;Alagoas;270006;Atalaia;2701;Maceió;-9.5119;-36.0086;fora_do_escopo
2700706;Batalha;27;Alagoas;270011;Pão de Açúcar - Olho d'Água das Flores ¿ Batalha;2702;Arapiraca;-9.6742;-37.133;fora_do_escopo
2700805;Belém;27;Alagoas;270008;Palmeira dos Índios;2702;Arapiraca;-9.57047;-36.4904;fora_do_escopo
2701209;Cacimbinhas;27;Alagoas;270008;Palmeira dos Índios;2702;Arapiraca;-9.40121;-36.9911;fora_do_escopo
2701308;Cajueiro;27;Alagoas;270006;Atalaia;2701;Maceió;-9.3994;-36.1559;fora_do_escopo
2702553;Estrela de Alagoas;27;Alagoas;270008;Palmeira dos Índios;2702;Arapiraca;-9.39089;-36.7644;fora_do_escopo
2703007;Ibateguara;27;Alagoas;270005;União dos Palmares;2701;Maceió;-8.97823;-35.9373;fora_do_escopo
2706109;Ouro Branco;27;Alagoas;270010;Santana do Ipanema;2702;Arapiraca;-9.15884;-37.3556;fora_do_escopo
2706604;Paulo Jacinto;27;Alagoas;270008;Palmeira dos Índios;2702;Arapiraca;-9.36792;-36.3672;fora_do_escopo
2800670;Boquim;28;Sergipe;280002;Estância;2801;Aracaju;-11.1397;-37.6195;fora_do_escopo
2803906;Malhador;28;Sergipe;280004;Itabaiana;2802;Itabaiana;-10.6649;-37.3004;fora_do_escopo
2804706;Nossa Senhora de Lourdes;28;Sergipe;280003;Propriá;2801;Aracaju;-10.0772;-37.0615;fora_do_escopo
2805901;Riachuelo;28;Sergipe;280001;Aracaju;2801;Aracaju;-10.735;-37.1966;fora_do_escopo
2806305;Santa Luzia do Itanhy;28;Sergipe;280002;Estância;2801;Aracaju;-11.3536;-37.4586;fora_do_escopo
2900603;Aiquara;29;Bahia;290012;Jequié;2904;Vitória da Conquista;-14.1269;-39.8937;fora_do_escopo
2901403;Angical;29;Bahia;290018;Barreiras;2906;Barreiras;-12.0063;-44.7003;fora_do_escopo
2901601;Antas;29;Bahia;290027;Cícero Dantas;2909;Paulo Afonso;-10.3856;-38.3401;fora_do_escopo
2901908;Aporá;29;Bahia;290002;Alagoinhas;2901;Salvador;-11.6577;-38.0814;fora_do_escopo
2901957;Apuarema;29;Bahia;290012;Jequié;2904;Vitória da Conquista;-13.8542;-39.7501;fora_do_escopo
2902906;Barra do Choça;29;Bahia;290011;Vitória da Conquista;2904;Vitória da Conquista;-14.8654;-40.5791;fora_do_escopo
2903300;Barro Preto;29;Bahia;290007;Ilhéus ¿ Itabuna;2903;Ilhéus ¿ Itabuna;-14.7948;-39.476;fora_do_escopo
2903409;Belmonte;29;Bahia;290009;Eunápolis - Porto Seguro;2903;Ilhéus ¿ Itabuna;-15.8608;-38.8758;fora_do_escopo
2903904;Bom Jesus da Lapa;29;Bahia;290017;Bom Jesus da Lapa;2905;Guanambi;-13.2506;-43.4108;fora_do_escopo
2904506;Brotas de Macaúbas;29;Bahia;290021;Xique-Xique ¿ Barra;2907;Irecê;-11.9915;-42.6326;fora_do_escopo
2904704;Buerarema;29;Bahia;290007;Ilhéus ¿ Itabuna;2903;Ilhéus ¿ Itabuna;-14.9595;-39.3028;fora_do_escopo
2904902;Cachoeira;29;Bahia;290004;Cruz das Almas;2902;Santo Antônio de Jesus;-12.5994;-38.9587;fora_do_escopo
2905008;Caculé;29;Bahia;290016;Guanambi;2905;Guanambi;-14.5003;-42.2229;fora_do_escopo
2905305;Cafarnaum;29;Bahia;290020;Irecê;2907;Irecê;-11.6914;-41.4688;fora_do_escopo
2905404;Cairu;29;Bahia;290005;Valença;2902;Santo Antônio de Jesus;-13.4904;-39.0465;fora_do_escopo
2905909;Campo Alegre de Lourdes;29;Bahia;290022;Juazeiro;2908;Juazeiro;-9.52221;-43.0126;fora_do_escopo
2906857;Capela do Alto Alegre;29;Bahia;290029;Feira de Santana;2910;Feira de Santana;-11.6658;-39.8349;fora_do_escopo
2907301;Castro Alves;29;Bahia;290004;Cruz das Almas;2902;Santo Antônio de Jesus;-12.7579;-39.4248;fora_do_escopo
2909406;Cotegipe;29;Bahia;290018;Barreiras;2906;Barreiras;-12.0228;-44.2566;fora_do_escopo
2910107;Dom Basílio;29;Bahia;290013;Brumado;2904;Vitória da Conquista;-13.7565;-41.7677;fora_do_escopo
2910701;Euclides da Cunha;29;Bahia;290026;Euclides da Cunha;2909;Paulo Afonso;-10.5078;-39.0153;fora_do_escopo
2912707;Ibirapitanga;29;Bahia;290007;Ilhéus ¿ Itabuna;2903;Ilhéus ¿ Itabuna;-14.1649;-39.3787;fora_do_escopo
2912806;Ibirapuã;29;Bahia;290008;Teixeira de Freitas;2903;Ilhéus ¿ Itabuna;-17.6832;-40.1129;fora_do_escopo
2913408;Igaporã;29;Bahia;290016;Guanambi;2905;Guanambi;-13.774;-42.7155;fora_do_escopo
2913606;Ilhéus;29;Bahia;290007;Ilhéus ¿ Itabuna;2903;Ilhéus ¿ Itabuna;-14.793;-39.046;fora_do_escopo
2914307;Iramaia;29;Bahia;290011;Vitória da Conquista;2904;Vitória da Conquista;-13.2902;-40.9595;fora_do_escopo
2916401;Itapetinga;29;Bahia;290015;Itapetinga;2904;Vitória da Conquista;-15.2475;-40.2482;fora_do_escopo
2916203;Itapé;29;Bahia;290007;Ilhéus ¿ Itabuna;2903;Ilhéus ¿ Itabuna;-14.8876;-39.4239;fora_do_escopo
2917334;Iuiu;29;Bahia;290016;Guanambi;2905;Guanambi;-14.4054;-43.5595;fora_do_escopo
2917904;Jandaíra;29;Bahia;290002;Alagoinhas;2901;Salvador;-11.5616;-37.7853;fora_do_escopo
2918001;Jequié;29;Bahia;290012;Jequié;2904;Vitória da Conquista;-13.8509;-40.0877;fora_do_escopo
2919108;Lamarão;29;Bahia;290029;Feira de Santana;2910;Feira de Santana;-11.773;-38.887;fora_do_escopo
2919553;Luís Eduardo Magalhães;29;Bahia;290018;Barreiras;2906;Barreiras;-12.0956;-45.7866;fora_do_escopo
2919702;Macarani;29;Bahia;290015;Itapetinga;2904;Vitória da Conquista;-15.5646;-40.4209;fora_do_escopo
2920700;Maraú;29;Bahia;290007;Ilhéus ¿ Itabuna;2903;Ilhéus ¿ Itabuna;-14.1035;-39.0137;fora_do_escopo
2921906;Mucugê;29;Bahia;290034;Seabra;2910;Feira de Santana;-13.0053;-41.3703;fora_do_escopo
2922052;Mulungu do Morro;29;Bahia;290020;Irecê;2907;Irecê;-11.9648;-41.6374;fora_do_escopo
2922201;Muniz Ferreira;29;Bahia;290003;Santo Antônio de Jesus;2902;Santo Antônio de Jesus;-13.0092;-39.1092;fora_do_escopo
2922300;Muritiba;29;Bahia;290004;Cruz das Almas;2902;Santo Antônio de Jesus;-12.6329;-38.9921;fora_do_escopo
2922508;Nazaré;29;Bahia;290006;Nazaré ¿ Maragogipe;2902;Santo Antônio de Jesus;-13.0235;-39.0108;fora_do_escopo
2922607;Nilo Peçanha;29;Bahia;290005;Valença;2902;Santo Antônio de Jesus;-13.604;-39.1091;fora_do_escopo
2923605;Paramirim;29;Bahia;290013;Brumado;2904;Vitória da Conquista;-13.4388;-42.2395;fora_do_escopo
2925006;Planalto;29;Bahia;290011;Vitória da Conquista;2904;Vitória da Conquista;-14.6654;-40.4718;fora_do_escopo
2925253;Ponto Novo;29;Bahia;290023;Senhor do Bonfim;2908;Juazeiro;-10.8653;-40.1311;fora_do_escopo
2925303;Porto Seguro;29;Bahia;290009;Eunápolis - Porto Seguro;2903;Ilhéus ¿ Itabuna;-16.4435;-39.0643;fora_do_escopo
2925402;Potiraguá;29;Bahia;290015;Itapetinga;2904;Vitória da Conquista;-15.5943;-39.8638;fora_do_escopo
2925600;Presidente Dutra;29;Bahia;290020;Irecê;2907;Irecê;-11.2923;-41.9843;fora_do_escopo
2925808;Queimadas;29;Bahia;290032;Conceição do Coité;2910;Feira de Santana;-10.9736;-39.6293;fora_do_escopo
2927903;Santa Inês;29;Bahia;290012;Jequié;2904;Vitória da Conquista;-13.2793;-39.814;fora_do_escopo
2928109;Santa Maria da Vitória;29;Bahia;290019;Santa Maria da Vitoria;2906;Barreiras;-13.3859;-44.2011;fora_do_escopo
2928000;Santaluz;29;Bahia;290032;Conceição do Coité;2910;Feira de Santana;-11.2508;-39.375;fora_do_escopo
2928307;Santanópolis;29;Bahia;290029;Feira de Santana;2910;Feira de Santana;-12.0311;-38.8694;fora_do_escopo
2928703;Santo Antônio de Jesus;29;Bahia;290003;Santo Antônio de Jesus;2902;Santo Antônio de Jesus;-12.9614;-39.2584;fora_do_escopo
2928802;Santo Estêvão;29;Bahia;290029;Feira de Santana;2910;Feira de Santana;-12.428;-39.2505;fora_do_escopo
2930154;Serra do Ramalho;29;Bahia;290017;Bom Jesus da Lapa;2905;Guanambi;-13.5659;-43.5929;fora_do_escopo
2929057;São Félix do Coribe;29;Bahia;290019;Santa Maria da Vitoria;2906;Barreiras;-13.4019;-44.1837;fora_do_escopo
2931350;Teixeira de Freitas;29;Bahia;290008;Teixeira de Freitas;2903;Ilhéus ¿ Itabuna;-17.5399;-39.74;fora_do_escopo
2931905;Tucano;29;Bahia;290025;Ribeira do Pombal;2909;Paulo Afonso;-10.9584;-38.7894;fora_do_escopo
2932903;Valença;29;Bahia;290005;Valença;2902;Santo Antônio de Jesus;-13.3669;-39.073;fora_do_escopo
2933307;Vitória da Conquista;29;Bahia;290011;Vitória da Conquista;2904;Vitória da Conquista;-14.8615;-40.8442;fora_do_escopo
2933109;Várzea do Poço;29;Bahia;290030;Jacobina;2910;Feira de Santana;-11.5273;-40.3149;fora_do_escopo
3101607;Alfenas;31;Minas Gerais;310042;Alfenas;3108;Varginha;-21.4256;-45.9477;nao_atendido
3101631;Alfredo Vasconcelos;31;Minas Gerais;310037;Barbacena;3107;Barbacena;-21.1535;-43.7718;nao_atendido
3102100;Alto Rio Doce;31;Minas Gerais;310037;Barbacena;3107;Barbacena;-21.0281;-43.4067;nao_atendido
3101508;Além Paraíba;31;Minas Gerais;310036;Além Paraíba;3106;Juíz de Fora;-21.8797;-42.7176;nao_atendido
3103009;Antônio Dias;31;Minas Gerais;310024;Ipatinga;3105;Ipatinga;-19.6491;-42.8732;nao_atendido
3104106;Arceburgo;31;Minas Gerais;310044;Guaxupé;3108;Varginha;-21.359;-46.9401;nao_atendido
3104809;Augusto de Lima;31;Minas Gerais;310004;Curvelo;3101;Belo Horizonte;-18.0997;-44.2655;nao_atendido
3105301;Bandeira do Sul;31;Minas Gerais;310051;Poços de Caldas;3109;Pouso Alegre;-21.7308;-46.3833;nao_atendido
3107000;Biquinhas;31;Minas Gerais;310070;Abaeté;3113;Divinópolis;-18.7754;-45.4974;nao_atendido
3107604;Bom Jesus da Penha;31;Minas Gerais;310041;Passos;3108;Varginha;-21.0148;-46.5174;nao_atendido
3108909;Brazópolis;31;Minas Gerais;310052;Itajubá;3109;Pouso Alegre;-22.4743;-45.6166;nao_atendido
3108701;Brás Pires;31;Minas Gerais;310029;Ubá;3106;Juíz de Fora;-20.8419;-43.2406;nao_atendido
3109451;Cabeceira Grande;31;Minas Gerais;310063;Unaí;3112;Patos de Minas;-16.0335;-47.0862;nao_atendido
3109501;Cabo Verde;31;Minas Gerais;310044;Guaxupé;3108;Varginha;-21.4699;-46.3919;nao_atendido
3110202;Cajuri;31;Minas Gerais;310033;Viçosa;3106;Juíz de Fora;-20.7903;-42.7925;nao_atendido
3110301;Caldas;31;Minas Gerais;310051;Poços de Caldas;3109;Pouso Alegre;-21.9183;-46.3843;nao_atendido
3110400;Camacho;31;Minas Gerais;310065;Divinópolis;3113;Divinópolis;-20.6294;-45.1593;nao_atendido
3111408;Campo Florido;31;Minas Gerais;310055;Uberaba;3110;Uberaba;-19.7631;-48.5716;nao_atendido
3114204;Carmo do Cajuru;31;Minas Gerais;310065;Divinópolis;3113;Divinópolis;-20.1912;-44.7664;nao_atendido
3114709;Carvalhópolis;31;Minas Gerais;310042;Alfenas;3108;Varginha;-21.7735;-45.8421;nao_atendido
3115409;Catas Altas da Noruega;31;Minas Gerais;310038;Conselheiro Lafaiete;3107;Barbacena;-20.6901;-43.4939;nao_atendido
3115508;Caxambu;31;Minas Gerais;310054;Caxambu - Baependi;3109;Pouso Alegre;-21.9753;-44.9319;nao_atendido
3117207;Conceição das Pedras;31;Minas Gerais;310052;Itajubá;3109;Pouso Alegre;-22.1576;-45.4562;nao_atendido
3118502;Consolação;31;Minas Gerais;310050;Pouso Alegre;3109;Pouso Alegre;-22.5493;-45.9255;nao_atendido
3119005;Cordislândia;31;Minas Gerais;310040;Varginha;3108;Varginha;-21.7891;-45.6999;nao_atendido
3119708;Coronel Xavier Chaves;31;Minas Gerais;310039;São João del Rei;3107;Barbacena;-21.0277;-44.2206;nao_atendido
3120607;Crucilândia;31;Minas Gerais;310069;Oliveira;3113;Divinópolis;-20.3923;-44.3334;nao_atendido
3120870;Curral de Dentro;31;Minas Gerais;310008;Salinas;3102;Montes Claros;-15.9327;-41.8557;nao_atendido
3117836;Cônego Marinho;31;Minas Gerais;310009;Januária;3102;Montes Claros;-15.2892;-44.4181;nao_atendido
3121803;Dionísio;31;Minas Gerais;310024;Ipatinga;3105;Ipatinga;-19.8433;-42.7701;nao_atendido
3124005;Ervália;31;Minas Gerais;310033;Viçosa;3106;Juíz de Fora;-20.8403;-42.6544;nao_atendido
3124203;Espera Feliz;31;Minas Gerais;310034;Carangola;3106;Juíz de Fora;-20.6508;-41.9119;nao_atendido
3124807;Estrela do Sul;31;Minas Gerais;310061;Monte Carmelo;3111;Uberlândia;-18.7399;-47.6956;nao_atendido
3126109;Formiga;31;Minas Gerais;310066;Formiga;3113;Divinópolis;-20.4618;-45.4268;nao_atendido
3126505;Francisco Badaró;31;Minas Gerais;310017;Araçuaí;3103;Teófilo Otoni;-16.9883;-42.3568;nao_atendido
3126604;Francisco Dumont;31;Minas Gerais;310006;Montes Claros;3102;Montes Claros;-17.3107;-44.2317;nao_atendido
3126752;Franciscópolis;31;Minas Gerais;310013;Teófilo Otoni;3103;Teófilo Otoni;-17.9578;-42.0094;nao_atendido
3127339;Gameleiras;31;Minas Gerais;310012;Espinosa;3102;Montes Claros;-15.0829;-43.125;nao_atendido
3127503;Gonzaga;31;Minas Gerais;310020;Governador Valadares;3104;Governador Valadares;-18.8196;-42.4769;nao_atendido
3127800;Grão Mogol;31;Minas Gerais;310006;Montes Claros;3102;Montes Claros;-16.5662;-42.8923;nao_atendido
3128006;Guanhães;31;Minas Gerais;310021;Guanhães;3104;Governador Valadares;-18.7713;-42.9312;nao_atendido
3131158;Ipaba;31;Minas Gerais;310024;Ipatinga;3105;Ipatinga;-19.4158;-42.4139;nao_atendido
3132503;Itamarandiba;31;Minas Gerais;310014;Capelinha;3103;Teófilo Otoni;-17.8552;-42.8561;nao_atendido
3133204;Itanhomi;31;Minas Gerais;310020;Governador Valadares;3104;Governador Valadares;-19.1736;-41.863;nao_atendido
3133501;Itapecerica;31;Minas Gerais;310065;Divinópolis;3113;Divinópolis;-20.4704;-45.127;nao_atendido
3133907;Itaverava;31;Minas Gerais;310038;Conselheiro Lafaiete;3107;Barbacena;-20.6769;-43.6141;nao_atendido
3134608;Jaboticatubas;31;Minas Gerais;310001;Belo Horizonte;3101;Belo Horizonte;-19.5119;-43.7373;nao_atendido
3135076;Jampruca;31;Minas Gerais;310020;Governador Valadares;3104;Governador Valadares;-18.461;-41.809;nao_atendido
3135050;Jaíba;31;Minas Gerais;310007;Janaúba;3102;Montes Claros;-15.3432;-43.6688;nao_atendido
3135902;Jesuânia;31;Minas Gerais;310053;São Lourenço;3109;Pouso Alegre;-21.9887;-45.2911;nao_atendido
3136306;João Pinheiro;31;Minas Gerais;310062;Patos de Minas;3112;Patos de Minas;-17.7398;-46.1715;nao_atendido
3136959;Juvenília;31;Minas Gerais;310009;Januária;3102;Montes Claros;-14.2662;-44.1597;nao_atendido
3137205;Lagoa da Prata;31;Minas Gerais;310065;Divinópolis;3113;Divinópolis;-20.0237;-45.5401;nao_atendido
3138658;Lontra;31;Minas Gerais;310006;Montes Claros;3102;Montes Claros;-15.9013;-44.306;nao_atendido
3138674;Luisburgo;31;Minas Gerais;310028;Manhuaçu;3106;Juíz de Fora;-20.4468;-42.0976;nao_atendido
3141504;Mendes Pimentel;31;Minas Gerais;310022;Mantena;3104;Governador Valadares;-18.6631;-41.4052;nao_atendido
3141900;Minduri;31;Minas Gerais;310054;Caxambu - Baependi;3109;Pouso Alegre;-21.6797;-44.6051;nao_atendido
3142254;Miravânia;31;Minas Gerais;310007;Janaúba;3102;Montes Claros;-14.7348;-44.4092;nao_atendido
3142205;Miraí;31;Minas Gerais;310031;Muriaé;3106;Juíz de Fora;-21.2021;-42.6122;nao_atendido
3140159;Mário Campos;31;Minas Gerais;310001;Belo Horizonte;3101;Belo Horizonte;-20.0582;-44.1883;nao_atendido
3144607;Nepomuceno;31;Minas Gerais;310043;Lavras;3108;Varginha;-21.2324;-45.235;nao_atendido
3144656;Ninheira;31;Minas Gerais;310008;Salinas;3102;Montes Claros;-15.3148;-41.7564;nao_atendido
3145059;Nova Porteirinha;31;Minas Gerais;310007;Janaúba;3102;Montes Claros;-15.7993;-43.2941;nao_atendido
3145356;Novo Oriente de Minas;31;Minas Gerais;310013;Teófilo Otoni;3103;Teófilo Otoni;-17.4089;-41.2194;nao_atendido
3145851;Oratórios;31;Minas Gerais;310030;Ponte Nova;3106;Juíz de Fora;-20.4298;-42.7977;nao_atendido
3147006;Paracatu;31;Minas Gerais;310062;Patos de Minas;3112;Patos de Minas;-17.2252;-46.8711;nao_atendido
3147501;Passabém;31;Minas Gerais;310005;Itabira;3101;Belo Horizonte;-19.3509;-43.1383;nao_atendido
3148202;Patrocínio do Muriaé;31;Minas Gerais;310031;Muriaé;3106;Juíz de Fora;-21.1544;-42.2125;nao_atendido
3149002;Pedra Dourada;31;Minas Gerais;310034;Carangola;3106;Juíz de Fora;-20.8266;-42.1515;nao_atendido
3148806;Pedra do Anta;31;Minas Gerais;310033;Viçosa;3106;Juíz de Fora;-20.5968;-42.7123;nao_atendido
3149507;Pequeri;31;Minas Gerais;310035;São João Nepomuceno - Bicas;3106;Juíz de Fora;-21.8341;-43.1145;nao_atendido
3150000;Pescador;31;Minas Gerais;310013;Teófilo Otoni;3103;Teófilo Otoni;-18.357;-41.6006;nao_atendido
3150406;Piedade dos Gerais;31;Minas Gerais;310069;Oliveira;3113;Divinópolis;-20.4715;-44.2243;nao_atendido
3150539;Pingo-d'Água;31;Minas Gerais;310024;Ipatinga;3105;Ipatinga;-19.7287;-42.4095;nao_atendido
3151305;Piraúba;31;Minas Gerais;310029;Ubá;3106;Juíz de Fora;-21.2825;-43.0172;nao_atendido
3151909;Pocrane;31;Minas Gerais;310028;Manhuaçu;3106;Juíz de Fora;-19.6208;-41.6334;nao_atendido
3152105;Ponte Nova;31;Minas Gerais;310030;Ponte Nova;3106;Juíz de Fora;-20.4111;-42.8978;nao_atendido
3152204;Porteirinha;31;Minas Gerais;310007;Janaúba;3102;Montes Claros;-15.7404;-43.0281;nao_atendido
3152402;Poté;31;Minas Gerais;310013;Teófilo Otoni;3103;Teófilo Otoni;-17.8077;-41.786;nao_atendido
3151800;Poços de Caldas;31;Minas Gerais;310051;Poços de Caldas;3109;Pouso Alegre;-21.78;-46.5692;nao_atendido
3152808;Prata;31;Minas Gerais;310059;Uberlândia;3111;Uberlândia;-19.3086;-48.9276;nao_atendido
3153707;Quartel Geral;31;Minas Gerais;310067;Dores do Indaiá;3113;Divinópolis;-19.2703;-45.5569;nao_atendido
3153806;Queluzito;31;Minas Gerais;310038;Conselheiro Lafaiete;3107;Barbacena;-20.7416;-43.8851;nao_atendido
3154507;Riacho dos Machados;31;Minas Gerais;310007;Janaúba;3102;Montes Claros;-16.0091;-43.0488;nao_atendido
3156205;Rochedo de Minas;31;Minas Gerais;310035;São João Nepomuceno - Bicas;3106;Juíz de Fora;-21.6284;-43.0165;nao_atendido
3156601;Rubim;31;Minas Gerais;310015;Almenara;3103;Teófilo Otoni;-16.3775;-40.5397;nao_atendido
3157278;Santa Bárbara do Monte Verde;31;Minas Gerais;310027;Juiz de Fora;3106;Juíz de Fora;-21.9592;-43.7027;nao_atendido
3157500;Santa Efigênia de Minas;31;Minas Gerais;310020;Governador Valadares;3104;Governador Valadares;-18.8235;-42.4388;nao_atendido
3157807;Santa Luzia;31;Minas Gerais;310001;Belo Horizonte;3101;Belo Horizonte;-19.7548;-43.8497;nao_atendido
3159605;Santa Rita do Sapucaí;31;Minas Gerais;310050;Pouso Alegre;3109;Pouso Alegre;-22.2461;-45.7034;nao_atendido
3158508;Santana de Pirapama;31;Minas Gerais;310002;Sete Lagoas;3101;Belo Horizonte;-18.9962;-44.0409;nao_atendido
3159001;Santana do Riacho;31;Minas Gerais;310002;Sete Lagoas;3101;Belo Horizonte;-19.1662;-43.722;nao_atendido
3166907;Serrania;31;Minas Gerais;310042;Alfenas;3108;Varginha;-21.5441;-46.0417;nao_atendido
3163201;São José do Alegre;31;Minas Gerais;310052;Itajubá;3109;Pouso Alegre;-22.3243;-45.5258;nao_atendido
3164308;São Roque de Minas;31;Minas Gerais;310049;Piumhi;3108;Varginha;-20.249;-46.3639;nao_atendido
3164902;São Sebastião do Rio Verde;31;Minas Gerais;310053;São Lourenço;3109;Pouso Alegre;-22.2183;-44.9761;nao_atendido
3165206;São Tomé das Letras;31;Minas Gerais;310045;Três Corações;3108;Varginha;-21.7218;-44.9849;nao_atendido
3168200;Tapiraí;31;Minas Gerais;310066;Formiga;3113;Divinópolis;-19.8936;-46.0221;nao_atendido
3169000;Tocantins;31;Minas Gerais;310029;Ubá;3106;Juíz de Fora;-21.1774;-43.0127;nao_atendido
3170404;Unaí;31;Minas Gerais;310063;Unaí;3112;Patos de Minas;-16.3592;-46.9022;nao_atendido
3170438;União de Minas;31;Minas Gerais;310058;Iturama;3110;Uberaba;-19.5299;-50.338;nao_atendido
3171600;Virgem da Lapa;31;Minas Gerais;310017;Araçuaí;3103;Teófilo Otoni;-16.807;-42.3431;nao_atendido
3172202;Wenceslau Braz;31;Minas Gerais;310052;Itajubá;3109;Pouso Alegre;-22.5368;-45.3626;nao_atendido
3200904;Barra de São Francisco;32;Espírito Santo;320006;Nova Venécia;3203;Colatina;-18.7548;-40.8965;nao_atendido
3201506;Colatina;32;Espírito Santo;320005;Colatina;3203;Colatina;-19.5493;-40.6269;nao_atendido
3202405;Guarapari;32;Espírito Santo;320001;Vitória;3201;Vitória;-20.6772;-40.5093;nao_atendido
3203007;Iúna;32;Espírito Santo;320008;Alegre;3204;Cachoeiro do Itapemirim;-20.3531;-41.5334;nao_atendido
3203304;Mantenópolis;32;Espírito Santo;320005;Colatina;3203;Colatina;-18.8594;-41.124;nao_atendido
3203346;Marechal Floriano;32;Espírito Santo;320002;Afonso Cláudio - Venda Nova do Imigrante - Santa Maria de Jetibá;3201;Vitória;-20.4159;-40.67;nao_atendido
3203908;Nova Venécia;32;Espírito Santo;320006;Nova Venécia;3203;Colatina;-18.715;-40.4053;nao_atendido
3204609;Santa Teresa;32;Espírito Santo;320002;Afonso Cláudio - Venda Nova do Imigrante - Santa Maria de Jetibá;3201;Vitória;-19.9363;-40.5979;nao_atendido
3204955;São Roque do Canaã;32;Espírito Santo;320005;Colatina;3203;Colatina;-19.7411;-40.6526;nao_atendido
3205150;Vila Pavão;32;Espírito Santo;320006;Nova Venécia;3203;Colatina;-18.6091;-40.609;nao_atendido
3205309;Vitória;32;Espírito Santo;320001;Vitória;3201;Vitória;-20.3155;-40.3128;nao_atendido
3200136;Águia Branca;32;Espírito Santo;320005;Colatina;3203;Colatina;-18.9846;-40.7437;nao_atendido
3300506;Bom Jardim;33;Rio de Janeiro;330008;Nova Friburgo;3303;Petrópolis;-22.1545;-42.4251;nao_atendido
3300704;Cabo Frio;33;Rio de Janeiro;330013;Cabo Frio;3305;Macaé - Rio das Ostras - Cabo Frio;-22.8894;-42.0286;nao_atendido
3301108;Cantagalo;33;Rio de Janeiro;330008;Nova Friburgo;3303;Petrópolis;-21.9797;-42.3664;nao_atendido
3301603;Duas Barras;33;Rio de Janeiro;330008;Nova Friburgo;3303;Petrópolis;-22.0536;-42.5232;nao_atendido
3302007;Itaguaí;33;Rio de Janeiro;330001;Rio de Janeiro;3301;Rio de Janeiro;-22.8636;-43.7798;nao_atendido
3302056;Italva;33;Rio de Janeiro;330010;Campos dos Goytacazes;3304;Campos dos Goytacazes;-21.4296;-41.7014;nao_atendido
3302304;Laje do Muriaé;33;Rio de Janeiro;330011;Itaperuna;3304;Campos dos Goytacazes;-21.2091;-42.1271;nao_atendido
3302908;Miguel Pereira;33;Rio de Janeiro;330006;Valença;3302;Volta Redonda - Barra Mansa;-22.4572;-43.4803;nao_atendido
3303104;Natividade;33;Rio de Janeiro;330011;Itaperuna;3304;Campos dos Goytacazes;-21.039;-41.9697;nao_atendido
3303906;Petrópolis;33;Rio de Janeiro;330007;Petrópolis;3303;Petrópolis;-22.52;-43.1926;nao_atendido
3304128;Quatis;33;Rio de Janeiro;330005;Resende;3302;Volta Redonda - Barra Mansa;-22.4045;-44.2597;nao_atendido
3304151;Quissamã;33;Rio de Janeiro;330014;Macaé - Rio das Ostras;3305;Macaé - Rio das Ostras - Cabo Frio;-22.1031;-41.4693;nao_atendido
3305307;São Sebastião do Alto;33;Rio de Janeiro;330008;Nova Friburgo;3303;Petrópolis;-21.9578;-42.1328;nao_atendido
3500105;Adamantina;35;São Paulo;350019;Adamantina - Lucélia;3505;Presidente Prudente;-21.682;-51.0737;nao_atendido
3500758;Alambari;35;São Paulo;350006;Itapetininga;3502;Sorocaba;-23.5503;-47.898;nao_atendido
3501509;Alvinlândia;35;São Paulo;350013;Marília;3504;Marília;-22.4435;-49.7623;nao_atendido
3501608;Americana;35;São Paulo;350038;Campinas;3510;Campinas;-22.7374;-47.3331;nao_atendido
3503000;Aramina;35;São Paulo;350035;Ituverava;3508;Ribeirão Preto;-20.0882;-47.7873;nao_atendido
3502903;Araçoiaba da Serra;35;São Paulo;350003;Sorocaba;3502;Sorocaba;-23.5029;-47.6166;nao_atendido
3503356;Arco-Íris;35;São Paulo;350016;Tupã;3504;Marília;-21.7728;-50.466;nao_atendido
3504404;Avanhandava;35;São Paulo;350023;Birigui - Penápolis;3506;Araçatuba;-21.4584;-49.9509;nao_atendido
3505609;Barrinha;35;São Paulo;350031;Ribeirão Preto;3508;Ribeirão Preto;-21.1864;-48.1636;nao_atendido
3505906;Batatais;35;São Paulo;350031;Ribeirão Preto;3508;Ribeirão Preto;-20.8929;-47.5921;nao_atendido
3507100;Bom Jesus dos Perdões;35;São Paulo;350041;Bragança Paulista;3510;Campinas;-23.1356;-46.4675;nao_atendido
3508108;Buritama;35;São Paulo;350023;Birigui - Penápolis;3506;Araçatuba;-21.0661;-50.1475;nao_atendido
3508306;Cabrália Paulista;35;São Paulo;350009;Bauru;3503;Bauru;-22.4576;-49.3393;nao_atendido
3509205;Cajamar;35;São Paulo;350001;São Paulo;3501;São Paulo;-23.355;-46.8781;nao_atendido
3509254;Cajati;35;São Paulo;350005;Registro;3502;Sorocaba;-24.7324;-48.1223;nao_atendido
3509304;Cajobi;35;São Paulo;350032;Barretos;3508;Ribeirão Preto;-20.8773;-48.8063;nao_atendido
3509502;Campinas;35;São Paulo;350038;Campinas;3510;Campinas;-22.9053;-47.0659;nao_atendido
3509809;Campos Novos Paulista;35;São Paulo;350013;Marília;3504;Marília;-22.602;-49.9987;nao_atendido
3509700;Campos do Jordão;35;São Paulo;350050;Taubaté - Pindamonhangaba;3511;São José dos Campos;-22.7296;-45.5833;nao_atendido
3510153;Canitar;35;São Paulo;350015;Ourinhos;3504;Marília;-23.004;-49.7839;nao_atendido
3510401;Capivari;35;São Paulo;350040;Piracicaba;3510;Campinas;-22.9951;-47.5071;nao_atendido
3510609;Carapicuíba;35;São Paulo;350001;São Paulo;3501;São Paulo;-23.5235;-46.8407;nao_atendido
3512100;Colômbia;35;São Paulo;350032;Barretos;3508;Ribeirão Preto;-20.1768;-48.6865;nao_atendido
3513009;Cotia;35;São Paulo;350001;São Paulo;3501;São Paulo;-23.6022;-46.919;nao_atendido
3513504;Cubatão;35;São Paulo;350002;Santos;3501;São Paulo;-23.8911;-46.424;nao_atendido
3513850;Dirce Reis;35;São Paulo;350028;Jales;3507;São José do Rio Preto;-20.4642;-50.6073;nao_atendido
3513900;Divinolândia;35;São Paulo;350047;São José do Rio Pardo - Mococa;3510;Campinas;-21.6637;-46.7361;nao_atendido
3514304;Dourado;35;São Paulo;350037;São Carlos;3509;Araraquara;-22.1044;-48.3178;nao_atendido
3514403;Dracena;35;São Paulo;350020;Dracena;3505;Presidente Prudente;-21.4843;-51.535;nao_atendido
3514809;Eldorado;35;São Paulo;350005;Registro;3502;Sorocaba;-24.5281;-48.1141;nao_atendido
3515152;Engenheiro Coelho;35;São Paulo;350042;Limeira;3510;Campinas;-22.4836;-47.211;nao_atendido
3517000;Getulina;35;São Paulo;350013;Marília;3504;Marília;-21.7961;-49.9312;nao_atendido
3517307;Guaimbê;35;São Paulo;350013;Marília;3504;Marília;-21.9091;-49.8986;nao_atendido
3517505;Guapiaçu;35;São Paulo;350025;São José do Rio Preto;3507;São José do Rio Preto;-20.7959;-49.2172;nao_atendido
3518206;Guararapes;35;São Paulo;350022;Araçatuba;3506;Araçatuba;-21.2544;-50.6453;nao_atendido
3518909;Guzolândia;35;São Paulo;350022;Araçatuba;3506;Araçatuba;-20.6467;-50.6645;nao_atendido
3520202;Igaratá;35;São Paulo;350049;São José dos Campos;3511;São José dos Campos;-23.2037;-46.157;nao_atendido
3521150;Ipiguá;35;São Paulo;350025;São José do Rio Preto;3507;São José do Rio Preto;-20.6557;-49.3842;nao_atendido
3521200;Iporanga;35;São Paulo;350005;Registro;3502;Sorocaba;-24.5847;-48.5971;nao_atendido
3522000;Itaju;35;São Paulo;350010;Jaú;3503;Bauru;-21.9857;-48.8116;nao_atendido
3522158;Itaoca;35;São Paulo;350004;Itapeva;3502;Sorocaba;-24.6393;-48.8413;nao_atendido
3523206;Itararé;35;São Paulo;350004;Itapeva;3502;Sorocaba;-24.1085;-49.3352;nao_atendido
3523909;Itu;35;São Paulo;350003;Sorocaba;3502;Sorocaba;-23.2544;-47.2927;nao_atendido
3528007;Macatuba;35;São Paulo;350009;Bauru;3503;Bauru;-22.5002;-48.7102;nao_atendido
3528205;Macedônia;35;São Paulo;350029;Fernandópolis;3507;São José do Rio Preto;-20.1444;-50.1973;nao_atendido
3528304;Magda;35;São Paulo;350022;Araçatuba;3506;Araçatuba;-20.6445;-50.2305;nao_atendido
3529658;Mesópolis;35;São Paulo;350028;Jales;3507;São José do Rio Preto;-19.9684;-50.6326;nao_atendido
3529807;Mineiros do Tietê;35;São Paulo;350010;Jaú;3503;Bauru;-22.412;-48.451;nao_atendido
3530409;Mirassolândia;35;São Paulo;350025;São José do Rio Preto;3507;São José do Rio Preto;-20.6179;-49.4617;nao_atendido
3530706;Mogi Guaçu;35;São Paulo;350043;Mogi Guaçu;3510;Campinas;-22.3675;-46.9428;nao_atendido
3532801;Nova Aliança;35;São Paulo;350025;São José do Rio Preto;3507;São José do Rio Preto;-21.0156;-49.4986;nao_atendido
3533254;Novais;35;São Paulo;350026;Catanduva;3507;São José do Rio Preto;-20.9893;-48.9141;nao_atendido
3534104;Oriente;35;São Paulo;350013;Marília;3504;Marília;-22.1549;-50.0971;nao_atendido
3534807;Ouro Verde;35;São Paulo;350020;Dracena;3505;Presidente Prudente;-21.4872;-51.7024;nao_atendido
3535705;Paraíso;35;São Paulo;350026;Catanduva;3507;São José do Rio Preto;-21.0159;-48.7761;nao_atendido
3536109;Pardinho;35;São Paulo;350011;Botucatu;3503;Bauru;-23.0841;-48.3679;nao_atendido
3538204;Pinhalzinho;35;São Paulo;350041;Bragança Paulista;3510;Campinas;-22.7811;-46.5897;nao_atendido
3539707;Platina;35;São Paulo;350014;Assis;3504;Marília;-22.6371;-50.2104;nao_atendido
3540200;Pontal;35;São Paulo;350031;Ribeirão Preto;3508;Ribeirão Preto;-21.0216;-48.0423;nao_atendido
3540606;Porto Feliz;35;São Paulo;350003;Sorocaba;3502;Sorocaba;-23.2093;-47.5251;nao_atendido
3541109;Presidente Alves;35;São Paulo;350009;Bauru;3503;Bauru;-22.0999;-49.4381;nao_atendido
3541208;Presidente Bernardes;35;São Paulo;350018;Presidente Prudente;3505;Presidente Prudente;-22.0082;-51.5565;nao_atendido
3542404;Regente Feijó;35;São Paulo;350018;Presidente Prudente;3505;Presidente Prudente;-22.2181;-51.3055;nao_atendido
3544905;Sales Oliveira;35;São Paulo;350034;São Joaquim da Barra ¿ Orlândia;3508;Ribeirão Preto;-20.7696;-47.8369;nao_atendido
3545506;Sandovalina;35;São Paulo;350018;Presidente Prudente;3505;Presidente Prudente;-22.4551;-51.7648;nao_atendido
3546801;Santa Isabel;35;São Paulo;350001;São Paulo;3501;São Paulo;-23.3172;-46.2237;nao_atendido
3547007;Santa Maria da Serra;35;São Paulo;350040;Piracicaba;3510;Campinas;-22.5661;-48.1593;nao_atendido
3547650;Santa Salete;35;São Paulo;350028;Jales;3507;São José do Rio Preto;-20.2429;-50.6887;nao_atendido
3547205;Santana da Ponte Pensa;35;São Paulo;350030;Santa Fé do Sul;3507;São José do Rio Preto;-20.2523;-50.8014;nao_atendido
3547304;Santana de Parnaíba;35;São Paulo;350001;São Paulo;3501;São Paulo;-23.4439;-46.9178;nao_atendido
3548005;Santo Antônio de Posse;35;São Paulo;350038;Campinas;3510;Campinas;-22.6029;-46.9192;nao_atendido
3548054;Santo Antônio do Aracanguá;35;São Paulo;350022;Araçatuba;3506;Araçatuba;-20.9331;-50.498;nao_atendido
3551603;Serra Negra;35;São Paulo;350048;Amparo;3510;Campinas;-22.6139;-46.7033;nao_atendido
3549508;São José da Bela Vista;35;São Paulo;350033;Franca;3508;Ribeirão Preto;-20.5935;-47.6424;nao_atendido
3550704;São Sebastião;35;São Paulo;350051;Caraguatatuba - Ubatuba - São Sebastião;3511;São José dos Campos;-23.7951;-45.4143;nao_atendido
3553906;Tarabai;35;São Paulo;350018;Presidente Prudente;3505;Presidente Prudente;-22.3016;-51.5621;nao_atendido
3554656;Torre de Pedra;35;São Paulo;350008;Tatuí;3502;Sorocaba;-23.2462;-48.1955;nao_atendido
3554706;Torrinha;35;São Paulo;350010;Jaú;3503;Bauru;-22.4237;-48.1731;nao_atendido
3555505;Ubirajara;35;São Paulo;350009;Bauru;3503;Bauru;-22.5272;-49.6613;nao_atendido
3555802;Urânia;35;São Paulo;350028;Jales;3507;São José do Rio Preto;-20.2455;-50.6455;nao_atendido
3556701;Vinhedo;35;São Paulo;350038;Campinas;3510;Campinas;-23.0302;-46.9833;nao_atendido
4128625;Alto Paraíso;41;Paraná;410016;Umuarama;4104;Maringá;-26.1146;-52.7469;fora_do_escopo
4101309;Antônio Olinto;41;Paraná;410003;União da Vitória;4101;Curitiba;-25.9804;-50.1972;fora_do_escopo
4101853;Ariranha do Ivaí;41;Paraná;410025;Ivaiporã;4105;Londrina;-24.3857;-51.5839;fora_do_escopo
4102307;Balsa Nova;41;Paraná;410001;Curitiba;4101;Curitiba;-25.5804;-49.6291;fora_do_escopo
4103024;Boa Esperança do Iguaçu;41;Paraná;410012;Dois Vizinhos;4103;Cascavel;-25.6324;-53.2108;fora_do_escopo
4103040;Boa Ventura de São Roque;41;Paraná;410005;Pitanga;4102;Guarapuava;-24.8688;-51.6276;fora_do_escopo
4103206;Bom Sucesso;41;Paraná;410023;Apucarana;4105;Londrina;-23.7063;-51.7671;fora_do_escopo
4103305;Borrazópolis;41;Paraná;410023;Apucarana;4105;Londrina;-23.9366;-51.5875;fora_do_escopo
4103909;Campina da Lagoa;41;Paraná;410015;Campo Mourão;4104;Maringá;-24.5893;-52.7976;fora_do_escopo
4104204;Campo Largo;41;Paraná;410001;Curitiba;4101;Curitiba;-25.4525;-49.529;fora_do_escopo
4104105;Campo do Tenente;41;Paraná;410001;Curitiba;4101;Curitiba;-25.98;-49.6844;fora_do_escopo
4104808;Cascavel;41;Paraná;410006;Cascavel;4103;Cascavel;-24.9573;-53.459;fora_do_escopo
4106407;Cornélio Procópio;41;Paraná;410024;Cornélio Procópio ¿ Bandeirantes;4105;Londrina;-23.1829;-50.6498;fora_do_escopo
4106571;Cruzeiro do Iguaçu;41;Paraná;410012;Dois Vizinhos;4103;Cascavel;-25.6192;-53.1285;fora_do_escopo
4107108;Diamante do Norte;41;Paraná;410017;Paranavaí;4104;Maringá;-22.655;-52.8617;fora_do_escopo
4107751;Figueira;41;Paraná;410026;Ibaiti;4105;Londrina;-23.8455;-50.4031;fora_do_escopo
4109203;Guaraci;41;Paraná;410021;Londrina;4105;Londrina;-22.9694;-51.6504;fora_do_escopo
4109302;Guaraniaçu;41;Paraná;410006;Cascavel;4103;Cascavel;-25.0968;-52.8755;fora_do_escopo
4109401;Guarapuava;41;Paraná;410004;Guarapuava;4102;Guarapuava;-25.3902;-51.4623;fora_do_escopo
4109658;Honório Serpa;41;Paraná;410010;Pato Branco;4103;Cascavel;-26.139;-52.3848;fora_do_escopo
4110409;Indianópolis;41;Paraná;410018;Cianorte;4104;Maringá;-23.4762;-52.6989;fora_do_escopo
4110706;Irati;41;Paraná;410029;Irati;4106;Ponta Grossa;-25.4697;-50.6493;fora_do_escopo
4111704;Jaboti;41;Paraná;410026;Ibaiti;4105;Londrina;-23.7435;-50.0729;fora_do_escopo
4112801;Joaquim Távora;41;Paraná;410022;Santo Antônio da Platina;4105;Londrina;-23.4987;-49.909;fora_do_escopo
4113304;Laranjeiras do Sul;41;Paraná;410011;Laranjeiras do Sul - Quedas do Iguaçu;4103;Cascavel;-25.4077;-52.4109;fora_do_escopo
4114203;Mandaguari;41;Paraná;410014;Maringá;4104;Maringá;-23.5446;-51.671;fora_do_escopo
4114708;Maria Helena;41;Paraná;410016;Umuarama;4104;Maringá;-23.6158;-53.2053;fora_do_escopo
4115200;Maringá;41;Paraná;410014;Maringá;4104;Maringá;-23.4205;-51.9333;fora_do_escopo
4115457;Marquinho;41;Paraná;410011;Laranjeiras do Sul - Quedas do Iguaçu;4103;Cascavel;-25.112;-52.2497;fora_do_escopo
4115507;Marumbi;41;Paraná;410023;Apucarana;4105;Londrina;-23.7058;-51.6404;fora_do_escopo
4116000;Miraselva;41;Paraná;410021;Londrina;4105;Londrina;-22.9657;-51.4846;fora_do_escopo
4116307;Munhoz de Melo;41;Paraná;410014;Maringá;4104;Maringá;-23.1487;-51.7737;fora_do_escopo
4117701;Palmeira;41;Paraná;410027;Ponta Grossa;4106;Ponta Grossa;-25.4257;-50.007;fora_do_escopo
4117909;Palotina;41;Paraná;410008;Toledo;4103;Cascavel;-24.2868;-53.8404;fora_do_escopo
4118451;Pato Bragado;41;Paraná;410013;Marechal Cândido Rondon;4103;Cascavel;-24.6271;-54.2265;fora_do_escopo
4118600;Paula Freitas;41;Paraná;410003;União da Vitória;4101;Curitiba;-26.2105;-50.931;fora_do_escopo
4119954;Pontal do Paraná;41;Paraná;410002;Paranaguá;4101;Curitiba;-25.6735;-48.5111;fora_do_escopo
4120101;Porto Amazonas;41;Paraná;410027;Ponta Grossa;4106;Ponta Grossa;-25.54;-49.8946;fora_do_escopo
4120655;Quarto Centenário;41;Paraná;410015;Campo Mourão;4104;Maringá;-24.2775;-53.0759;fora_do_escopo
4120903;Quedas do Iguaçu;41;Paraná;410011;Laranjeiras do Sul - Quedas do Iguaçu;4103;Cascavel;-25.4492;-52.9102;fora_do_escopo
4121802;Ribeirão Claro;41;Paraná;410022;Santo Antônio da Platina;4105;Londrina;-23.1941;-49.7597;fora_do_escopo
4124400;Santo Antônio do Sudoeste;41;Paraná;410009;Francisco Beltrão;4103;Cascavel;-26.0737;-53.7251;fora_do_escopo
4126207;Sapopema;41;Paraná;410024;Cornélio Procópio ¿ Bandeirantes;4105;Londrina;-23.9078;-50.5801;fora_do_escopo
4126355;Serranópolis do Iguaçu;41;Paraná;410007;Foz do Iguaçu;4103;Cascavel;-25.3799;-54.0518;fora_do_escopo
4126405;Sertaneja;41;Paraná;410024;Cornélio Procópio ¿ Bandeirantes;4105;Londrina;-23.0361;-50.8317;fora_do_escopo
4125308;São Jorge do Ivaí;41;Paraná;410014;Maringá;4104;Maringá;-23.4336;-52.2929;fora_do_escopo
4125555;São Manoel do Paraná;41;Paraná;410018;Cianorte;4104;Maringá;-23.3941;-52.6454;fora_do_escopo
4125753;São Pedro do Iguaçu;41;Paraná;410008;Toledo;4103;Cascavel;-24.9373;-53.8521;fora_do_escopo
4125803;São Pedro do Ivaí;41;Paraná;410023;Apucarana;4105;Londrina;-23.8634;-51.8568;fora_do_escopo
4128559;Vera Cruz do Oeste;41;Paraná;410006;Cascavel;4103;Cascavel;-25.0577;-53.8771;fora_do_escopo
4200705;Alfredo Wagner;42;Santa Catarina;420001;Florianópolis;4201;Florianópolis;-27.7001;-49.3273;fora_do_escopo
4201307;Araquari;42;Santa Catarina;420016;Joinville;4206;Joinville;-26.3754;-48.7188;fora_do_escopo
4202578;Bom Jesus do Oeste;42;Santa Catarina;420012;Maravilha;4204;Chapecó;-26.6927;-53.0967;fora_do_escopo
4202875;Brunópolis;42;Santa Catarina;420006;Curitibanos;4203;Lages;-27.3058;-50.8684;fora_do_escopo
4203303;Campo Alegre;42;Santa Catarina;420018;São Bento do Sul - Rio Negrinho;4206;Joinville;-26.195;-49.2676;fora_do_escopo
4204004;Catanduvas;42;Santa Catarina;420008;Joaçaba - Herval d'Oeste;4204;Chapecó;-27.069;-51.6602;fora_do_escopo
4204103;Caxambu do Sul;42;Santa Catarina;420007;Chapecó;4204;Chapecó;-27.1624;-52.8807;fora_do_escopo
4203006;Caçador;42;Santa Catarina;420014;Caçador;4205;Caçador;-26.7757;-51.012;fora_do_escopo
4204152;Celso Ramos;42;Santa Catarina;420008;Joaçaba - Herval d'Oeste;4204;Chapecó;-27.6327;-51.335;fora_do_escopo
4205159;Doutor Pedrinho;42;Santa Catarina;420019;Blumenau;4207;Blumenau;-26.7174;-49.4795;fora_do_escopo
4205902;Gaspar;42;Santa Catarina;420019;Blumenau;4207;Blumenau;-26.9336;-48.9534;fora_do_escopo
4206108;Grão-Pará;42;Santa Catarina;420003;Tubarão;4202;Criciúma;-28.1809;-49.2252;fora_do_escopo
4206652;Guatambú;42;Santa Catarina;420007;Chapecó;4204;Chapecó;-27.1341;-52.7887;fora_do_escopo
4208450;Itapoá;42;Santa Catarina;420016;Joinville;4206;Joinville;-26.1158;-48.6182;fora_do_escopo
4208807;Jaguaruna;42;Santa Catarina;420003;Tubarão;4202;Criciúma;-28.6146;-49.0296;fora_do_escopo
4210902;Modelo;42;Santa Catarina;420007;Chapecó;4204;Chapecó;-26.7729;-53.04;fora_do_escopo
4211603;Nova Veneza;42;Santa Catarina;420002;Criciúma;4202;Criciúma;-28.6338;-49.5055;fora_do_escopo
4211801;Ouro;42;Santa Catarina;420008;Joaçaba - Herval d'Oeste;4204;Chapecó;-27.3379;-51.6194;fora_do_escopo
4211850;Ouro Verde;42;Santa Catarina;420011;Xanxerê;4204;Chapecó;-26.692;-52.3108;fora_do_escopo
4212254;Passo de Torres;42;Santa Catarina;420004;Araranguá;4202;Criciúma;-29.3099;-49.722;fora_do_escopo
4212270;Passos Maia;42;Santa Catarina;420011;Xanxerê;4204;Chapecó;-26.7829;-52.0568;fora_do_escopo
4212502;Penha;42;Santa Catarina;420020;Itajaí;4207;Blumenau;-26.7754;-48.6465;fora_do_escopo
4213153;Planalto Alegre;42;Santa Catarina;420007;Chapecó;4204;Chapecó;-27.0704;-52.867;fora_do_escopo
4213708;Pouso Redondo;42;Santa Catarina;420022;Rio do Sul;4207;Blumenau;-27.2567;-49.9301;fora_do_escopo
4214300;Rancho Queimado;42;Santa Catarina;420001;Florianópolis;4201;Florianópolis;-27.6727;-49.0191;fora_do_escopo
4215059;Rio Rufino;42;Santa Catarina;420005;Lages;4203;Lages;-27.8592;-49.7754;fora_do_escopo
4214805;Rio do Sul;42;Santa Catarina;420022;Rio do Sul;4207;Blumenau;-27.2156;-49.643;fora_do_escopo
4215406;Salto Veloso;42;Santa Catarina;420015;Videira;4205;Caçador;-26.903;-51.4043;fora_do_escopo
4215455;Sangão;42;Santa Catarina;420003;Tubarão;4202;Criciúma;-28.6326;-49.1322;fora_do_escopo
4217303;Saudades;42;Santa Catarina;420007;Chapecó;4204;Chapecó;-26.9317;-53.0021;fora_do_escopo
4217402;Schroeder;42;Santa Catarina;420016;Joinville;4206;Joinville;-26.4116;-49.074;fora_do_escopo
4216008;São Carlos;42;Santa Catarina;420007;Chapecó;4204;Chapecó;-27.0798;-53.0037;fora_do_escopo
4218004;Tijucas;42;Santa Catarina;420020;Itajaí;4207;Blumenau;-27.2354;-48.6322;fora_do_escopo
4218103;Timbé do Sul;42;Santa Catarina;420004;Araranguá;4202;Criciúma;-28.8287;-49.842;fora_do_escopo
4219150;Vargem;42;Santa Catarina;420008;Joaçaba - Herval d'Oeste;4204;Chapecó;-27.4867;-50.9724;fora_do_escopo
4200606;Águas Mornas;42;Santa Catarina;420001;Florianópolis;4201;Florianópolis;-27.6963;-48.8243;fora_do_escopo
4300638;Amaral Ferrador;43;Rio Grande do Sul;430005;Camaquã;4301;Porto Alegre;-30.8756;-52.2509;fora_do_escopo
4300646;Ametista do Sul;43;Rio Grande do Sul;430029;Frederico Westphalen;4306;Passo Fundo;-27.3607;-53.183;fora_do_escopo
4300802;Antônio Prado;43;Rio Grande do Sul;430036;Caxias do Sul;4307;Caxias do Sul;-28.8565;-51.2883;fora_do_escopo
4300901;Aratiba;43;Rio Grande do Sul;430026;Erechim;4306;Passo Fundo;-27.3978;-52.2975;fora_do_escopo
4302238;Boa Vista do Incra;43;Rio Grande do Sul;430027;Cruz Alta;4306;Passo Fundo;-28.8185;-53.391;fora_do_escopo
4302907;Cacequi;43;Rio Grande do Sul;430011;Santa Maria;4303;Santa Maria;-29.8883;-54.822;fora_do_escopo
4304200;Candelária;43;Rio Grande do Sul;430040;Santa Cruz do Sul;4308;Santa Cruz do Sul - Lajeado;-29.6684;-52.7895;fora_do_escopo
4304358;Candiota;43;Rio Grande do Sul;430010;Bagé;4302;Pelotas;-31.5516;-53.6773;fora_do_escopo
4304606;Canoas;43;Rio Grande do Sul;430001;Porto Alegre;4301;Porto Alegre;-29.9128;-51.1857;fora_do_escopo
4305108;Caxias do Sul;43;Rio Grande do Sul;430036;Caxias do Sul;4307;Caxias do Sul;-29.1629;-51.1792;fora_do_escopo
4305587;Colinas;43;Rio Grande do Sul;430041;Lajeado;4308;Santa Cruz do Sul - Lajeado;-29.3948;-51.8556;fora_do_escopo
4306379;Dilermando de Aguiar;43;Rio Grande do Sul;430011;Santa Maria;4303;Santa Maria;-29.7054;-54.2122;fora_do_escopo
4306429;Dois Irmãos das Missões;43;Rio Grande do Sul;430034;Palmeira das Missões;4306;Passo Fundo;-27.6621;-53.5304;fora_do_escopo
4306502;Dom Feliciano;43;Rio Grande do Sul;430005;Camaquã;4301;Porto Alegre;-30.7004;-52.1026;fora_do_escopo
4306601;Dom Pedrito;43;Rio Grande do Sul;430010;Bagé;4302;Pelotas;-30.9756;-54.6694;fora_do_escopo
4306809;Encantado;43;Rio Grande do Sul;430043;Encantado;4308;Santa Cruz do Sul - Lajeado;-29.2351;-51.8703;fora_do_escopo
4308102;Feliz;43;Rio Grande do Sul;430036;Caxias do Sul;4307;Caxias do Sul;-29.4527;-51.3032;fora_do_escopo
4308607;Garibaldi;43;Rio Grande do Sul;430037;Bento Gonçalves;4307;Caxias do Sul;-29.259;-51.5352;fora_do_escopo
4308854;Gentil;43;Rio Grande do Sul;430030;Marau;4306;Passo Fundo;-28.4316;-52.0337;fora_do_escopo
4307104;Herval;43;Rio Grande do Sul;430009;Pelotas;4302;Pelotas;-32.024;-53.3944;fora_do_escopo
4309654;Hulha Negra;43;Rio Grande do Sul;430010;Bagé;4302;Pelotas;-31.4067;-53.8667;fora_do_escopo
4310330;Imbé;43;Rio Grande do Sul;430003;Tramandaí - Osório;4301;Porto Alegre;-29.9753;-50.1281;fora_do_escopo
4310579;Itapuca;43;Rio Grande do Sul;430031;Soledade;4306;Passo Fundo;-28.7768;-52.1693;fora_do_escopo
4310751;Ivorá;43;Rio Grande do Sul;430011;Santa Maria;4303;Santa Maria;-29.5232;-53.5842;fora_do_escopo
4310850;Jaboticaba;43;Rio Grande do Sul;430029;Frederico Westphalen;4306;Passo Fundo;-27.6347;-53.2762;fora_do_escopo
4311122;Jaquirana;43;Rio Grande do Sul;430039;Vacaria;4307;Caxias do Sul;-28.8811;-50.3637;fora_do_escopo
4311130;Jari;43;Rio Grande do Sul;430011;Santa Maria;4303;Santa Maria;-29.2922;-54.2237;fora_do_escopo
4311205;Júlio de Castilhos;43;Rio Grande do Sul;430011;Santa Maria;4303;Santa Maria;-29.2299;-53.6772;fora_do_escopo
4312005;Mariano Moro;43;Rio Grande do Sul;430026;Erechim;4306;Passo Fundo;-27.3568;-52.1467;fora_do_escopo
4312609;Muçum;43;Rio Grande do Sul;430043;Encantado;4308;Santa Cruz do Sul - Lajeado;-29.163;-51.8714;fora_do_escopo
4312906;Nova Bassano;43;Rio Grande do Sul;430038;Nova Prata - Guaporé;4307;Caxias do Sul;-28.7291;-51.7072;fora_do_escopo
4313011;Nova Candelária;43;Rio Grande do Sul;430023;Três de Maio;4305;Ijuí;-27.6137;-54.1074;fora_do_escopo
4313060;Nova Hartz;43;Rio Grande do Sul;430002;Novo Hamburgo - São Leopoldo;4301;Porto Alegre;-29.5808;-50.9051;fora_do_escopo
4313359;Nova Roma do Sul;43;Rio Grande do Sul;430036;Caxias do Sul;4307;Caxias do Sul;-28.9882;-51.4095;fora_do_escopo
4313391;Novo Cabrais;43;Rio Grande do Sul;430013;Cachoeira do Sul;4303;Santa Maria;-29.7338;-52.9489;fora_do_escopo
4313508;Osório;43;Rio Grande do Sul;430003;Tramandaí - Osório;4301;Porto Alegre;-29.8881;-50.2667;fora_do_escopo
4313607;Paim Filho;43;Rio Grande do Sul;430032;Tapejara - Sananduva;4306;Passo Fundo;-27.7075;-51.763;fora_do_escopo
4313953;Pantano Grande;43;Rio Grande do Sul;430040;Santa Cruz do Sul;4308;Santa Cruz do Sul - Lajeado;-30.1902;-52.3729;fora_do_escopo
4315073;Porto Vera Cruz;43;Rio Grande do Sul;430019;Santa Rosa;4305;Ijuí;-27.7405;-54.8994;fora_do_escopo
4315107;Porto Xavier;43;Rio Grande do Sul;430024;Cerro Largo;4305;Ijuí;-27.9082;-55.1379;fora_do_escopo
4315131;Pouso Novo;43;Rio Grande do Sul;430041;Lajeado;4308;Santa Cruz do Sul - Lajeado;-29.1738;-52.2136;fora_do_escopo
4315313;Quatro Irmãos;43;Rio Grande do Sul;430026;Erechim;4306;Passo Fundo;-27.8257;-52.4424;fora_do_escopo
4315321;Quevedos;43;Rio Grande do Sul;430011;Santa Maria;4303;Santa Maria;-29.3504;-54.0789;fora_do_escopo
4315602;Rio Grande;43;Rio Grande do Sul;430009;Pelotas;4302;Pelotas;-32.0349;-52.1071;fora_do_escopo
4316451;Salto do Jacuí;43;Rio Grande do Sul;430027;Cruz Alta;4306;Passo Fundo;-29.0951;-53.2133;fora_do_escopo
4317608;Santo Antônio da Patrulha;43;Rio Grande do Sul;430001;Porto Alegre;4301;Porto Alegre;-29.8268;-50.5175;fora_do_escopo
4317509;Santo Ângelo;43;Rio Grande do Sul;430020;Santo Ângelo;4305;Ijuí;-28.3001;-54.2668;fora_do_escopo
4320230;Sede Nova;43;Rio Grande do Sul;430021;Três Passos;4305;Ijuí;-27.6367;-53.9493;fora_do_escopo
4318507;São José do Norte;43;Rio Grande do Sul;430009;Pelotas;4302;Pelotas;-32.0151;-52.0331;fora_do_escopo
4318614;São José do Sul;43;Rio Grande do Sul;430007;Montenegro;4301;Porto Alegre;-29.5448;-51.4821;fora_do_escopo
4319372;São Pedro do Butiá;43;Rio Grande do Sul;430024;Cerro Largo;4305;Ijuí;-28.1243;-54.8926;fora_do_escopo
4321501;Torres;43;Rio Grande do Sul;430008;Torres;4301;Porto Alegre;-29.3334;-49.7333;fora_do_escopo
4322004;Triunfo;43;Rio Grande do Sul;430006;Charqueadas - Triunfo - São Jerônimo;4301;Porto Alegre;-29.9291;-51.7075;fora_do_escopo
4322152;Tunas;43;Rio Grande do Sul;430042;Sobradinho;4308;Santa Cruz do Sul - Lajeado;-29.1039;-52.9538;fora_do_escopo
4322343;Ubiretama;43;Rio Grande do Sul;430024;Cerro Largo;4305;Ijuí;-28.0404;-54.686;fora_do_escopo
4322707;Vera Cruz;43;Rio Grande do Sul;430040;Santa Cruz do Sul;4308;Santa Cruz do Sul - Lajeado;-29.7184;-52.5152;fora_do_escopo
5000856;Angélica;50;Mato Grosso do Sul;500007;Nova Andradina;5002;Dourados;-22.1527;-53.7708;fora_do_escopo
5002308;Brasilândia;50;Mato Grosso do Sul;500002;Três Lagoas;5001;Campo Grande;-21.2544;-52.0365;fora_do_escopo
5002605;Camapuã;50;Mato Grosso do Sul;500001;Campo Grande;5001;Campo Grande;-19.5347;-54.0431;fora_do_escopo
5005152;Juti;50;Mato Grosso do Sul;500005;Dourados;5002;Dourados;-22.8596;-54.6061;fora_do_escopo
5006275;Paraíso das Águas;50;Mato Grosso do Sul;500003;Paranaíba - Chapadão do Sul - Cassilândia;5001;Campo Grande;-19.0216;-53.0116;fora_do_escopo
5007505;Rochedo;50;Mato Grosso do Sul;500001;Campo Grande;5001;Campo Grande;-19.9565;-54.8848;fora_do_escopo
5007976;Taquarussu;50;Mato Grosso do Sul;500007;Nova Andradina;5002;Dourados;-22.4898;-53.3519;fora_do_escopo
5101407;Aripuanã;51;Mato Grosso;510009;Juína;5103;Sinop;-10.1723;-59.4568;fora_do_escopo
5102686;Campos de Júlio;51;Mato Grosso;510005;Pontes e Lacerda - Comodoro;5102;Cáceres;-13.7242;-59.2858;fora_do_escopo
5103502;Diamantino;51;Mato Grosso;510003;Diamantino;5101;Cuiabá;-14.4037;-56.4366;fora_do_escopo
5103809;Figueirópolis D'Oeste;51;Mato Grosso;510006;Mirassol D'oeste;5102;Cáceres;-15.4439;-58.7391;fora_do_escopo
5103908;General Carneiro;51;Mato Grosso;510013;Barra do Garças;5104;Barra do Garças;-15.7094;-52.7574;fora_do_escopo
5105234;Lambari D'Oeste;51;Mato Grosso;510004;Cáceres;5102;Cáceres;-15.3188;-58.0046;fora_do_escopo
5105259;Lucas do Rio Verde;51;Mato Grosso;510008;Sorriso;5103;Sinop;-13.0588;-55.9042;fora_do_escopo
5105622;Mirassol d'Oeste;51;Mato Grosso;510006;Mirassol D'oeste;5102;Cáceres;-15.6759;-58.0951;fora_do_escopo
5106224;Nova Mutum;51;Mato Grosso;510008;Sorriso;5103;Sinop;-13.8374;-56.0743;fora_do_escopo
5106174;Nova Nazaré;51;Mato Grosso;510015;Água Boa;5104;Barra do Garças;-13.9486;-51.8002;fora_do_escopo
5106273;Novo Horizonte do Norte;51;Mato Grosso;510012;Juara;5103;Sinop;-11.4089;-57.3488;fora_do_escopo
5106372;Pedra Preta;51;Mato Grosso;510016;Rondonópolis;5105;Rondonópolis;-16.6245;-54.4722;fora_do_escopo
5107040;Primavera do Leste;51;Mato Grosso;510017;Primavera do Leste;5105;Rondonópolis;-15.544;-54.2811;fora_do_escopo
5107156;Reserva do Cabaçal;51;Mato Grosso;510006;Mirassol D'oeste;5102;Cáceres;-15.0743;-58.4585;fora_do_escopo
5107578;Rondolândia;51;Mato Grosso;510009;Juína;5103;Sinop;-10.8376;-61.4697;fora_do_escopo
5107354;São José do Xingu;51;Mato Grosso;510014;Confresa - Vila Rica;5104;Barra do Garças;-10.7982;-52.7486;fora_do_escopo
5107107;São José dos Quatro Marcos;51;Mato Grosso;510006;Mirassol D'oeste;5102;Cáceres;-15.6276;-58.1772;fora_do_escopo
5108352;Vale de São Domingos;51;Mato Grosso;510005;Pontes e Lacerda - Comodoro;5102;Cáceres;-15.286;-59.0683;fora_do_escopo
5200308;Alexânia;52;Goiás;520002;Anápolis;5201;Goiânia;-16.0834;-48.5076;fora_do_escopo
5201306;Anicuns;52;Goiás;520003;Inhumas - Itaberaí - Anicuns;5201;Goiânia;-16.4642;-49.9617;fora_do_escopo
5203500;Bom Jesus de Goiás;52;Goiás;520007;Itumbiara;5202;Itumbiara;-18.2173;-49.74;fora_do_escopo
5204508;Caldas Novas;52;Goiás;520008;Caldas Novas-Morrinhos;5202;Itumbiara;-17.7441;-48.6246;fora_do_escopo
5204953;Campos Verdes;52;Goiás;520018;Ceres - Rialma - Goianésia;5205;Porangatu - Uruaçu;-14.2442;-49.6528;fora_do_escopo
5205208;Caturaí;52;Goiás;520001;Goiânia;5201;Goiânia;-16.4447;-49.4936;fora_do_escopo
5205802;Corumbá de Goiás;52;Goiás;520002;Anápolis;5201;Goiânia;-15.9245;-48.8117;fora_do_escopo
5207501;Estrela do Norte;52;Goiás;520016;Porangatu;5205;Porangatu - Uruaçu;-13.8665;-49.0716;fora_do_escopo
5208806;Goianira;52;Goiás;520001;Goiânia;5201;Goiânia;-16.4947;-49.427;fora_do_escopo
5209101;Goiatuba;52;Goiás;520007;Itumbiara;5202;Itumbiara;-18.0105;-49.3658;fora_do_escopo
5210000;Inhumas;52;Goiás;520003;Inhumas - Itaberaí - Anicuns;5201;Goiânia;-16.3611;-49.5001;fora_do_escopo
5210208;Iporá;52;Goiás;520014;Iporá;5204;São Luís de Montes Belos - Iporá;-16.4398;-51.118;fora_do_escopo
5210307;Israelândia;52;Goiás;520014;Iporá;5204;São Luís de Montes Belos - Iporá;-16.3144;-50.9087;fora_do_escopo
5211503;Itumbiara;52;Goiás;520007;Itumbiara;5202;Itumbiara;-18.4093;-49.2158;fora_do_escopo
5212006;Jaupaci;52;Goiás;520014;Iporá;5204;São Luís de Montes Belos - Iporá;-16.1773;-50.9508;fora_do_escopo
5213707;Montes Claros de Goiás;52;Goiás;520014;Iporá;5204;São Luís de Montes Belos - Iporá;-16.0059;-51.3979;fora_do_escopo
5214408;Nazário;52;Goiás;520015;Palmeiras de Goiás;5204;São Luís de Montes Belos - Iporá;-16.5808;-49.8817;fora_do_escopo
5215207;Novo Brasil;52;Goiás;520005;Goiás - Itapuranga;5201;Goiânia;-16.0313;-50.7113;fora_do_escopo
5215702;Palmeiras de Goiás;52;Goiás;520015;Palmeiras de Goiás;5204;São Luís de Montes Belos - Iporá;-16.8044;-49.924;fora_do_escopo
5216007;Panamá;52;Goiás;520007;Itumbiara;5202;Itumbiara;-18.1783;-49.355;fora_do_escopo
5218102;Portelândia;52;Goiás;520011;Jataí-Mineiros;5203;Rio Verde;-17.3554;-52.6799;fora_do_escopo
5218706;Rianápolis;52;Goiás;520018;Ceres - Rialma - Goianésia;5205;Porangatu - Uruaçu;-15.4456;-49.5114;fora_do_escopo
5219407;Santa Rita do Araguaia;52;Goiás;520011;Jataí-Mineiros;5203;Rio Verde;-17.3269;-53.2012;fora_do_escopo
5219704;Santa Terezinha de Goiás;52;Goiás;520018;Ceres - Rialma - Goianésia;5205;Porangatu - Uruaçu;-14.4326;-49.7091;fora_do_escopo
5219712;Santo Antônio da Barra;52;Goiás;520010;Rio Verde;5203;Rio Verde;-17.5585;-50.6345;fora_do_escopo
5220603;Silvânia;52;Goiás;520002;Anápolis;5201;Goiânia;-16.66;-48.6083;fora_do_escopo
5220702;Sítio d'Abadia;52;Goiás;520021;Posse-Campos Belos;5206;Luziânia - Águas Lindas de Goiás;-14.7992;-46.2506;fora_do_escopo
5221080;Teresina de Goiás;52;Goiás;520022;Flores de Goiás;5206;Luziânia - Águas Lindas de Goiás;-13.7801;-47.2659;fora_do_escopo
5221452;Trombas;52;Goiás;520016;Porangatu;5205;Porangatu - Uruaçu;-13.5079;-48.7417;fora_do_escopo
5221551;Turvelândia;52;Goiás;520010;Rio Verde;5203;Rio Verde;-17.8502;-50.3024;fora_do_escopo
5222005;Vianópolis;52;Goiás;520002;Anápolis;5201;Goiânia;-16.7405;-48.5159;fora_do_escopo
3130200;Igaratinga;31;Minas Gerais;310068;Pará de Minas;3113;Divinópolis;-19.9476;-44.7063;atendido
1100379;Alto Alegre dos Parecis;11;Rondônia;110005;Cacoal;1102;Ji-Paraná;-12.132;-61.835;fora_do_escopo
1100403;Alto Paraíso;11;Rondônia;110002;Ariquemes;1101;Porto Velho;-9.71429;-63.3188;fora_do_escopo
1100601;Cacaulândia;11;Rondônia;110002;Ariquemes;1101;Porto Velho;-10.349;-62.9043;fora_do_escopo
1100114;Jaru;11;Rondônia;110003;Jaru;1101;Porto Velho;-10.4318;-62.4788;fora_do_escopo
1100502;Novo Horizonte do Oeste;11;Rondônia;110005;Cacoal;1102;Ji-Paraná;-11.6961;-61.9951;fora_do_escopo
1100155;Ouro Preto do Oeste;11;Rondônia;110004;Ji-Paraná;1102;Ji-Paraná;-10.7167;-62.2565;fora_do_escopo
1101450;Parecis;11;Rondônia;110005;Cacoal;1102;Ji-Paraná;-12.1754;-61.6032;fora_do_escopo
1100189;Pimenta Bueno;11;Rondônia;110005;Cacoal;1102;Ji-Paraná;-11.672;-61.198;fora_do_escopo
1101708;Urupá;11;Rondônia;110004;Ji-Paraná;1102;Ji-Paraná;-11.1261;-62.3639;fora_do_escopo
1101807;Vale do Paraíso;11;Rondônia;110004;Ji-Paraná;1102;Ji-Paraná;-10.4465;-62.1352;fora_do_escopo
1200252;Epitaciolândia;12;Acre;120002;Brasiléia;1201;Rio Branco;-11.0188;-68.7341;fora_do_escopo
1200450;Senador Guiomard;12;Acre;120001;Rio Branco;1201;Rio Branco;-10.1497;-67.7362;fora_do_escopo
1301209;Coari;13;Amazonas;130003;Coari;1301;Manaus;-4.09412;-63.1441;fora_do_escopo
1301803;Ipixuna;13;Amazonas;130007;Eirunepé;1302;Tefé;-7.04791;-71.6934;fora_do_escopo
1301951;Itamarati;13;Amazonas;130007;Eirunepé;1302;Tefé;-6.43852;-68.2437;fora_do_escopo
1302405;Lábrea;13;Amazonas;130008;Lábrea;1303;Lábrea;-7.26413;-64.7948;fora_do_escopo
1303205;Novo Airão;13;Amazonas;130004;Manacapuru;1301;Manaus;-2.63637;-60.9434;fora_do_escopo
1303502;Pauini;13;Amazonas;130008;Lábrea;1303;Lábrea;-7.71311;-66.992;fora_do_escopo
1303700;Santo Antônio do Içá;13;Amazonas;130006;Tabatinga;1302;Tefé;-3.09544;-67.9463;fora_do_escopo
1400407;Normandia;14;Roraima;140002;Pacaraima;1401;Boa Vista;3.8853;-59.6204;fora_do_escopo
1500131;Abel Figueiredo;15;Pará;150009;Marabá;1503;Marabá;-4.95333;-48.3933;fora_do_escopo
1500305;Afuá;15;Pará;150020;Breves;1507;Breves;-0.154874;-50.3861;fora_do_escopo
1501782;Breu Branco;15;Pará;150011;Tucuruí;1503;Marabá;-3.77191;-49.5735;fora_do_escopo
1503200;Igarapé-Açu;15;Pará;150004;Castanhal;1502;Castanhal;-1.12539;-47.626;fora_do_escopo
1503457;Ipixuna do Pará;15;Pará;150007;Paragominas;1502;Castanhal;-2.55992;-47.5059;fora_do_escopo
1503507;Irituia;15;Pará;150004;Castanhal;1502;Castanhal;-1.76984;-47.446;fora_do_escopo
1505304;Oriximiná;15;Pará;150017;Oriximiná;1505;Santarém;-1.75989;-55.8579;fora_do_escopo
1505601;Peixe-Boi;15;Pará;150006;Capanema;1502;Castanhal;-1.19382;-47.324;fora_do_escopo
1505650;Placas;15;Pará;150016;Itaituba;1505;Santarém;-3.86813;-54.2124;fora_do_escopo
1505700;Ponta de Pedras;15;Pará;150021;Soure-Salvaterra;1507;Breves;-1.39587;-48.8661;fora_do_escopo
1505908;Porto de Moz;15;Pará;150019;Almeirim - Porto de Moz;1506;Altamira;-1.74691;-52.2361;fora_do_escopo
1506104;Primavera;15;Pará;150006;Capanema;1502;Castanhal;-0.945439;-47.1253;fora_do_escopo
1506807;Santarém;15;Pará;150015;Santarém;1505;Santarém;-2.43849;-54.6996;fora_do_escopo
1507003;Santo Antônio do Tauá;15;Pará;150001;Belém;1501;Belém;-1.1522;-48.1314;fora_do_escopo
1507706;São Sebastião da Boa Vista;15;Pará;150020;Breves;1507;Breves;-1.71597;-49.5249;fora_do_escopo
1600253;Itaubal;16;Amapá;160001;Macapá;1601;Macapá;0.602185;-50.6996;fora_do_escopo
1700251;Abreulândia;17;Tocantins;170003;Paraíso do Tocantins;1701;Palmas;-9.62101;-49.1518;fora_do_escopo
1700301;Aguiarnópolis;17;Tocantins;170008;Tocantinópolis;1702;Araguaína;-6.55409;-47.4702;fora_do_escopo
1703891;Carrasco Bonito;17;Tocantins;170009;Araguatins;1702;Araguaína;-5.31415;-48.0314;fora_do_escopo
1703909;Caseara;17;Tocantins;170003;Paraíso do Tocantins;1701;Palmas;-9.27612;-49.9521;fora_do_escopo
1716703;Colméia;17;Tocantins;170006;Guaraí;1702;Araguaína;-8.72463;-48.7638;fora_do_escopo
1706001;Couto Magalhães;17;Tocantins;170006;Guaraí;1702;Araguaína;-8.28411;-49.2473;fora_do_escopo
1707009;Dianópolis;17;Tocantins;170011;Dianópolis;1703;Gurupi;-11.624;-46.8198;fora_do_escopo
1707405;Esperantina;17;Tocantins;170009;Araguatins;1702;Araguaína;-5.36593;-48.5378;fora_do_escopo
1711100;Itaporã do Tocantins;17;Tocantins;170006;Guaraí;1702;Araguaína;-8.57172;-48.6895;fora_do_escopo
1711506;Jaú do Tocantins;17;Tocantins;170010;Gurupi;1703;Gurupi;-12.6509;-48.589;fora_do_escopo
1711902;Lagoa da Confusão;17;Tocantins;170003;Paraíso do Tocantins;1701;Palmas;-10.7906;-49.6199;fora_do_escopo
1712009;Lajeado;17;Tocantins;170001;Palmas;1701;Palmas;-9.74996;-48.3565;fora_do_escopo
1712702;Mateiros;17;Tocantins;170001;Palmas;1701;Palmas;-10.5464;-46.4168;fora_do_escopo
1714203;Natividade;17;Tocantins;170002;Porto Nacional;1701;Palmas;-11.7034;-47.7223;fora_do_escopo
1714880;Nova Olinda;17;Tocantins;170005;Araguaína;1702;Araguaína;-7.63171;-48.4252;fora_do_escopo
1715002;Nova Rosalândia;17;Tocantins;170003;Paraíso do Tocantins;1701;Palmas;-10.5651;-48.9125;fora_do_escopo
1720002;Santa Terezinha do Tocantins;17;Tocantins;170008;Tocantinópolis;1702;Araguaína;-6.44438;-47.6684;fora_do_escopo
1708254;Tabocão;17;Tocantins;170006;Guaraí;1702;Araguaína;-9.05611;-48.5206;fora_do_escopo
1722081;Wanderlândia;17;Tocantins;170005;Araguaína;1702;Araguaína;-6.85274;-47.9601;fora_do_escopo
2101301;Bacuri;21;Maranhão;210008;Cururupu;2101;São Luís;-1.6965;-45.1328;fora_do_escopo
2101731;Belágua;21;Maranhão;210003;Chapadinha;2101;São Luís;-3.15485;-43.5122;fora_do_escopo
2102309;Buriti Bravo;21;Maranhão;210014;Timon;2103;Caxias;-5.83239;-43.8353;fora_do_escopo
2102325;Buriticupu;21;Maranhão;210021;Açailândia;2105;Imperatriz;-4.32375;-46.4409;fora_do_escopo
2102408;Cajapió;21;Maranhão;210005;Viana;2101;São Luís;-2.87326;-44.6741;fora_do_escopo
2102903;Carutapera;21;Maranhão;210011;Governador Nunes Freire;2102;Santa Inês - Bacabal;-1.19696;-46.0085;fora_do_escopo
2103125;Central do Maranhão;21;Maranhão;210008;Cururupu;2101;São Luís;-2.19831;-44.8254;fora_do_escopo
2103174;Centro Novo do Maranhão;21;Maranhão;210011;Governador Nunes Freire;2102;Santa Inês - Bacabal;-2.12696;-46.1228;fora_do_escopo
2104602;Governador Eugênio Barros;21;Maranhão;210016;Presidente Dutra;2104;Presidente Dutra;-5.31897;-44.2469;fora_do_escopo
2104651;Governador Newton Bello;21;Maranhão;210009;Santa Inês;2102;Santa Inês - Bacabal;-3.43245;-45.6619;fora_do_escopo
2104677;Governador Nunes Freire;21;Maranhão;210011;Governador Nunes Freire;2102;Santa Inês - Bacabal;-2.12899;-45.8777;fora_do_escopo
2105153;Igarapé do Meio;21;Maranhão;210009;Santa Inês;2102;Santa Inês - Bacabal;-3.65771;-45.2114;fora_do_escopo
2105476;Jenipapo dos Vieiras;21;Maranhão;210020;Barra do Corda;2105;Imperatriz;-5.36237;-45.6356;fora_do_escopo
2106904;Monção;21;Maranhão;210009;Santa Inês;2102;Santa Inês - Bacabal;-3.48125;-45.2496;fora_do_escopo
2107100;Morros;21;Maranhão;210001;São Luís;2101;São Luís;-2.85379;-44.0357;fora_do_escopo
2109205;Presidente Juscelino;21;Maranhão;210001;São Luís;2101;São Luís;-2.91872;-44.0715;fora_do_escopo
2109908;Santa Inês;21;Maranhão;210009;Santa Inês;2102;Santa Inês - Bacabal;-3.65112;-45.3774;fora_do_escopo
2110005;Santa Luzia;21;Maranhão;210009;Santa Inês;2102;Santa Inês - Bacabal;-4.06873;-45.69;fora_do_escopo
2110039;Santa Luzia do Paruá;21;Maranhão;210011;Governador Nunes Freire;2102;Santa Inês - Bacabal;-2.51123;-45.7801;fora_do_escopo
2111904;Sucupira do Norte;21;Maranhão;210018;Colinas;2104;Presidente Dutra;-6.47839;-44.1919;fora_do_escopo
2110807;São Félix de Balsas;21;Maranhão;210022;Balsas;2105;Imperatriz;-7.07535;-44.8092;fora_do_escopo
2111003;São João Batista;21;Maranhão;210005;Viana;2101;São Luís;-2.95398;-44.7953;fora_do_escopo
2111573;São Pedro dos Crentes;21;Maranhão;210020;Barra do Corda;2105;Imperatriz;-6.82389;-46.5319;fora_do_escopo
2112506;Tutóia;21;Maranhão;210007;Tutóia - Araioses;2101;São Luís;-2.76141;-42.2755;fora_do_escopo
2113009;Vitorino Freire;21;Maranhão;210010;Bacabal;2102;Santa Inês - Bacabal;-4.28184;-45.2505;fora_do_escopo
2201408;Barro Duro;22;Piauí;220002;Amarante - Água Branca - Regeneração;2201;Teresina;-5.81673;-42.5147;fora_do_escopo
2201739;Betânia do Piauí;22;Piauí;220010;Paulistana;2203;Picos;-8.14376;-40.7989;fora_do_escopo
2201919;Bom Princípio do Piauí;22;Piauí;220006;Parnaíba;2202;Parnaíba;-3.19631;-41.6403;fora_do_escopo
2203271;Curral Novo do Piauí;22;Piauí;220010;Paulistana;2203;Picos;-7.8313;-40.8957;fora_do_escopo
2203701;Esperantina;22;Piauí;220008;Esperantina;2202;Parnaíba;-3.88863;-42.2324;fora_do_escopo
2204154;Francisco Macedo;22;Piauí;220009;Picos;2203;Picos;-7.331;-40.788;fora_do_escopo
2204352;Geminiano;22;Piauí;220009;Picos;2203;Picos;-7.15476;-41.3409;fora_do_escopo
2204808;Ipiranga do Piauí;22;Piauí;220004;Valença do Piauí;2201;Teresina;-6.82421;-41.7381;fora_do_escopo
2204907;Isaías Coelho;22;Piauí;220009;Picos;2203;Picos;-7.73597;-41.6735;fora_do_escopo
2205300;Jerumenha;22;Piauí;220017;Floriano;2206;Floriano;-7.09128;-43.5033;fora_do_escopo
2205540;Lagoinha do Piauí;22;Piauí;220002;Amarante - Água Branca - Regeneração;2201;Teresina;-5.83074;-42.6223;fora_do_escopo
2206407;Monsenhor Gil;22;Piauí;220001;Teresina;2201;Teresina;-5.562;-42.6075;fora_do_escopo
2206605;Monte Alegre do Piauí;22;Piauí;220015;Corrente;2205;Corrente - Bom Jesus;-9.75364;-45.3037;fora_do_escopo
2206704;Nazaré do Piauí;22;Piauí;220017;Floriano;2206;Floriano;-6.97023;-42.6773;fora_do_escopo
2207959;Nova Santa Rita;22;Piauí;220014;São João do Piauí;2204;São Raimundo Nonato;-8.09707;-42.0471;fora_do_escopo
2206902;Novo Oriente do Piauí;22;Piauí;220004;Valença do Piauí;2201;Teresina;-6.44901;-41.9261;fora_do_escopo
2207751;Passagem Franca do Piauí;22;Piauí;220002;Amarante - Água Branca - Regeneração;2201;Teresina;-5.86036;-42.4436;fora_do_escopo
2208106;Pimenteiras;22;Piauí;220004;Valença do Piauí;2201;Teresina;-6.23839;-41.4113;fora_do_escopo
2208304;Piracuruca;22;Piauí;220007;Piripiri;2202;Parnaíba;-3.93335;-41.7088;fora_do_escopo
2209104;Santa Cruz do Piauí;22;Piauí;220009;Picos;2203;Picos;-7.1785;-41.7609;fora_do_escopo
2209302;Santa Luz;22;Piauí;220016;Bom Jesus;2205;Corrente - Bom Jesus;-8.9488;-44.1296;fora_do_escopo
2209377;Santa Rosa do Piauí;22;Piauí;220011;Oeiras;2203;Picos;-6.79581;-42.2814;fora_do_escopo
2209450;Santo Antônio dos Milagres;22;Piauí;220002;Amarante - Água Branca - Regeneração;2201;Teresina;-6.04647;-42.7123;fora_do_escopo
2210904;Socorro do Piauí;22;Piauí;220012;Simplício Mendes;2203;Picos;-7.86773;-42.4922;fora_do_escopo
2209757;São Gonçalo do Gurguéia;22;Piauí;220015;Corrente;2205;Corrente - Bom Jesus;-10.0319;-45.3092;fora_do_escopo
2211001;Teresina;22;Piauí;220001;Teresina;2201;Teresina;-5.09194;-42.8034;fora_do_escopo
2211100;União;22;Piauí;220001;Teresina;2201;Teresina;-4.58571;-42.8583;fora_do_escopo
2211209;Uruçuí;22;Piauí;220018;Uruçuí;2206;Floriano;-7.23944;-44.5577;fora_do_escopo
2211308;Valença do Piauí;22;Piauí;220004;Valença do Piauí;2201;Teresina;-6.40301;-41.7375;fora_do_escopo
2300200;Acaraú;23;Ceará;230017;Acaraú;2306;Sobral;-2.88769;-40.1183;fora_do_escopo
2300309;Acopiara;23;Ceará;230009;Iguatu;2303;Iguatu;-6.08911;-39.448;fora_do_escopo
2300705;Alto Santo;23;Ceará;230007;Russas - Limoeiro do Norte;2302;Quixadá;-5.50894;-38.2743;fora_do_escopo
2300903;Apuiarés;23;Ceará;230005;Itapagé;2301;Fortaleza;-3.94506;-39.4359;fora_do_escopo
2301000;Aquiraz;23;Ceará;230001;Fortaleza;2301;Fortaleza;-3.89929;-38.3896;fora_do_escopo
2301307;Araripe;23;Ceará;230011;Juazeiro do Norte;2304;Juazeiro do Norte;-7.21319;-40.1359;fora_do_escopo
2301505;Arneiroz;23;Ceará;230014;Tauá;2305;Crateús;-6.3165;-40.1653;fora_do_escopo
2302107;Baturité;23;Ceará;230003;Redenção-Acarape;2301;Fortaleza;-4.32598;-38.8812;fora_do_escopo
2302206;Beberibe;23;Ceará;230001;Fortaleza;2301;Fortaleza;-4.17741;-38.1271;fora_do_escopo
2303907;Chaval;23;Ceará;230018;Camocim;2306;Sobral;-3.03571;-41.2435;fora_do_escopo
2303956;Chorozinho;23;Ceará;230001;Fortaleza;2301;Fortaleza;-4.28873;-38.4986;fora_do_escopo
2304202;Crato;23;Ceará;230011;Juazeiro do Norte;2304;Juazeiro do Norte;-7.2153;-39.4103;fora_do_escopo
2304236;Croatá;23;Ceará;230016;São Benedito - Ipu - Guaraciaba do Norte - Tianguá;2306;Sobral;-4.40481;-40.9022;fora_do_escopo
2304251;Cruz;23;Ceará;230017;Acaraú;2306;Sobral;-2.91813;-40.176;fora_do_escopo
2304277;Ereré;23;Ceará;230007;Russas - Limoeiro do Norte;2302;Quixadá;-6.02751;-38.3461;fora_do_escopo
2304459;Fortim;23;Ceará;230008;Aracati;2302;Quixadá;-4.45126;-37.7981;fora_do_escopo
2304608;General Sampaio;23;Ceará;230005;Itapagé;2301;Fortaleza;-4.04351;-39.454;fora_do_escopo
2304707;Granja;23;Ceará;230018;Camocim;2306;Sobral;-3.12788;-40.8372;fora_do_escopo
2304905;Groaíras;23;Ceará;230015;Sobral;2306;Sobral;-3.91787;-40.3852;fora_do_escopo
2305605;Independência;23;Ceará;230013;Crateús;2305;Crateús;-5.38789;-40.3085;fora_do_escopo
2305704;Ipaumirim;23;Ceará;230010;Icó;2303;Iguatu;-6.78265;-38.7179;fora_do_escopo
2306207;Itaiçaba;23;Ceará;230008;Aracati;2302;Quixadá;-4.67146;-37.833;fora_do_escopo
2306702;Jaguaretama;23;Ceará;230007;Russas - Limoeiro do Norte;2302;Quixadá;-5.6051;-38.7639;fora_do_escopo
2307007;Jaguaruana;23;Ceará;230008;Aracati;2302;Quixadá;-4.83151;-37.781;fora_do_escopo
2307908;Martinópole;23;Ceará;230015;Sobral;2306;Sobral;-3.2252;-40.6896;fora_do_escopo
2308708;Morada Nova;23;Ceará;230007;Russas - Limoeiro do Norte;2302;Quixadá;-5.09736;-38.3702;fora_do_escopo
2308807;Moraújo;23;Ceará;230015;Sobral;2306;Sobral;-3.46311;-40.6776;fora_do_escopo
2309706;Pacatuba;23;Ceará;230001;Fortaleza;2301;Fortaleza;-3.9784;-38.6183;fora_do_escopo
2310100;Palmácia;23;Ceará;230001;Fortaleza;2301;Fortaleza;-4.13831;-38.8446;fora_do_escopo
2310308;Parambu;23;Ceará;230014;Tauá;2305;Crateús;-6.20768;-40.6905;fora_do_escopo
2311264;Quiterianópolis;23;Ceará;230013;Crateús;2305;Crateús;-5.8425;-40.7002;fora_do_escopo
2311900;Saboeiro;23;Ceará;230009;Iguatu;2303;Iguatu;-6.5346;-39.9017;fora_do_escopo
2312304;São Benedito;23;Ceará;230016;São Benedito - Ipu - Guaraciaba do Norte - Tianguá;2306;Sobral;-4.04713;-40.8596;fora_do_escopo
2313708;Umari;23;Ceará;230010;Icó;2303;Iguatu;-6.63893;-38.7008;fora_do_escopo
2401107;Areia Branca;24;Rio Grande do Norte;240009;Mossoró;2403;Mossoró;-4.95254;-37.1252;fora_do_escopo
2401305;Campo Grande;24;Rio Grande do Norte;240009;Mossoró;2403;Mossoró;-5.86206;-37.3135;fora_do_escopo
2403004;Cruzeta;24;Rio Grande do Norte;240007;Caicó;2402;Caicó;-6.40894;-36.7782;fora_do_escopo
2403103;Currais Novos;24;Rio Grande do Norte;240008;Currais Novos;2402;Caicó;-6.25484;-36.5146;fora_do_escopo
2403806;Florânia;24;Rio Grande do Norte;240008;Currais Novos;2402;Caicó;-6.12264;-36.8226;fora_do_escopo
2404101;Galinhos;24;Rio Grande do Norte;240005;João Câmara;2401;Natal;-5.0909;-36.2754;fora_do_escopo
2406007;José da Penha;24;Rio Grande do Norte;240010;Pau dos Ferros;2403;Mossoró;-6.31095;-38.2823;fora_do_escopo
2406304;Lagoa de Pedras;24;Rio Grande do Norte;240002;Santo Antônio - Passa e Fica - Nova Cruz;2401;Natal;-6.15082;-35.4299;fora_do_escopo
2407005;Luís Gomes;24;Rio Grande do Norte;240010;Pau dos Ferros;2403;Mossoró;-6.40588;-38.3899;fora_do_escopo
2407302;Marcelino Vieira;24;Rio Grande do Norte;240010;Pau dos Ferros;2403;Mossoró;-6.2846;-38.1642;fora_do_escopo
2408508;Ouro Branco;24;Rio Grande do Norte;240007;Caicó;2402;Caicó;-6.6958;-36.9428;fora_do_escopo
2409100;Passa e Fica;24;Rio Grande do Norte;240002;Santo Antônio - Passa e Fica - Nova Cruz;2401;Natal;-6.43018;-35.6442;fora_do_escopo
2410801;Riacho de Santana;24;Rio Grande do Norte;240010;Pau dos Ferros;2403;Mossoró;-6.25139;-38.3116;fora_do_escopo
2413409;Serra Negra do Norte;24;Rio Grande do Norte;240007;Caicó;2402;Caicó;-6.66031;-37.3996;fora_do_escopo
2413607;Severiano Melo;24;Rio Grande do Norte;240009;Mossoró;2403;Mossoró;-5.77666;-37.957;fora_do_escopo
2411601;São Bento do Norte;24;Rio Grande do Norte;240005;João Câmara;2401;Natal;-5.09259;-35.9587;fora_do_escopo
2412559;São Miguel do Gostoso;24;Rio Grande do Norte;240001;Natal;2401;Natal;-5.12302;-35.6354;fora_do_escopo
2412708;São Pedro;24;Rio Grande do Norte;240006;São Paulo do Potengi;2401;Natal;-5.90559;-35.6317;fora_do_escopo
2412807;São Rafael;24;Rio Grande do Norte;240011;Açu;2403;Mossoró;-5.79791;-36.8778;fora_do_escopo
2414100;Tenente Ananias;24;Rio Grande do Norte;240010;Pau dos Ferros;2403;Mossoró;-6.45823;-38.182;fora_do_escopo
2414456;Triunfo Potiguar;24;Rio Grande do Norte;240011;Açu;2403;Mossoró;-5.85408;-37.1786;fora_do_escopo
2415008;Vila Flor;24;Rio Grande do Norte;240003;Canguaretama;2401;Natal;-6.31287;-35.067;fora_do_escopo
2500809;Araçagi;25;Paraíba;250002;Guarabira;2501;João Pessoa;-6.84374;-35.3737;fora_do_escopo
2502300;Bom Sucesso;25;Paraíba;250011;Catolé do Rocha - São Bento;2503;Patos;-6.44176;-37.9234;fora_do_escopo
2503605;Caiçara;25;Paraíba;250002;Guarabira;2501;João Pessoa;-6.62115;-35.4581;fora_do_escopo
2504405;Conceição;25;Paraíba;250010;Itaporanga;2503;Patos;-7.55106;-38.5014;fora_do_escopo
2504702;Congo;25;Paraíba;250008;Sumé;2502;Campina Grande;-7.79078;-36.6581;fora_do_escopo
2505204;Cuitegi;25;Paraíba;250002;Guarabira;2501;João Pessoa;-6.89058;-35.5215;fora_do_escopo
2505238;Cuité de Mamanguape;25;Paraíba;250001;João Pessoa;2501;João Pessoa;-6.91292;-35.2502;fora_do_escopo
2505352;Damião;25;Paraíba;250006;Cuité - Nova Floresta;2502;Campina Grande;-6.63161;-35.9101;fora_do_escopo
2505808;Duas Estradas;25;Paraíba;250002;Guarabira;2501;João Pessoa;-6.68499;-35.418;fora_do_escopo
2506202;Frei Martinho;25;Paraíba;250006;Cuité - Nova Floresta;2502;Campina Grande;-6.39759;-36.4526;fora_do_escopo
2506251;Gado Bravo;25;Paraíba;250005;Campina Grande;2502;Campina Grande;-7.58279;-35.7899;fora_do_escopo
2506608;Ibiara;25;Paraíba;250010;Itaporanga;2503;Patos;-7.47957;-38.4059;fora_do_escopo
2508208;Lagoa de Dentro;25;Paraíba;250002;Guarabira;2501;João Pessoa;-6.67213;-35.3706;fora_do_escopo
2508406;Lastro;25;Paraíba;250014;Sousa;2504;Sousa - Cajazeiras;-6.50603;-38.1742;fora_do_escopo
2508604;Lucena;25;Paraíba;250001;João Pessoa;2501;João Pessoa;-6.90258;-34.8748;fora_do_escopo
2509370;Mato Grosso;25;Paraíba;250011;Catolé do Rocha - São Bento;2503;Patos;-6.54018;-37.7279;fora_do_escopo
2509404;Mogeiro;25;Paraíba;250004;Itabaiana;2501;João Pessoa;-7.28517;-35.4832;fora_do_escopo
2509503;Montadas;25;Paraíba;250005;Campina Grande;2502;Campina Grande;-7.08848;-35.9592;fora_do_escopo
2509800;Mulungu;25;Paraíba;250002;Guarabira;2501;João Pessoa;-7.02525;-35.46;fora_do_escopo
2508703;Mãe d'Água;25;Paraíba;250009;Patos;2503;Patos;-7.25201;-37.4322;fora_do_escopo
2510659;Parari;25;Paraíba;250008;Sumé;2502;Campina Grande;-7.30975;-36.6522;fora_do_escopo
2513406;Santa Luzia;25;Paraíba;250009;Patos;2503;Patos;-6.86092;-36.9178;fora_do_escopo
2515906;Serraria;25;Paraíba;250002;Guarabira;2501;João Pessoa;-6.81569;-35.6282;fora_do_escopo
2514602;São José do Bonfim;25;Paraíba;250009;Patos;2503;Patos;-7.1607;-37.3036;fora_do_escopo
2514800;São José dos Cordeiros;25;Paraíba;250008;Sumé;2502;Campina Grande;-7.38775;-36.8085;fora_do_escopo
2514107;São João do Tigre;25;Paraíba;250007;Monteiro;2502;Campina Grande;-8.07703;-36.8547;fora_do_escopo
2516755;Tenório;25;Paraíba;250005;Campina Grande;2502;Campina Grande;-6.93855;-36.6273;fora_do_escopo
2517100;Várzea;25;Paraíba;250009;Patos;2503;Patos;-6.76189;-36.9913;fora_do_escopo
2517407;Zabelê;25;Paraíba;250007;Monteiro;2502;Campina Grande;-8.07901;-37.1057;fora_do_escopo
2600906;Amaraji;26;Pernambuco;260018;Escada - Ribeirão;2601;Recife;-8.37691;-35.4501;fora_do_escopo
2601003;Angelim;26;Pernambuco;260010;Garanhuns;2602;Caruaru;-8.88429;-36.2902;fora_do_escopo
2601300;Barra de Guabiraba;26;Pernambuco;260009;Caruaru;2602;Caruaru;-8.42075;-35.6585;fora_do_escopo
2601706;Belo Jardim;26;Pernambuco;260012;Belo Jardim ¿ Pesqueira;2602;Caruaru;-8.3313;-36.4258;fora_do_escopo
2601607;Belém do São Francisco;26;Pernambuco;260017;Salgueiro;2604;Petrolina;-8.75046;-38.9623;fora_do_escopo
2602001;Bodocó;26;Pernambuco;260016;Araripina;2604;Petrolina;-7.77759;-39.9338;fora_do_escopo
2602506;Brejinho;26;Pernambuco;260014;Afogados da Ingazeira;2603;Serra Talhada;-7.34694;-37.2865;fora_do_escopo
2602407;Brejão;26;Pernambuco;260010;Garanhuns;2602;Caruaru;-9.02915;-36.566;fora_do_escopo
2603108;Cachoeirinha;26;Pernambuco;260009;Caruaru;2602;Caruaru;-8.48668;-36.2402;fora_do_escopo
2603702;Canhotinho;26;Pernambuco;260010;Garanhuns;2602;Caruaru;-8.87652;-36.1979;fora_do_escopo
2604007;Carpina;26;Pernambuco;260006;Carpina;2601;Recife;-7.84566;-35.2514;fora_do_escopo
2605509;Ferreiros;26;Pernambuco;260002;Goiana ¿ Timbaúba;2601;Recife;-7.44666;-35.2373;fora_do_escopo
2605608;Flores;26;Pernambuco;260013;Serra Talhada;2603;Serra Talhada;-7.85842;-37.9715;fora_do_escopo
2606200;Goiana;26;Pernambuco;260002;Goiana ¿ Timbaúba;2601;Recife;-7.5606;-34.9959;fora_do_escopo
2607950;Jaqueira;26;Pernambuco;260003;Palmares;2601;Recife;-8.72618;-35.7942;fora_do_escopo
2608255;Jucati;26;Pernambuco;260010;Garanhuns;2602;Caruaru;-8.70195;-36.4871;fora_do_escopo
2608602;Lagoa do Ouro;26;Pernambuco;260010;Garanhuns;2602;Caruaru;-9.12567;-36.4584;fora_do_escopo
2609006;Macaparana;26;Pernambuco;260002;Goiana ¿ Timbaúba;2601;Recife;-7.55564;-35.4425;fora_do_escopo
2614303;Moreilândia;26;Pernambuco;260016;Araripina;2604;Petrolina;-7.61931;-39.546;fora_do_escopo
2611507;Quipapá;26;Pernambuco;260010;Garanhuns;2602;Caruaru;-8.81175;-36.0137;fora_do_escopo
2611533;Quixaba;26;Pernambuco;260014;Afogados da Ingazeira;2603;Serra Talhada;-7.70734;-37.8446;fora_do_escopo
2612208;Salgueiro;26;Pernambuco;260017;Salgueiro;2604;Petrolina;-8.07373;-39.1247;fora_do_escopo
2612471;Santa Cruz da Baixa Verde;26;Pernambuco;260013;Serra Talhada;2603;Serra Talhada;-7.81339;-38.1476;fora_do_escopo
2614204;Sirinhaém;26;Pernambuco;260007;Barreiros - Sirinhaém;2601;Recife;-8.58778;-35.1126;fora_do_escopo
2613107;São Caitano;26;Pernambuco;260009;Caruaru;2602;Caruaru;-8.33763;-36.2869;fora_do_escopo
2613701;São Lourenço da Mata;26;Pernambuco;260001;Recife;2601;Recife;-8.00684;-35.0124;fora_do_escopo
2614709;Tacaimbó;26;Pernambuco;260012;Belo Jardim ¿ Pesqueira;2602;Caruaru;-8.30867;-36.3;fora_do_escopo
2615706;Triunfo;26;Pernambuco;260013;Serra Talhada;2603;Serra Talhada;-7.83272;-38.0978;fora_do_escopo
2700300;Arapiraca;27;Alagoas;270007;Arapiraca;2702;Arapiraca;-9.75487;-36.6615;fora_do_escopo
2701100;Branquinha;27;Alagoas;270005;União dos Palmares;2701;Maceió;-9.23342;-36.0162;fora_do_escopo
2701803;Carneiros;27;Alagoas;270010;Santana do Ipanema;2702;Arapiraca;-9.48476;-37.3773;fora_do_escopo
2702603;Feira Grande;27;Alagoas;270007;Arapiraca;2702;Arapiraca;-9.89859;-36.6815;fora_do_escopo
2704005;Junqueiro;27;Alagoas;270007;Arapiraca;2702;Arapiraca;-9.90696;-36.4803;fora_do_escopo
2704104;Lagoa da Canoa;27;Alagoas;270007;Arapiraca;2702;Arapiraca;-9.83291;-36.7413;fora_do_escopo
2704302;Maceió;27;Alagoas;270001;Maceió;2701;Maceió;-9.66599;-35.735;fora_do_escopo
2704609;Maravilha;27;Alagoas;270010;Santana do Ipanema;2702;Arapiraca;-9.23045;-37.3524;fora_do_escopo
2705309;Minador do Negrão;27;Alagoas;270008;Palmeira dos Índios;2702;Arapiraca;-9.31236;-36.8696;fora_do_escopo
2705606;Novo Lino;27;Alagoas;270002;Porto Calvo - São Luís do Quitunde;2701;Maceió;-8.94191;-35.664;fora_do_escopo
2706307;Palmeira dos Índios;27;Alagoas;270008;Palmeira dos Índios;2702;Arapiraca;-9.40568;-36.6328;fora_do_escopo
2706448;Paripueira;27;Alagoas;270001;Maceió;2701;Maceió;-9.46313;-35.552;fora_do_escopo
2706505;Passo de Camaragibe;27;Alagoas;270002;Porto Calvo - São Luís do Quitunde;2701;Maceió;-9.24511;-35.4745;fora_do_escopo
2707305;Porto Calvo;27;Alagoas;270002;Porto Calvo - São Luís do Quitunde;2701;Maceió;-9.05195;-35.3987;fora_do_escopo
2708204;São Brás;27;Alagoas;270003;Penedo;2701;Maceió;-10.1141;-36.8522;fora_do_escopo
2708600;São Miguel dos Campos;27;Alagoas;270004;São Miguel dos Campos;2701;Maceió;-9.78301;-36.0971;fora_do_escopo
2709301;União dos Palmares;27;Alagoas;270005;União dos Palmares;2701;Maceió;-9.15921;-36.0223;fora_do_escopo
2800506;Areia Branca;28;Sergipe;280004;Itabaiana;2802;Itabaiana;-10.758;-37.3251;fora_do_escopo
2801900;Cumbe;28;Sergipe;280001;Aracaju;2801;Aracaju;-10.352;-37.1846;fora_do_escopo
2803807;Malhada dos Bois;28;Sergipe;280003;Propriá;2801;Aracaju;-10.3418;-36.9252;fora_do_escopo
2804102;Moita Bonita;28;Sergipe;280004;Itabaiana;2802;Itabaiana;-10.5769;-37.3512;fora_do_escopo
2804458;Nossa Senhora Aparecida;28;Sergipe;280004;Itabaiana;2802;Itabaiana;-10.3944;-37.4517;fora_do_escopo
2804904;Pacatuba;28;Sergipe;280003;Propriá;2801;Aracaju;-10.4538;-36.6531;fora_do_escopo
2805703;Propriá;28;Sergipe;280003;Propriá;2801;Aracaju;-10.2138;-36.8442;fora_do_escopo
2806107;Rosário do Catete;28;Sergipe;280001;Aracaju;2801;Aracaju;-10.6904;-37.0357;fora_do_escopo
2806503;Santa Rosa de Lima;28;Sergipe;280001;Aracaju;2801;Aracaju;-10.6434;-37.1931;fora_do_escopo
2900702;Alagoinhas;29;Bahia;290002;Alagoinhas;2901;Salvador;-12.1335;-38.4208;fora_do_escopo
2901155;América Dourada;29;Bahia;290020;Irecê;2907;Irecê;-11.4429;-41.439;fora_do_escopo
2901502;Anguera;29;Bahia;290029;Feira de Santana;2910;Feira de Santana;-12.1462;-39.2462;fora_do_escopo
2902054;Araçás;29;Bahia;290002;Alagoinhas;2901;Salvador;-12.22;-38.2027;fora_do_escopo
2904803;Caatiba;29;Bahia;290011;Vitória da Conquista;2904;Vitória da Conquista;-14.9699;-40.4092;fora_do_escopo
2906501;Candeias;29;Bahia;290001;Salvador;2901;Salvador;-12.6716;-38.5472;fora_do_escopo
2907558;Caturama;29;Bahia;290013;Brumado;2904;Vitória da Conquista;-13.3239;-42.2904;fora_do_escopo
2908606;Conde;29;Bahia;290002;Alagoinhas;2901;Salvador;-11.8179;-37.6131;fora_do_escopo
2909505;Cravolândia;29;Bahia;290012;Jequié;2904;Vitória da Conquista;-13.3531;-39.8031;fora_do_escopo
2909802;Cruz das Almas;29;Bahia;290004;Cruz das Almas;2902;Santo Antônio de Jesus;-12.6675;-39.1008;fora_do_escopo
2909901;Curaçá;29;Bahia;290022;Juazeiro;2908;Juazeiro;-8.98458;-39.8997;fora_do_escopo
2910727;Eunápolis;29;Bahia;290009;Eunápolis - Porto Seguro;2903;Ilhéus ¿ Itabuna;-16.3715;-39.5821;fora_do_escopo
2910750;Fátima;29;Bahia;290027;Cícero Dantas;2909;Paulo Afonso;-10.616;-38.2239;fora_do_escopo
2911204;Gandu;29;Bahia;290014;Ipiaú;2904;Vitória da Conquista;-13.7441;-39.4747;fora_do_escopo
2912301;Ibicuí;29;Bahia;290007;Ilhéus ¿ Itabuna;2903;Ilhéus ¿ Itabuna;-14.845;-39.9879;fora_do_escopo
2912509;Ibipitanga;29;Bahia;290017;Bom Jesus da Lapa;2905;Guanambi;-12.8804;-42.4856;fora_do_escopo
2914000;Ipirá;29;Bahia;290029;Feira de Santana;2910;Feira de Santana;-12.1561;-39.7359;fora_do_escopo
2914901;Itacaré;29;Bahia;290007;Ilhéus ¿ Itabuna;2903;Ilhéus ¿ Itabuna;-14.2784;-38.9959;fora_do_escopo
2915106;Itagi;29;Bahia;290012;Jequié;2904;Vitória da Conquista;-14.1615;-40.0131;fora_do_escopo
2915601;Itamaraju;29;Bahia;290008;Teixeira de Freitas;2903;Ilhéus ¿ Itabuna;-17.0378;-39.5386;fora_do_escopo
2916500;Itapicuru;29;Bahia;290002;Alagoinhas;2901;Salvador;-11.3088;-38.2262;fora_do_escopo
2916807;Itarantim;29;Bahia;290015;Itapetinga;2904;Vitória da Conquista;-15.6528;-40.065;fora_do_escopo
2917003;Itiúba;29;Bahia;290023;Senhor do Bonfim;2908;Juazeiro;-10.6948;-39.8446;fora_do_escopo
2917409;Jacaraci;29;Bahia;290016;Guanambi;2905;Guanambi;-14.8541;-42.4329;fora_do_escopo
2918308;Jitaúna;29;Bahia;290012;Jequié;2904;Vitória da Conquista;-14.0131;-39.8969;fora_do_escopo
2918357;João Dourado;29;Bahia;290020;Irecê;2907;Irecê;-11.3486;-41.6548;fora_do_escopo
2918456;Jucuruçu;29;Bahia;290008;Teixeira de Freitas;2903;Ilhéus ¿ Itabuna;-16.8488;-40.1641;fora_do_escopo
2918753;Lagoa Real;29;Bahia;290016;Guanambi;2905;Guanambi;-14.0334;-42.1328;fora_do_escopo
2919603;Macajuba;29;Bahia;290029;Feira de Santana;2910;Feira de Santana;-12.1326;-40.3571;fora_do_escopo
2919900;Macururé;29;Bahia;290024;Paulo Afonso;2909;Paulo Afonso;-9.16226;-39.0518;fora_do_escopo
2920304;Malhada de Pedras;29;Bahia;290013;Brumado;2904;Vitória da Conquista;-14.3847;-41.8842;fora_do_escopo
2920502;Maracás;29;Bahia;290012;Jequié;2904;Vitória da Conquista;-13.4355;-40.4323;fora_do_escopo
2922003;Mucuri;29;Bahia;290008;Teixeira de Freitas;2903;Ilhéus ¿ Itabuna;-18.0754;-39.5565;fora_do_escopo
2922250;Muquém do São Francisco;29;Bahia;290021;Xique-Xique ¿ Barra;2907;Irecê;-12.065;-43.5497;fora_do_escopo
2922656;Nordestina;29;Bahia;290032;Conceição do Coité;2910;Feira de Santana;-10.8192;-39.4297;fora_do_escopo
2922805;Nova Itarana;29;Bahia;290003;Santo Antônio de Jesus;2902;Santo Antônio de Jesus;-13.0241;-40.0653;fora_do_escopo
2922904;Nova Soure;29;Bahia;290025;Ribeira do Pombal;2909;Paulo Afonso;-11.2329;-38.4871;fora_do_escopo
2923407;Palmas de Monte Alto;29;Bahia;290016;Guanambi;2905;Guanambi;-14.2676;-43.1609;fora_do_escopo
2923506;Palmeiras;29;Bahia;290034;Seabra;2910;Feira de Santana;-12.5059;-41.5809;fora_do_escopo
2924678;Piraí do Norte;29;Bahia;290014;Ipiaú;2904;Vitória da Conquista;-13.759;-39.3836;fora_do_escopo
2925956;Rafael Jambeiro;29;Bahia;290029;Feira de Santana;2910;Feira de Santana;-12.4053;-39.5007;fora_do_escopo
2926509;Ribeira do Amparo;29;Bahia;290025;Ribeira do Pombal;2909;Paulo Afonso;-11.0421;-38.4242;fora_do_escopo
2926707;Rio de Contas;29;Bahia;290013;Brumado;2904;Vitória da Conquista;-13.5852;-41.8048;fora_do_escopo
2926806;Rio do Antônio;29;Bahia;290016;Guanambi;2905;Guanambi;-14.4071;-42.0721;fora_do_escopo
2928059;Santa Luzia;29;Bahia;290010;Camacan;2903;Ilhéus ¿ Itabuna;-15.4342;-39.3287;fora_do_escopo
2929909;Seabra;29;Bahia;290034;Seabra;2910;Feira de Santana;-12.4169;-41.7722;fora_do_escopo
2930709;Simões Filho;29;Bahia;290001;Salvador;2901;Salvador;-12.7866;-38.4029;fora_do_escopo
2929107;São Felipe;29;Bahia;290004;Cruz das Almas;2902;Santo Antônio de Jesus;-12.8394;-39.0893;fora_do_escopo
2931004;Tanhaçu;29;Bahia;290011;Vitória da Conquista;2904;Vitória da Conquista;-14.0197;-41.2473;fora_do_escopo
2931053;Tanque Novo;29;Bahia;290016;Guanambi;2905;Guanambi;-13.5485;-42.4934;fora_do_escopo
2932002;Uauá;29;Bahia;290022;Juazeiro;2908;Juazeiro;-9.83325;-39.4794;fora_do_escopo
2932200;Ubaitaba;29;Bahia;290007;Ilhéus ¿ Itabuna;2903;Ilhéus ¿ Itabuna;-14.303;-39.3222;fora_do_escopo
2932101;Ubaíra;29;Bahia;290003;Santo Antônio de Jesus;2902;Santo Antônio de Jesus;-13.2714;-39.666;fora_do_escopo
2933208;Vera Cruz;29;Bahia;290006;Nazaré ¿ Maragogipe;2902;Santo Antônio de Jesus;-12.9568;-38.6153;fora_do_escopo
3100807;Aguanil;31;Minas Gerais;310048;Campo Belo;3108;Varginha;-20.9439;-45.3915;nao_atendido
3101201;Aiuruoca;31;Minas Gerais;310054;Caxambu - Baependi;3109;Pouso Alegre;-21.9736;-44.6042;nao_atendido
3153509;Alto Jequitibá;31;Minas Gerais;310028;Manhuaçu;3106;Juíz de Fora;-20.4208;-41.967;nao_atendido
3102902;Antônio Carlos;31;Minas Gerais;310037;Barbacena;3107;Barbacena;-21.321;-43.7451;nao_atendido
3103603;Arantina;31;Minas Gerais;310027;Juiz de Fora;3106;Juíz de Fora;-21.9102;-44.2555;nao_atendido
3105103;Bambuí;31;Minas Gerais;310066;Formiga;3113;Divinópolis;-20.0166;-45.9754;nao_atendido
3105202;Bandeira;31;Minas Gerais;310015;Almenara;3103;Teófilo Otoni;-15.8783;-40.5622;nao_atendido
3106002;Bela Vista de Minas;31;Minas Gerais;310026;João Monlevade;3105;Ipatinga;-19.8302;-43.0922;nao_atendido
3107703;Bom Jesus do Amparo;31;Minas Gerais;310005;Itabira;3101;Belo Horizonte;-19.7054;-43.4782;nao_atendido
3109006;Brumadinho;31;Minas Gerais;310001;Belo Horizonte;3101;Belo Horizonte;-20.151;-44.2007;nao_atendido
3109303;Buritis;31;Minas Gerais;310063;Unaí;3112;Patos de Minas;-15.6218;-46.4221;nao_atendido
3110509;Camanducaia;31;Minas Gerais;310050;Pouso Alegre;3109;Pouso Alegre;-22.7515;-46.1494;nao_atendido
3113206;Carandaí;31;Minas Gerais;310038;Conselheiro Lafaiete;3107;Barbacena;-20.9566;-43.811;nao_atendido
3113503;Carbonita;31;Minas Gerais;310016;Diamantina;3103;Teófilo Otoni;-17.5255;-43.0137;nao_atendido
3114303;Carmo do Paranaíba;31;Minas Gerais;310062;Patos de Minas;3112;Patos de Minas;-18.991;-46.3167;nao_atendido
3114550;Carneirinho;31;Minas Gerais;310058;Iturama;3110;Uberaba;-19.6987;-50.6894;nao_atendido
3115003;Cascalho Rico;31;Minas Gerais;310059;Uberlândia;3111;Uberlândia;-18.5772;-47.8716;nao_atendido
3116001;Chalé;31;Minas Gerais;310028;Manhuaçu;3106;Juíz de Fora;-20.0453;-41.6897;nao_atendido
3116605;Cláudio;31;Minas Gerais;310065;Divinópolis;3113;Divinópolis;-20.4437;-44.7673;nao_atendido
3117108;Conceição da Aparecida;31;Minas Gerais;310042;Alfenas;3108;Varginha;-21.096;-46.2049;nao_atendido
3117405;Conceição de Ipanema;31;Minas Gerais;310028;Manhuaçu;3106;Juíz de Fora;-19.9326;-41.6908;nao_atendido
3117876;Confins;31;Minas Gerais;310001;Belo Horizonte;3101;Belo Horizonte;-19.6282;-43.9931;nao_atendido
3118106;Congonhas do Norte;31;Minas Gerais;310002;Sete Lagoas;3101;Belo Horizonte;-18.8021;-43.6767;nao_atendido
3118809;Coração de Jesus;31;Minas Gerais;310006;Montes Claros;3102;Montes Claros;-16.6841;-44.3635;nao_atendido
3120409;Cristiano Otoni;31;Minas Gerais;310038;Conselheiro Lafaiete;3107;Barbacena;-20.8324;-43.8166;nao_atendido
3120300;Cristália;31;Minas Gerais;310006;Montes Claros;3102;Montes Claros;-16.716;-42.8571;nao_atendido
3121605;Diamantina;31;Minas Gerais;310016;Diamantina;3103;Teófilo Otoni;-18.2413;-43.6031;nao_atendido
3122355;Divisa Alegre;31;Minas Gerais;310018;Pedra Azul;3103;Teófilo Otoni;-15.7221;-41.3463;nao_atendido
3123528;Durandé;31;Minas Gerais;310028;Manhuaçu;3106;Juíz de Fora;-20.2058;-41.7977;nao_atendido
3124104;Esmeraldas;31;Minas Gerais;310001;Belo Horizonte;3101;Belo Horizonte;-19.764;-44.3065;nao_atendido
3124906;Eugenópolis;31;Minas Gerais;310031;Muriaé;3106;Juíz de Fora;-21.1002;-42.1878;nao_atendido
3126000;Florestal;31;Minas Gerais;310001;Belo Horizonte;3101;Belo Horizonte;-19.888;-44.4318;nao_atendido
3127008;Fronteira;31;Minas Gerais;310057;Frutal;3110;Uberaba;-20.2748;-49.1984;nao_atendido
3127107;Frutal;31;Minas Gerais;310057;Frutal;3110;Uberaba;-20.0259;-48.9355;nao_atendido
3127909;Grupiara;31;Minas Gerais;310061;Monte Carmelo;3111;Uberlândia;-18.5003;-47.7318;nao_atendido
3128402;Guarani;31;Minas Gerais;310029;Ubá;3106;Juíz de Fora;-21.3563;-43.0328;nao_atendido
3128600;Guarda-Mor;31;Minas Gerais;310062;Patos de Minas;3112;Patos de Minas;-17.7673;-47.0998;nao_atendido
3129400;Ibertioga;31;Minas Gerais;310037;Barbacena;3107;Barbacena;-21.433;-43.9639;nao_atendido
3130002;Ibituruna;31;Minas Gerais;310043;Lavras;3108;Varginha;-21.1541;-44.7479;nao_atendido
3130101;Igarapé;31;Minas Gerais;310001;Belo Horizonte;3101;Belo Horizonte;-20.0707;-44.2994;nao_atendido
3130507;Ilicínea;31;Minas Gerais;310046;Três Pontas - Boa Esperança;3108;Varginha;-20.9402;-45.8308;nao_atendido
3130556;Imbé de Minas;31;Minas Gerais;310025;Caratinga;3105;Ipatinga;-19.6017;-41.9695;nao_atendido
3130804;Ingaí;31;Minas Gerais;310043;Lavras;3108;Varginha;-21.4024;-44.9152;nao_atendido
3131000;Inhaúma;31;Minas Gerais;310002;Sete Lagoas;3101;Belo Horizonte;-19.4898;-44.3934;nao_atendido
3131604;Iraí de Minas;31;Minas Gerais;310061;Monte Carmelo;3111;Uberlândia;-18.9819;-47.461;nao_atendido
3131703;Itabira;31;Minas Gerais;310005;Itabira;3101;Belo Horizonte;-19.6239;-43.2312;nao_atendido
3132008;Itacambira;31;Minas Gerais;310006;Montes Claros;3102;Montes Claros;-17.0625;-43.3069;nao_atendido
3134707;Jacinto;31;Minas Gerais;310015;Almenara;3103;Teófilo Otoni;-16.1428;-40.295;nao_atendido
3135456;Jenipapo de Minas;31;Minas Gerais;310017;Araçuaí;3103;Teófilo Otoni;-17.0831;-42.2589;nao_atendido
3135605;Jequitaí;31;Minas Gerais;310006;Montes Claros;3102;Montes Claros;-17.229;-44.4376;nao_atendido
3136520;José Gonçalves de Minas;31;Minas Gerais;310017;Araçuaí;3103;Teófilo Otoni;-16.9053;-42.6014;nao_atendido
3136702;Juiz de Fora;31;Minas Gerais;310027;Juiz de Fora;3106;Juíz de Fora;-21.7595;-43.3398;nao_atendido
3136801;Juramento;31;Minas Gerais;310006;Montes Claros;3102;Montes Claros;-16.8473;-43.5865;nao_atendido
3137403;Lagoa Dourada;31;Minas Gerais;310039;São João del Rei;3107;Barbacena;-20.9139;-44.0797;nao_atendido
3137601;Lagoa Santa;31;Minas Gerais;310001;Belo Horizonte;3101;Belo Horizonte;-19.6397;-43.8932;nao_atendido
3138682;Luislândia;31;Minas Gerais;310006;Montes Claros;3102;Montes Claros;-16.1095;-44.5886;nao_atendido
3140308;Marliéria;31;Minas Gerais;310024;Ipatinga;3105;Ipatinga;-19.7096;-42.7327;nao_atendido
3171501;Mathias Lobato;31;Minas Gerais;310020;Governador Valadares;3104;Governador Valadares;-18.59;-41.9166;nao_atendido
3140803;Matias Barbosa;31;Minas Gerais;310027;Juiz de Fora;3106;Juíz de Fora;-21.869;-43.3135;nao_atendido
3141702;Mesquita;31;Minas Gerais;310024;Ipatinga;3105;Ipatinga;-19.224;-42.6079;nao_atendido
3143005;Monte Belo;31;Minas Gerais;310044;Guaxupé;3108;Varginha;-21.3271;-46.3635;nao_atendido
3143302;Montes Claros;31;Minas Gerais;310006;Montes Claros;3102;Montes Claros;-16.7282;-43.8578;nao_atendido
3144300;Nanuque;31;Minas Gerais;310013;Teófilo Otoni;3103;Teófilo Otoni;-17.8481;-40.3533;nao_atendido
3145109;Nova Resende;31;Minas Gerais;310044;Guaxupé;3108;Varginha;-21.1286;-46.4157;nao_atendido
3145455;Olhos-d'Água;31;Minas Gerais;310006;Montes Claros;3102;Montes Claros;-17.3982;-43.5719;nao_atendido
3145901;Ouro Branco;31;Minas Gerais;310038;Conselheiro Lafaiete;3107;Barbacena;-20.5263;-43.6962;nao_atendido
3147808;Passa Vinte;31;Minas Gerais;310027;Juiz de Fora;3106;Juíz de Fora;-22.2097;-44.2344;nao_atendido
3147907;Passos;31;Minas Gerais;310041;Passos;3108;Varginha;-20.7193;-46.609;nao_atendido
3147956;Patis;31;Minas Gerais;310006;Montes Claros;3102;Montes Claros;-16.0773;-44.0787;nao_atendido
3148004;Patos de Minas;31;Minas Gerais;310062;Patos de Minas;3112;Patos de Minas;-18.5699;-46.5013;nao_atendido
3148103;Patrocínio;31;Minas Gerais;310064;Patrocínio;3112;Patos de Minas;-18.9379;-46.9934;nao_atendido
3148756;Pedra Bonita;31;Minas Gerais;310034;Carangola;3106;Juíz de Fora;-20.5219;-42.3304;nao_atendido
3149408;Pedro Teixeira;31;Minas Gerais;310027;Juiz de Fora;3106;Juíz de Fora;-21.7076;-43.743;nao_atendido
3150158;Piedade de Caratinga;31;Minas Gerais;310025;Caratinga;3105;Ipatinga;-19.7593;-42.0756;nao_atendido
3152170;Ponto dos Volantes;31;Minas Gerais;310013;Teófilo Otoni;3103;Teófilo Otoni;-16.7473;-41.5025;nao_atendido
3152907;Pratápolis;31;Minas Gerais;310041;Passos;3108;Varginha;-20.7411;-46.8624;nao_atendido
3153905;Raposos;31;Minas Gerais;310001;Belo Horizonte;3101;Belo Horizonte;-19.9636;-43.8079;nao_atendido
3154101;Recreio;31;Minas Gerais;310032;Cataguases;3106;Juíz de Fora;-21.5289;-42.4676;nao_atendido
3154705;Ribeirão Vermelho;31;Minas Gerais;310043;Lavras;3108;Varginha;-21.1879;-45.0637;nao_atendido
3155801;Rio Pomba;31;Minas Gerais;310029;Ubá;3106;Juíz de Fora;-21.2712;-43.1696;nao_atendido
3156403;Romaria;31;Minas Gerais;310061;Monte Carmelo;3111;Uberlândia;-18.8838;-47.5782;nao_atendido
3157302;Santa Bárbara do Tugúrio;31;Minas Gerais;310037;Barbacena;3107;Barbacena;-21.2431;-43.5607;nao_atendido
3157377;Santa Cruz de Salinas;31;Minas Gerais;310008;Salinas;3102;Montes Claros;-16.0967;-41.7418;nao_atendido
3157906;Santa Margarida;31;Minas Gerais;310028;Manhuaçu;3106;Juíz de Fora;-20.3839;-42.2519;nao_atendido
3160306;Santo Antônio do Jacinto;31;Minas Gerais;310015;Almenara;3103;Teófilo Otoni;-16.5332;-40.1817;nao_atendido
3160454;Santo Antônio do Retiro;31;Minas Gerais;310012;Espinosa;3102;Montes Claros;-15.3393;-42.6171;nao_atendido
3165503;Sardoá;31;Minas Gerais;310020;Governador Valadares;3104;Governador Valadares;-18.7828;-42.3629;nao_atendido
3160959;São Domingos das Dores;31;Minas Gerais;310025;Caratinga;3105;Ipatinga;-19.5246;-42.0106;nao_atendido
3125507;São Gonçalo do Rio Preto;31;Minas Gerais;310016;Diamantina;3103;Teófilo Otoni;-18.0025;-43.3854;nao_atendido
3163607;São José do Mantimento;31;Minas Gerais;310028;Manhuaçu;3106;Juíz de Fora;-20.0058;-41.7486;nao_atendido
3162450;São João das Missões;31;Minas Gerais;310009;Januária;3102;Montes Claros;-14.8859;-44.0922;nao_atendido
3164431;São Sebastião da Vargem Alegre;31;Minas Gerais;310031;Muriaé;3106;Juíz de Fora;-19.7477;-43.3679;nao_atendido
3164506;São Sebastião do Maranhão;31;Minas Gerais;310021;Guanhães;3104;Governador Valadares;-18.0873;-42.5659;nao_atendido
3168804;Tiradentes;31;Minas Gerais;310039;São João del Rei;3107;Barbacena;-21.1102;-44.1744;nao_atendido
3169356;Três Marias;31;Minas Gerais;310004;Curvelo;3101;Belo Horizonte;-18.2048;-45.2473;nao_atendido
3170008;Ubaí;31;Minas Gerais;310011;São Francisco;3102;Montes Claros;-16.2885;-44.7783;nao_atendido
3169901;Ubá;31;Minas Gerais;310029;Ubá;3106;Juíz de Fora;-21.1204;-42.9359;nao_atendido
3170503;Urucânia;31;Minas Gerais;310030;Ponte Nova;3106;Juíz de Fora;-20.3521;-42.737;nao_atendido
3171071;Veredinha;31;Minas Gerais;310014;Capelinha;3103;Teófilo Otoni;-17.3974;-42.7307;nao_atendido
3171907;Virgolândia;31;Minas Gerais;310020;Governador Valadares;3104;Governador Valadares;-18.4738;-42.3067;nao_atendido
3200508;Apiacá;32;Espírito Santo;320008;Alegre;3204;Cachoeiro do Itapemirim;-21.1523;-41.5693;nao_atendido
3201407;Castelo;32;Espírito Santo;320007;Cachoeiro de Itapemirim;3204;Cachoeiro do Itapemirim;-20.6033;-41.2031;nao_atendido
3201605;Conceição da Barra;32;Espírito Santo;320003;São Mateus;3202;São Mateus;-18.5883;-39.7362;nao_atendido
3202108;Ecoporanga;32;Espírito Santo;320006;Nova Venécia;3203;Colatina;-18.3702;-40.836;nao_atendido
3202207;Fundão;32;Espírito Santo;320001;Vitória;3201;Vitória;-19.937;-40.4078;nao_atendido
3203130;João Neiva;32;Espírito Santo;320004;Linhares;3202;São Mateus;-19.7577;-40.386;nao_atendido
3203163;Laranja da Terra;32;Espírito Santo;320002;Afonso Cláudio - Venda Nova do Imigrante - Santa Maria de Jetibá;3201;Vitória;-19.8994;-41.0621;nao_atendido
3203353;Marilândia;32;Espírito Santo;320005;Colatina;3203;Colatina;-19.4114;-40.5456;nao_atendido
3204104;Pinheiros;32;Espírito Santo;320003;São Mateus;3202;São Mateus;-18.4141;-40.2171;nao_atendido
3205002;Serra;32;Espírito Santo;320001;Vitória;3201;Vitória;-20.121;-40.3074;nao_atendido
3205036;Vargem Alta;32;Espírito Santo;320007;Cachoeiro de Itapemirim;3204;Cachoeiro do Itapemirim;-20.669;-41.0179;nao_atendido
3205069;Venda Nova do Imigrante;32;Espírito Santo;320002;Afonso Cláudio - Venda Nova do Imigrante - Santa Maria de Jetibá;3201;Vitória;-20.327;-41.1355;nao_atendido
3300209;Araruama;33;Rio de Janeiro;330013;Cabo Frio;3305;Macaé - Rio das Ostras - Cabo Frio;-22.8697;-42.3326;nao_atendido
3300605;Bom Jesus do Itabapoana;33;Rio de Janeiro;330011;Itaperuna;3304;Campos dos Goytacazes;-21.1449;-41.6822;nao_atendido
3300902;Cambuci;33;Rio de Janeiro;330012;Santo Antônio de Pádua;3304;Campos dos Goytacazes;-21.5691;-41.9187;nao_atendido
3301801;Engenheiro Paulo de Frontin;33;Rio de Janeiro;330004;Volta Redonda - Barra Mansa;3302;Volta Redonda - Barra Mansa;-22.5498;-43.6827;nao_atendido
3301850;Guapimirim;33;Rio de Janeiro;330001;Rio de Janeiro;3301;Rio de Janeiro;-22.5347;-42.9895;nao_atendido
3302601;Mangaratiba;33;Rio de Janeiro;330001;Rio de Janeiro;3301;Rio de Janeiro;-22.9594;-44.0409;nao_atendido
3302858;Mesquita;33;Rio de Janeiro;330001;Rio de Janeiro;3301;Rio de Janeiro;-22.8028;-43.4601;nao_atendido
3303005;Miracema;33;Rio de Janeiro;330012;Santo Antônio de Pádua;3304;Campos dos Goytacazes;-21.4148;-42.1938;nao_atendido
3303609;Paracambi;33;Rio de Janeiro;330001;Rio de Janeiro;3301;Rio de Janeiro;-22.6078;-43.7108;nao_atendido
3304144;Queimados;33;Rio de Janeiro;330001;Rio de Janeiro;3301;Rio de Janeiro;-22.7102;-43.5518;nao_atendido
3304201;Resende;33;Rio de Janeiro;330005;Resende;3302;Volta Redonda - Barra Mansa;-22.4705;-44.4509;nao_atendido
3304300;Rio Bonito;33;Rio de Janeiro;330003;Rio Bonito;3301;Rio de Janeiro;-22.7181;-42.6276;nao_atendido
3305554;Seropédica;33;Rio de Janeiro;330001;Rio de Janeiro;3301;Rio de Janeiro;-22.7526;-43.7155;nao_atendido
3306305;Volta Redonda;33;Rio de Janeiro;330004;Volta Redonda - Barra Mansa;3302;Volta Redonda - Barra Mansa;-22.5202;-44.0996;nao_atendido
3501103;Alto Alegre;35;São Paulo;350023;Birigui - Penápolis;3506;Araçatuba;-21.5811;-50.168;nao_atendido
3502408;Anhumas;35;São Paulo;350018;Presidente Prudente;3505;Presidente Prudente;-22.2934;-51.3895;nao_atendido
3503950;Aspásia;35;São Paulo;350028;Jales;3507;São José do Rio Preto;-20.16;-50.728;nao_atendido
3504701;Balbinos;35;São Paulo;350009;Bauru;3503;Bauru;-21.8963;-49.3619;nao_atendido
3505500;Barretos;35;São Paulo;350032;Barretos;3508;Ribeirão Preto;-20.5531;-48.5698;nao_atendido
3505708;Barueri;35;São Paulo;350001;São Paulo;3501;São Paulo;-23.5057;-46.879;nao_atendido
3506359;Bertioga;35;São Paulo;350002;Santos;3501;São Paulo;-23.8486;-46.1396;nao_atendido
3507159;Bom Sucesso de Itararé;35;São Paulo;350004;Itapeva;3502;Sorocaba;-24.3155;-49.1451;nao_atendido
3507605;Bragança Paulista;35;São Paulo;350041;Bragança Paulista;3510;Campinas;-22.9527;-46.5419;nao_atendido
3507753;Brejo Alegre;35;São Paulo;350023;Birigui - Penápolis;3506;Araçatuba;-21.1651;-50.1861;nao_atendido
3507803;Brodowski;35;São Paulo;350031;Ribeirão Preto;3508;Ribeirão Preto;-20.9845;-47.6572;nao_atendido
3512001;Colina;35;São Paulo;350032;Barretos;3508;Ribeirão Preto;-20.7114;-48.5387;nao_atendido
3512308;Conchas;35;São Paulo;350011;Botucatu;3503;Bauru;-23.0154;-48.0134;nao_atendido
3512902;Cosmorama;35;São Paulo;350027;Votuporanga;3507;São José do Rio Preto;-20.4755;-49.7827;nao_atendido
3513108;Cravinhos;35;São Paulo;350031;Ribeirão Preto;3508;Ribeirão Preto;-21.338;-47.7324;nao_atendido
3513207;Cristais Paulista;35;São Paulo;350033;Franca;3508;Ribeirão Preto;-20.4036;-47.4209;nao_atendido
3513405;Cruzeiro;35;São Paulo;350053;Cruzeiro;3511;São José dos Campos;-22.5728;-44.969;nao_atendido
3510104;Cândido Rodrigues;35;São Paulo;350036;Araraquara;3509;Araraquara;-21.3275;-48.6327;nao_atendido
3515707;Ferraz de Vasconcelos;35;São Paulo;350001;São Paulo;3501;São Paulo;-23.5411;-46.371;nao_atendido
3515806;Flora Rica;35;São Paulo;350020;Dracena;3505;Presidente Prudente;-21.6727;-51.3821;nao_atendido
3516853;Gavião Peixoto;35;São Paulo;350036;Araraquara;3509;Araraquara;-21.8367;-48.4957;nao_atendido
3518305;Guararema;35;São Paulo;350001;São Paulo;3501;São Paulo;-23.4112;-46.0369;nao_atendido
3518503;Guareí;35;São Paulo;350006;Itapetininga;3502;Sorocaba;-23.3714;-48.1837;nao_atendido
3517703;Guará;35;São Paulo;350035;Ituverava;3508;Ribeirão Preto;-20.4302;-47.8236;nao_atendido
3518859;Guatapará;35;São Paulo;350031;Ribeirão Preto;3508;Ribeirão Preto;-21.4944;-48.0356;nao_atendido
3519501;Ibirarema;35;São Paulo;350015;Ourinhos;3504;Marília;-22.8185;-50.0739;nao_atendido
3519600;Ibitinga;35;São Paulo;350036;Araraquara;3509;Araraquara;-21.7562;-48.8319;nao_atendido
3519808;Icém;35;São Paulo;350025;São José do Rio Preto;3507;São José do Rio Preto;-20.3391;-49.1915;nao_atendido
3519907;Iepê;35;São Paulo;350018;Presidente Prudente;3505;Presidente Prudente;-22.6602;-51.0779;nao_atendido
3520400;Ilhabela;35;São Paulo;350051;Caraguatatuba - Ubatuba - São Sebastião;3511;São José dos Campos;-23.7785;-45.3552;nao_atendido
3521101;Ipeúna;35;São Paulo;350046;Rio Claro;3510;Campinas;-22.4355;-47.7151;nao_atendido
3522307;Itapetininga;35;São Paulo;350006;Itapetininga;3502;Sorocaba;-23.5886;-48.0483;nao_atendido
3522653;Itapirapuã Paulista;35;São Paulo;350004;Itapeva;3502;Sorocaba;-24.572;-49.1661;nao_atendido
3522802;Itaporanga;35;São Paulo;350004;Itapeva;3502;Sorocaba;-23.7043;-49.4819;nao_atendido
3524006;Itupeva;35;São Paulo;350039;Jundiaí;3510;Campinas;-23.1526;-47.0593;nao_atendido
3524709;Jaguariúna;35;São Paulo;350038;Campinas;3510;Campinas;-22.7037;-46.9851;nao_atendido
3525201;Jarinu;35;São Paulo;350039;Jundiaí;3510;Campinas;-23.1039;-46.728;nao_atendido
3525854;Jumirim;35;São Paulo;350003;Sorocaba;3502;Sorocaba;-23.0884;-47.7868;nao_atendido
3526100;Juquiá;35;São Paulo;350005;Registro;3502;Sorocaba;-24.3101;-47.6426;nao_atendido
3527801;Lupércio;35;São Paulo;350013;Marília;3504;Marília;-22.4146;-49.818;nao_atendido
3528700;Marabá Paulista;35;São Paulo;350021;Presidente Epitácio-Presidente Venceslau;3505;Presidente Prudente;-22.1068;-51.9617;nao_atendido
3528858;Marapoama;35;São Paulo;350026;Catanduva;3507;São José do Rio Preto;-21.2587;-49.13;nao_atendido
3530300;Mirassol;35;São Paulo;350025;São José do Rio Preto;3507;São José do Rio Preto;-20.8169;-49.5206;nao_atendido
3531902;Morro Agudo;35;São Paulo;350034;São Joaquim da Barra ¿ Orlândia;3508;Ribeirão Preto;-20.7288;-48.0581;nao_atendido
3532058;Motuca;35;São Paulo;350036;Araraquara;3509;Araraquara;-21.5103;-48.1538;nao_atendido
3532504;Neves Paulista;35;São Paulo;350025;São José do Rio Preto;3507;São José do Rio Preto;-20.843;-49.6358;nao_atendido
3532702;Nipoã;35;São Paulo;350025;São José do Rio Preto;3507;São José do Rio Preto;-20.9114;-49.7833;nao_atendido
3533007;Nova Granada;35;São Paulo;350025;São José do Rio Preto;3507;São José do Rio Preto;-20.5321;-49.3123;nao_atendido
3533205;Nova Independência;35;São Paulo;350024;Andradina;3506;Araçatuba;-21.1026;-51.4905;nao_atendido
3534203;Orindiúva;35;São Paulo;350025;São José do Rio Preto;3507;São José do Rio Preto;-20.1861;-49.3464;nao_atendido
3535606;Paraibuna;35;São Paulo;350049;São José dos Campos;3511;São José dos Campos;-23.3872;-45.6639;nao_atendido
3536570;Paulistânia;35;São Paulo;350009;Bauru;3503;Bauru;-22.5768;-49.4008;nao_atendido
3537404;Pereira Barreto;35;São Paulo;350024;Andradina;3506;Araçatuba;-20.6368;-51.1123;nao_atendido
3538105;Pindorama;35;São Paulo;350026;Catanduva;3507;São José do Rio Preto;-21.1853;-48.9086;nao_atendido
3539608;Planalto;35;São Paulo;350025;São José do Rio Preto;3507;São José do Rio Preto;-21.0342;-49.933;nao_atendido
3540101;Pongaí;35;São Paulo;350012;Lins;3503;Bauru;-21.7396;-49.3604;nao_atendido
3540408;Populina;35;São Paulo;350028;Jales;3507;São José do Rio Preto;-19.9453;-50.538;nao_atendido
3540507;Porangaba;35;São Paulo;350008;Tatuí;3502;Sorocaba;-23.1761;-48.1195;nao_atendido
3541000;Praia Grande;35;São Paulo;350002;Santos;3501;São Paulo;-24.0084;-46.4121;nao_atendido
3541802;Queiroz;35;São Paulo;350016;Tupã;3504;Marília;-21.7969;-50.2415;nao_atendido
3542008;Quintana;35;São Paulo;350013;Marília;3504;Marília;-22.0692;-50.307;nao_atendido
3542305;Redenção da Serra;35;São Paulo;350050;Taubaté - Pindamonhangaba;3511;São José dos Campos;-23.2638;-45.5422;nao_atendido
3544103;Rio Grande da Serra;35;São Paulo;350001;São Paulo;3501;São Paulo;-23.7437;-46.3971;nao_atendido
3544251;Rosana;35;São Paulo;350018;Presidente Prudente;3505;Presidente Prudente;-22.5782;-53.0603;nao_atendido
3545605;Santa Adélia;35;São Paulo;350026;Catanduva;3507;São José do Rio Preto;-21.2427;-48.8063;nao_atendido
3546009;Santa Branca;35;São Paulo;350049;São José dos Campos;3511;São José dos Campos;-23.3933;-45.8875;nao_atendido
3551702;Sertãozinho;35;São Paulo;350031;Ribeirão Preto;3508;Ribeirão Preto;-21.1316;-47.9875;nao_atendido
3549706;São José do Rio Pardo;35;São Paulo;350047;São José do Rio Pardo - Mococa;3510;Campinas;-21.5953;-46.8873;nao_atendido
3549805;São José do Rio Preto;35;São Paulo;350025;São José do Rio Preto;3507;São José do Rio Preto;-20.8113;-49.3758;nao_atendido
3550605;São Roque;35;São Paulo;350003;Sorocaba;3502;Sorocaba;-23.5226;-47.1357;nao_atendido
3552601;Tabapuã;35;São Paulo;350026;Catanduva;3507;São José do Rio Preto;-20.9602;-49.0307;nao_atendido
3553658;Taquaral;35;São Paulo;350032;Barretos;3508;Ribeirão Preto;-21.0737;-48.4126;nao_atendido
3553955;Tarumã;35;São Paulo;350014;Assis;3504;Marília;-22.7429;-50.5786;nao_atendido
3554003;Tatuí;35;São Paulo;350008;Tatuí;3502;Sorocaba;-23.3487;-47.8461;nao_atendido
3555000;Tupã;35;São Paulo;350016;Tupã;3504;Marília;-21.9335;-50.5191;nao_atendido
3556107;Valentim Gentil;35;São Paulo;350027;Votuporanga;3507;São José do Rio Preto;-20.4217;-50.0889;nao_atendido
3500550;Águas de Santa Bárbara;35;São Paulo;350007;Avaré;3502;Sorocaba;-22.8812;-49.2421;nao_atendido
4100103;Abatiá;41;Paraná;410022;Santo Antônio da Platina;4105;Londrina;-23.3049;-50.3133;fora_do_escopo
4100608;Alto Paraná;41;Paraná;410017;Paranavaí;4104;Maringá;-23.1312;-52.3189;fora_do_escopo
4100905;Amaporã;41;Paraná;410017;Paranavaí;4104;Maringá;-23.0943;-52.7866;fora_do_escopo
4101051;Anahy;41;Paraná;410006;Cascavel;4103;Cascavel;-24.6449;-53.1332;fora_do_escopo
4101101;Andirá;41;Paraná;410022;Santo Antônio da Platina;4105;Londrina;-23.0533;-50.2304;fora_do_escopo
4101200;Antonina;41;Paraná;410002;Paranaguá;4101;Curitiba;-25.4386;-48.7191;fora_do_escopo
4101606;Arapoti;41;Paraná;410027;Ponta Grossa;4106;Ponta Grossa;-24.1548;-49.8285;fora_do_escopo
4103602;Cambará;41;Paraná;410022;Santo Antônio da Platina;4105;Londrina;-23.0423;-50.0753;fora_do_escopo
4104006;Campina Grande do Sul;41;Paraná;410001;Curitiba;4101;Curitiba;-25.3044;-49.0551;fora_do_escopo
4105508;Cianorte;41;Paraná;410018;Cianorte;4104;Maringá;-23.6599;-52.6054;fora_do_escopo
4107124;Diamante do Sul;41;Paraná;410006;Cascavel;4103;Cascavel;-25.035;-52.6768;fora_do_escopo
4107603;Faxinal;41;Paraná;410025;Ivaiporã;4105;Londrina;-24.0077;-51.3227;fora_do_escopo
4107652;Fazenda Rio Grande;41;Paraná;410001;Curitiba;4101;Curitiba;-25.6624;-49.3073;fora_do_escopo
4108007;Florestópolis;41;Paraná;410021;Londrina;4105;Londrina;-22.8623;-51.3882;fora_do_escopo
4108304;Foz do Iguaçu;41;Paraná;410007;Foz do Iguaçu;4103;Cascavel;-25.5427;-54.5827;fora_do_escopo
4109104;Guaporema;41;Paraná;410018;Cianorte;4104;Maringá;-23.3402;-52.7786;fora_do_escopo
4111100;Itambé;41;Paraná;410014;Maringá;4104;Maringá;-23.6601;-51.9912;fora_do_escopo
4111506;Ivaiporã;41;Paraná;410025;Ivaiporã;4105;Londrina;-24.2485;-51.6754;fora_do_escopo
4112207;Janiópolis;41;Paraná;410015;Campo Mourão;4104;Maringá;-24.1401;-52.7784;fora_do_escopo
4112306;Japira;41;Paraná;410026;Ibaiti;4105;Londrina;-23.8142;-50.1422;fora_do_escopo
4112603;Jardim Olinda;41;Paraná;410019;Paranacity - Colorado;4104;Maringá;-22.5523;-52.0503;fora_do_escopo
4113700;Londrina;41;Paraná;410021;Londrina;4105;Londrina;-23.304;-51.1691;fora_do_escopo
4113734;Luiziana;41;Paraná;410015;Campo Mourão;4104;Maringá;-24.2853;-52.269;fora_do_escopo
4113809;Lupionópolis;41;Paraná;410021;Londrina;4105;Londrina;-22.755;-51.6601;fora_do_escopo
4114609;Marechal Cândido Rondon;41;Paraná;410013;Marechal Cândido Rondon;4103;Cascavel;-24.557;-54.0571;fora_do_escopo
4114906;Marilândia do Sul;41;Paraná;410023;Apucarana;4105;Londrina;-23.7425;-51.3137;fora_do_escopo
4115739;Mato Rico;41;Paraná;410005;Pitanga;4102;Guarapuava;-24.6995;-52.1454;fora_do_escopo
4117214;Nova Santa Bárbara;41;Paraná;410024;Cornélio Procópio ¿ Bandeirantes;4105;Londrina;-23.5865;-50.7598;fora_do_escopo
4117404;Ourizona;41;Paraná;410014;Maringá;4104;Maringá;-23.4053;-52.1964;fora_do_escopo
4120002;Porecatu;41;Paraná;410021;Londrina;4105;Londrina;-22.7537;-51.3795;fora_do_escopo
4120358;Pranchita;41;Paraná;410009;Francisco Beltrão;4103;Cascavel;-26.0209;-53.7397;fora_do_escopo
4120408;Presidente Castelo Branco;41;Paraná;410014;Maringá;4104;Maringá;-23.2782;-52.1536;fora_do_escopo
4120853;Quatro Pontes;41;Paraná;410013;Marechal Cândido Rondon;4103;Cascavel;-24.5752;-53.9759;fora_do_escopo
4121000;Querência do Norte;41;Paraná;410020;Loanda;4104;Maringá;-23.0838;-53.483;fora_do_escopo
4121257;Ramilândia;41;Paraná;410006;Cascavel;4103;Cascavel;-25.1195;-54.023;fora_do_escopo
4121901;Ribeirão do Pinhal;41;Paraná;410022;Santo Antônio da Platina;4105;Londrina;-23.4091;-50.3601;fora_do_escopo
4122156;Rio Bonito do Iguaçu;41;Paraná;410011;Laranjeiras do Sul - Quedas do Iguaçu;4103;Cascavel;-25.4874;-52.5292;fora_do_escopo
4122172;Rio Branco do Ivaí;41;Paraná;410025;Ivaiporã;4105;Londrina;-24.3244;-51.3187;fora_do_escopo
4123402;Santa Fé;41;Paraná;410014;Maringá;4104;Maringá;-23.04;-51.808;fora_do_escopo
4123824;Santa Lúcia;41;Paraná;410006;Cascavel;4103;Cascavel;-25.4104;-53.5638;fora_do_escopo
4124202;Santo Antônio do Caiuá;41;Paraná;410017;Paranavaí;4104;Maringá;-22.7351;-52.344;fora_do_escopo
4127007;Teixeira Soares;41;Paraná;410029;Irati;4106;Ponta Grossa;-25.3701;-50.4571;fora_do_escopo
4127858;Três Barras do Paraná;41;Paraná;410006;Cascavel;4103;Cascavel;-25.4185;-53.1833;fora_do_escopo
4127882;Tunas do Paraná;41;Paraná;410001;Curitiba;4101;Curitiba;-24.9731;-49.0879;fora_do_escopo
4127965;Turvo;41;Paraná;410004;Guarapuava;4102;Guarapuava;-25.0437;-51.5282;fora_do_escopo
4128104;Umuarama;41;Paraná;410016;Umuarama;4104;Maringá;-23.7656;-53.3201;fora_do_escopo
4128609;Verê;41;Paraná;410009;Francisco Beltrão;4103;Cascavel;-25.8772;-52.9051;fora_do_escopo
4200200;Agrolândia;42;Santa Catarina;420022;Rio do Sul;4207;Blumenau;-27.4087;-49.822;fora_do_escopo
4200309;Agronômica;42;Santa Catarina;420022;Rio do Sul;4207;Blumenau;-27.2662;-49.708;fora_do_escopo
4201273;Arabutã;42;Santa Catarina;420010;Concórdia;4204;Chapecó;-27.1587;-52.1423;fora_do_escopo
4201604;Arroio Trinta;42;Santa Catarina;420015;Videira;4205;Caçador;-26.9257;-51.3407;fora_do_escopo
4220000;Balneário Rincão;42;Santa Catarina;420002;Criciúma;4202;Criciúma;-28.8314;-49.2352;fora_do_escopo
4202404;Blumenau;42;Santa Catarina;420019;Blumenau;4207;Blumenau;-26.9155;-49.0709;fora_do_escopo
4202503;Bom Jardim da Serra;42;Santa Catarina;420005;Lages;4203;Lages;-28.3377;-49.6373;fora_do_escopo
4202602;Bom Retiro;42;Santa Catarina;420005;Lages;4203;Lages;-27.799;-49.487;fora_do_escopo
4203204;Camboriú;42;Santa Catarina;420020;Itajaí;4207;Blumenau;-27.0241;-48.6503;fora_do_escopo
4203253;Capão Alto;42;Santa Catarina;420005;Lages;4203;Lages;-27.9389;-50.5098;fora_do_escopo
4204202;Chapecó;42;Santa Catarina;420007;Chapecó;4204;Chapecó;-27.1004;-52.6152;fora_do_escopo
4204400;Coronel Freitas;42;Santa Catarina;420007;Chapecó;4204;Chapecó;-26.9057;-52.7011;fora_do_escopo
4204509;Corupá;42;Santa Catarina;420016;Joinville;4206;Joinville;-26.4246;-49.246;fora_do_escopo
4204707;Cunha Porã;42;Santa Catarina;420012;Maravilha;4204;Chapecó;-26.895;-53.1662;fora_do_escopo
4205001;Dionísio Cerqueira;42;Santa Catarina;420009;São Miguel do Oeste;4204;Chapecó;-26.2648;-53.6351;fora_do_escopo
4205100;Dona Emma;42;Santa Catarina;420023;Ibirama - Presidente Getúlio;4207;Blumenau;-26.981;-49.7261;fora_do_escopo
4205357;Flor do Sertão;42;Santa Catarina;420009;São Miguel do Oeste;4204;Chapecó;-26.7811;-53.3505;fora_do_escopo
4205506;Fraiburgo;42;Santa Catarina;420015;Videira;4205;Caçador;-27.0233;-50.92;fora_do_escopo
4205704;Garopaba;42;Santa Catarina;420001;Florianópolis;4201;Florianópolis;-28.0275;-48.6192;fora_do_escopo
4206207;Gravatal;42;Santa Catarina;420003;Tubarão;4202;Criciúma;-28.3208;-49.0427;fora_do_escopo
4206603;Guarujá do Sul;42;Santa Catarina;420009;São Miguel do Oeste;4204;Chapecó;-26.3858;-53.5296;fora_do_escopo
4206801;Ibicaré;42;Santa Catarina;420008;Joaçaba - Herval d'Oeste;4204;Chapecó;-27.0881;-51.3681;fora_do_escopo
4207403;Imbuia;42;Santa Catarina;420024;Ituporanga;4207;Blumenau;-27.4908;-49.4218;fora_do_escopo
4207759;Iraceminha;42;Santa Catarina;420012;Maravilha;4204;Chapecó;-26.8215;-53.2767;fora_do_escopo
4209102;Joinville;42;Santa Catarina;420016;Joinville;4206;Joinville;-26.3045;-48.8487;fora_do_escopo
4209607;Lauro Müller;42;Santa Catarina;420002;Criciúma;4202;Criciúma;-28.3859;-49.4035;fora_do_escopo
4209854;Lindóia do Sul;42;Santa Catarina;420010;Concórdia;4204;Chapecó;-27.0545;-52.069;fora_do_escopo
4210050;Macieira;42;Santa Catarina;420014;Caçador;4205;Caçador;-26.8552;-51.3705;fora_do_escopo
4210100;Mafra;42;Santa Catarina;420017;Mafra;4206;Joinville;-26.1159;-49.8086;fora_do_escopo
4210506;Maravilha;42;Santa Catarina;420012;Maravilha;4204;Chapecó;-26.7665;-53.1737;fora_do_escopo
4211108;Monte Castelo;42;Santa Catarina;420017;Mafra;4206;Joinville;-26.461;-50.2327;fora_do_escopo
4211207;Morro da Fumaça;42;Santa Catarina;420002;Criciúma;4202;Criciúma;-28.6511;-49.2169;fora_do_escopo
4211751;Otacílio Costa;42;Santa Catarina;420005;Lages;4203;Lages;-27.4789;-50.1231;fora_do_escopo
4212007;Palma Sola;42;Santa Catarina;420009;São Miguel do Oeste;4204;Chapecó;-26.3471;-53.2771;fora_do_escopo
4212700;Petrolândia;42;Santa Catarina;420024;Ituporanga;4207;Blumenau;-27.5346;-49.6937;fora_do_escopo
4212908;Pinhalzinho;42;Santa Catarina;420007;Chapecó;4204;Chapecó;-26.8495;-52.9913;fora_do_escopo
4213401;Ponte Serrada;42;Santa Catarina;420011;Xanxerê;4204;Chapecó;-26.8733;-52.0112;fora_do_escopo
4213807;Praia Grande;42;Santa Catarina;420004;Araranguá;4202;Criciúma;-29.1918;-49.9525;fora_do_escopo
4214003;Presidente Getúlio;42;Santa Catarina;420023;Ibirama - Presidente Getúlio;4207;Blumenau;-27.0474;-49.6246;fora_do_escopo
4214102;Presidente Nereu;42;Santa Catarina;420022;Rio do Sul;4207;Blumenau;-27.2768;-49.3889;fora_do_escopo
4215075;Riqueza;42;Santa Catarina;420007;Chapecó;4204;Chapecó;-27.0653;-53.3265;fora_do_escopo
4215109;Rodeio;42;Santa Catarina;420019;Blumenau;4207;Blumenau;-26.9243;-49.3649;fora_do_escopo
4215505;Santa Cecília;42;Santa Catarina;420006;Curitibanos;4203;Lages;-26.9592;-50.4252;fora_do_escopo
4217709;Sombrio;42;Santa Catarina;420004;Araranguá;4202;Criciúma;-29.108;-49.6328;fora_do_escopo
4216503;São Joaquim;42;Santa Catarina;420005;Lages;4203;Lages;-28.2887;-49.9457;fora_do_escopo
4216255;São João do Oeste;42;Santa Catarina;420009;São Miguel do Oeste;4204;Chapecó;-27.0984;-53.5977;fora_do_escopo
4218350;Treviso;42;Santa Catarina;420002;Criciúma;4202;Criciúma;-28.5097;-49.4634;fora_do_escopo
4218806;Turvo;42;Santa Catarina;420004;Araranguá;4202;Criciúma;-28.9272;-49.6831;fora_do_escopo
4219101;Vargeão;42;Santa Catarina;420011;Xanxerê;4204;Chapecó;-26.8621;-52.1549;fora_do_escopo
4219200;Vidal Ramos;42;Santa Catarina;420024;Ituporanga;4207;Blumenau;-27.3886;-49.3593;fora_do_escopo
4219358;Vitor Meireles;42;Santa Catarina;420023;Ibirama - Presidente Getúlio;4207;Blumenau;-26.8782;-49.8328;fora_do_escopo
4200507;Águas de Chapecó;42;Santa Catarina;420007;Chapecó;4204;Chapecó;-27.0754;-52.9808;fora_do_escopo
4300109;Agudo;43;Rio Grande do Sul;430011;Santa Maria;4303;Santa Maria;-29.6447;-53.2515;fora_do_escopo
4300455;Alegria;43;Rio Grande do Sul;430023;Três de Maio;4305;Ijuí;-27.8345;-54.0557;fora_do_escopo
4301503;Augusto Pestana;43;Rio Grande do Sul;430018;Ijuí;4305;Ijuí;-28.5172;-53.9883;fora_do_escopo
4301958;Barra Funda;43;Rio Grande do Sul;430028;Carazinho;4306;Passo Fundo;-27.9205;-53.0391;fora_do_escopo
4302006;Barros Cassal;43;Rio Grande do Sul;430031;Soledade;4306;Passo Fundo;-29.0947;-52.5836;fora_do_escopo
4302154;Boa Vista das Missões;43;Rio Grande do Sul;430029;Frederico Westphalen;4306;Passo Fundo;-27.6671;-53.3102;fora_do_escopo
4302253;Boa Vista do Sul;43;Rio Grande do Sul;430037;Bento Gonçalves;4307;Caxias do Sul;-29.3544;-51.6687;fora_do_escopo
4303103;Cachoeirinha;43;Rio Grande do Sul;430001;Porto Alegre;4301;Porto Alegre;-29.9472;-51.1016;fora_do_escopo
4303400;Caiçara;43;Rio Grande do Sul;430029;Frederico Westphalen;4306;Passo Fundo;-27.2791;-53.4257;fora_do_escopo
4304002;Campo Novo;43;Rio Grande do Sul;430021;Três Passos;4305;Ijuí;-27.6792;-53.8052;fora_do_escopo
4304101;Campos Borges;43;Rio Grande do Sul;430025;Passo Fundo;4306;Passo Fundo;-28.8871;-53.0008;fora_do_escopo
4304655;Capão do Cipó;43;Rio Grande do Sul;430014;Santiago;4303;Santa Maria;-28.9312;-54.5558;fora_do_escopo
4305116;Centenário;43;Rio Grande do Sul;430026;Erechim;4306;Passo Fundo;-27.7615;-51.9984;fora_do_escopo
4305124;Cerrito;43;Rio Grande do Sul;430009;Pelotas;4302;Pelotas;-31.8419;-52.8004;fora_do_escopo
4305871;Coronel Barros;43;Rio Grande do Sul;430018;Ijuí;4305;Ijuí;-28.3921;-54.0686;fora_do_escopo
4306452;Dois Lajeados;43;Rio Grande do Sul;430038;Nova Prata - Guaporé;4307;Caxias do Sul;-28.983;-51.8396;fora_do_escopo
4306908;Encruzilhada do Sul;43;Rio Grande do Sul;430040;Santa Cruz do Sul;4308;Santa Cruz do Sul - Lajeado;-30.543;-52.5204;fora_do_escopo
4306924;Engenho Velho;43;Rio Grande do Sul;430028;Carazinho;4306;Passo Fundo;-27.706;-52.9145;fora_do_escopo
4307450;Esperança do Sul;43;Rio Grande do Sul;430021;Três Passos;4305;Ijuí;-27.3603;-53.9891;fora_do_escopo
4308003;Faxinal do Soturno;43;Rio Grande do Sul;430011;Santa Maria;4303;Santa Maria;-29.5788;-53.4484;fora_do_escopo
4308300;Fontoura Xavier;43;Rio Grande do Sul;430031;Soledade;4306;Passo Fundo;-28.9817;-52.3445;fora_do_escopo
4308805;General Câmara;43;Rio Grande do Sul;430006;Charqueadas - Triunfo - São Jerônimo;4301;Porto Alegre;-29.9032;-51.7612;fora_do_escopo
4309258;Guabiju;43;Rio Grande do Sul;430038;Nova Prata - Guaporé;4307;Caxias do Sul;-28.5421;-51.6948;fora_do_escopo
4309555;Harmonia;43;Rio Grande do Sul;430002;Novo Hamburgo - São Leopoldo;4301;Porto Alegre;-29.5456;-51.4185;fora_do_escopo
4309571;Herveiras;43;Rio Grande do Sul;430040;Santa Cruz do Sul;4308;Santa Cruz do Sul - Lajeado;-29.4552;-52.6553;fora_do_escopo
4310207;Ijuí;43;Rio Grande do Sul;430018;Ijuí;4305;Ijuí;-28.388;-53.92;fora_do_escopo
4310405;Independência;43;Rio Grande do Sul;430023;Três de Maio;4305;Ijuí;-27.8354;-54.1886;fora_do_escopo
4310439;Ipê;43;Rio Grande do Sul;430036;Caxias do Sul;4307;Caxias do Sul;-28.8171;-51.2859;fora_do_escopo
4310900;Jacutinga;43;Rio Grande do Sul;430026;Erechim;4306;Passo Fundo;-27.7291;-52.5372;fora_do_escopo
4311106;Jaguari;43;Rio Grande do Sul;430011;Santa Maria;4303;Santa Maria;-29.4936;-54.703;fora_do_escopo
4311601;Liberato Salzano;43;Rio Grande do Sul;430029;Frederico Westphalen;4306;Passo Fundo;-27.601;-53.0753;fora_do_escopo
4311643;Linha Nova;43;Rio Grande do Sul;430002;Novo Hamburgo - São Leopoldo;4301;Porto Alegre;-29.4679;-51.2003;fora_do_escopo
4312203;Maximiliano de Almeida;43;Rio Grande do Sul;430032;Tapejara - Sananduva;4306;Passo Fundo;-27.6325;-51.802;fora_do_escopo
4312302;Miraguaí;43;Rio Grande do Sul;430021;Três Passos;4305;Ijuí;-27.497;-53.6891;fora_do_escopo
4312377;Monte Alegre dos Campos;43;Rio Grande do Sul;430039;Vacaria;4307;Caxias do Sul;-28.6805;-50.7834;fora_do_escopo
4312385;Monte Belo do Sul;43;Rio Grande do Sul;430037;Bento Gonçalves;4307;Caxias do Sul;-29.1607;-51.6333;fora_do_escopo
4312674;Nicolau Vergueiro;43;Rio Grande do Sul;430025;Passo Fundo;4306;Passo Fundo;-28.5298;-52.4676;fora_do_escopo
4313037;Nova Esperança do Sul;43;Rio Grande do Sul;430014;Santiago;4303;Santa Maria;-29.4066;-54.8293;fora_do_escopo
4314027;Paraíso do Sul;43;Rio Grande do Sul;430013;Cachoeira do Sul;4303;Santa Maria;-29.6717;-53.144;fora_do_escopo
4314134;Paulo Bento;43;Rio Grande do Sul;430026;Erechim;4306;Passo Fundo;-27.7051;-52.4169;fora_do_escopo
4314787;Ponte Preta;43;Rio Grande do Sul;430026;Erechim;4306;Passo Fundo;-27.6587;-52.4848;fora_do_escopo
4315057;Porto Mauá;43;Rio Grande do Sul;430019;Santa Rosa;4305;Ijuí;-27.5796;-54.6657;fora_do_escopo
4314753;Poço das Antas;43;Rio Grande do Sul;430041;Lajeado;4308;Santa Cruz do Sul - Lajeado;-29.4481;-51.6719;fora_do_escopo
4315149;Presidente Lucena;43;Rio Grande do Sul;430002;Novo Hamburgo - São Leopoldo;4301;Porto Alegre;-29.5175;-51.1798;fora_do_escopo
4315404;Redentora;43;Rio Grande do Sul;430021;Três Passos;4305;Ijuí;-27.664;-53.6407;fora_do_escopo
4315701;Rio Pardo;43;Rio Grande do Sul;430040;Santa Cruz do Sul;4308;Santa Cruz do Sul - Lajeado;-29.988;-52.3711;fora_do_escopo
4315750;Riozinho;43;Rio Grande do Sul;430004;Taquara - Parobé - Igrejinha;4301;Porto Alegre;-29.639;-50.4488;fora_do_escopo
4315800;Roca Sales;43;Rio Grande do Sul;430043;Encantado;4308;Santa Cruz do Sul - Lajeado;-29.2884;-51.8658;fora_do_escopo
4316436;Saldanha Marinho;43;Rio Grande do Sul;430028;Carazinho;4306;Passo Fundo;-28.3941;-53.097;fora_do_escopo
4316477;Salvador das Missões;43;Rio Grande do Sul;430024;Cerro Largo;4305;Ijuí;-28.1233;-54.8373;fora_do_escopo
4316709;Santa Bárbara do Sul;43;Rio Grande do Sul;430027;Cruz Alta;4306;Passo Fundo;-28.3653;-53.251;fora_do_escopo
4317004;Santana da Boa Vista;43;Rio Grande do Sul;430012;São Gabriel - Caçapava do Sul;4303;Santa Maria;-30.8697;-53.11;fora_do_escopo
4317954;Santo Expedito do Sul;43;Rio Grande do Sul;430032;Tapejara - Sananduva;4306;Passo Fundo;-27.9074;-51.6434;fora_do_escopo
4320305;Selbach;43;Rio Grande do Sul;430027;Cruz Alta;4306;Passo Fundo;-28.6294;-52.9498;fora_do_escopo
4320503;Sertão;43;Rio Grande do Sul;430025;Passo Fundo;4306;Passo Fundo;-27.9798;-52.2588;fora_do_escopo
4320578;Sete de Setembro;43;Rio Grande do Sul;430020;Santo Ângelo;4305;Ijuí;-28.1362;-54.4637;fora_do_escopo
4320701;Sobradinho;43;Rio Grande do Sul;430042;Sobradinho;4308;Santa Cruz do Sul - Lajeado;-29.4194;-53.0326;fora_do_escopo
4318465;São José do Herval;43;Rio Grande do Sul;430031;Soledade;4306;Passo Fundo;-29.052;-52.295;fora_do_escopo
4318424;São João da Urtiga;43;Rio Grande do Sul;430032;Tapejara - Sananduva;4306;Passo Fundo;-27.8195;-51.8257;fora_do_escopo
4318432;São João do Polêsine;43;Rio Grande do Sul;430011;Santa Maria;4303;Santa Maria;-29.6194;-53.4439;fora_do_escopo
4319109;São Martinho;43;Rio Grande do Sul;430021;Três Passos;4305;Ijuí;-27.7112;-53.9699;fora_do_escopo
4319752;São Vendelino;43;Rio Grande do Sul;430002;Novo Hamburgo - São Leopoldo;4301;Porto Alegre;-29.3729;-51.3675;fora_do_escopo
4321204;Taquara;43;Rio Grande do Sul;430004;Taquara - Parobé - Igrejinha;4301;Porto Alegre;-29.6505;-50.7753;fora_do_escopo
4321329;Taquaruçu do Sul;43;Rio Grande do Sul;430029;Frederico Westphalen;4306;Passo Fundo;-27.4005;-53.4702;fora_do_escopo
4321451;Teutônia;43;Rio Grande do Sul;430041;Lajeado;4308;Santa Cruz do Sul - Lajeado;-29.4482;-51.8044;fora_do_escopo
4321477;Tiradentes do Sul;43;Rio Grande do Sul;430021;Três Passos;4305;Ijuí;-27.4022;-54.0814;fora_do_escopo
4321808;Três de Maio;43;Rio Grande do Sul;430023;Três de Maio;4305;Ijuí;-27.78;-54.2357;fora_do_escopo
4322525;Vale Verde;43;Rio Grande do Sul;430040;Santa Cruz do Sul;4308;Santa Cruz do Sul - Lajeado;-29.7864;-52.1857;fora_do_escopo
4323200;Victor Graeff;43;Rio Grande do Sul;430025;Passo Fundo;4306;Passo Fundo;-28.5632;-52.7495;fora_do_escopo
4323754;Vitória das Missões;43;Rio Grande do Sul;430020;Santo Ângelo;4305;Ijuí;-28.3516;-54.504;fora_do_escopo
4323804;Xangri-lá;43;Rio Grande do Sul;430003;Tramandaí - Osório;4301;Porto Alegre;-29.8065;-50.0519;fora_do_escopo
5001904;Bataguassu;50;Mato Grosso do Sul;500002;Três Lagoas;5001;Campo Grande;-21.7159;-52.4221;fora_do_escopo
5002951;Chapadão do Sul;50;Mato Grosso do Sul;500003;Paranaíba - Chapadão do Sul - Cassilândia;5001;Campo Grande;-18.788;-52.6263;fora_do_escopo
5003157;Coronel Sapucaia;50;Mato Grosso do Sul;500009;Amambai;5002;Dourados;-23.2724;-55.5278;fora_do_escopo
5003488;Dois Irmãos do Buriti;50;Mato Grosso do Sul;500001;Campo Grande;5001;Campo Grande;-20.6848;-55.2915;fora_do_escopo
5004007;Glória de Dourados;50;Mato Grosso do Sul;500005;Dourados;5002;Dourados;-22.4136;-54.2335;fora_do_escopo
5005004;Jardim;50;Mato Grosso do Sul;500011;Jardim;5003;Corumbá;-21.4799;-56.1489;fora_do_escopo
5005202;Ladário;50;Mato Grosso do Sul;500010;Corumbá;5003;Corumbá;-19.0089;-57.5973;fora_do_escopo
5006606;Ponta Porã;50;Mato Grosso do Sul;500008;Ponta Porã;5002;Dourados;-22.5296;-55.7203;fora_do_escopo
5007406;Rio Verde de Mato Grosso;50;Mato Grosso do Sul;500004;Coxim;5001;Campo Grande;-18.9249;-54.8434;fora_do_escopo
5007695;São Gabriel do Oeste;50;Mato Grosso do Sul;500001;Campo Grande;5001;Campo Grande;-19.3889;-54.5507;fora_do_escopo
5100508;Alto Paraguai;51;Mato Grosso;510003;Diamantino;5101;Cuiabá;-14.5137;-56.4776;fora_do_escopo
5101605;Barão de Melgaço;51;Mato Grosso;510001;Cuiabá;5101;Cuiabá;-16.2067;-55.9623;fora_do_escopo
5101852;Bom Jesus do Araguaia;51;Mato Grosso;510014;Confresa - Vila Rica;5104;Barra do Garças;-12.1706;-51.5032;fora_do_escopo
5102702;Canarana;51;Mato Grosso;510015;Água Boa;5104;Barra do Garças;-13.5515;-52.2705;fora_do_escopo
5103106;Cocalinho;51;Mato Grosso;510015;Água Boa;5104;Barra do Garças;-14.3903;-51.0001;fora_do_escopo
5103304;Comodoro;51;Mato Grosso;510005;Pontes e Lacerda - Comodoro;5102;Cáceres;-13.6614;-59.7848;fora_do_escopo
5103452;Denise;51;Mato Grosso;510002;Tangará da Serra;5101;Cuiabá;-14.7324;-57.0583;fora_do_escopo
5103700;Feliz Natal;51;Mato Grosso;510007;Sinop;5103;Sinop;-12.385;-54.9227;fora_do_escopo
5104203;Guiratinga;51;Mato Grosso;510016;Rondonópolis;5105;Rondonópolis;-16.346;-53.7575;fora_do_escopo
5104526;Ipiranga do Norte;51;Mato Grosso;510008;Sorriso;5103;Sinop;-12.2408;-56.1531;fora_do_escopo
5104559;Itaúba;51;Mato Grosso;510007;Sinop;5103;Sinop;-11.0614;-55.2766;fora_do_escopo
5105580;Marcelândia;51;Mato Grosso;510007;Sinop;5103;Sinop;-11.0463;-54.4377;fora_do_escopo
5106109;Nossa Senhora do Livramento;51;Mato Grosso;510001;Cuiabá;5101;Cuiabá;-15.772;-56.3432;fora_do_escopo
5108907;Nova Maringá;51;Mato Grosso;510003;Diamantino;5101;Cuiabá;-13.0136;-57.0908;fora_do_escopo
5107701;Rosário Oeste;51;Mato Grosso;510001;Cuiabá;5101;Cuiabá;-14.8259;-56.4236;fora_do_escopo
5107750;Salto do Céu;51;Mato Grosso;510004;Cáceres;5102;Cáceres;-15.1303;-58.1317;fora_do_escopo
5108006;Tapurah;51;Mato Grosso;510008;Sorriso;5103;Sinop;-12.695;-56.5178;fora_do_escopo
5108105;Tesouro;51;Mato Grosso;510016;Rondonópolis;5105;Rondonópolis;-16.0809;-53.559;fora_do_escopo
5108303;União do Sul;51;Mato Grosso;510007;Sinop;5103;Sinop;-11.5308;-54.3616;fora_do_escopo
5200159;Adelândia;52;Goiás;520003;Inhumas - Itaberaí - Anicuns;5201;Goiânia;-16.4127;-50.1657;fora_do_escopo
5200605;Alto Paraíso de Goiás;52;Goiás;520022;Flores de Goiás;5206;Luziânia - Águas Lindas de Goiás;-14.1305;-47.51;fora_do_escopo
5200803;Alvorada do Norte;52;Goiás;520021;Posse-Campos Belos;5206;Luziânia - Águas Lindas de Goiás;-14.4797;-46.491;fora_do_escopo
5200852;Americano do Brasil;52;Goiás;520003;Inhumas - Itaberaí - Anicuns;5201;Goiânia;-16.2514;-49.9831;fora_do_escopo
5202809;Avelinópolis;52;Goiás;520003;Inhumas - Itaberaí - Anicuns;5201;Goiânia;-16.4672;-49.7579;fora_do_escopo
5203559;Bonfinópolis;52;Goiás;520001;Goiânia;5201;Goiânia;-16.6173;-48.9616;fora_do_escopo
5203575;Bonópolis;52;Goiás;520016;Porangatu;5205;Porangatu - Uruaçu;-13.6329;-49.8106;fora_do_escopo
5204102;Cachoeira Alta;52;Goiás;520010;Rio Verde;5203;Rio Verde;-18.7618;-50.9432;fora_do_escopo
5204805;Campo Alegre de Goiás;52;Goiás;520004;Catalão;5201;Goiânia;-17.6363;-47.7768;fora_do_escopo
5206701;Damianópolis;52;Goiás;520021;Posse-Campos Belos;5206;Luziânia - Águas Lindas de Goiás;-14.5604;-46.178;fora_do_escopo
5206800;Damolândia;52;Goiás;520003;Inhumas - Itaberaí - Anicuns;5201;Goiânia;-16.2544;-49.3631;fora_do_escopo
5208301;Divinópolis de Goiás;52;Goiás;520021;Posse-Campos Belos;5206;Luziânia - Águas Lindas de Goiás;-13.2853;-46.3999;fora_do_escopo
5207253;Doverlândia;52;Goiás;520011;Jataí-Mineiros;5203;Rio Verde;-16.7188;-52.3189;fora_do_escopo
5208103;Formoso;52;Goiás;520016;Porangatu;5205;Porangatu - Uruaçu;-13.6499;-48.8775;fora_do_escopo
5208400;Goianápolis;52;Goiás;520002;Anápolis;5201;Goiânia;-16.5098;-49.0234;fora_do_escopo
5209804;Hidrolina;52;Goiás;520017;Uruaçu - Niquelândia;5205;Porangatu - Uruaçu;-14.7261;-49.4634;fora_do_escopo
5209705;Hidrolândia;52;Goiás;520001;Goiânia;5201;Goiânia;-16.9626;-49.2265;fora_do_escopo
5209937;Inaciolândia;52;Goiás;520012;Quirinópolis;5203;Rio Verde;-18.4869;-49.9888;fora_do_escopo
5210158;Ipiranga de Goiás;52;Goiás;520018;Ceres - Rialma - Goianésia;5205;Porangatu - Uruaçu;-15.1689;-49.6695;fora_do_escopo
5210802;Itajá;52;Goiás;520010;Rio Verde;5203;Rio Verde;-19.0673;-51.5495;fora_do_escopo
5211909;Jataí;52;Goiás;520011;Jataí-Mineiros;5203;Rio Verde;-17.8784;-51.7204;fora_do_escopo
5212204;Jussara;52;Goiás;520005;Goiás - Itapuranga;5201;Goiânia;-15.8659;-50.8668;fora_do_escopo
5213053;Mimoso de Goiás;52;Goiás;520020;Águas Lindas de Goiás;5206;Luziânia - Águas Lindas de Goiás;-15.0515;-48.1611;fora_do_escopo
5213772;Montividiu do Norte;52;Goiás;520016;Porangatu;5205;Porangatu - Uruaçu;-13.3485;-48.6853;fora_do_escopo
5213806;Morrinhos;52;Goiás;520008;Caldas Novas-Morrinhos;5202;Itumbiara;-17.7334;-49.1059;fora_do_escopo
5214606;Niquelândia;52;Goiás;520017;Uruaçu - Niquelândia;5205;Porangatu - Uruaçu;-14.4662;-48.4599;fora_do_escopo
5214879;Nova Iguaçu de Goiás;52;Goiás;520017;Uruaçu - Niquelândia;5205;Porangatu - Uruaçu;-14.2868;-49.3872;fora_do_escopo
5216403;Paraúna;52;Goiás;520015;Palmeiras de Goiás;5204;São Luís de Montes Belos - Iporá;-16.9463;-50.4484;fora_do_escopo
5217104;Piracanjuba;52;Goiás;520009;Piracanjuba;5202;Itumbiara;-17.302;-49.017;fora_do_escopo
5220504;Serranópolis;52;Goiás;520011;Jataí-Mineiros;5203;Rio Verde;-18.3067;-51.9586;fora_do_escopo
5220108;São Luís de Montes Belos;52;Goiás;520013;São Luís de Montes Belos;5204;São Luís de Montes Belos - Iporá;-16.5211;-50.3726;fora_do_escopo
5221403;Trindade;52;Goiás;520001;Goiânia;5201;Goiânia;-16.6517;-49.4927;fora_do_escopo
5221601;Uruaçu;52;Goiás;520017;Uruaçu - Niquelândia;5205;Porangatu - Uruaçu;-14.5238;-49.1396;fora_do_escopo
5222054;Vicentinópolis;52;Goiás;520009;Piracanjuba;5202;Itumbiara;-17.7322;-49.8047;fora_do_escopo
5222203;Vila Boa;52;Goiás;520022;Flores de Goiás;5206;Luziânia - Águas Lindas de Goiás;-15.0387;-47.052;fora_do_escopo
3106705;Betim;31;Minas Gerais;310001;Belo Horizonte;3101;Belo Horizonte;-19.9668;-44.2008;atendido
1101302;Mirante da Serra;11;Rondônia;110004;Ji-Paraná;1102;Ji-Paraná;-11.029;-62.6696;fora_do_escopo
1101401;Monte Negro;11;Rondônia;110002;Ariquemes;1101;Porto Velho;-10.2458;-63.29;fora_do_escopo
1101609;Theobroma;11;Rondônia;110003;Jaru;1101;Porto Velho;-10.2483;-62.3538;fora_do_escopo
1200179;Capixaba;12;Acre;120001;Rio Branco;1201;Rio Branco;-10.566;-67.686;fora_do_escopo
1200336;Mâncio Lima;12;Acre;120004;Cruzeiro do Sul;1202;Cruzeiro do Sul;-7.61657;-72.8997;fora_do_escopo
1301902;Itacoatiara;13;Amazonas;130011;Itacoatiara;1304;Parintins;-3.13861;-58.4449;fora_do_escopo
1400472;Rorainópolis;14;Roraima;140003;Rorainópolis;1402;Rorainópolis - Caracaraí;0.939956;-60.4389;fora_do_escopo
1501006;Aveiro;15;Pará;150016;Itaituba;1505;Santarém;-3.60841;-55.3199;fora_do_escopo
1501451;Belterra;15;Pará;150015;Santarém;1505;Santarém;-2.63609;-54.9374;fora_do_escopo
1501402;Belém;15;Pará;150001;Belém;1501;Belém;-1.4554;-48.4898;fora_do_escopo
1501709;Bragança;15;Pará;150005;Bragança;1502;Castanhal;-1.06126;-46.7826;fora_do_escopo
1501725;Brasil Novo;15;Pará;150018;Altamira;1506;Altamira;-3.29792;-52.534;fora_do_escopo
1502509;Chaves;15;Pará;150020;Breves;1507;Breves;-0.164154;-49.987;fora_do_escopo
1502707;Conceição do Araguaia;15;Pará;150012;Redenção;1504;Redenção;-8.26136;-49.2689;fora_do_escopo
1503754;Jacareacanga;15;Pará;150016;Itaituba;1505;Santarém;-6.21469;-57.7544;fora_do_escopo
1504109;Magalhães Barata;15;Pará;150004;Castanhal;1502;Castanhal;-0.803391;-47.6014;fora_do_escopo
1505486;Pacajá;15;Pará;150011;Tucuruí;1503;Marabá;-3.83542;-50.6399;fora_do_escopo
1505551;Pau D'Arco;15;Pará;150012;Redenção;1504;Redenção;-1.59772;-46.9268;fora_do_escopo
1506609;Santa Maria do Pará;15;Pará;150004;Castanhal;1502;Castanhal;-1.35392;-47.5712;fora_do_escopo
1507102;São Caetano de Odivelas;15;Pará;150001;Belém;1501;Belém;-0.747293;-48.0246;fora_do_escopo
1507508;São João do Araguaia;15;Pará;150009;Marabá;1503;Marabá;-5.36334;-48.7926;fora_do_escopo
1507607;São Miguel do Guamá;15;Pará;150004;Castanhal;1502;Castanhal;-1.61307;-47.4784;fora_do_escopo
1508126;Ulianópolis;15;Pará;150007;Paragominas;1502;Castanhal;-3.75007;-47.4892;fora_do_escopo
1500347;Água Azul do Norte;15;Pará;150014;Xinguara;1504;Redenção;-6.79053;-50.4791;fora_do_escopo
1600105;Amapá;16;Amapá;160003;Oiapoque;1602;Oiapoque - Porto Grande;2.05267;-50.7957;fora_do_escopo
1600238;Ferreira Gomes;16;Amapá;160004;Porto Grande;1602;Oiapoque - Porto Grande;0.857256;-51.1795;fora_do_escopo
1600154;Pedra Branca do Amapari;16;Amapá;160004;Porto Grande;1602;Oiapoque - Porto Grande;0.777424;-51.9503;fora_do_escopo
1600550;Pracuúba;16;Amapá;160003;Oiapoque;1602;Oiapoque - Porto Grande;1.74543;-50.7892;fora_do_escopo
1701002;Ananás;17;Tocantins;170005;Araguaína;1702;Araguaína;-6.36437;-48.0735;fora_do_escopo
1701101;Aparecida do Rio Negro;17;Tocantins;170001;Palmas;1701;Palmas;-9.94139;-47.9638;fora_do_escopo
1701309;Aragominas;17;Tocantins;170005;Araguaína;1702;Araguaína;-7.16005;-48.5291;fora_do_escopo
1705607;Conceição do Tocantins;17;Tocantins;170011;Dianópolis;1703;Gurupi;-12.2209;-47.2951;fora_do_escopo
1706100;Cristalândia;17;Tocantins;170003;Paraíso do Tocantins;1701;Palmas;-10.5985;-49.1942;fora_do_escopo
1706506;Darcinópolis;17;Tocantins;170005;Araguaína;1702;Araguaína;-6.71591;-47.7597;fora_do_escopo
1707108;Divinópolis do Tocantins;17;Tocantins;170003;Paraíso do Tocantins;1701;Palmas;-9.80018;-49.2169;fora_do_escopo
1709807;Ipueiras;17;Tocantins;170002;Porto Nacional;1701;Palmas;-11.2329;-48.46;fora_do_escopo
1712157;Lavandeira;17;Tocantins;170011;Dianópolis;1703;Gurupi;-12.7847;-46.5099;fora_do_escopo
1712454;Luzinópolis;17;Tocantins;170008;Tocantinópolis;1702;Araguaína;-6.17794;-47.8582;fora_do_escopo
1712801;Maurilândia do Tocantins;17;Tocantins;170008;Tocantinópolis;1702;Araguaína;-5.95169;-47.5125;fora_do_escopo
1713700;Monte Santo do Tocantins;17;Tocantins;170003;Paraíso do Tocantins;1701;Palmas;-10.0075;-48.9941;fora_do_escopo
1713957;Muricilândia;17;Tocantins;170005;Araguaína;1702;Araguaína;-7.14669;-48.6091;fora_do_escopo
1715507;Oliveira de Fátima;17;Tocantins;170002;Porto Nacional;1701;Palmas;-10.707;-48.9086;fora_do_escopo
1718303;Praia Norte;17;Tocantins;170009;Araguatins;1702;Araguaína;-5.39281;-47.8111;fora_do_escopo
1718451;Pugmil;17;Tocantins;170003;Paraíso do Tocantins;1701;Palmas;-10.424;-48.8957;fora_do_escopo
1719004;Santa Tereza do Tocantins;17;Tocantins;170001;Palmas;1701;Palmas;-10.2746;-47.8033;fora_do_escopo
1720853;Sucupira;17;Tocantins;170010;Gurupi;1703;Gurupi;-11.993;-48.9685;fora_do_escopo
1720309;São Sebastião do Tocantins;17;Tocantins;170009;Araguatins;1702;Araguaína;-5.26131;-48.2021;fora_do_escopo
1720499;São Valério;17;Tocantins;170010;Gurupi;1703;Gurupi;-11.9743;-48.2353;fora_do_escopo
1720804;Sítio Novo do Tocantins;17;Tocantins;170009;Araguatins;1702;Araguaína;-5.6012;-47.6381;fora_do_escopo
1720978;Talismã;17;Tocantins;170010;Gurupi;1703;Gurupi;-12.7949;-49.0896;fora_do_escopo
2100477;Alto Alegre do Pindaré;21;Maranhão;210009;Santa Inês;2102;Santa Inês - Bacabal;-3.66689;-45.8421;fora_do_escopo
2100501;Alto Parnaíba;21;Maranhão;210022;Balsas;2105;Imperatriz;-9.10273;-45.9303;fora_do_escopo
2100550;Amapá do Maranhão;21;Maranhão;210011;Governador Nunes Freire;2102;Santa Inês - Bacabal;-1.67524;-46.0024;fora_do_escopo
2101251;Bacabeira;21;Maranhão;210001;São Luís;2101;São Luís;-2.96452;-44.3164;fora_do_escopo
2101509;Barão de Grajaú;21;Maranhão;210017;São João dos Patos;2104;Presidente Dutra;-6.74463;-43.0261;fora_do_escopo
2101806;Benedito Leite;21;Maranhão;210017;São João dos Patos;2104;Presidente Dutra;-7.21037;-44.5577;fora_do_escopo
2102002;Bom Jardim;21;Maranhão;210009;Santa Inês;2102;Santa Inês - Bacabal;-3.54129;-45.606;fora_do_escopo
2102150;Brejo de Areia;21;Maranhão;210010;Bacabal;2102;Santa Inês - Bacabal;-4.334;-45.581;fora_do_escopo
2102705;Cantanhede;21;Maranhão;210004;Itapecuru Mirim;2101;São Luís;-3.63757;-44.383;fora_do_escopo
2103752;Davinópolis;21;Maranhão;210019;Imperatriz;2105;Imperatriz;-5.54637;-47.4217;fora_do_escopo
2104800;Grajaú;21;Maranhão;210020;Barra do Corda;2105;Imperatriz;-5.81367;-46.1462;fora_do_escopo
2105948;Lago dos Rodrigues;21;Maranhão;210012;Pedreiras;2102;Santa Inês - Bacabal;-4.61173;-44.9798;fora_do_escopo
2105989;Lajeado Novo;21;Maranhão;210019;Imperatriz;2105;Imperatriz;-6.18539;-47.0293;fora_do_escopo
2106326;Maracaçumé;21;Maranhão;210011;Governador Nunes Freire;2102;Santa Inês - Bacabal;-2.04918;-45.9587;fora_do_escopo
2106706;Mirador;21;Maranhão;210018;Colinas;2104;Presidente Dutra;-6.37454;-44.3683;fora_do_escopo
2106755;Miranda do Norte;21;Maranhão;210004;Itapecuru Mirim;2101;São Luís;-3.56313;-44.5814;fora_do_escopo
2107258;Nova Colinas;21;Maranhão;210022;Balsas;2105;Imperatriz;-7.12263;-46.2607;fora_do_escopo
2107357;Nova Olinda do Maranhão;21;Maranhão;210009;Santa Inês;2102;Santa Inês - Bacabal;-2.84227;-45.6953;fora_do_escopo
2107704;Paraibano;21;Maranhão;210017;São João dos Patos;2104;Presidente Dutra;-6.4264;-43.9792;fora_do_escopo
2108058;Paulino Neves;21;Maranhão;210007;Tutóia - Araioses;2101;São Luís;-2.72094;-42.5258;fora_do_escopo
2108900;Poção de Pedras;21;Maranhão;210012;Pedreiras;2102;Santa Inês - Bacabal;-4.74626;-44.9432;fora_do_escopo
2109551;Ribamar Fiquene;21;Maranhão;210019;Imperatriz;2105;Imperatriz;-5.93067;-47.3888;fora_do_escopo
2109601;Rosário;21;Maranhão;210001;São Luís;2101;São Luís;-2.93444;-44.2531;fora_do_escopo
2110278;Santo Amaro do Maranhão;21;Maranhão;210006;Barreirinhas;2101;São Luís;-2.50068;-43.238;fora_do_escopo
2111748;Senador Alexandre Costa;21;Maranhão;210016;Presidente Dutra;2104;Presidente Dutra;-5.25096;-44.0533;fora_do_escopo
2110856;São Francisco do Brejão;21;Maranhão;210021;Açailândia;2105;Imperatriz;-5.12584;-47.389;fora_do_escopo
2111607;São Raimundo das Mangabeiras;21;Maranhão;210022;Balsas;2105;Imperatriz;-7.02183;-45.4809;fora_do_escopo
2111805;Sítio Novo;21;Maranhão;210020;Barra do Corda;2105;Imperatriz;-5.87601;-46.7033;fora_do_escopo
2112233;Trizidela do Vale;21;Maranhão;210012;Pedreiras;2102;Santa Inês - Bacabal;-4.538;-44.628;fora_do_escopo
2112456;Turilândia;21;Maranhão;210002;Pinheiro;2101;São Luís;-2.21638;-45.3044;fora_do_escopo
2200053;Acauã;22;Piauí;220010;Paulistana;2203;Picos;-8.21954;-41.0831;fora_do_escopo
2200103;Agricolândia;22;Piauí;220002;Amarante - Água Branca - Regeneração;2201;Teresina;-5.79676;-42.6664;fora_do_escopo
2200277;Alegrete do Piauí;22;Piauí;220009;Picos;2203;Picos;-7.24196;-40.8566;fora_do_escopo
2200707;Anísio de Abreu;22;Piauí;220013;São Raimundo Nonato;2204;São Raimundo Nonato;-9.18564;-43.0494;fora_do_escopo
2201309;Barreiras do Piauí;22;Piauí;220015;Corrente;2205;Corrente - Bom Jesus;-9.9296;-45.4702;fora_do_escopo
2201556;Bela Vista do Piauí;22;Piauí;220012;Simplício Mendes;2203;Picos;-7.98809;-41.8675;fora_do_escopo
2201903;Bom Jesus;22;Piauí;220016;Bom Jesus;2205;Corrente - Bom Jesus;-9.07124;-44.359;fora_do_escopo
2201929;Bonfim do Piauí;22;Piauí;220013;São Raimundo Nonato;2204;São Raimundo Nonato;-9.1605;-42.8865;fora_do_escopo
2202000;Buriti dos Lopes;22;Piauí;220006;Parnaíba;2202;Parnaíba;-3.18259;-41.8695;fora_do_escopo
2202059;Cabeceiras do Piauí;22;Piauí;220005;Barras;2201;Teresina;-4.4773;-42.3069;fora_do_escopo
2202083;Cajueiro da Praia;22;Piauí;220006;Parnaíba;2202;Parnaíba;-2.93111;-41.3408;fora_do_escopo
2202703;Cocal;22;Piauí;220006;Parnaíba;2202;Parnaíba;-3.47279;-41.5546;fora_do_escopo
2202752;Colônia do Gurguéia;22;Piauí;220016;Bom Jesus;2205;Corrente - Bom Jesus;-8.1837;-43.794;fora_do_escopo
2205201;Jaicós;22;Piauí;220009;Picos;2203;Picos;-7.36229;-41.1371;fora_do_escopo
2205516;Juazeiro do Piauí;22;Piauí;220003;Campo Maior;2201;Teresina;-5.17459;-41.6976;fora_do_escopo
2205599;Lagoa do Sítio;22;Piauí;220004;Valença do Piauí;2201;Teresina;-6.50766;-41.5653;fora_do_escopo
2205904;Manoel Emídio;22;Piauí;220018;Uruçuí;2206;Floriano;-8.01234;-43.8755;fora_do_escopo
2206209;Miguel Alves;22;Piauí;220001;Teresina;2201;Teresina;-4.16857;-42.8963;fora_do_escopo
2206308;Miguel Leão;22;Piauí;220002;Amarante - Água Branca - Regeneração;2201;Teresina;-5.68077;-42.7436;fora_do_escopo
2206720;Nazária;22;Piauí;220001;Teresina;2201;Teresina;-5.35128;-42.8153;fora_do_escopo
2206803;Nossa Senhora dos Remédios;22;Piauí;220005;Barras;2201;Teresina;-3.97574;-42.6184;fora_do_escopo
2206951;Novo Santo Antônio;22;Piauí;220001;Teresina;2201;Teresina;-5.28749;-41.9325;fora_do_escopo
2208908;Ribeiro Gonçalves;22;Piauí;220018;Uruçuí;2206;Floriano;-7.55651;-45.2447;fora_do_escopo
2209401;Santo Antônio de Lisboa;22;Piauí;220009;Picos;2203;Picos;-6.98676;-41.2252;fora_do_escopo
2210003;São João do Piauí;22;Piauí;220014;São João do Piauí;2204;São Raimundo Nonato;-8.35466;-42.2559;fora_do_escopo
2210508;São Pedro do Piauí;22;Piauí;220002;Amarante - Água Branca - Regeneração;2201;Teresina;-5.92078;-42.7192;fora_do_escopo
2211506;Vera Mendes;22;Piauí;220009;Picos;2203;Picos;-7.59748;-41.4673;fora_do_escopo
2200202;Água Branca;22;Piauí;220002;Amarante - Água Branca - Regeneração;2201;Teresina;-5.88856;-42.637;fora_do_escopo
2301109;Aracati;23;Ceará;230008;Aracati;2302;Quixadá;-4.55826;-37.7679;fora_do_escopo
2301802;Baixio;23;Ceará;230010;Icó;2303;Iguatu;-6.71945;-38.7134;fora_do_escopo
2301901;Barbalha;23;Ceará;230011;Juazeiro do Norte;2304;Juazeiro do Norte;-7.2982;-39.3021;fora_do_escopo
2304269;Deputado Irapuan Pinheiro;23;Ceará;230006;Quixadá;2302;Quixadá;-5.91485;-39.257;fora_do_escopo
2305001;Guaraciaba do Norte;23;Ceará;230016;São Benedito - Ipu - Guaraciaba do Norte - Tianguá;2306;Sobral;-4.15814;-40.7476;fora_do_escopo
2305233;Horizonte;23;Ceará;230001;Fortaleza;2301;Fortaleza;-4.1209;-38.4707;fora_do_escopo
2305266;Ibaretama;23;Ceará;230006;Quixadá;2302;Quixadá;-4.80376;-38.7501;fora_do_escopo
2307700;Maranguape;23;Ceará;230001;Fortaleza;2301;Fortaleza;-3.89143;-38.6829;fora_do_escopo
2311207;Potengi;23;Ceará;230011;Juazeiro do Norte;2304;Juazeiro do Norte;-7.09154;-40.0233;fora_do_escopo
2311959;Salitre;23;Ceará;230011;Juazeiro do Norte;2304;Juazeiro do Norte;-7.28398;-40.45;fora_do_escopo
2313005;Solonópole;23;Ceará;230006;Quixadá;2302;Quixadá;-5.71894;-39.0107;fora_do_escopo
2312403;São Gonçalo do Amarante;23;Ceará;230001;Fortaleza;2301;Fortaleza;-3.60515;-38.9726;fora_do_escopo
2313559;Tururu;23;Ceará;230002;Itapipoca;2301;Fortaleza;-3.58413;-39.4297;fora_do_escopo
2400703;Alto do Rodrigues;24;Rio Grande do Norte;240011;Açu;2403;Mossoró;-5.28186;-36.75;fora_do_escopo
2400208;Açu;24;Rio Grande do Norte;240011;Açu;2403;Mossoró;-5.58362;-36.914;fora_do_escopo
2401453;Baraúna;24;Rio Grande do Norte;240009;Mossoró;2403;Mossoró;-5.06977;-37.6129;fora_do_escopo
2401651;Bodó;24;Rio Grande do Norte;240008;Currais Novos;2402;Caicó;-5.98027;-36.4167;fora_do_escopo
2402006;Caicó;24;Rio Grande do Norte;240007;Caicó;2402;Caicó;-6.45441;-37.1067;fora_do_escopo
2401909;Caiçara do Rio do Vento;24;Rio Grande do Norte;240006;São Paulo do Potengi;2401;Natal;-5.76541;-35.9938;fora_do_escopo
2402105;Campo Redondo;24;Rio Grande do Norte;240004;Santa Cruz;2401;Natal;-6.23829;-36.1888;fora_do_escopo
2402501;Carnaubais;24;Rio Grande do Norte;240011;Açu;2403;Mossoró;-5.34181;-36.8335;fora_do_escopo
2402402;Carnaúba dos Dantas;24;Rio Grande do Norte;240008;Currais Novos;2402;Caicó;-6.55015;-36.5868;fora_do_escopo
2402808;Coronel Ezequiel;24;Rio Grande do Norte;240004;Santa Cruz;2401;Natal;-6.3748;-36.2223;fora_do_escopo
2403509;Espírito Santo;24;Rio Grande do Norte;240003;Canguaretama;2401;Natal;-6.33563;-35.3052;fora_do_escopo
2403756;Fernando Pedroza;24;Rio Grande do Norte;240011;Açu;2403;Mossoró;-5.69096;-36.5282;fora_do_escopo
2404507;Guamaré;24;Rio Grande do Norte;240011;Açu;2403;Mossoró;-5.10619;-36.3222;fora_do_escopo
2404903;Itaú;24;Rio Grande do Norte;240009;Mossoró;2403;Mossoró;-5.8363;-37.9912;fora_do_escopo
2406403;Lagoa de Velhos;24;Rio Grande do Norte;240006;São Paulo do Potengi;2401;Natal;-6.0119;-35.8729;fora_do_escopo
2407203;Macau;24;Rio Grande do Norte;240011;Açu;2403;Mossoró;-5.10795;-36.6318;fora_do_escopo
2407500;Maxaranguape;24;Rio Grande do Norte;240001;Natal;2401;Natal;-5.52181;-35.2631;fora_do_escopo
2408003;Mossoró;24;Rio Grande do Norte;240009;Mossoró;2403;Mossoró;-5.18374;-37.3474;fora_do_escopo
2410504;Rafael Fernandes;24;Rio Grande do Norte;240010;Pau dos Ferros;2403;Mossoró;-6.18987;-38.2211;fora_do_escopo
2408953;Rio do Fogo;24;Rio Grande do Norte;240001;Natal;2401;Natal;-5.2765;-35.3794;fora_do_escopo
2411809;São Fernando;24;Rio Grande do Norte;240007;Caicó;2402;Caicó;-6.37975;-37.1864;fora_do_escopo
2412005;São Gonçalo do Amarante;24;Rio Grande do Norte;240001;Natal;2401;Natal;-5.79068;-35.3257;fora_do_escopo
2414803;Vera Cruz;24;Rio Grande do Norte;240001;Natal;2401;Natal;-6.04399;-35.428;fora_do_escopo
2400406;Água Nova;24;Rio Grande do Norte;240010;Pau dos Ferros;2403;Mossoró;-6.20351;-38.2941;fora_do_escopo
2501708;Barra de São Miguel;25;Paraíba;250005;Campina Grande;2502;Campina Grande;-7.74603;-36.3209;fora_do_escopo
2502003;Belém do Brejo do Cruz;25;Paraíba;250011;Catolé do Rocha - São Bento;2503;Patos;-6.18515;-37.5348;fora_do_escopo
2502052;Bernardino Batista;25;Paraíba;250014;Sousa;2504;Sousa - Cajazeiras;-6.44572;-38.5521;fora_do_escopo
2502151;Boa Vista;25;Paraíba;250005;Campina Grande;2502;Campina Grande;-7.26365;-36.2357;fora_do_escopo
2502201;Bom Jesus;25;Paraíba;250015;Cajazeiras;2504;Sousa - Cajazeiras;-6.81601;-38.6453;fora_do_escopo
2502706;Borborema;25;Paraíba;250002;Guarabira;2501;João Pessoa;-6.80199;-35.6187;fora_do_escopo
2503100;Cabaceiras;25;Paraíba;250005;Campina Grande;2502;Campina Grande;-7.48899;-36.287;fora_do_escopo
2503704;Cajazeiras;25;Paraíba;250015;Cajazeiras;2504;Sousa - Cajazeiras;-6.88004;-38.5577;fora_do_escopo
2503902;Camalaú;25;Paraíba;250007;Monteiro;2502;Campina Grande;-7.88503;-36.8242;fora_do_escopo
2504108;Carrapateira;25;Paraíba;250015;Cajazeiras;2504;Sousa - Cajazeiras;-7.03414;-38.3399;fora_do_escopo
2504850;Coxixola;25;Paraíba;250008;Sumé;2502;Campina Grande;-7.62365;-36.6064;fora_do_escopo
2504900;Cruz do Espírito Santo;25;Paraíba;250001;João Pessoa;2501;João Pessoa;-7.13902;-35.0857;fora_do_escopo
2506905;Itabaiana;25;Paraíba;250004;Itabaiana;2501;João Pessoa;-7.33167;-35.3317;fora_do_escopo
2508109;Lagoa;25;Paraíba;250012;Pombal;2503;Patos;-6.58572;-37.9127;fora_do_escopo
2508901;Mamanguape;25;Paraíba;250003;Mamanguape - Rio Tinto;2501;João Pessoa;-6.8337;-35.1213;fora_do_escopo
2510303;Nova Palmeira;25;Paraíba;250006;Cuité - Nova Floresta;2502;Campina Grande;-6.67122;-36.422;fora_do_escopo
2510402;Olho d'Água;25;Paraíba;250009;Patos;2503;Patos;-7.22118;-37.7406;fora_do_escopo
2510501;Olivedos;25;Paraíba;250005;Campina Grande;2502;Campina Grande;-6.98434;-36.241;fora_do_escopo
2510600;Ouro Velho;25;Paraíba;250007;Monteiro;2502;Campina Grande;-7.61604;-37.1519;fora_do_escopo
2510808;Patos;25;Paraíba;250009;Patos;2503;Patos;-7.01743;-37.2747;fora_do_escopo
2511608;Pilões;25;Paraíba;250002;Guarabira;2501;João Pessoa;-6.86827;-35.613;fora_do_escopo
2512762;Riachão do Poço;25;Paraíba;250001;João Pessoa;2501;João Pessoa;-7.14173;-35.2914;fora_do_escopo
2513000;Salgadinho;25;Paraíba;250009;Patos;2503;Patos;-7.10098;-36.8458;fora_do_escopo
2516102;Soledade;25;Paraíba;250005;Campina Grande;2502;Campina Grande;-7.05829;-36.3668;fora_do_escopo
2514305;São José de Caiana;25;Paraíba;250010;Itaporanga;2503;Patos;-7.24636;-38.2989;fora_do_escopo
2514008;São João do Cariri;25;Paraíba;250005;Campina Grande;2502;Campina Grande;-7.38168;-36.5345;fora_do_escopo
2500106;Água Branca;25;Paraíba;250009;Patos;2503;Patos;-7.51144;-37.6357;fora_do_escopo
2600302;Agrestina;26;Pernambuco;260009;Caruaru;2602;Caruaru;-8.45966;-35.9447;fora_do_escopo
2601805;Betânia;26;Pernambuco;260013;Serra Talhada;2603;Serra Talhada;-8.26787;-38.0345;fora_do_escopo
2602902;Cabo de Santo Agostinho;26;Pernambuco;260001;Recife;2601;Recife;-8.28218;-35.0253;fora_do_escopo
2604106;Caruaru;26;Pernambuco;260009;Caruaru;2602;Caruaru;-8.28455;-35.9699;fora_do_escopo
2604155;Casinhas;26;Pernambuco;260008;Surubim;2601;Recife;-7.74084;-35.7206;fora_do_escopo
2604601;Condado;26;Pernambuco;260002;Goiana ¿ Timbaúba;2601;Recife;-7.58787;-35.0999;fora_do_escopo
2605202;Escada;26;Pernambuco;260018;Escada - Ribeirão;2601;Recife;-8.35672;-35.2241;fora_do_escopo
2605707;Floresta;26;Pernambuco;260013;Serra Talhada;2603;Serra Talhada;-8.60307;-38.5687;fora_do_escopo
2606408;Gravatá;26;Pernambuco;260009;Caruaru;2602;Caruaru;-8.21118;-35.5675;fora_do_escopo
2606705;Ibirajuba;26;Pernambuco;260009;Caruaru;2602;Caruaru;-8.57633;-36.1812;fora_do_escopo
2606804;Igarassu;26;Pernambuco;260001;Recife;2601;Recife;-7.82881;-34.9013;fora_do_escopo
2607406;Itacuruba;26;Pernambuco;260017;Salgueiro;2604;Petrolina;-8.82231;-38.6975;fora_do_escopo
2608305;Jupi;26;Pernambuco;260010;Garanhuns;2602;Caruaru;-8.70904;-36.4126;fora_do_escopo
2608503;Lagoa de Itaenga;26;Pernambuco;260006;Carpina;2601;Recife;-7.93005;-35.2874;fora_do_escopo
2609204;Maraial;26;Pernambuco;260003;Palmares;2601;Recife;-8.79062;-35.8266;fora_do_escopo
2610103;Palmeirina;26;Pernambuco;260010;Garanhuns;2602;Caruaru;-9.0109;-36.3242;fora_do_escopo
2610400;Parnamirim;26;Pernambuco;260017;Salgueiro;2604;Petrolina;-8.08729;-39.5795;fora_do_escopo
2611101;Petrolina;26;Pernambuco;260015;Petrolina;2604;Petrolina;-9.38866;-40.5027;fora_do_escopo
2611903;Rio Formoso;26;Pernambuco;260007;Barreiros - Sirinhaém;2601;Recife;-8.6592;-35.1532;fora_do_escopo
2613503;São José do Belmonte;26;Pernambuco;260013;Serra Talhada;2603;Serra Talhada;-7.85723;-38.7577;fora_do_escopo
2613206;São João;26;Pernambuco;260010;Garanhuns;2602;Caruaru;-8.87576;-36.3653;fora_do_escopo
2615003;Taquaritinga do Norte;26;Pernambuco;260009;Caruaru;2602;Caruaru;-7.89446;-36.0423;fora_do_escopo
2616183;Vertente do Lério;26;Pernambuco;260008;Surubim;2601;Recife;-7.77084;-35.8491;fora_do_escopo
2616308;Vicência;26;Pernambuco;260002;Goiana ¿ Timbaúba;2601;Recife;-7.65655;-35.3139;fora_do_escopo
2701001;Boca da Mata;27;Alagoas;270004;São Miguel dos Campos;2701;Maceió;-9.64308;-36.2125;fora_do_escopo
2702009;Coité do Nóia;27;Alagoas;270007;Arapiraca;2702;Arapiraca;-9.63348;-36.5845;fora_do_escopo
2702108;Colônia Leopoldina;27;Alagoas;270002;Porto Calvo - São Luís do Quitunde;2701;Maceió;-8.91806;-35.7214;fora_do_escopo
2703601;Japaratinga;27;Alagoas;270002;Porto Calvo - São Luís do Quitunde;2701;Maceió;-9.08746;-35.2634;fora_do_escopo
2704401;Major Isidoro;27;Alagoas;270008;Palmeira dos Índios;2702;Arapiraca;-9.53009;-36.992;fora_do_escopo
2704500;Maragogi;27;Alagoas;270002;Porto Calvo - São Luís do Quitunde;2701;Maceió;-9.00744;-35.2267;fora_do_escopo
2706703;Penedo;27;Alagoas;270003;Penedo;2701;Maceió;-10.2874;-36.5819;fora_do_escopo
2707107;Piranhas;27;Alagoas;270009;Delmiro Gouveia;2702;Arapiraca;-9.624;-37.757;fora_do_escopo
2707404;Porto de Pedras;27;Alagoas;270002;Porto Calvo - São Luís do Quitunde;2701;Maceió;-9.16006;-35.3049;fora_do_escopo
2707206;Poço das Trincheiras;27;Alagoas;270010;Santana do Ipanema;2702;Arapiraca;-9.30742;-37.2889;fora_do_escopo
2708006;Santana do Ipanema;27;Alagoas;270010;Santana do Ipanema;2702;Arapiraca;-9.36999;-37.248;fora_do_escopo
2709400;Viçosa;27;Alagoas;270006;Atalaia;2701;Maceió;-9.36763;-36.2431;fora_do_escopo
2800605;Barra dos Coqueiros;28;Sergipe;280001;Aracaju;2801;Aracaju;-10.8996;-37.0323;fora_do_escopo
2801603;Cedro de São João;28;Sergipe;280003;Propriá;2801;Aracaju;-10.2534;-36.8856;fora_do_escopo
2802106;Estância;28;Sergipe;280002;Estância;2801;Aracaju;-11.2659;-37.4484;fora_do_escopo
2803005;Itabaianinha;28;Sergipe;280002;Estância;2801;Aracaju;-11.2693;-37.7875;fora_do_escopo
2803302;Japaratuba;28;Sergipe;280001;Aracaju;2801;Aracaju;-10.5849;-36.9418;fora_do_escopo
2803609;Laranjeiras;28;Sergipe;280001;Aracaju;2801;Aracaju;-10.7981;-37.1731;fora_do_escopo
2804607;Nossa Senhora das Dores;28;Sergipe;280001;Aracaju;2801;Aracaju;-10.4854;-37.1963;fora_do_escopo
2804805;Nossa Senhora do Socorro;28;Sergipe;280001;Aracaju;2801;Aracaju;-10.8468;-37.1231;fora_do_escopo
2806008;Ribeirópolis;28;Sergipe;280004;Itabaiana;2802;Itabaiana;-10.5357;-37.438;fora_do_escopo
2807204;Siriri;28;Sergipe;280001;Aracaju;2801;Aracaju;-10.5965;-37.1131;fora_do_escopo
2807501;Tomar do Geru;28;Sergipe;280002;Estância;2801;Aracaju;-11.3694;-37.8433;fora_do_escopo
2901700;Antônio Cardoso;29;Bahia;290029;Feira de Santana;2910;Feira de Santana;-12.4335;-39.1176;fora_do_escopo
2901809;Antônio Gonçalves;29;Bahia;290023;Senhor do Bonfim;2908;Juazeiro;-10.5767;-40.2785;fora_do_escopo
2902005;Aracatu;29;Bahia;290013;Brumado;2904;Vitória da Conquista;-14.428;-41.4648;fora_do_escopo
2903276;Barrocas;29;Bahia;290033;Serrinha;2910;Feira de Santana;-11.5272;-39.0776;fora_do_escopo
2903508;Belo Campo;29;Bahia;290011;Vitória da Conquista;2904;Vitória da Conquista;-15.0334;-41.2652;fora_do_escopo
2903607;Biritinga;29;Bahia;290033;Serrinha;2910;Feira de Santana;-11.6072;-38.8051;fora_do_escopo
2903953;Bom Jesus da Serra;29;Bahia;290011;Vitória da Conquista;2904;Vitória da Conquista;-14.3663;-40.5126;fora_do_escopo
2904100;Boquira;29;Bahia;290017;Bom Jesus da Lapa;2905;Guanambi;-12.8205;-42.7324;fora_do_escopo
2904605;Brumado;29;Bahia;290013;Brumado;2904;Vitória da Conquista;-14.2021;-41.6696;fora_do_escopo
2905503;Caldeirão Grande;29;Bahia;290030;Jacobina;2910;Feira de Santana;-11.0208;-40.2956;fora_do_escopo
2906402;Candeal;29;Bahia;290029;Feira de Santana;2910;Feira de Santana;-11.8049;-39.1203;fora_do_escopo
2906907;Caravelas;29;Bahia;290008;Teixeira de Freitas;2903;Ilhéus ¿ Itabuna;-17.7268;-39.2597;fora_do_escopo
2907004;Cardeal da Silva;29;Bahia;290002;Alagoinhas;2901;Salvador;-11.9472;-37.9469;fora_do_escopo
2907202;Casa Nova;29;Bahia;290022;Juazeiro;2908;Juazeiro;-9.16408;-40.974;fora_do_escopo
2907400;Catolândia;29;Bahia;290018;Barreiras;2906;Barreiras;-12.31;-44.8648;fora_do_escopo
2908408;Conceição do Coité;29;Bahia;290032;Conceição do Coité;2910;Feira de Santana;-11.56;-39.2808;fora_do_escopo
2910008;Dário Meira;29;Bahia;290014;Ipiaú;2904;Vitória da Conquista;-14.4229;-39.9031;fora_do_escopo
2910909;Firmino Alves;29;Bahia;290007;Ilhéus ¿ Itabuna;2903;Ilhéus ¿ Itabuna;-14.9823;-39.9269;fora_do_escopo
2911600;Governador Mangabeira;29;Bahia;290004;Cruz das Almas;2902;Santo Antônio de Jesus;-12.5994;-39.0412;fora_do_escopo
2912004;Ibiassucê;29;Bahia;290016;Guanambi;2905;Guanambi;-14.2711;-42.257;fora_do_escopo
2913002;Ibitiara;29;Bahia;290034;Seabra;2910;Feira de Santana;-12.6502;-42.2179;fora_do_escopo
2914109;Ipupiara;29;Bahia;290021;Xique-Xique ¿ Barra;2907;Irecê;-11.8219;-42.6179;fora_do_escopo
2914703;Itaberaba;29;Bahia;290031;Itaberaba;2910;Feira de Santana;-12.5242;-40.3059;fora_do_escopo
2916302;Itapebi;29;Bahia;290009;Eunápolis - Porto Seguro;2903;Ilhéus ¿ Itabuna;-15.9551;-39.5329;fora_do_escopo
2916856;Itatim;29;Bahia;290004;Cruz das Almas;2902;Santo Antônio de Jesus;-12.7099;-39.6952;fora_do_escopo
2918209;Jiquiriçá;29;Bahia;290003;Santo Antônio de Jesus;2902;Santo Antônio de Jesus;-13.2621;-39.5737;fora_do_escopo
2920007;Maiquinique;29;Bahia;290015;Itapetinga;2904;Vitória da Conquista;-15.624;-40.2587;fora_do_escopo
2920106;Mairi;29;Bahia;290029;Feira de Santana;2910;Feira de Santana;-11.7107;-40.1437;fora_do_escopo
2920403;Manoel Vitorino;29;Bahia;290012;Jequié;2904;Vitória da Conquista;-14.1476;-40.2399;fora_do_escopo
2920908;Mascote;29;Bahia;290010;Camacan;2903;Ilhéus ¿ Itabuna;-15.5542;-39.3016;fora_do_escopo
2921054;Matina;29;Bahia;290016;Guanambi;2905;Guanambi;-13.9109;-42.8439;fora_do_escopo
2921401;Mirangaba;29;Bahia;290030;Jacobina;2910;Feira de Santana;-10.961;-40.574;fora_do_escopo
2921609;Morpará;29;Bahia;290021;Xique-Xique ¿ Barra;2907;Irecê;-11.5569;-43.2766;fora_do_escopo
2922755;Nova Ibiá;29;Bahia;290014;Ipiaú;2904;Vitória da Conquista;-13.812;-39.6182;fora_do_escopo
2923035;Novo Horizonte;29;Bahia;290034;Seabra;2910;Feira de Santana;-12.8083;-42.1682;fora_do_escopo
2924652;Pintadas;29;Bahia;290029;Feira de Santana;2910;Feira de Santana;-11.8117;-39.9009;fora_do_escopo
2926103;Retirolândia;29;Bahia;290032;Conceição do Coité;2910;Feira de Santana;-11.4832;-39.4234;fora_do_escopo
2927002;Rio Real;29;Bahia;290002;Alagoinhas;2901;Salvador;-11.4814;-37.9332;fora_do_escopo
2927200;Ruy Barbosa;29;Bahia;290031;Itaberaba;2910;Feira de Santana;-12.2816;-40.4931;fora_do_escopo
2929602;Sapeaçu;29;Bahia;290004;Cruz das Almas;2902;Santo Antônio de Jesus;-12.7208;-39.1824;fora_do_escopo
2930006;Sebastião Laranjeiras;29;Bahia;290016;Guanambi;2905;Guanambi;-14.571;-42.9434;fora_do_escopo
2930402;Serra Preta;29;Bahia;290029;Feira de Santana;2910;Feira de Santana;-12.156;-39.3305;fora_do_escopo
2929008;São Félix;29;Bahia;290004;Cruz das Almas;2902;Santo Antônio de Jesus;-12.6104;-38.9727;fora_do_escopo
2929305;São Gonçalo dos Campos;29;Bahia;290029;Feira de Santana;2910;Feira de Santana;-12.4331;-38.9663;fora_do_escopo
2931103;Tanquinho;29;Bahia;290029;Feira de Santana;2910;Feira de Santana;-11.968;-39.1033;fora_do_escopo
2932507;Una;29;Bahia;290010;Camacan;2903;Ilhéus ¿ Itabuna;-15.2791;-39.0765;fora_do_escopo
2932606;Urandi;29;Bahia;290016;Guanambi;2905;Guanambi;-14.7678;-42.6498;fora_do_escopo
3103306;Aracitaba;31;Minas Gerais;310027;Juiz de Fora;3106;Juíz de Fora;-21.3446;-43.3736;nao_atendido
3104403;Argirita;31;Minas Gerais;310032;Cataguases;3106;Juíz de Fora;-21.6083;-42.8292;nao_atendido
3104502;Arinos;31;Minas Gerais;310063;Unaí;3112;Patos de Minas;-15.9187;-46.1043;nao_atendido
3106101;Belmiro Braga;31;Minas Gerais;310027;Juiz de Fora;3106;Juíz de Fora;-21.944;-43.4084;nao_atendido
3107109;Boa Esperança;31;Minas Gerais;310046;Três Pontas - Boa Esperança;3108;Varginha;-21.0927;-45.5612;nao_atendido
3108305;Borda da Mata;31;Minas Gerais;310050;Pouso Alegre;3109;Pouso Alegre;-22.2707;-46.1653;nao_atendido
3109105;Bueno Brandão;31;Minas Gerais;310050;Pouso Alegre;3109;Pouso Alegre;-22.4383;-46.3491;nao_atendido
3109253;Bugre;31;Minas Gerais;310024;Ipatinga;3105;Ipatinga;-19.4231;-42.2552;nao_atendido
3110103;Caiana;31;Minas Gerais;310034;Carangola;3106;Juíz de Fora;-20.6956;-41.9292;nao_atendido
3111002;Campestre;31;Minas Gerais;310051;Poços de Caldas;3109;Pouso Alegre;-21.7079;-46.2381;nao_atendido
3111200;Campo Belo;31;Minas Gerais;310048;Campo Belo;3108;Varginha;-20.8932;-45.2699;nao_atendido
3111309;Campo do Meio;31;Minas Gerais;310042;Alfenas;3108;Varginha;-21.1127;-45.8273;nao_atendido
3112802;Capitólio;31;Minas Gerais;310049;Piumhi;3108;Varginha;-20.6164;-46.0493;nao_atendido
3112901;Caputira;31;Minas Gerais;310028;Manhuaçu;3106;Juíz de Fora;-20.1703;-42.2683;nao_atendido
3115904;Chácara;31;Minas Gerais;310027;Juiz de Fora;3106;Juíz de Fora;-21.6733;-43.215;nao_atendido
3117603;Conceição do Pará;31;Minas Gerais;310065;Divinópolis;3113;Divinópolis;-19.7456;-44.8945;nao_atendido
3117702;Conceição do Rio Verde;31;Minas Gerais;310053;São Lourenço;3109;Pouso Alegre;-21.8778;-45.087;nao_atendido
3118007;Congonhas;31;Minas Gerais;310038;Conselheiro Lafaiete;3107;Barbacena;-20.4958;-43.851;nao_atendido
3120201;Cristais;31;Minas Gerais;310048;Campo Belo;3108;Varginha;-20.8733;-45.5167;nao_atendido
3120904;Curvelo;31;Minas Gerais;310004;Curvelo;3101;Belo Horizonte;-18.7527;-44.4303;nao_atendido
3115102;Cássia;31;Minas Gerais;310041;Passos;3108;Varginha;-20.5831;-46.9201;nao_atendido
3119906;Córrego do Bom Jesus;31;Minas Gerais;310050;Pouso Alegre;3109;Pouso Alegre;-22.6269;-46.0241;nao_atendido
3121407;Desterro de Entre Rios;31;Minas Gerais;310038;Conselheiro Lafaiete;3107;Barbacena;-20.665;-44.3334;nao_atendido
3122702;Dom Silvério;31;Minas Gerais;310030;Ponte Nova;3106;Juíz de Fora;-20.1627;-42.9627;nao_atendido
3124302;Espinosa;31;Minas Gerais;310012;Espinosa;3102;Montes Claros;-14.9249;-42.809;nao_atendido
3124401;Espírito Santo do Dourado;31;Minas Gerais;310050;Pouso Alegre;3109;Pouso Alegre;-22.0454;-45.9548;nao_atendido
3125002;Ewbank da Câmara;31;Minas Gerais;310027;Juiz de Fora;3106;Juíz de Fora;-21.5498;-43.5068;nao_atendido
3125200;Fama;31;Minas Gerais;310042;Alfenas;3108;Varginha;-21.4089;-45.8286;nao_atendido
3125705;Felixlândia;31;Minas Gerais;310004;Curvelo;3101;Belo Horizonte;-18.7507;-44.9004;nao_atendido
3125408;Felício dos Santos;31;Minas Gerais;310016;Diamantina;3103;Teófilo Otoni;-18.0755;-43.2422;nao_atendido
3126208;Formoso;31;Minas Gerais;310063;Unaí;3112;Patos de Minas;-14.9446;-46.2371;nao_atendido
3127354;Glaucilândia;31;Minas Gerais;310006;Montes Claros;3102;Montes Claros;-16.8481;-43.692;nao_atendido
3127370;Goiabeira;31;Minas Gerais;310020;Governador Valadares;3104;Governador Valadares;-18.9807;-41.2235;nao_atendido
3128253;Guaraciama;31;Minas Gerais;310006;Montes Claros;3102;Montes Claros;-17.0142;-43.6675;nao_atendido
3129905;Ibitiúra de Minas;31;Minas Gerais;310051;Poços de Caldas;3109;Pouso Alegre;-22.0604;-46.4368;nao_atendido
3130606;Inconfidentes;31;Minas Gerais;310050;Pouso Alegre;3109;Pouso Alegre;-22.3136;-46.3264;nao_atendido
3130705;Indianópolis;31;Minas Gerais;310059;Uberlândia;3111;Uberlândia;-19.0341;-47.9155;nao_atendido
3132909;Itamogi;31;Minas Gerais;310047;São Sebastião do Paraíso;3108;Varginha;-21.0758;-47.046;nao_atendido
3133105;Itanhandu;31;Minas Gerais;310053;São Lourenço;3109;Pouso Alegre;-22.2942;-44.9382;nao_atendido
3134806;Jacuí;31;Minas Gerais;310047;São Sebastião do Paraíso;3108;Varginha;-21.0137;-46.7359;nao_atendido
3135357;Japonvar;31;Minas Gerais;310006;Montes Claros;3102;Montes Claros;-15.9891;-44.2758;nao_atendido
3135407;Jeceaba;31;Minas Gerais;310038;Conselheiro Lafaiete;3107;Barbacena;-20.5339;-43.9894;nao_atendido
3135506;Jequeri;31;Minas Gerais;310030;Ponte Nova;3106;Juíz de Fora;-20.4542;-42.6651;nao_atendido
3136553;José Raydan;31;Minas Gerais;310021;Guanhães;3104;Governador Valadares;-18.2195;-42.4946;nao_atendido
3137536;Lagoa Grande;31;Minas Gerais;310062;Patos de Minas;3112;Patos de Minas;-17.8323;-46.5165;nao_atendido
3138104;Lassance;31;Minas Gerais;310010;Pirapora;3102;Montes Claros;-17.887;-44.5735;nao_atendido
3138807;Luz;31;Minas Gerais;310067;Dores do Indaiá;3113;Divinópolis;-19.7911;-45.6794;nao_atendido
3139300;Manga;31;Minas Gerais;310007;Janaúba;3102;Montes Claros;-14.7529;-43.9391;nao_atendido
3139409;Manhuaçu;31;Minas Gerais;310028;Manhuaçu;3106;Juíz de Fora;-20.2572;-42.028;nao_atendido
3139904;Maria da Fé;31;Minas Gerais;310052;Itajubá;3109;Pouso Alegre;-22.3044;-45.3773;nao_atendido
3141009;Mato Verde;31;Minas Gerais;310012;Espinosa;3102;Montes Claros;-15.3944;-42.86;nao_atendido
3141207;Matutina;31;Minas Gerais;310062;Patos de Minas;3112;Patos de Minas;-19.2179;-45.9664;nao_atendido
3142106;Miradouro;31;Minas Gerais;310031;Muriaé;3106;Juíz de Fora;-20.8899;-42.3458;nao_atendido
3142809;Monte Alegre de Minas;31;Minas Gerais;310059;Uberlândia;3111;Uberlândia;-18.869;-48.881;nao_atendido
3143401;Monte Sião;31;Minas Gerais;310050;Pouso Alegre;3109;Pouso Alegre;-22.4335;-46.573;nao_atendido
3144706;Nova Era;31;Minas Gerais;310026;João Monlevade;3105;Ipatinga;-19.7577;-43.0333;nao_atendido
3145703;Oliveira Fortes;31;Minas Gerais;310027;Juiz de Fora;3106;Juíz de Fora;-21.3401;-43.4499;nao_atendido
3149705;Perdigão;31;Minas Gerais;310065;Divinópolis;3113;Divinópolis;-19.9411;-45.078;nao_atendido
3149804;Perdizes;31;Minas Gerais;310056;Araxá;3110;Uberaba;-19.3434;-47.2963;nao_atendido
3151602;Planura;31;Minas Gerais;310057;Frutal;3110;Uberaba;-20.1376;-48.7;nao_atendido
3152131;Ponto Chique;31;Minas Gerais;310010;Pirapora;3102;Montes Claros;-16.6282;-45.0588;nao_atendido
3152501;Pouso Alegre;31;Minas Gerais;310050;Pouso Alegre;3109;Pouso Alegre;-22.2266;-45.9389;nao_atendido
3153400;Presidente Olegário;31;Minas Gerais;310062;Patos de Minas;3112;Patos de Minas;-18.4096;-46.4165;nao_atendido
3154309;Resplendor;31;Minas Gerais;310023;Aimorés - Resplendor;3104;Governador Valadares;-19.3194;-41.2462;nao_atendido
3154804;Rio Acima;31;Minas Gerais;310001;Belo Horizonte;3101;Belo Horizonte;-20.0876;-43.7878;nao_atendido
3155702;Rio Piracicaba;31;Minas Gerais;310026;João Monlevade;3105;Ipatinga;-19.9284;-43.1829;nao_atendido
3156304;Rodeiro;31;Minas Gerais;310029;Ubá;3106;Juíz de Fora;-21.2035;-42.8586;nao_atendido
3156452;Rosário da Limeira;31;Minas Gerais;310031;Muriaé;3106;Juíz de Fora;-20.9812;-42.5112;nao_atendido
3156809;Sabinópolis;31;Minas Gerais;310021;Guanhães;3104;Governador Valadares;-18.6653;-43.0752;nao_atendido
3158003;Santa Maria de Itabira;31;Minas Gerais;310005;Itabira;3101;Belo Horizonte;-19.4431;-43.1064;nao_atendido
3159506;Santa Rita do Itueto;31;Minas Gerais;310023;Aimorés - Resplendor;3104;Governador Valadares;-19.3576;-41.3821;nao_atendido
3165701;Senador Firmino;31;Minas Gerais;310029;Ubá;3106;Juíz de Fora;-20.9158;-43.0904;nao_atendido
3165800;Senador José Bento;31;Minas Gerais;310050;Pouso Alegre;3109;Pouso Alegre;-22.1633;-46.1792;nao_atendido
3167400;Silvianópolis;31;Minas Gerais;310050;Pouso Alegre;3109;Pouso Alegre;-22.0274;-45.8385;nao_atendido
3167608;Simonésia;31;Minas Gerais;310028;Manhuaçu;3106;Juíz de Fora;-20.1341;-42.0091;nao_atendido
3160801;São Bento Abade;31;Minas Gerais;310045;Três Corações;3108;Varginha;-21.5839;-45.0699;nao_atendido
3161502;São Geraldo;31;Minas Gerais;310029;Ubá;3106;Juíz de Fora;-20.9252;-42.8364;nao_atendido
3163102;São José da Varginha;31;Minas Gerais;310068;Pará de Minas;3113;Divinópolis;-19.7006;-44.556;nao_atendido
3163508;São José do Jacuri;31;Minas Gerais;310021;Guanhães;3104;Governador Valadares;-18.281;-42.6729;nao_atendido
3162807;São João Evangelista;31;Minas Gerais;310021;Guanhães;3104;Governador Valadares;-18.548;-42.7655;nao_atendido
3162302;São João da Mata;31;Minas Gerais;310050;Pouso Alegre;3109;Pouso Alegre;-21.928;-45.9297;nao_atendido
3162658;São João do Pacuí;31;Minas Gerais;310006;Montes Claros;3102;Montes Claros;-16.5373;-44.5134;nao_atendido
3162708;São João do Paraíso;31;Minas Gerais;310008;Salinas;3102;Montes Claros;-15.3168;-42.0213;nao_atendido
3164100;São Pedro do Suaçuí;31;Minas Gerais;310021;Guanhães;3104;Governador Valadares;-18.3609;-42.5981;nao_atendido
3164605;São Sebastião do Oeste;31;Minas Gerais;310065;Divinópolis;3113;Divinópolis;-20.2758;-45.0063;nao_atendido
3164803;São Sebastião do Rio Preto;31;Minas Gerais;310005;Itabira;3101;Belo Horizonte;-19.2959;-43.1757;nao_atendido
3165107;São Tomás de Aquino;31;Minas Gerais;310047;São Sebastião do Paraíso;3108;Varginha;-20.7791;-47.0962;nao_atendido
3168051;Taparuba;31;Minas Gerais;310028;Manhuaçu;3106;Juíz de Fora;-19.7621;-41.608;nao_atendido
3168101;Tapira;31;Minas Gerais;310056;Araxá;3110;Uberaba;-19.9166;-46.8264;nao_atendido
3169406;Três Pontas;31;Minas Gerais;310046;Três Pontas - Boa Esperança;3108;Varginha;-21.3694;-45.5109;nao_atendido
3169505;Tumiritinga;31;Minas Gerais;310020;Governador Valadares;3104;Governador Valadares;-18.9844;-41.6527;nao_atendido
3169604;Tupaciguara;31;Minas Gerais;310059;Uberlândia;3111;Uberlândia;-18.5866;-48.6985;nao_atendido
3170305;Umburatiba;31;Minas Gerais;310019;Águas Formosas;3103;Teófilo Otoni;-17.2548;-40.5779;nao_atendido
3200409;Anchieta;32;Espírito Santo;320001;Vitória;3201;Vitória;-20.7955;-40.6425;nao_atendido
3201100;Bom Jesus do Norte;32;Espírito Santo;320008;Alegre;3204;Cachoeiro do Itapemirim;-21.1173;-41.6731;nao_atendido
3201159;Brejetuba;32;Espírito Santo;320002;Afonso Cláudio - Venda Nova do Imigrante - Santa Maria de Jetibá;3201;Vitória;-20.1395;-41.2954;nao_atendido
3202603;Iconha;32;Espírito Santo;320007;Cachoeiro de Itapemirim;3204;Cachoeiro do Itapemirim;-20.7913;-40.8132;nao_atendido
3203205;Linhares;32;Espírito Santo;320004;Linhares;3202;São Mateus;-19.3946;-40.0643;nao_atendido
3203403;Mimoso do Sul;32;Espírito Santo;320007;Cachoeiro de Itapemirim;3204;Cachoeiro do Itapemirim;-21.0628;-41.3615;nao_atendido
3204351;Rio Bananal;32;Espírito Santo;320004;Linhares;3202;São Mateus;-19.2719;-40.3366;nao_atendido
3204500;Santa Leopoldina;32;Espírito Santo;320002;Afonso Cláudio - Venda Nova do Imigrante - Santa Maria de Jetibá;3201;Vitória;-20.0999;-40.527;nao_atendido
3300159;Aperibé;33;Rio de Janeiro;330012;Santo Antônio de Pádua;3304;Campos dos Goytacazes;-21.6252;-42.1017;nao_atendido
3300407;Barra Mansa;33;Rio de Janeiro;330004;Volta Redonda - Barra Mansa;3302;Volta Redonda - Barra Mansa;-22.5481;-44.1752;nao_atendido
3300456;Belford Roxo;33;Rio de Janeiro;330001;Rio de Janeiro;3301;Rio de Janeiro;-22.764;-43.3992;nao_atendido
3301009;Campos dos Goytacazes;33;Rio de Janeiro;330010;Campos dos Goytacazes;3304;Campos dos Goytacazes;-21.7622;-41.3181;nao_atendido
3301405;Conceição de Macabu;33;Rio de Janeiro;330014;Macaé - Rio das Ostras;3305;Macaé - Rio das Ostras - Cabo Frio;-22.0834;-41.8719;nao_atendido
3302254;Itatiaia;33;Rio de Janeiro;330005;Resende;3302;Volta Redonda - Barra Mansa;-22.4897;-44.5675;nao_atendido
3302270;Japeri;33;Rio de Janeiro;330001;Rio de Janeiro;3301;Rio de Janeiro;-22.6435;-43.6602;nao_atendido
3302403;Macaé;33;Rio de Janeiro;330014;Macaé - Rio das Ostras;3305;Macaé - Rio das Ostras - Cabo Frio;-22.3768;-41.7848;nao_atendido
3302502;Magé;33;Rio de Janeiro;330001;Rio de Janeiro;3301;Rio de Janeiro;-22.6632;-43.0315;nao_atendido
3304003;Piraí;33;Rio de Janeiro;330004;Volta Redonda - Barra Mansa;3302;Volta Redonda - Barra Mansa;-22.6215;-43.9081;nao_atendido
3304524;Rio das Ostras;33;Rio de Janeiro;330014;Macaé - Rio das Ostras;3305;Macaé - Rio das Ostras - Cabo Frio;-22.5174;-41.9475;nao_atendido
3304706;Santo Antônio de Pádua;33;Rio de Janeiro;330012;Santo Antônio de Pádua;3304;Campos dos Goytacazes;-21.541;-42.1832;nao_atendido
3304755;São Francisco de Itabapoana;33;Rio de Janeiro;330010;Campos dos Goytacazes;3304;Campos dos Goytacazes;-21.4702;-41.1091;nao_atendido
3305208;São Pedro da Aldeia;33;Rio de Janeiro;330013;Cabo Frio;3305;Macaé - Rio das Ostras - Cabo Frio;-22.8429;-42.1026;nao_atendido
3305802;Teresópolis;33;Rio de Janeiro;330007;Petrópolis;3303;Petrópolis;-22.4165;-42.9752;nao_atendido
3306008;Três Rios;33;Rio de Janeiro;330009;Três Rios - Paraíba do Sul;3303;Petrópolis;-22.1165;-43.2185;nao_atendido
3500303;Aguaí;35;São Paulo;350044;São João da Boa Vista;3510;Campinas;-22.0572;-46.9735;nao_atendido
3502705;Apiaí;35;São Paulo;350004;Itapeva;3502;Sorocaba;-24.5108;-48.8443;nao_atendido
3502754;Araçariguama;35;São Paulo;350003;Sorocaba;3502;Sorocaba;-23.4366;-47.0608;nao_atendido
3503406;Arealva;35;São Paulo;350009;Bauru;3503;Bauru;-22.031;-48.9135;nao_atendido
3504008;Assis;35;São Paulo;350014;Assis;3504;Marília;-22.66;-50.4183;nao_atendido
3504503;Avaré;35;São Paulo;350007;Avaré;3502;Sorocaba;-23.1067;-48.9251;nao_atendido
3505302;Barra Bonita;35;São Paulo;350010;Jaú;3503;Bauru;-22.4909;-48.5583;nao_atendido
3506300;Bernardino de Campos;35;São Paulo;350015;Ourinhos;3504;Marília;-23.0164;-49.4679;nao_atendido
3507506;Botucatu;35;São Paulo;350011;Botucatu;3503;Bauru;-22.8837;-48.4437;nao_atendido
3507704;Braúna;35;São Paulo;350023;Birigui - Penápolis;3506;Araçatuba;-21.499;-50.3175;nao_atendido
3508207;Buritizal;35;São Paulo;350035;Ituverava;3508;Ribeirão Preto;-20.1911;-47.7096;nao_atendido
3508900;Caiabu;35;São Paulo;350018;Presidente Prudente;3505;Presidente Prudente;-22.0127;-51.2394;nao_atendido
3509452;Campina do Monte Alegre;35;São Paulo;350006;Itapetininga;3502;Sorocaba;-23.5895;-48.4758;nao_atendido
3511102;Catanduva;35;São Paulo;350026;Catanduva;3507;São José do Rio Preto;-21.1314;-48.977;nao_atendido
3511201;Catiguá;35;São Paulo;350026;Catanduva;3507;São José do Rio Preto;-21.0519;-49.0616;nao_atendido
3511508;Cerquilho;35;São Paulo;350003;Sorocaba;3502;Sorocaba;-23.1665;-47.7459;nao_atendido
3511607;Cesário Lange;35;São Paulo;350008;Tatuí;3502;Sorocaba;-23.226;-47.9545;nao_atendido
3511706;Charqueada;35;São Paulo;350040;Piracicaba;3510;Campinas;-22.5096;-47.7755;nao_atendido
3511904;Clementina;35;São Paulo;350023;Birigui - Penápolis;3506;Araçatuba;-21.5604;-50.4525;nao_atendido
3513306;Cruzália;35;São Paulo;350014;Assis;3504;Marília;-22.7373;-50.7909;nao_atendido
3515301;Estrela do Norte;35;São Paulo;350018;Presidente Prudente;3505;Presidente Prudente;-22.4859;-51.6632;nao_atendido
3515608;Fernando Prestes;35;São Paulo;350026;Catanduva;3507;São José do Rio Preto;-21.2661;-48.6874;nao_atendido
3515657;Fernão;35;São Paulo;350013;Marília;3504;Marília;-22.3607;-49.5187;nao_atendido
3516507;Gabriel Monteiro;35;São Paulo;350023;Birigui - Penápolis;3506;Araçatuba;-21.5294;-50.5573;nao_atendido
3517208;Guaiçara;35;São Paulo;350012;Lins;3503;Bauru;-21.6195;-49.8013;nao_atendido
3519204;Iacri;35;São Paulo;350016;Tupã;3504;Marília;-21.8572;-50.6932;nao_atendido
3519253;Iaras;35;São Paulo;350007;Avaré;3502;Sorocaba;-22.8682;-49.1634;nao_atendido
3519402;Ibirá;35;São Paulo;350025;São José do Rio Preto;3507;São José do Rio Preto;-21.083;-49.2448;nao_atendido
3520426;Ilha Comprida;35;São Paulo;350005;Registro;3502;Sorocaba;-24.7307;-47.5383;nao_atendido
3520442;Ilha Solteira;35;São Paulo;350024;Andradina;3506;Araçatuba;-20.4326;-51.3426;nao_atendido
3520707;Indiaporã;35;São Paulo;350029;Fernandópolis;3507;São José do Rio Preto;-19.979;-50.2909;nao_atendido
3521309;Ipuã;35;São Paulo;350034;São Joaquim da Barra ¿ Orlândia;3508;Ribeirão Preto;-20.4438;-48.0129;nao_atendido
3521606;Irapuru;35;São Paulo;350020;Dracena;3505;Presidente Prudente;-21.5684;-51.3472;nao_atendido
3521903;Itajobi;35;São Paulo;350026;Catanduva;3507;São José do Rio Preto;-21.3123;-49.0629;nao_atendido
3522505;Itapevi;35;São Paulo;350001;São Paulo;3501;São Paulo;-23.5488;-46.9327;nao_atendido
3522604;Itapira;35;São Paulo;350043;Mogi Guaçu;3510;Campinas;-22.4357;-46.8224;nao_atendido
3523305;Itariri;35;São Paulo;350002;Santos;3501;São Paulo;-24.2834;-47.1736;nao_atendido
3522703;Itápolis;35;São Paulo;350036;Araraquara;3509;Araraquara;-21.5942;-48.8149;nao_atendido
3527256;Lourdes;35;São Paulo;350023;Birigui - Penápolis;3506;Araçatuba;-20.966;-50.2263;nao_atendido
3527900;Lutécia;35;São Paulo;350014;Assis;3504;Marília;-22.3384;-50.394;nao_atendido
3528502;Mairiporã;35;São Paulo;350001;São Paulo;3501;São Paulo;-23.3171;-46.5897;nao_atendido
3528601;Manduri;35;São Paulo;350007;Avaré;3502;Sorocaba;-23.0056;-49.3202;nao_atendido
3530003;Mira Estrela;35;São Paulo;350029;Fernandópolis;3507;São José do Rio Preto;-19.9789;-50.139;nao_atendido
3530201;Mirante do Paranapanema;35;São Paulo;350018;Presidente Prudente;3505;Presidente Prudente;-22.2904;-51.9084;nao_atendido
3534005;Onda Verde;35;São Paulo;350025;São José do Rio Preto;3507;São José do Rio Preto;-20.6042;-49.2929;nao_atendido
3535002;Palestina;35;São Paulo;350025;São José do Rio Preto;3507;São José do Rio Preto;-20.39;-49.4309;nao_atendido
3536307;Patrocínio Paulista;35;São Paulo;350033;Franca;3508;Ribeirão Preto;-20.6384;-47.2801;nao_atendido
3536703;Pederneiras;35;São Paulo;350009;Bauru;3503;Bauru;-22.3511;-48.7781;nao_atendido
3536901;Pedranópolis;35;São Paulo;350029;Fernandópolis;3507;São José do Rio Preto;-20.2474;-50.1129;nao_atendido
3537305;Penápolis;35;São Paulo;350023;Birigui - Penápolis;3506;Araçatuba;-21.4148;-50.0769;nao_atendido
3537503;Pereiras;35;São Paulo;350008;Tatuí;3502;Sorocaba;-23.0804;-47.972;nao_atendido
3537909;Pilar do Sul;35;São Paulo;350003;Sorocaba;3502;Sorocaba;-23.8077;-47.7222;nao_atendido
3538709;Piracicaba;35;São Paulo;350040;Piracicaba;3510;Campinas;-22.7338;-47.6476;nao_atendido
3539103;Pirapora do Bom Jesus;35;São Paulo;350001;São Paulo;3501;São Paulo;-23.3965;-46.9991;nao_atendido
3540259;Pontalinda;35;São Paulo;350028;Jales;3507;São José do Rio Preto;-20.4396;-50.5258;nao_atendido
3542602;Registro;35;São Paulo;350005;Registro;3502;Sorocaba;-24.4979;-47.8449;nao_atendido
3542701;Restinga;35;São Paulo;350033;Franca;3508;Ribeirão Preto;-20.6056;-47.4833;nao_atendido
3543402;Ribeirão Preto;35;São Paulo;350031;Ribeirão Preto;3508;Ribeirão Preto;-21.1699;-47.8099;nao_atendido
3544301;Roseira;35;São Paulo;350052;Guaratinguetá;3511;São José dos Campos;-22.8938;-45.307;nao_atendido
3544806;Sales;35;São Paulo;350025;São José do Rio Preto;3507;São José do Rio Preto;-21.3427;-49.4897;nao_atendido
3545159;Saltinho;35;São Paulo;350040;Piracicaba;3510;Campinas;-22.8442;-47.6754;nao_atendido
3545209;Salto;35;São Paulo;350003;Sorocaba;3502;Sorocaba;-23.1996;-47.2931;nao_atendido
3545407;Salto Grande;35;São Paulo;350015;Ourinhos;3504;Marília;-22.8894;-49.9831;nao_atendido
3545803;Santa Bárbara d'Oeste;35;São Paulo;350038;Campinas;3510;Campinas;-22.7553;-47.4143;nao_atendido
3546504;Santa Ernestina;35;São Paulo;350031;Ribeirão Preto;3508;Ribeirão Preto;-21.4618;-48.3953;nao_atendido
3547403;Santa Rita d'Oeste;35;São Paulo;350030;Santa Fé do Sul;3507;São José do Rio Preto;-20.1414;-50.8358;nao_atendido
3551108;Sarapuí;35;São Paulo;350003;Sorocaba;3502;Sorocaba;-23.6397;-47.8249;nao_atendido
3551207;Sarutaiá;35;São Paulo;350017;Piraju;3504;Marília;-23.2721;-49.4763;nao_atendido
3552106;Socorro;35;São Paulo;350041;Bragança Paulista;3510;Campinas;-22.5903;-46.5251;nao_atendido
3552304;Sud Mennucci;35;São Paulo;350024;Andradina;3506;Araçatuba;-20.6872;-50.9238;nao_atendido
3552502;Suzano;35;São Paulo;350001;São Paulo;3501;São Paulo;-23.5448;-46.3112;nao_atendido
3548807;São Caetano do Sul;35;São Paulo;350001;São Paulo;3501;São Paulo;-23.6229;-46.5548;nao_atendido
3549409;São Joaquim da Barra;35;São Paulo;350034;São Joaquim da Barra ¿ Orlândia;3508;Ribeirão Preto;-20.5812;-47.8593;nao_atendido
3549953;São Lourenço da Serra;35;São Paulo;350001;São Paulo;3501;São Paulo;-23.8491;-46.9432;nao_atendido
3550001;São Luiz do Paraitinga;35;São Paulo;350050;Taubaté - Pindamonhangaba;3511;São José dos Campos;-23.222;-45.3109;nao_atendido
3551009;São Vicente;35;São Paulo;350002;Santos;3501;São Paulo;-23.9574;-46.3883;nao_atendido
3552809;Taboão da Serra;35;São Paulo;350001;São Paulo;3501;São Paulo;-23.6019;-46.7526;nao_atendido
3554201;Tejupá;35;São Paulo;350017;Piraju;3504;Marília;-23.3425;-49.3722;nao_atendido
3554805;Tremembé;35;São Paulo;350050;Taubaté - Pindamonhangaba;3511;São José dos Campos;-22.9571;-45.5475;nao_atendido
3556800;Viradouro;35;São Paulo;350032;Barretos;3508;Ribeirão Preto;-20.8734;-48.293;nao_atendido
3557006;Votorantim;35;São Paulo;350003;Sorocaba;3502;Sorocaba;-23.5446;-47.4388;nao_atendido
3500600;Águas de São Pedro;35;São Paulo;350040;Piracicaba;3510;Campinas;-22.5977;-47.8734;nao_atendido
4100707;Alto Piquiri;41;Paraná;410016;Umuarama;4104;Maringá;-24.0224;-53.44;fora_do_escopo
4100509;Altônia;41;Paraná;410016;Umuarama;4104;Maringá;-23.8759;-53.8958;fora_do_escopo
4100806;Alvorada do Sul;41;Paraná;410021;Londrina;4105;Londrina;-22.7813;-51.2297;fora_do_escopo
4101903;Assaí;41;Paraná;410021;Londrina;4105;Londrina;-23.3697;-50.8459;fora_do_escopo
4102505;Barbosa Ferraz;41;Paraná;410015;Campo Mourão;4104;Maringá;-24.0334;-52.004;fora_do_escopo
4103107;Bocaiúva do Sul;41;Paraná;410001;Curitiba;4101;Curitiba;-25.2066;-49.1141;fora_do_escopo
4103701;Cambé;41;Paraná;410021;Londrina;4105;Londrina;-23.2766;-51.2798;fora_do_escopo
4103958;Campina do Simão;41;Paraná;410004;Guarapuava;4102;Guarapuava;-25.0802;-51.8237;fora_do_escopo
4104501;Capanema;41;Paraná;410009;Francisco Beltrão;4103;Cascavel;-25.6691;-53.8055;fora_do_escopo
4104600;Capitão Leônidas Marques;41;Paraná;410006;Cascavel;4103;Cascavel;-25.4816;-53.6112;fora_do_escopo
4105003;Catanduvas;41;Paraná;410006;Cascavel;4103;Cascavel;-25.2044;-53.1548;fora_do_escopo
4105409;Chopinzinho;41;Paraná;410010;Pato Branco;4103;Cascavel;-25.8515;-52.5173;fora_do_escopo
4105805;Colombo;41;Paraná;410001;Curitiba;4101;Curitiba;-25.2925;-49.2262;fora_do_escopo
4106456;Coronel Domingos Soares;41;Paraná;410010;Pato Branco;4103;Cascavel;-26.2277;-52.0356;fora_do_escopo
4106852;Cruzmaltina;41;Paraná;410025;Ivaiporã;4105;Londrina;-24.0132;-51.4563;fora_do_escopo
4105300;Céu Azul;41;Paraná;410006;Cascavel;4103;Cascavel;-25.1489;-53.8415;fora_do_escopo
4107306;Doutor Camargo;41;Paraná;410014;Maringá;4104;Maringá;-23.5582;-52.2178;fora_do_escopo
4128633;Doutor Ulysses;41;Paraná;410001;Curitiba;4101;Curitiba;-24.5665;-49.4219;fora_do_escopo
4107405;Enéas Marques;41;Paraná;410009;Francisco Beltrão;4103;Cascavel;-25.9445;-53.1659;fora_do_escopo
4107520;Esperança Nova;41;Paraná;410016;Umuarama;4104;Maringá;-23.7238;-53.811;fora_do_escopo
4107801;Floraí;41;Paraná;410014;Maringá;4104;Maringá;-23.3178;-52.3029;fora_do_escopo
4109609;Guaratuba;41;Paraná;410002;Paranaguá;4101;Curitiba;-25.8817;-48.5752;fora_do_escopo
4109757;Ibema;41;Paraná;410006;Cascavel;4103;Cascavel;-25.1193;-53.0072;fora_do_escopo
4110300;Inajá;41;Paraná;410019;Paranacity - Colorado;4104;Maringá;-22.7509;-52.1995;fora_do_escopo
4110508;Ipiranga;41;Paraná;410027;Ponta Grossa;4106;Ponta Grossa;-25.0238;-50.5794;fora_do_escopo
4111902;Jaguapitã;41;Paraná;410021;Londrina;4105;Londrina;-23.1104;-51.5342;fora_do_escopo
4112108;Jandaia do Sul;41;Paraná;410023;Apucarana;4105;Londrina;-23.6011;-51.6448;fora_do_escopo
4112405;Japurá;41;Paraná;410018;Cianorte;4104;Maringá;-23.4693;-52.5557;fora_do_escopo
4112959;Juranda;41;Paraná;410015;Campo Mourão;4104;Maringá;-24.4209;-52.8413;fora_do_escopo
4113106;Kaloré;41;Paraná;410023;Apucarana;4105;Londrina;-23.8188;-51.6687;fora_do_escopo
4113205;Lapa;41;Paraná;410001;Curitiba;4101;Curitiba;-25.7671;-49.7168;fora_do_escopo
4113908;Mallet;41;Paraná;410029;Irati;4106;Ponta Grossa;-25.8806;-50.8173;fora_do_escopo
4115101;Mariluz;41;Paraná;410016;Umuarama;4104;Maringá;-24.0089;-53.1432;fora_do_escopo
4115358;Maripá;41;Paraná;410008;Toledo;4103;Cascavel;-24.42;-53.8286;fora_do_escopo
4116901;Nova Esperança;41;Paraná;410014;Maringá;4104;Maringá;-23.182;-52.2031;fora_do_escopo
4117271;Nova Tebas;41;Paraná;410005;Pitanga;4102;Guarapuava;-24.438;-51.9454;fora_do_escopo
4117503;Paiçandu;41;Paraná;410014;Maringá;4104;Maringá;-23.4555;-52.046;fora_do_escopo
4118501;Pato Branco;41;Paraná;410010;Pato Branco;4103;Cascavel;-26.2292;-52.6706;fora_do_escopo
4118709;Paulo Frontin;41;Paraná;410003;União da Vitória;4101;Curitiba;-26.0466;-50.8304;fora_do_escopo
4118808;Peabiru;41;Paraná;410015;Campo Mourão;4104;Maringá;-23.914;-52.3431;fora_do_escopo
4119301;Pinhão;41;Paraná;410004;Guarapuava;4102;Guarapuava;-25.6944;-51.6536;fora_do_escopo
4119806;Planalto;41;Paraná;410009;Francisco Beltrão;4103;Cascavel;-25.7211;-53.7642;fora_do_escopo
4119905;Ponta Grossa;41;Paraná;410027;Ponta Grossa;4106;Ponta Grossa;-25.0916;-50.1668;fora_do_escopo
4120150;Porto Barreiro;41;Paraná;410011;Laranjeiras do Sul - Quedas do Iguaçu;4103;Cascavel;-25.5477;-52.4067;fora_do_escopo
4120705;Quatiguá;41;Paraná;410022;Santo Antônio da Platina;4105;Londrina;-23.5671;-49.916;fora_do_escopo
4122404;Rolândia;41;Paraná;410021;Londrina;4105;Londrina;-23.3101;-51.3659;fora_do_escopo
4122602;Rondon;41;Paraná;410018;Cianorte;4104;Maringá;-23.412;-52.7659;fora_do_escopo
4122701;Sabáudia;41;Paraná;410021;Londrina;4105;Londrina;-23.3155;-51.555;fora_do_escopo
4123105;Santa Amélia;41;Paraná;410024;Cornélio Procópio ¿ Bandeirantes;4105;Londrina;-23.2654;-50.4288;fora_do_escopo
4123501;Santa Helena;41;Paraná;410008;Toledo;4103;Cascavel;-24.8585;-54.336;fora_do_escopo
4123907;Santa Mariana;41;Paraná;410024;Cornélio Procópio ¿ Bandeirantes;4105;Londrina;-23.1465;-50.5167;fora_do_escopo
4123956;Santa Mônica;41;Paraná;410020;Loanda;4104;Maringá;-23.108;-53.1103;fora_do_escopo
4124301;Santo Antônio do Paraíso;41;Paraná;410024;Cornélio Procópio ¿ Bandeirantes;4105;Londrina;-23.4969;-50.6455;fora_do_escopo
4126504;Sertanópolis;41;Paraná;410021;Londrina;4105;Londrina;-23.0571;-51.0399;fora_do_escopo
4125902;São Pedro do Paraná;41;Paraná;410020;Loanda;4104;Maringá;-22.8239;-53.2241;fora_do_escopo
4126900;Tapira;41;Paraná;410016;Umuarama;4104;Maringá;-23.3193;-53.0684;fora_do_escopo
4127304;Terra Rica;41;Paraná;410017;Paranavaí;4104;Maringá;-22.7111;-52.6188;fora_do_escopo
4127700;Toledo;41;Paraná;410008;Toledo;4103;Cascavel;-24.7246;-53.7412;fora_do_escopo
4127809;Tomazina;41;Paraná;410022;Santo Antônio da Platina;4105;Londrina;-23.7796;-49.9499;fora_do_escopo
4101150;Ângulo;41;Paraná;410014;Maringá;4104;Maringá;-23.1946;-51.9154;fora_do_escopo
4201653;Arvoredo;42;Santa Catarina;420007;Chapecó;4204;Chapecó;-27.0748;-52.4543;fora_do_escopo
4202107;Barra Velha;42;Santa Catarina;420020;Itajaí;4207;Blumenau;-26.637;-48.6933;fora_do_escopo
4202156;Belmonte;42;Santa Catarina;420009;São Miguel do Oeste;4204;Chapecó;-26.843;-53.5758;fora_do_escopo
4202438;Bocaina do Sul;42;Santa Catarina;420005;Lages;4203;Lages;-27.7455;-49.9423;fora_do_escopo
4204301;Concórdia;42;Santa Catarina;420010;Concórdia;4204;Chapecó;-27.2335;-52.026;fora_do_escopo
4204756;Cunhataí;42;Santa Catarina;420007;Chapecó;4204;Chapecó;-26.9709;-53.0895;fora_do_escopo
4205431;Formosa do Sul;42;Santa Catarina;420007;Chapecó;4204;Chapecó;-26.6453;-52.7946;fora_do_escopo
4205605;Galvão;42;Santa Catarina;420013;São Lourenço do Oeste;4204;Chapecó;-26.4549;-52.6875;fora_do_escopo
4206702;Herval d'Oeste;42;Santa Catarina;420008;Joaçaba - Herval d'Oeste;4204;Chapecó;-27.1903;-51.4917;fora_do_escopo
4207205;Imaruí;42;Santa Catarina;420003;Tubarão;4202;Criciúma;-28.3339;-48.817;fora_do_escopo
4207577;Iomerê;42;Santa Catarina;420015;Videira;4205;Caçador;-27.0019;-51.2442;fora_do_escopo
4209151;José Boiteux;42;Santa Catarina;420023;Ibirama - Presidente Getúlio;4207;Blumenau;-26.9566;-49.6286;fora_do_escopo
4209458;Lajeado Grande;42;Santa Catarina;420007;Chapecó;4204;Chapecó;-26.8576;-52.5648;fora_do_escopo
4211306;Navegantes;42;Santa Catarina;420020;Itajaí;4207;Blumenau;-26.8943;-48.6546;fora_do_escopo
4211454;Nova Itaberaba;42;Santa Catarina;420007;Chapecó;4204;Chapecó;-26.9428;-52.8141;fora_do_escopo
4211892;Painel;42;Santa Catarina;420005;Lages;4203;Lages;-27.9234;-50.0972;fora_do_escopo
4211900;Palhoça;42;Santa Catarina;420001;Florianópolis;4201;Florianópolis;-27.6455;-48.6697;fora_do_escopo
4213500;Porto Belo;42;Santa Catarina;420020;Itajaí;4207;Blumenau;-27.1586;-48.5469;fora_do_escopo
4215208;Romelândia;42;Santa Catarina;420009;São Miguel do Oeste;4204;Chapecó;-26.6809;-53.3172;fora_do_escopo
4215703;Santo Amaro da Imperatriz;42;Santa Catarina;420001;Florianópolis;4201;Florianópolis;-27.6852;-48.7813;fora_do_escopo
4217550;Serra Alta;42;Santa Catarina;420007;Chapecó;4204;Chapecó;-26.7229;-53.0409;fora_do_escopo
4215901;São Bonifácio;42;Santa Catarina;420001;Florianópolis;4201;Florianópolis;-27.9009;-48.9326;fora_do_escopo
4216206;São Francisco do Sul;42;Santa Catarina;420016;Joinville;4206;Joinville;-26.2579;-48.6344;fora_do_escopo
4217006;São Ludgero;42;Santa Catarina;420003;Tubarão;4202;Criciúma;-28.3144;-49.1806;fora_do_escopo
4217907;Tangará;42;Santa Catarina;420015;Videira;4205;Caçador;-27.0996;-51.2473;fora_do_escopo
4218251;Timbó Grande;42;Santa Catarina;420014;Caçador;4205;Caçador;-26.6127;-50.6607;fora_do_escopo
4218707;Tubarão;42;Santa Catarina;420003;Tubarão;4202;Criciúma;-28.4713;-49.0144;fora_do_escopo
4218756;Tunápolis;42;Santa Catarina;420009;São Miguel do Oeste;4204;Chapecó;-26.9681;-53.6417;fora_do_escopo
4219309;Videira;42;Santa Catarina;420015;Videira;4205;Caçador;-27.0086;-51.1543;fora_do_escopo
4219705;Xaxim;42;Santa Catarina;420007;Chapecó;4204;Chapecó;-26.9596;-52.5374;fora_do_escopo
4219853;Zortéa;42;Santa Catarina;420008;Joaçaba - Herval d'Oeste;4204;Chapecó;-27.4521;-51.552;fora_do_escopo
4200408;Água Doce;42;Santa Catarina;420008;Joaçaba - Herval d'Oeste;4204;Chapecó;-26.9985;-51.5528;fora_do_escopo
4300307;Alecrim;43;Rio Grande do Sul;430019;Santa Rosa;4305;Ijuí;-27.6579;-54.7649;fora_do_escopo
4300471;Almirante Tamandaré do Sul;43;Rio Grande do Sul;430028;Carazinho;4306;Passo Fundo;-28.1149;-52.9142;fora_do_escopo
4300570;Alto Feliz;43;Rio Grande do Sul;430036;Caxias do Sul;4307;Caxias do Sul;-29.3919;-51.3123;fora_do_escopo
4300604;Alvorada;43;Rio Grande do Sul;430001;Porto Alegre;4301;Porto Alegre;-29.9914;-51.0809;fora_do_escopo
4301305;Arroio Grande;43;Rio Grande do Sul;430009;Pelotas;4302;Pelotas;-32.2327;-53.0862;fora_do_escopo
4301008;Arroio do Meio;43;Rio Grande do Sul;430041;Lajeado;4308;Santa Cruz do Sul - Lajeado;-29.4014;-51.9557;fora_do_escopo
4301925;Barra do Rio Azul;43;Rio Grande do Sul;430026;Erechim;4306;Passo Fundo;-27.4069;-52.4084;fora_do_escopo
4301750;Barão do Triunfo;43;Rio Grande do Sul;430001;Porto Alegre;4301;Porto Alegre;-30.3891;-51.7384;fora_do_escopo
4302055;Benjamin Constant do Sul;43;Rio Grande do Sul;430026;Erechim;4306;Passo Fundo;-27.5086;-52.5995;fora_do_escopo
4303004;Cachoeira do Sul;43;Rio Grande do Sul;430013;Cachoeira do Sul;4303;Santa Maria;-30.033;-52.8928;fora_do_escopo
4303905;Campo Bom;43;Rio Grande do Sul;430002;Novo Hamburgo - São Leopoldo;4301;Porto Alegre;-29.6747;-51.0606;fora_do_escopo
4304622;Capão Bonito do Sul;43;Rio Grande do Sul;430033;Lagoa Vermelha;4306;Passo Fundo;-28.1254;-51.3961;fora_do_escopo
4304903;Casca;43;Rio Grande do Sul;430030;Marau;4306;Passo Fundo;-28.5605;-51.9815;fora_do_escopo
4305306;Chapada;43;Rio Grande do Sul;430028;Carazinho;4306;Passo Fundo;-28.0559;-53.0665;fora_do_escopo
4305405;Chiapetta;43;Rio Grande do Sul;430018;Ijuí;4305;Ijuí;-27.923;-53.9419;fora_do_escopo
4305504;Ciríaco;43;Rio Grande do Sul;430030;Marau;4306;Passo Fundo;-28.3419;-51.8741;fora_do_escopo
4305801;Constantina;43;Rio Grande do Sul;430028;Carazinho;4306;Passo Fundo;-27.732;-52.9938;fora_do_escopo
4305850;Coqueiros do Sul;43;Rio Grande do Sul;430028;Carazinho;4306;Passo Fundo;-28.1194;-52.7842;fora_do_escopo
4307005;Erechim;43;Rio Grande do Sul;430026;Erechim;4306;Passo Fundo;-27.6364;-52.2697;fora_do_escopo
4307815;Estrela Velha;43;Rio Grande do Sul;430042;Sobradinho;4308;Santa Cruz do Sul - Lajeado;-29.1713;-53.1639;fora_do_escopo
4308052;Faxinalzinho;43;Rio Grande do Sul;430026;Erechim;4306;Passo Fundo;-27.4238;-52.6789;fora_do_escopo
4308706;Gaurama;43;Rio Grande do Sul;430026;Erechim;4306;Passo Fundo;-27.5856;-52.0915;fora_do_escopo
4309159;Gramado Xavier;43;Rio Grande do Sul;430040;Santa Cruz do Sul;4308;Santa Cruz do Sul - Lajeado;-29.2706;-52.5795;fora_do_escopo
4309902;Ibiraiaras;43;Rio Grande do Sul;430033;Lagoa Vermelha;4306;Passo Fundo;-28.3741;-51.6377;fora_do_escopo
4310009;Ibirubá;43;Rio Grande do Sul;430027;Cruz Alta;4306;Passo Fundo;-28.6302;-53.0961;fora_do_escopo
4310363;Imigrante;43;Rio Grande do Sul;430041;Lajeado;4308;Santa Cruz do Sul - Lajeado;-29.3508;-51.7748;fora_do_escopo
4310413;Inhacorá;43;Rio Grande do Sul;430018;Ijuí;4305;Ijuí;-27.8752;-54.015;fora_do_escopo
4311155;Jóia;43;Rio Grande do Sul;430018;Ijuí;4305;Ijuí;-28.6435;-54.1141;fora_do_escopo
4311403;Lajeado;43;Rio Grande do Sul;430041;Lajeado;4308;Santa Cruz do Sul - Lajeado;-29.4591;-51.9644;fora_do_escopo
4311759;Manoel Viana;43;Rio Grande do Sul;430015;Uruguaiana;4304;Uruguaiana;-29.5859;-55.4841;fora_do_escopo
4311775;Maquiné;43;Rio Grande do Sul;430003;Tramandaí - Osório;4301;Porto Alegre;-29.6798;-50.2079;fora_do_escopo
4312351;Montauri;43;Rio Grande do Sul;430038;Nova Prata - Guaporé;4307;Caxias do Sul;-28.6462;-52.0767;fora_do_escopo
4312443;Morrinhos do Sul;43;Rio Grande do Sul;430008;Torres;4301;Porto Alegre;-29.3578;-49.9328;fora_do_escopo
4313102;Nova Palma;43;Rio Grande do Sul;430011;Santa Maria;4303;Santa Maria;-29.471;-53.4689;fora_do_escopo
4313334;Nova Ramada;43;Rio Grande do Sul;430018;Ijuí;4305;Ijuí;-28.0667;-53.6992;fora_do_escopo
4313375;Nova Santa Rita;43;Rio Grande do Sul;430001;Porto Alegre;4301;Porto Alegre;-29.8525;-51.2837;fora_do_escopo
4313425;Novo Machado;43;Rio Grande do Sul;430019;Santa Rosa;4305;Ijuí;-27.5765;-54.5036;fora_do_escopo
4314035;Pareci Novo;43;Rio Grande do Sul;430007;Montenegro;4301;Porto Alegre;-29.6365;-51.3974;fora_do_escopo
4314159;Paverama;43;Rio Grande do Sul;430041;Lajeado;4308;Santa Cruz do Sul - Lajeado;-29.5486;-51.7339;fora_do_escopo
4315008;Porto Lucena;43;Rio Grande do Sul;430019;Santa Rosa;4305;Ijuí;-27.8569;-55.01;fora_do_escopo
4315206;Putinga;43;Rio Grande do Sul;430043;Encantado;4308;Santa Cruz do Sul - Lajeado;-29.0045;-52.1569;fora_do_escopo
4315453;Relvado;43;Rio Grande do Sul;430043;Encantado;4308;Santa Cruz do Sul - Lajeado;-29.1164;-52.0778;fora_do_escopo
4316907;Santa Maria;43;Rio Grande do Sul;430011;Santa Maria;4303;Santa Maria;-29.6868;-53.8149;fora_do_escopo
4317707;Santo Antônio das Missões;43;Rio Grande do Sul;430022;São Luiz Gonzaga;4305;Ijuí;-28.514;-55.2251;fora_do_escopo
4317806;Santo Augusto;43;Rio Grande do Sul;430018;Ijuí;4305;Ijuí;-27.8526;-53.7776;fora_do_escopo
4320651;Silveira Martins;43;Rio Grande do Sul;430011;Santa Maria;4303;Santa Maria;-29.6467;-53.591;fora_do_escopo
4318101;São Francisco de Assis;43;Rio Grande do Sul;430011;Santa Maria;4303;Santa Maria;-29.5547;-55.1253;fora_do_escopo
4318622;São José dos Ausentes;43;Rio Grande do Sul;430039;Vacaria;4307;Caxias do Sul;-28.7476;-50.0677;fora_do_escopo
4319125;São Martinho da Serra;43;Rio Grande do Sul;430011;Santa Maria;4303;Santa Maria;-29.5397;-53.859;fora_do_escopo
4319208;São Nicolau;43;Rio Grande do Sul;430022;São Luiz Gonzaga;4305;Ijuí;-28.1834;-55.2654;fora_do_escopo
4319356;São Pedro da Serra;43;Rio Grande do Sul;430007;Montenegro;4301;Porto Alegre;-29.4193;-51.5134;fora_do_escopo
4319505;São Sebastião do Caí;43;Rio Grande do Sul;430002;Novo Hamburgo - São Leopoldo;4301;Porto Alegre;-29.5885;-51.3749;fora_do_escopo
4321105;Tapes;43;Rio Grande do Sul;430005;Camaquã;4301;Porto Alegre;-30.6683;-51.3991;fora_do_escopo
4321436;Terra de Areia;43;Rio Grande do Sul;430003;Tramandaí - Osório;4301;Porto Alegre;-29.5782;-50.0644;fora_do_escopo
4321600;Tramandaí;43;Rio Grande do Sul;430003;Tramandaí - Osório;4301;Porto Alegre;-29.9841;-50.1322;fora_do_escopo
4322103;Tucunduva;43;Rio Grande do Sul;430019;Santa Rosa;4305;Ijuí;-27.6573;-54.4439;fora_do_escopo
4322202;Tupanciretã;43;Rio Grande do Sul;430027;Cruz Alta;4306;Passo Fundo;-29.0858;-53.8445;fora_do_escopo
4322855;Vespasiano Corrêa;43;Rio Grande do Sul;430043;Encantado;4308;Santa Cruz do Sul - Lajeado;-29.0655;-51.8625;fora_do_escopo
4323408;Vila Maria;43;Rio Grande do Sul;430030;Marau;4306;Passo Fundo;-28.5359;-52.1486;fora_do_escopo
4323606;Vista Alegre do Prata;43;Rio Grande do Sul;430038;Nova Prata - Guaporé;4307;Caxias do Sul;-28.8052;-51.7947;fora_do_escopo
5000906;Antônio João;50;Mato Grosso do Sul;500008;Ponta Porã;5002;Dourados;-22.1927;-55.9517;fora_do_escopo
5002001;Batayporã;50;Mato Grosso do Sul;500007;Nova Andradina;5002;Dourados;-22.2944;-53.2705;fora_do_escopo
5002803;Caracol;50;Mato Grosso do Sul;500011;Jardim;5003;Corumbá;-22.011;-57.0277;fora_do_escopo
5002902;Cassilândia;50;Mato Grosso do Sul;500003;Paranaíba - Chapadão do Sul - Cassilândia;5001;Campo Grande;-19.1179;-51.7313;fora_do_escopo
5005608;Miranda;50;Mato Grosso do Sul;500012;Aquidauana - Anastácio;5003;Corumbá;-20.2355;-56.3746;fora_do_escopo
5007307;Rio Negro;50;Mato Grosso do Sul;500001;Campo Grande;5001;Campo Grande;-19.447;-54.9859;fora_do_escopo
5007554;Santa Rita do Pardo;50;Mato Grosso do Sul;500002;Três Lagoas;5001;Campo Grande;-21.3016;-52.8333;fora_do_escopo
5007703;Sete Quedas;50;Mato Grosso do Sul;500009;Amambai;5002;Dourados;-23.9705;-55.0398;fora_do_escopo
5007950;Tacuru;50;Mato Grosso do Sul;500009;Amambai;5002;Dourados;-23.636;-55.0141;fora_do_escopo
5100607;Alto Taquari;51;Mato Grosso;510016;Rondonópolis;5105;Rondonópolis;-17.8241;-53.2792;fora_do_escopo
5101258;Araputanga;51;Mato Grosso;510006;Mirassol D'oeste;5102;Cáceres;-15.4641;-58.3425;fora_do_escopo
5102603;Campinápolis;51;Mato Grosso;510015;Água Boa;5104;Barra do Garças;-14.5162;-52.893;fora_do_escopo
5103254;Colniza;51;Mato Grosso;510009;Juína;5103;Sinop;-9.46121;-59.2252;fora_do_escopo
5103858;Gaúcha do Norte;51;Mato Grosso;510015;Água Boa;5104;Barra do Garças;-13.2443;-53.0809;fora_do_escopo
5103957;Glória D'Oeste;51;Mato Grosso;510006;Mirassol D'oeste;5102;Cáceres;-15.768;-58.3108;fora_do_escopo
5104104;Guarantã do Norte;51;Mato Grosso;510011;Peixoto de Azevedo - Guarantã do Norte;5103;Sinop;-9.96218;-54.9121;fora_do_escopo
5104542;Itanhangá;51;Mato Grosso;510008;Sorriso;5103;Sinop;-12.2259;-56.6463;fora_do_escopo
5105200;Juscimeira;51;Mato Grosso;510018;Jaciara;5105;Rondonópolis;-16.0633;-54.8859;fora_do_escopo
5106315;Novo Santo Antônio;51;Mato Grosso;510014;Confresa - Vila Rica;5104;Barra do Garças;-12.2875;-50.9686;fora_do_escopo
5106703;Ponte Branca;51;Mato Grosso;510013;Barra do Garças;5104;Barra do Garças;-16.7584;-52.8369;fora_do_escopo
5107008;Poxoréu;51;Mato Grosso;510017;Primavera do Leste;5105;Rondonópolis;-15.8299;-54.4208;fora_do_escopo
5107206;Rio Branco;51;Mato Grosso;510004;Cáceres;5102;Cáceres;-15.2483;-58.1259;fora_do_escopo
5107800;Santo Antônio de Leverger;51;Mato Grosso;510001;Cuiabá;5101;Cuiabá;-15.8632;-56.0788;fora_do_escopo
5107883;Serra Nova Dourada;51;Mato Grosso;510014;Confresa - Vila Rica;5104;Barra do Garças;-12.0896;-51.4025;fora_do_escopo
5108402;Várzea Grande;51;Mato Grosso;510001;Cuiabá;5101;Cuiabá;-15.6458;-56.1322;fora_do_escopo
5100201;Água Boa;51;Mato Grosso;510015;Água Boa;5104;Barra do Garças;-14.051;-52.1601;fora_do_escopo
5200829;Amaralina;52;Goiás;520017;Uruaçu - Niquelândia;5205;Porangatu - Uruaçu;-13.9236;-49.2962;fora_do_escopo
5201405;Aparecida de Goiânia;52;Goiás;520001;Goiânia;5201;Goiânia;-16.8198;-49.2469;fora_do_escopo
5201702;Aragarças;52;Goiás;520014;Iporá;5204;São Luís de Montes Belos - Iporá;-15.8955;-52.2372;fora_do_escopo
5203302;Bela Vista de Goiás;52;Goiás;520001;Goiânia;5201;Goiânia;-16.9693;-48.9513;fora_do_escopo
5203609;Brazabrantes;52;Goiás;520001;Goiânia;5201;Goiânia;-16.4281;-49.3863;fora_do_escopo
5204656;Campinaçu;52;Goiás;520016;Porangatu;5205;Porangatu - Uruaçu;-13.787;-48.5704;fora_do_escopo
5204706;Campinorte;52;Goiás;520017;Uruaçu - Niquelândia;5205;Porangatu - Uruaçu;-14.3137;-49.1511;fora_do_escopo
5205059;Castelândia;52;Goiás;520010;Rio Verde;5203;Rio Verde;-18.0921;-50.203;fora_do_escopo
5205471;Chapadão do Céu;52;Goiás;520011;Jataí-Mineiros;5203;Rio Verde;-18.4073;-52.549;fora_do_escopo
5208004;Formosa;52;Goiás;520020;Águas Lindas de Goiás;5206;Luziânia - Águas Lindas de Goiás;-15.54;-47.337;fora_do_escopo
5209200;Guapó;52;Goiás;520001;Goiânia;5201;Goiânia;-16.8297;-49.5345;fora_do_escopo
5209457;Guarinos;52;Goiás;520018;Ceres - Rialma - Goianésia;5205;Porangatu - Uruaçu;-14.7292;-49.7006;fora_do_escopo
5211206;Itapuranga;52;Goiás;520005;Goiás - Itapuranga;5201;Goiânia;-15.5606;-49.949;fora_do_escopo
5212808;Mara Rosa;52;Goiás;520017;Uruaçu - Niquelândia;5205;Porangatu - Uruaçu;-14.0148;-49.1777;fora_do_escopo
5212956;Matrinchã;52;Goiás;520005;Goiás - Itapuranga;5201;Goiânia;-15.4342;-50.7456;fora_do_escopo
5214507;Nerópolis;52;Goiás;520001;Goiânia;5201;Goiânia;-16.4047;-49.2227;fora_do_escopo
5214804;Nova Aurora;52;Goiás;520004;Catalão;5201;Goiânia;-18.0597;-48.2552;fora_do_escopo
5215603;Padre Bernardo;52;Goiás;520020;Águas Lindas de Goiás;5206;Luziânia - Águas Lindas de Goiás;-15.1605;-48.2833;fora_do_escopo
5215801;Palmelo;52;Goiás;520006;Pires do Rio;5201;Goiânia;-17.3258;-48.426;fora_do_escopo
5216304;Paranaiguara;52;Goiás;520012;Quirinópolis;5203;Rio Verde;-18.9141;-50.6539;fora_do_escopo
5216908;Pilar de Goiás;52;Goiás;520018;Ceres - Rialma - Goianésia;5205;Porangatu - Uruaçu;-14.7608;-49.5784;fora_do_escopo
5217609;Planaltina;52;Goiás;520020;Águas Lindas de Goiás;5206;Luziânia - Águas Lindas de Goiás;-15.452;-47.6089;fora_do_escopo
5219258;Santa Fé de Goiás;52;Goiás;520005;Goiás - Itapuranga;5201;Goiânia;-15.7664;-51.1037;fora_do_escopo
5219753;Santo Antônio do Descoberto;52;Goiás;520019;Luziânia;5206;Luziânia - Águas Lindas de Goiás;-15.9412;-48.2578;fora_do_escopo
5220405;São Simão;52;Goiás;520012;Quirinópolis;5203;Rio Verde;-18.996;-50.547;fora_do_escopo
5221809;Urutaí;52;Goiás;520006;Pires do Rio;5201;Goiânia;-17.4651;-48.2015;fora_do_escopo
3140704;Mateus Leme;31;Minas Gerais;310001;Belo Horizonte;3101;Belo Horizonte;-19.9794;-44.4318;atendido
3145604;Oliveira;31;Minas Gerais;310069;Oliveira;3113;Divinópolis;-20.6982;-44.829;atendido
3149903;Perdões;31;Minas Gerais;310043;Lavras;3108;Varginha;-21.0932;-45.0896;atendido
1100023;Ariquemes;11;Rondônia;110002;Ariquemes;1101;Porto Velho;-9.90571;-63.0325;fora_do_escopo
1100072;Corumbiara;11;Rondônia;110006;Vilhena;1102;Ji-Paraná;-12.9551;-60.8947;fora_do_escopo
1100098;Espigão D'Oeste;11;Rondônia;110005;Cacoal;1102;Ji-Paraná;-11.5266;-61.0252;fora_do_escopo
1101476;Primavera de Rondônia;11;Rondônia;110005;Cacoal;1102;Ji-Paraná;-11.8295;-61.3153;fora_do_escopo
1101484;São Felipe D'Oeste;11;Rondônia;110005;Cacoal;1102;Ji-Paraná;-11.9023;-61.5026;fora_do_escopo
1101559;Teixeirópolis;11;Rondônia;110004;Ji-Paraná;1102;Ji-Paraná;-10.9056;-62.242;fora_do_escopo
1300102;Anori;13;Amazonas;130003;Coari;1301;Manaus;-3.74603;-61.6575;fora_do_escopo
1300144;Apuí;13;Amazonas;130009;Manicoré;1303;Lábrea;-7.19409;-59.896;fora_do_escopo
1302900;Maués;13;Amazonas;130010;Parintins;1304;Parintins;-3.39289;-57.7067;fora_do_escopo
1303007;Nhamundá;13;Amazonas;130010;Parintins;1304;Parintins;-2.20793;-56.7112;fora_do_escopo
1304104;Tapauá;13;Amazonas;130008;Lábrea;1303;Lábrea;-5.62085;-63.1808;fora_do_escopo
1400308;Mucajaí;14;Roraima;140001;Boa Vista;1401;Boa Vista;2.43998;-60.9096;fora_do_escopo
1500701;Anajás;15;Pará;150020;Breves;1507;Breves;-0.996811;-49.9354;fora_do_escopo
1500958;Aurora do Pará;15;Pará;150007;Paragominas;1502;Castanhal;-2.14898;-47.5677;fora_do_escopo
1501600;Bonito;15;Pará;150006;Capanema;1502;Castanhal;-1.36745;-47.3066;fora_do_escopo
1501808;Breves;15;Pará;150020;Breves;1507;Breves;-1.68036;-50.4791;fora_do_escopo
1502004;Cachoeira do Arari;15;Pará;150021;Soure-Salvaterra;1507;Breves;-1.01226;-48.9503;fora_do_escopo
1502608;Colares;15;Pará;150001;Belém;1501;Belém;-0.936423;-48.2803;fora_do_escopo
1502756;Concórdia do Pará;15;Pará;150001;Belém;1501;Belém;-1.99238;-47.9422;fora_do_escopo
1502806;Curralinho;15;Pará;150020;Breves;1507;Breves;-1.81179;-49.7952;fora_do_escopo
1502939;Dom Eliseu;15;Pará;150007;Paragominas;1502;Castanhal;-4.19944;-47.8245;fora_do_escopo
1503002;Faro;15;Pará;150017;Oriximiná;1505;Santarém;-2.16805;-56.7405;fora_do_escopo
1503044;Floresta do Araguaia;15;Pará;150012;Redenção;1504;Redenção;-7.55335;-49.7125;fora_do_escopo
1503093;Goianésia do Pará;15;Pará;150011;Tucuruí;1503;Marabá;-3.84338;-49.0974;fora_do_escopo
1503903;Juruti;15;Pará;150017;Oriximiná;1505;Santarém;-2.16347;-56.0889;fora_do_escopo
1504901;Muaná;15;Pará;150021;Soure-Salvaterra;1507;Breves;-1.53936;-49.2224;fora_do_escopo
1505007;Nova Timboteua;15;Pará;150006;Capanema;1502;Castanhal;-1.20874;-47.3921;fora_do_escopo
1506559;Santa Luzia do Pará;15;Pará;150005;Bragança;1502;Castanhal;-1.52147;-46.9008;fora_do_escopo
1506583;Santa Maria das Barreiras;15;Pará;150012;Redenção;1504;Redenção;-8.85784;-49.7215;fora_do_escopo
1506708;Santana do Araguaia;15;Pará;150012;Redenção;1504;Redenção;-9.3281;-50.35;fora_do_escopo
1507904;Soure;15;Pará;150021;Soure-Salvaterra;1507;Breves;-0.73032;-48.5015;fora_do_escopo
1507466;São João da Ponta;15;Pará;150004;Castanhal;1502;Castanhal;-0.857885;-47.918;fora_do_escopo
1508035;Tracuateua;15;Pará;150005;Bragança;1502;Castanhal;-1.07653;-46.9031;fora_do_escopo
1508159;Uruará;15;Pará;150018;Altamira;1506;Altamira;-3.71519;-53.7396;fora_do_escopo
1600402;Mazagão;16;Amapá;160001;Macapá;1601;Macapá;-0.11336;-51.2891;fora_do_escopo
1600808;Vitória do Jari;16;Amapá;160002;Laranjal do Jari;1601;Macapá;-0.938;-52.424;fora_do_escopo
1702307;Arapoema;17;Tocantins;170005;Araguaína;1702;Araguaína;-7.65463;-49.0637;fora_do_escopo
1703883;Carmolândia;17;Tocantins;170005;Araguaína;1702;Araguaína;-7.03262;-48.3978;fora_do_escopo
1705102;Chapada da Natividade;17;Tocantins;170002;Porto Nacional;1701;Palmas;-11.6175;-47.7486;fora_do_escopo
1704600;Chapada de Areia;17;Tocantins;170003;Paraíso do Tocantins;1701;Palmas;-10.1419;-49.1403;fora_do_escopo
1705508;Colinas do Tocantins;17;Tocantins;170007;Colinas do Tocantins;1702;Araguaína;-8.05764;-48.4757;fora_do_escopo
1707702;Filadélfia;17;Tocantins;170005;Araguaína;1702;Araguaína;-7.33501;-47.4954;fora_do_escopo
1709005;Goiatins;17;Tocantins;170005;Araguaína;1702;Araguaína;-7.71478;-47.3252;fora_do_escopo
1712405;Lizarda;17;Tocantins;170001;Palmas;1701;Palmas;-9.59002;-46.6738;fora_do_escopo
1715259;Novo Jardim;17;Tocantins;170011;Dianópolis;1703;Gurupi;-11.826;-46.6325;fora_do_escopo
1715705;Palmeirante;17;Tocantins;170007;Colinas do Tocantins;1702;Araguaína;-7.84786;-47.9242;fora_do_escopo
1718865;Santa Fé do Araguaia;17;Tocantins;170005;Araguaína;1702;Araguaína;-7.15803;-48.7165;fora_do_escopo
1718881;Santa Maria do Tocantins;17;Tocantins;170006;Guaraí;1702;Araguaína;-8.8046;-47.7887;fora_do_escopo
1720150;São Félix do Tocantins;17;Tocantins;170001;Palmas;1701;Palmas;-10.1615;-46.6618;fora_do_escopo
1720200;São Miguel do Tocantins;17;Tocantins;170009;Araguatins;1702;Araguaína;-5.56305;-47.5743;fora_do_escopo
1721109;Tocantínia;17;Tocantins;170004;Miracema do Tocantins;1701;Palmas;-9.5632;-48.3741;fora_do_escopo
2100436;Alto Alegre do Maranhão;21;Maranhão;210010;Bacabal;2102;Santa Inês - Bacabal;-4.213;-44.446;fora_do_escopo
2100907;Araioses;21;Maranhão;210007;Tutóia - Araioses;2101;São Luís;-2.89091;-41.905;fora_do_escopo
2101004;Arari;21;Maranhão;210005;Viana;2101;São Luís;-3.45214;-44.7665;fora_do_escopo
2101400;Balsas;21;Maranhão;210022;Balsas;2105;Imperatriz;-7.53214;-46.0372;fora_do_escopo
2102036;Bom Jesus das Selvas;21;Maranhão;210021;Açailândia;2105;Imperatriz;-4.47638;-46.8641;fora_do_escopo
2102358;Buritirana;21;Maranhão;210019;Imperatriz;2105;Imperatriz;-5.59823;-47.0131;fora_do_escopo
2102374;Cachoeira Grande;21;Maranhão;210001;São Luís;2101;São Luís;-2.93074;-44.0528;fora_do_escopo
2102754;Capinzal do Norte;21;Maranhão;210012;Pedreiras;2102;Santa Inês - Bacabal;-4.7236;-44.328;fora_do_escopo
2103109;Cedral;21;Maranhão;210008;Cururupu;2101;São Luís;-2.00027;-44.5281;fora_do_escopo
2104073;Feira Nova do Maranhão;21;Maranhão;210022;Balsas;2105;Imperatriz;-6.96508;-46.6786;fora_do_escopo
2104099;Formosa da Serra Negra;21;Maranhão;210020;Barra do Corda;2105;Imperatriz;-6.44017;-46.1916;fora_do_escopo
2105203;Igarapé Grande;21;Maranhão;210012;Pedreiras;2102;Santa Inês - Bacabal;-4.6625;-44.8558;fora_do_escopo
2105500;João Lisboa;21;Maranhão;210019;Imperatriz;2105;Imperatriz;-5.44363;-47.4064;fora_do_escopo
2106201;Luís Domingues;21;Maranhão;210011;Governador Nunes Freire;2102;Santa Inês - Bacabal;-1.27492;-45.867;fora_do_escopo
2106300;Magalhães de Almeida;21;Maranhão;210007;Tutóia - Araioses;2101;São Luís;-3.39232;-42.2117;fora_do_escopo
2106375;Maranhãozinho;21;Maranhão;210011;Governador Nunes Freire;2102;Santa Inês - Bacabal;-2.24078;-45.8507;fora_do_escopo
2108009;Pastos Bons;21;Maranhão;210017;São João dos Patos;2104;Presidente Dutra;-6.60296;-44.0745;fora_do_escopo
2109502;Riachão;21;Maranhão;210022;Balsas;2105;Imperatriz;-7.35819;-46.6225;fora_do_escopo
2110104;Santa Quitéria do Maranhão;21;Maranhão;210003;Chapadinha;2101;São Luís;-3.49308;-42.5688;fora_do_escopo
2110302;Santo Antônio dos Lopes;21;Maranhão;210012;Pedreiras;2102;Santa Inês - Bacabal;-4.86613;-44.3653;fora_do_escopo
2111722;Satubinha;21;Maranhão;210010;Bacabal;2102;Santa Inês - Bacabal;-4.04913;-45.2457;fora_do_escopo
2111763;Senador La Rocque;21;Maranhão;210019;Imperatriz;2105;Imperatriz;-5.4461;-47.2959;fora_do_escopo
2111953;Sucupira do Riachão;21;Maranhão;210017;São João dos Patos;2104;Presidente Dutra;-6.40858;-43.5455;fora_do_escopo
2110708;São Domingos do Maranhão;21;Maranhão;210016;Presidente Dutra;2104;Presidente Dutra;-5.58095;-44.3822;fora_do_escopo
2110906;São Francisco do Maranhão;21;Maranhão;210017;São João dos Patos;2104;Presidente Dutra;-6.25159;-42.8668;fora_do_escopo
2111201;São José de Ribamar;21;Maranhão;210001;São Luís;2101;São Luís;-2.54704;-44.0597;fora_do_escopo
2111631;São Raimundo do Doca Bezerra;21;Maranhão;210012;Pedreiras;2102;Santa Inês - Bacabal;-5.11053;-45.0696;fora_do_escopo
2112308;Tuntum;21;Maranhão;210016;Presidente Dutra;2104;Presidente Dutra;-5.25476;-44.6444;fora_do_escopo
2112605;Urbano Santos;21;Maranhão;210003;Chapadinha;2101;São Luís;-3.20642;-43.3878;fora_do_escopo
2200905;Aroazes;22;Piauí;220004;Valença do Piauí;2201;Teresina;-6.11022;-41.7822;fora_do_escopo
2201572;Belém do Piauí;22;Piauí;220009;Picos;2203;Picos;-7.36652;-40.9688;fora_do_escopo
2203206;Curimatá;22;Piauí;220015;Corrente;2205;Corrente - Bom Jesus;-10.0326;-44.3002;fora_do_escopo
2203354;Dirceu Arcoverde;22;Piauí;220013;São Raimundo Nonato;2204;São Raimundo Nonato;-9.33939;-42.4348;fora_do_escopo
2203453;Dom Inocêncio;22;Piauí;220013;São Raimundo Nonato;2204;São Raimundo Nonato;-9.00516;-41.9697;fora_do_escopo
2203503;Elesbão Veloso;22;Piauí;220002;Amarante - Água Branca - Regeneração;2201;Teresina;-6.19947;-42.1355;fora_do_escopo
2204006;Francinópolis;22;Piauí;220002;Amarante - Água Branca - Regeneração;2201;Teresina;-6.39334;-42.2591;fora_do_escopo
2204204;Francisco Santos;22;Piauí;220009;Picos;2203;Picos;-6.99491;-41.1288;fora_do_escopo
2204402;Gilbués;22;Piauí;220015;Corrente;2205;Corrente - Bom Jesus;-9.83001;-45.3423;fora_do_escopo
2205276;Jatobá do Piauí;22;Piauí;220003;Campo Maior;2201;Teresina;-4.77025;-41.817;fora_do_escopo
2205508;José de Freitas;22;Piauí;220001;Teresina;2201;Teresina;-4.75146;-42.5746;fora_do_escopo
2205581;Lagoa do Piauí;22;Piauí;220001;Teresina;2201;Teresina;-5.41864;-42.6437;fora_do_escopo
2206696;Murici dos Portelas;22;Piauí;220006;Parnaíba;2202;Parnaíba;-3.319;-42.094;fora_do_escopo
2207793;Pau D'Arco do Piauí;22;Piauí;220001;Teresina;2201;Teresina;-5.26072;-42.3908;fora_do_escopo
2209153;Santa Cruz dos Milagres;22;Piauí;220004;Valença do Piauí;2201;Teresina;-5.80581;-41.9506;fora_do_escopo
2209500;Santo Inácio do Piauí;22;Piauí;220011;Oeiras;2203;Picos;-7.42072;-41.9063;fora_do_escopo
2210805;Simplício Mendes;22;Piauí;220012;Simplício Mendes;2203;Picos;-7.85294;-41.9075;fora_do_escopo
2209807;São Gonçalo do Piauí;22;Piauí;220002;Amarante - Água Branca - Regeneração;2201;Teresina;-5.99393;-42.7095;fora_do_escopo
2209971;São João do Arraial;22;Piauí;220008;Esperantina;2202;Parnaíba;-3.8186;-42.4459;fora_do_escopo
2210383;São Miguel da Baixa Grande;22;Piauí;220002;Amarante - Água Branca - Regeneração;2201;Teresina;-5.85646;-42.1934;fora_do_escopo
2300507;Alcântaras;23;Ceará;230015;Sobral;2306;Sobral;-3.58537;-40.5479;fora_do_escopo
2301604;Assaré;23;Ceará;230011;Juazeiro do Norte;2304;Juazeiro do Norte;-6.8669;-39.8689;fora_do_escopo
2301703;Aurora;23;Ceará;230011;Juazeiro do Norte;2304;Juazeiro do Norte;-6.93349;-38.9742;fora_do_escopo
2301950;Barreira;23;Ceará;230003;Redenção-Acarape;2301;Fortaleza;-4.28921;-38.6429;fora_do_escopo
2302503;Brejo Santo;23;Ceará;230012;Brejo Santo;2304;Juazeiro do Norte;-7.48469;-38.9799;fora_do_escopo
2303105;Cariré;23;Ceará;230015;Sobral;2306;Sobral;-3.94858;-40.476;fora_do_escopo
2303303;Cariús;23;Ceará;230009;Iguatu;2303;Iguatu;-6.52428;-39.4916;fora_do_escopo
2303659;Catunda;23;Ceará;230015;Sobral;2306;Sobral;-4.64336;-40.2;fora_do_escopo
2304004;Coreaú;23;Ceará;230015;Sobral;2306;Sobral;-3.5415;-40.6587;fora_do_escopo
2304285;Eusébio;23;Ceará;230001;Fortaleza;2301;Fortaleza;-3.8925;-38.4559;fora_do_escopo
2304301;Farias Brito;23;Ceará;230011;Juazeiro do Norte;2304;Juazeiro do Norte;-6.92146;-39.5651;fora_do_escopo
2305209;Hidrolândia;23;Ceará;230015;Sobral;2306;Sobral;-4.40958;-40.4056;fora_do_escopo
2305902;Ipueiras;23;Ceará;230016;São Benedito - Ipu - Guaraciaba do Norte - Tianguá;2306;Sobral;-4.53802;-40.7118;fora_do_escopo
2307650;Maracanaú;23;Ceará;230001;Fortaleza;2301;Fortaleza;-3.86699;-38.6259;fora_do_escopo
2308203;Meruoca;23;Ceará;230015;Sobral;2306;Sobral;-3.53974;-40.4531;fora_do_escopo
2308500;Mombaça;23;Ceará;230009;Iguatu;2303;Iguatu;-5.73844;-39.63;fora_do_escopo
2308906;Morrinhos;23;Ceará;230015;Sobral;2306;Sobral;-3.23426;-40.1233;fora_do_escopo
2309508;Orós;23;Ceará;230010;Icó;2303;Iguatu;-6.25182;-38.9053;fora_do_escopo
2310506;Pedra Branca;23;Ceará;230006;Quixadá;2302;Quixadá;-5.45341;-39.7078;fora_do_escopo
2310951;Pires Ferreira;23;Ceará;230016;São Benedito - Ipu - Guaraciaba do Norte - Tianguá;2306;Sobral;-4.23922;-40.6442;fora_do_escopo
2311009;Poranga;23;Ceará;230013;Crateús;2305;Crateús;-4.74672;-40.9205;fora_do_escopo
2311603;Redenção;23;Ceará;230003;Redenção-Acarape;2301;Fortaleza;-4.21587;-38.7277;fora_do_escopo
2311702;Reriutaba;23;Ceará;230015;Sobral;2306;Sobral;-4.14191;-40.5759;fora_do_escopo
2312700;Senador Pompeu;23;Ceará;230006;Quixadá;2302;Quixadá;-5.58244;-39.3704;fora_do_escopo
2313401;Tianguá;23;Ceará;230016;São Benedito - Ipu - Guaraciaba do Norte - Tianguá;2306;Sobral;-3.72965;-40.9923;fora_do_escopo
2313757;Umirim;23;Ceará;230002;Itapipoca;2301;Fortaleza;-3.67654;-39.3465;fora_do_escopo
2313807;Uruburetama;23;Ceará;230002;Itapipoca;2301;Fortaleza;-3.62316;-39.5107;fora_do_escopo
2313955;Varjota;23;Ceará;230015;Sobral;2306;Sobral;-4.19387;-40.4741;fora_do_escopo
2314102;Viçosa do Ceará;23;Ceará;230016;São Benedito - Ipu - Guaraciaba do Norte - Tianguá;2306;Sobral;-3.5667;-41.0916;fora_do_escopo
2400307;Afonso Bezerra;24;Rio Grande do Norte;240011;Açu;2403;Mossoró;-5.49229;-36.5075;fora_do_escopo
2400901;Antônio Martins;24;Rio Grande do Norte;240010;Pau dos Ferros;2403;Mossoró;-6.21367;-37.8834;fora_do_escopo
2401008;Apodi;24;Rio Grande do Norte;240009;Mossoró;2403;Mossoró;-5.65349;-37.7946;fora_do_escopo
2401206;Arês;24;Rio Grande do Norte;240003;Canguaretama;2401;Natal;-6.18831;-35.1608;fora_do_escopo
2401404;Baía Formosa;24;Rio Grande do Norte;240003;Canguaretama;2401;Natal;-6.37161;-35.0033;fora_do_escopo
2401800;Brejinho;24;Rio Grande do Norte;240001;Natal;2401;Natal;-6.18566;-35.3591;fora_do_escopo
2403202;Doutor Severiano;24;Rio Grande do Norte;240010;Pau dos Ferros;2403;Mossoró;-6.08082;-38.3794;fora_do_escopo
2404002;Frutuoso Gomes;24;Rio Grande do Norte;240010;Pau dos Ferros;2403;Mossoró;-6.15669;-37.8375;fora_do_escopo
2404200;Goianinha;24;Rio Grande do Norte;240003;Canguaretama;2401;Natal;-6.26486;-35.1943;fora_do_escopo
2404606;Ielmo Marinho;24;Rio Grande do Norte;240001;Natal;2401;Natal;-5.82447;-35.55;fora_do_escopo
2405405;Japi;24;Rio Grande do Norte;240004;Santa Cruz;2401;Natal;-6.46544;-35.9346;fora_do_escopo
2405702;Jardim do Seridó;24;Rio Grande do Norte;240007;Caicó;2402;Caicó;-6.58047;-36.7736;fora_do_escopo
2405900;João Dias;24;Rio Grande do Norte;240010;Pau dos Ferros;2403;Mossoró;-6.27215;-37.7885;fora_do_escopo
2406700;Lajes;24;Rio Grande do Norte;240011;Açu;2403;Mossoró;-5.69322;-36.247;fora_do_escopo
2407252;Major Sales;24;Rio Grande do Norte;240010;Pau dos Ferros;2403;Mossoró;-6.39949;-38.324;fora_do_escopo
2407807;Monte Alegre;24;Rio Grande do Norte;240001;Natal;2401;Natal;-6.07063;-35.3253;fora_do_escopo
2407906;Monte das Gameleiras;24;Rio Grande do Norte;240002;Santo Antônio - Passa e Fica - Nova Cruz;2401;Natal;-6.43698;-35.7831;fora_do_escopo
2410009;Pilões;24;Rio Grande do Norte;240010;Pau dos Ferros;2403;Mossoró;-6.26364;-38.0461;fora_do_escopo
2410603;Rafael Godeiro;24;Rio Grande do Norte;240010;Pau dos Ferros;2403;Mossoró;-6.07244;-37.716;fora_do_escopo
2411205;Santa Cruz;24;Rio Grande do Norte;240004;Santa Cruz;2401;Natal;-6.22475;-36.0193;fora_do_escopo
2411502;Santo Antônio;24;Rio Grande do Norte;240002;Santo Antônio - Passa e Fica - Nova Cruz;2401;Natal;-6.31195;-35.4739;fora_do_escopo
2413508;Serrinha;24;Rio Grande do Norte;240002;Santo Antônio - Passa e Fica - Nova Cruz;2401;Natal;-6.28181;-35.5;fora_do_escopo
2412500;São Miguel;24;Rio Grande do Norte;240010;Pau dos Ferros;2403;Mossoró;-6.20283;-38.4947;fora_do_escopo
2413003;São Vicente;24;Rio Grande do Norte;240008;Currais Novos;2402;Caicó;-6.21893;-36.6827;fora_do_escopo
2413706;Sítio Novo;24;Rio Grande do Norte;240004;Santa Cruz;2401;Natal;-6.11132;-35.909;fora_do_escopo
2413805;Taboleiro Grande;24;Rio Grande do Norte;240010;Pau dos Ferros;2403;Mossoró;-5.91948;-38.0367;fora_do_escopo
2414159;Tenente Laurentino Cruz;24;Rio Grande do Norte;240008;Currais Novos;2402;Caicó;-6.1378;-36.7135;fora_do_escopo
2414605;Upanema;24;Rio Grande do Norte;240009;Mossoró;2403;Mossoró;-5.63761;-37.2635;fora_do_escopo
2500205;Aguiar;25;Paraíba;250010;Itaporanga;2503;Patos;-7.0918;-38.1681;fora_do_escopo
2501005;Araruna;25;Paraíba;250002;Guarabira;2501;João Pessoa;-6.54848;-35.7498;fora_do_escopo
2501302;Aroeiras;25;Paraíba;250005;Campina Grande;2502;Campina Grande;-7.54473;-35.7066;fora_do_escopo
2501609;Barra de Santa Rosa;25;Paraíba;250006;Cuité - Nova Floresta;2502;Campina Grande;-6.71816;-36.0671;fora_do_escopo
2501575;Barra de Santana;25;Paraíba;250005;Campina Grande;2502;Campina Grande;-7.51809;-35.9913;fora_do_escopo
2501807;Bayeux;25;Paraíba;250001;João Pessoa;2501;João Pessoa;-7.1238;-34.9293;fora_do_escopo
2501906;Belém;25;Paraíba;250002;Guarabira;2501;João Pessoa;-6.74261;-35.5166;fora_do_escopo
2504355;Caturité;25;Paraíba;250005;Campina Grande;2502;Campina Grande;-7.41659;-36.0306;fora_do_escopo
2505105;Cuité;25;Paraíba;250006;Cuité - Nova Floresta;2502;Campina Grande;-6.47647;-36.1515;fora_do_escopo
2505279;Curral de Cima;25;Paraíba;250003;Mamanguape - Rio Tinto;2501;João Pessoa;-6.72325;-35.2639;fora_do_escopo
2507002;Itaporanga;25;Paraíba;250010;Itaporanga;2503;Patos;-7.30202;-38.1504;fora_do_escopo
2507408;Jericó;25;Paraíba;250011;Catolé do Rocha - São Bento;2503;Patos;-6.54577;-37.8036;fora_do_escopo
2508307;Lagoa Seca;25;Paraíba;250005;Campina Grande;2502;Campina Grande;-7.15535;-35.8491;fora_do_escopo
2509107;Mari;25;Paraíba;250001;João Pessoa;2501;João Pessoa;-7.05942;-35.318;fora_do_escopo
2509339;Matinhas;25;Paraíba;250005;Campina Grande;2502;Campina Grande;-7.12486;-35.7669;fora_do_escopo
2511707;Pilõezinhos;25;Paraíba;250002;Guarabira;2501;João Pessoa;-6.84277;-35.531;fora_do_escopo
2512036;Poço Dantas;25;Paraíba;250014;Sousa;2504;Sousa - Cajazeiras;-6.39876;-38.4909;fora_do_escopo
2515807;Serra Redonda;25;Paraíba;250005;Campina Grande;2502;Campina Grande;-7.18622;-35.6842;fora_do_escopo
2516003;Solânea;25;Paraíba;250002;Guarabira;2501;João Pessoa;-6.75161;-35.6636;fora_do_escopo
2514552;São José de Princesa;25;Paraíba;250013;Princesa Isabel;2503;Patos;-7.73633;-38.0894;fora_do_escopo
2514453;São José dos Ramos;25;Paraíba;250004;Itabaiana;2501;João Pessoa;-7.25238;-35.3725;fora_do_escopo
2515401;São Vicente do Seridó;25;Paraíba;250005;Campina Grande;2502;Campina Grande;-6.85426;-36.4122;fora_do_escopo
2600054;Abreu e Lima;26;Pernambuco;260001;Recife;2601;Recife;-7.90072;-34.8984;fora_do_escopo
2600104;Afogados da Ingazeira;26;Pernambuco;260014;Afogados da Ingazeira;2603;Serra Talhada;-7.74312;-37.631;fora_do_escopo
2602308;Bonito;26;Pernambuco;260009;Caruaru;2602;Caruaru;-8.47163;-35.7292;fora_do_escopo
2603454;Camaragibe;26;Pernambuco;260001;Recife;2601;Recife;-8.02351;-34.9782;fora_do_escopo
2604205;Catende;26;Pernambuco;260003;Palmares;2601;Recife;-8.67509;-35.7024;fora_do_escopo
2604304;Cedro;26;Pernambuco;260017;Salgueiro;2604;Petrolina;-7.71179;-39.2367;fora_do_escopo
2604403;Chã de Alegria;26;Pernambuco;260005;Vitória de Santo Antão;2601;Recife;-8.00679;-35.204;fora_do_escopo
2605806;Frei Miguelinho;26;Pernambuco;260008;Surubim;2601;Recife;-7.93918;-35.9113;fora_do_escopo
2607653;Itambé;26;Pernambuco;260002;Goiana ¿ Timbaúba;2601;Recife;-7.41403;-35.0963;fora_do_escopo
2607802;Itaquitinga;26;Pernambuco;260002;Goiana ¿ Timbaúba;2601;Recife;-7.66373;-35.1002;fora_do_escopo
2607505;Itaíba;26;Pernambuco;260011;Arcoverde;2602;Caruaru;-8.94569;-37.4173;fora_do_escopo
2607901;Jaboatão dos Guararapes;26;Pernambuco;260001;Recife;2601;Recife;-8.11298;-35.015;fora_do_escopo
2608453;Lagoa do Carro;26;Pernambuco;260006;Carpina;2601;Recife;-7.84383;-35.3108;fora_do_escopo
2608701;Lagoa dos Gatos;26;Pernambuco;260009;Caruaru;2602;Caruaru;-8.6602;-35.904;fora_do_escopo
2608800;Lajedo;26;Pernambuco;260010;Garanhuns;2602;Caruaru;-8.65791;-36.3293;fora_do_escopo
2609154;Manari;26;Pernambuco;260011;Arcoverde;2602;Caruaru;-8.9649;-37.6313;fora_do_escopo
2610301;Paranatama;26;Pernambuco;260010;Garanhuns;2602;Caruaru;-8.91875;-36.6549;fora_do_escopo
2611309;Pombos;26;Pernambuco;260005;Vitória de Santo Antão;2601;Recife;-8.13982;-35.3967;fora_do_escopo
2614006;Serrita;26;Pernambuco;260017;Salgueiro;2604;Petrolina;-7.94041;-39.2951;fora_do_escopo
2614600;Tabira;26;Pernambuco;260014;Afogados da Ingazeira;2603;Serra Talhada;-7.58366;-37.5377;fora_do_escopo
2615508;Tracunhaém;26;Pernambuco;260006;Carpina;2601;Recife;-7.80228;-35.2314;fora_do_escopo
2616407;Vitória de Santo Antão;26;Pernambuco;260005;Vitória de Santo Antão;2601;Recife;-8.12819;-35.2976;fora_do_escopo
2701605;Canapi;27;Alagoas;270010;Santana do Ipanema;2702;Arapiraca;-9.11932;-37.5967;fora_do_escopo
2702801;Flexeiras;27;Alagoas;270001;Maceió;2701;Maceió;-9.27281;-35.7139;fora_do_escopo
2703403;Jacaré dos Homens;27;Alagoas;270011;Pão de Açúcar - Olho d'Água das Flores ¿ Batalha;2702;Arapiraca;-9.63545;-37.2076;fora_do_escopo
2703502;Jacuípe;27;Alagoas;270002;Porto Calvo - São Luís do Quitunde;2701;Maceió;-8.83951;-35.4591;fora_do_escopo
2704807;Maribondo;27;Alagoas;270007;Arapiraca;2702;Arapiraca;-9.58353;-36.3045;fora_do_escopo
2705507;Murici;27;Alagoas;270005;União dos Palmares;2701;Maceió;-9.30682;-35.9428;fora_do_escopo
2705903;Olho d'Água Grande;27;Alagoas;270007;Arapiraca;2702;Arapiraca;-10.0572;-36.8101;fora_do_escopo
2706208;Palestina;27;Alagoas;270011;Pão de Açúcar - Olho d'Água das Flores ¿ Batalha;2702;Arapiraca;-9.67493;-37.339;fora_do_escopo
2707503;Porto Real do Colégio;27;Alagoas;270003;Penedo;2701;Maceió;-10.1849;-36.8376;fora_do_escopo
2707602;Quebrangulo;27;Alagoas;270008;Palmeira dos Índios;2702;Arapiraca;-9.32001;-36.4692;fora_do_escopo
2708956;Senador Rui Palmeira;27;Alagoas;270010;Santana do Ipanema;2702;Arapiraca;-9.46986;-37.4576;fora_do_escopo
2708303;São José da Laje;27;Alagoas;270005;União dos Palmares;2701;Maceió;-9.01278;-36.0515;fora_do_escopo
2708501;São Luís do Quitunde;27;Alagoas;270002;Porto Calvo - São Luís do Quitunde;2701;Maceió;-9.31816;-35.5606;fora_do_escopo
2709103;Taquarana;27;Alagoas;270007;Arapiraca;2702;Arapiraca;-9.64529;-36.4928;fora_do_escopo
2800100;Amparo do São Francisco;28;Sergipe;280003;Propriá;2801;Aracaju;-10.1348;-36.935;fora_do_escopo
2800209;Aquidabã;28;Sergipe;280003;Propriá;2801;Aracaju;-10.278;-37.0148;fora_do_escopo
2801009;Campo do Brito;28;Sergipe;280004;Itabaiana;2802;Itabaiana;-10.7392;-37.4954;fora_do_escopo
2801306;Capela;28;Sergipe;280001;Aracaju;2801;Aracaju;-10.5069;-37.0628;fora_do_escopo
2802007;Divina Pastora;28;Sergipe;280001;Aracaju;2801;Aracaju;-10.6782;-37.1506;fora_do_escopo
2804003;Maruim;28;Sergipe;280001;Aracaju;2801;Aracaju;-10.7308;-37.0856;fora_do_escopo
2805000;Pedra Mole;28;Sergipe;280004;Itabaiana;2802;Itabaiana;-10.6134;-37.6922;fora_do_escopo
2805109;Pedrinhas;28;Sergipe;280002;Estância;2801;Aracaju;-11.1902;-37.6775;fora_do_escopo
2805208;Pinhão;28;Sergipe;280004;Itabaiana;2802;Itabaiana;-10.5677;-37.7242;fora_do_escopo
2805604;Porto da Folha;28;Sergipe;280006;Nossa Senhora da Glória;2802;Itabaiana;-9.91626;-37.2842;fora_do_escopo
2807105;Simão Dias;28;Sergipe;280005;Lagarto;2802;Itabaiana;-10.7387;-37.8097;fora_do_escopo
2806800;São Domingos;28;Sergipe;280004;Itabaiana;2802;Itabaiana;-10.7916;-37.5685;fora_do_escopo
2807303;Telha;28;Sergipe;280003;Propriá;2801;Aracaju;-10.2064;-36.8818;fora_do_escopo
2807402;Tobias Barreto;28;Sergipe;280005;Lagarto;2802;Itabaiana;-11.1798;-37.9995;fora_do_escopo
2807600;Umbaúba;28;Sergipe;280002;Estância;2801;Aracaju;-11.3809;-37.6623;fora_do_escopo
2900306;Acajutiba;29;Bahia;290002;Alagoinhas;2901;Salvador;-11.6575;-38.0197;fora_do_escopo
2902104;Araci;29;Bahia;290033;Serrinha;2910;Feira de Santana;-11.3253;-38.9584;fora_do_escopo
2902401;Aurelino Leal;29;Bahia;290007;Ilhéus ¿ Itabuna;2903;Ilhéus ¿ Itabuna;-14.321;-39.329;fora_do_escopo
2903235;Barro Alto;29;Bahia;290020;Irecê;2907;Irecê;-11.7605;-41.9054;fora_do_escopo
2904308;Brejões;29;Bahia;290003;Santo Antônio de Jesus;2902;Santo Antônio de Jesus;-13.1039;-39.7988;fora_do_escopo
2906873;Capim Grosso;29;Bahia;290030;Jacobina;2910;Feira de Santana;-11.3797;-40.0089;fora_do_escopo
2905107;Caém;29;Bahia;290030;Jacobina;2910;Feira de Santana;-11.0677;-40.432;fora_do_escopo
2909000;Cordeiros;29;Bahia;290011;Vitória da Conquista;2904;Vitória da Conquista;-15.0356;-41.9308;fora_do_escopo
2909208;Coronel João Sá;29;Bahia;290028;Jeremoabo;2909;Paulo Afonso;-10.2847;-37.9198;fora_do_escopo
2909703;Cristópolis;29;Bahia;290018;Barreiras;2906;Barreiras;-12.2249;-44.4214;fora_do_escopo
2909604;Crisópolis;29;Bahia;290002;Alagoinhas;2901;Salvador;-11.5059;-38.1515;fora_do_escopo
2910404;Encruzilhada;29;Bahia;290011;Vitória da Conquista;2904;Vitória da Conquista;-15.5302;-40.9124;fora_do_escopo
2911303;Gentio do Ouro;29;Bahia;290021;Xique-Xique ¿ Barra;2907;Irecê;-11.4342;-42.5077;fora_do_escopo
2911501;Gongogi;29;Bahia;290014;Ipiaú;2904;Vitória da Conquista;-14.3195;-39.469;fora_do_escopo
2912400;Ibipeba;29;Bahia;290020;Irecê;2907;Irecê;-11.6438;-42.0195;fora_do_escopo
2912608;Ibiquera;29;Bahia;290031;Itaberaba;2910;Feira de Santana;-12.6444;-40.9338;fora_do_escopo
2913309;Ichu;29;Bahia;290029;Feira de Santana;2910;Feira de Santana;-11.7431;-39.1905;fora_do_escopo
2914406;Iraquara;29;Bahia;290034;Seabra;2910;Feira de Santana;-12.2429;-41.6155;fora_do_escopo
2915908;Itanagra;29;Bahia;290001;Salvador;2901;Salvador;-12.2614;-38.0436;fora_do_escopo
2917359;Jaborandi;29;Bahia;290019;Santa Maria da Vitoria;2906;Barreiras;-13.6071;-44.4255;fora_do_escopo
2917508;Jacobina;29;Bahia;290030;Jacobina;2910;Feira de Santana;-11.1812;-40.5117;fora_do_escopo
2918803;Laje;29;Bahia;290003;Santo Antônio de Jesus;2902;Santo Antônio de Jesus;-13.1673;-39.4213;fora_do_escopo
2919058;Lajedo do Tabocal;29;Bahia;290012;Jequié;2904;Vitória da Conquista;-13.4663;-40.2204;fora_do_escopo
2919504;Livramento de Nossa Senhora;29;Bahia;290013;Brumado;2904;Vitória da Conquista;-13.6369;-41.8432;fora_do_escopo
2920601;Maragogipe;29;Bahia;290006;Nazaré ¿ Maragogipe;2902;Santo Antônio de Jesus;-12.776;-38.9175;fora_do_escopo
2921450;Mirante;29;Bahia;290011;Vitória da Conquista;2904;Vitória da Conquista;-14.2385;-40.7718;fora_do_escopo
2923100;Olindina;29;Bahia;290025;Ribeira do Pombal;2909;Paulo Afonso;-11.3497;-38.3379;fora_do_escopo
2924306;Piatã;29;Bahia;290034;Seabra;2910;Feira de Santana;-13.1465;-41.7702;fora_do_escopo
2924504;Pindaí;29;Bahia;290016;Guanambi;2905;Guanambi;-14.4921;-42.686;fora_do_escopo
2924900;Planaltino;29;Bahia;290012;Jequié;2904;Vitória da Conquista;-13.2618;-40.3695;fora_do_escopo
2925105;Poções;29;Bahia;290011;Vitória da Conquista;2904;Vitória da Conquista;-14.5234;-40.3634;fora_do_escopo
2924058;Pé de Serra;29;Bahia;290029;Feira de Santana;2910;Feira de Santana;-11.8313;-39.611;fora_do_escopo
2925931;Quixabeira;29;Bahia;290030;Jacobina;2910;Feira de Santana;-11.4031;-40.12;fora_do_escopo
2926004;Remanso;29;Bahia;290022;Juazeiro;2908;Juazeiro;-9.61944;-42.0848;fora_do_escopo
2928604;Santo Amaro;29;Bahia;290001;Salvador;2901;Salvador;-12.5472;-38.7137;fora_do_escopo
2930105;Senhor do Bonfim;29;Bahia;290023;Senhor do Bonfim;2908;Juazeiro;-10.4594;-40.1865;fora_do_escopo
2930303;Serra Dourada;29;Bahia;290018;Barreiras;2906;Barreiras;-12.759;-43.9504;fora_do_escopo
2929206;São Francisco do Conde;29;Bahia;290001;Salvador;2901;Salvador;-12.6183;-38.6786;fora_do_escopo
2929255;São Gabriel;29;Bahia;290020;Irecê;2907;Irecê;-11.2175;-41.8843;fora_do_escopo
2929404;São Miguel das Matas;29;Bahia;290003;Santo Antônio de Jesus;2902;Santo Antônio de Jesus;-13.0434;-39.4578;fora_do_escopo
2929503;São Sebastião do Passé;29;Bahia;290001;Salvador;2901;Salvador;-12.5123;-38.4905;fora_do_escopo
2930766;Sítio do Quinto;29;Bahia;290028;Jeremoabo;2909;Paulo Afonso;-10.3545;-38.2213;fora_do_escopo
2931301;Tapiramutá;29;Bahia;290030;Jacobina;2910;Feira de Santana;-11.8475;-40.7927;fora_do_escopo
2933000;Valente;29;Bahia;290032;Conceição do Coité;2910;Feira de Santana;-11.4062;-39.457;fora_do_escopo
2933158;Várzea Nova;29;Bahia;290030;Jacobina;2910;Feira de Santana;-11.2557;-40.9432;fora_do_escopo
2933604;Xique-Xique;29;Bahia;290021;Xique-Xique ¿ Barra;2907;Irecê;-10.823;-42.7245;fora_do_escopo
3101805;Alpercata;31;Minas Gerais;310020;Governador Valadares;3104;Governador Valadares;-18.974;-41.97;nao_atendido
3102001;Alterosa;31;Minas Gerais;310042;Alfenas;3108;Varginha;-21.2488;-46.1387;nao_atendido
3102050;Alto Caparaó;31;Minas Gerais;310028;Manhuaçu;3106;Juíz de Fora;-20.431;-41.8738;nao_atendido
3102852;Angelândia;31;Minas Gerais;310014;Capelinha;3103;Teófilo Otoni;-17.7279;-42.2641;nao_atendido
3103108;Antônio Prado de Minas;31;Minas Gerais;310031;Muriaé;3106;Juíz de Fora;-21.0192;-42.1109;nao_atendido
3103207;Araçaí;31;Minas Gerais;310002;Sete Lagoas;3101;Belo Horizonte;-19.1955;-44.2493;nao_atendido
3104700;Ataléia;31;Minas Gerais;310013;Teófilo Otoni;3103;Teófilo Otoni;-18.0438;-41.1149;nao_atendido
3105707;Barra Longa;31;Minas Gerais;310030;Ponte Nova;3106;Juíz de Fora;-20.2869;-43.0402;nao_atendido
3105905;Barroso;31;Minas Gerais;310037;Barbacena;3107;Barbacena;-21.1907;-43.972;nao_atendido
3107307;Bocaiúva;31;Minas Gerais;310006;Montes Claros;3102;Montes Claros;-17.1135;-43.8104;nao_atendido
3107802;Bom Jesus do Galho;31;Minas Gerais;310025;Caratinga;3105;Ipatinga;-19.836;-42.3165;nao_atendido
3108552;Brasilândia de Minas;31;Minas Gerais;310062;Patos de Minas;3112;Patos de Minas;-16.9999;-46.0081;nao_atendido
3108800;Braúnas;31;Minas Gerais;310024;Ipatinga;3105;Ipatinga;-19.0562;-42.7099;nao_atendido
3109600;Cachoeira da Prata;31;Minas Gerais;310002;Sete Lagoas;3101;Belo Horizonte;-19.521;-44.4544;nao_atendido
3110905;Campanha;31;Minas Gerais;310045;Três Corações;3108;Varginha;-21.836;-45.4004;nao_atendido
3111606;Campos Gerais;31;Minas Gerais;310042;Alfenas;3108;Varginha;-21.237;-45.7569;nao_atendido
3113305;Carangola;31;Minas Gerais;310034;Carangola;3106;Juíz de Fora;-20.7343;-42.0313;nao_atendido
3113404;Caratinga;31;Minas Gerais;310025;Caratinga;3105;Ipatinga;-19.7868;-42.1292;nao_atendido
3113701;Carlos Chagas;31;Minas Gerais;310013;Teófilo Otoni;3103;Teófilo Otoni;-17.6973;-40.7723;nao_atendido
3115474;Catuti;31;Minas Gerais;310012;Espinosa;3102;Montes Claros;-15.3616;-42.9627;nao_atendido
3115201;Conceição da Barra de Minas;31;Minas Gerais;310039;São João del Rei;3107;Barbacena;-21.1316;-44.4729;nao_atendido
3117504;Conceição do Mato Dentro;31;Minas Gerais;310002;Sete Lagoas;3101;Belo Horizonte;-19.0344;-43.4221;nao_atendido
3117801;Conceição dos Ouros;31;Minas Gerais;310050;Pouso Alegre;3109;Pouso Alegre;-22.4078;-45.7996;nao_atendido
3119500;Coronel Murta;31;Minas Gerais;310017;Araçuaí;3103;Teófilo Otoni;-16.6148;-42.184;nao_atendido
3121001;Datas;31;Minas Gerais;310016;Diamantina;3103;Teófilo Otoni;-18.4478;-43.6591;nao_atendido
3121100;Delfim Moreira;31;Minas Gerais;310052;Itajubá;3109;Pouso Alegre;-22.5036;-45.2792;nao_atendido
3122108;Divino das Laranjeiras;31;Minas Gerais;310020;Governador Valadares;3104;Governador Valadares;-18.7755;-41.4781;nao_atendido
3122207;Divinolândia de Minas;31;Minas Gerais;310021;Guanhães;3104;Governador Valadares;-18.8004;-42.6103;nao_atendido
3121902;Divinésia;31;Minas Gerais;310029;Ubá;3106;Juíz de Fora;-20.9917;-43.0003;nao_atendido
3123106;Dores de Guanhães;31;Minas Gerais;310021;Guanhães;3104;Governador Valadares;-19.0516;-42.9254;nao_atendido
3123502;Douradoquara;31;Minas Gerais;310061;Monte Carmelo;3111;Uberlândia;-18.4338;-47.5993;nao_atendido
3126406;Fortuna de Minas;31;Minas Gerais;310002;Sete Lagoas;3101;Belo Horizonte;-19.5578;-44.4472;nao_atendido
3126703;Francisco Sá;31;Minas Gerais;310006;Montes Claros;3102;Montes Claros;-16.4827;-43.4896;nao_atendido
3127388;Goianá;31;Minas Gerais;310027;Juiz de Fora;3106;Juíz de Fora;-21.536;-43.1957;nao_atendido
3128303;Guaranésia;31;Minas Gerais;310044;Guaxupé;3108;Varginha;-21.3009;-46.7964;nao_atendido
3129004;Guiricema;31;Minas Gerais;310029;Ubá;3106;Juíz de Fora;-21.0098;-42.7207;nao_atendido
3129103;Gurinhatã;31;Minas Gerais;310060;Ituiutaba;3111;Uberlândia;-19.2143;-49.7876;nao_atendido
3129202;Heliodora;31;Minas Gerais;310050;Pouso Alegre;3109;Pouso Alegre;-22.0644;-45.5453;nao_atendido
3130051;Icaraí de Minas;31;Minas Gerais;310011;São Francisco;3102;Montes Claros;-16.214;-44.9034;nao_atendido
3130655;Indaiabira;31;Minas Gerais;310008;Salinas;3102;Montes Claros;-15.4911;-42.2005;nao_atendido
3130903;Inhapim;31;Minas Gerais;310025;Caratinga;3105;Ipatinga;-19.5476;-42.1147;nao_atendido
3131307;Ipatinga;31;Minas Gerais;310024;Ipatinga;3105;Ipatinga;-19.4703;-42.5476;nao_atendido
3132107;Itacarambi;31;Minas Gerais;310009;Januária;3102;Montes Claros;-15.089;-44.095;nao_atendido
3132305;Itaipé;31;Minas Gerais;310013;Teófilo Otoni;3103;Teófilo Otoni;-17.4014;-41.6697;nao_atendido
3132404;Itajubá;31;Minas Gerais;310052;Itajubá;3109;Pouso Alegre;-22.4225;-45.4598;nao_atendido
3133600;Itapeva;31;Minas Gerais;310050;Pouso Alegre;3109;Pouso Alegre;-22.7665;-46.2241;nao_atendido
3134202;Ituiutaba;31;Minas Gerais;310060;Ituiutaba;3111;Uberlândia;-18.9772;-49.4639;nao_atendido
3135704;Jequitibá;31;Minas Gerais;310002;Sete Lagoas;3101;Belo Horizonte;-19.2345;-44.0304;nao_atendido
3137106;Lagamar;31;Minas Gerais;310062;Patos de Minas;3112;Patos de Minas;-18.1759;-46.8063;nao_atendido
3138302;Leandro Ferreira;31;Minas Gerais;310065;Divinópolis;3113;Divinópolis;-19.7193;-45.0279;nao_atendido
3138708;Luminárias;31;Minas Gerais;310043;Lavras;3108;Varginha;-21.5145;-44.9034;nao_atendido
3139607;Mantena;31;Minas Gerais;310022;Mantena;3104;Governador Valadares;-18.7761;-40.9874;nao_atendido
3140001;Mariana;31;Minas Gerais;310003;Santa Bárbara - Ouro Preto;3101;Belo Horizonte;-20.3765;-43.414;nao_atendido
3140902;Matipó;31;Minas Gerais;310028;Manhuaçu;3106;Juíz de Fora;-20.2873;-42.3401;nao_atendido
3141801;Minas Novas;31;Minas Gerais;310014;Capelinha;3103;Teófilo Otoni;-17.2156;-42.5884;nao_atendido
3143203;Monte Santo de Minas;31;Minas Gerais;310047;São Sebastião do Paraíso;3108;Varginha;-21.1873;-46.9753;nao_atendido
3144672;Nova Belém;31;Minas Gerais;310022;Mantena;3104;Governador Valadares;-18.4925;-41.1107;nao_atendido
3145307;Novo Cruzeiro;31;Minas Gerais;310013;Teófilo Otoni;3103;Teófilo Otoni;-17.4654;-41.8826;nao_atendido
3145505;Olímpio Noronha;31;Minas Gerais;310053;São Lourenço;3109;Pouso Alegre;-22.0685;-45.2657;nao_atendido
3145802;Onça de Pitangui;31;Minas Gerais;310068;Pará de Minas;3113;Divinópolis;-19.7276;-44.8058;nao_atendido
3146255;Padre Carvalho;31;Minas Gerais;310008;Salinas;3102;Montes Claros;-16.3646;-42.5088;nao_atendido
3146305;Padre Paraíso;31;Minas Gerais;310013;Teófilo Otoni;3103;Teófilo Otoni;-17.0758;-41.4821;nao_atendido
3148301;Paula Cândido;31;Minas Gerais;310033;Viçosa;3106;Juíz de Fora;-20.8754;-42.9752;nao_atendido
3148400;Paulistas;31;Minas Gerais;310021;Guanhães;3104;Governador Valadares;-18.4276;-42.8628;nao_atendido
3148707;Pedra Azul;31;Minas Gerais;310018;Pedra Azul;3103;Teófilo Otoni;-16.0086;-41.2909;nao_atendido
3149101;Pedralva;31;Minas Gerais;310052;Itajubá;3109;Pouso Alegre;-22.2386;-45.4654;nao_atendido
3149606;Pequi;31;Minas Gerais;310068;Pará de Minas;3113;Divinópolis;-19.6284;-44.6604;nao_atendido
3150604;Piracema;31;Minas Gerais;310069;Oliveira;3113;Divinópolis;-20.5089;-44.4783;nao_atendido
3150802;Piranga;31;Minas Gerais;310038;Conselheiro Lafaiete;3107;Barbacena;-20.6834;-43.2967;nao_atendido
3152600;Pouso Alto;31;Minas Gerais;310053;São Lourenço;3109;Pouso Alegre;-22.1964;-44.9748;nao_atendido
3155108;Rio do Prado;31;Minas Gerais;310015;Almenara;3103;Teófilo Otoni;-16.6056;-40.5714;nao_atendido
3156106;Ritápolis;31;Minas Gerais;310039;São João del Rei;3107;Barbacena;-21.0276;-44.3204;nao_atendido
3157104;Salto da Divisa;31;Minas Gerais;310015;Almenara;3103;Teófilo Otoni;-16.0063;-39.9391;nao_atendido
3158201;Santa Maria do Suaçuí;31;Minas Gerais;310021;Guanhães;3104;Governador Valadares;-18.1896;-42.4139;nao_atendido
3159209;Santa Rita de Caldas;31;Minas Gerais;310051;Poços de Caldas;3109;Pouso Alegre;-22.0292;-46.3385;nao_atendido
3158409;Santana de Cataguases;31;Minas Gerais;310032;Cataguases;3106;Juíz de Fora;-21.2893;-42.5524;nao_atendido
3158607;Santana do Deserto;31;Minas Gerais;310027;Juiz de Fora;3106;Juíz de Fora;-21.9512;-43.1583;nao_atendido
3166006;Senhora de Oliveira;31;Minas Gerais;310038;Conselheiro Lafaiete;3107;Barbacena;-20.7972;-43.3394;nao_atendido
3166501;Serra Azul de Minas;31;Minas Gerais;310016;Diamantina;3103;Teófilo Otoni;-18.3602;-43.1675;nao_atendido
3160900;São Brás do Suaçuí;31;Minas Gerais;310038;Conselheiro Lafaiete;3107;Barbacena;-20.6242;-43.9515;nao_atendido
3161601;São Geraldo da Piedade;31;Minas Gerais;310020;Governador Valadares;3104;Governador Valadares;-18.8411;-42.2867;nao_atendido
3162104;São Gotardo;31;Minas Gerais;310062;Patos de Minas;3112;Patos de Minas;-19.3087;-46.0465;nao_atendido
3162922;São Joaquim de Bicas;31;Minas Gerais;310001;Belo Horizonte;3101;Belo Horizonte;-20.048;-44.2749;nao_atendido
3163300;São José do Divino;31;Minas Gerais;310013;Teófilo Otoni;3103;Teófilo Otoni;-18.4793;-41.3907;nao_atendido
3162906;São João Nepomuceno;31;Minas Gerais;310035;São João Nepomuceno - Bicas;3106;Juíz de Fora;-21.5381;-43.0069;nao_atendido
3164001;São Pedro dos Ferros;31;Minas Gerais;310030;Ponte Nova;3106;Juíz de Fora;-20.1732;-42.5251;nao_atendido
3164209;São Romão;31;Minas Gerais;310011;São Francisco;3102;Montes Claros;-16.3641;-45.0749;nao_atendido
3164704;São Sebastião do Paraíso;31;Minas Gerais;310047;São Sebastião do Paraíso;3108;Varginha;-20.9167;-46.9837;nao_atendido
3165008;São Tiago;31;Minas Gerais;310039;São João del Rei;3107;Barbacena;-20.9075;-44.5098;nao_atendido
3168309;Taquaraçu de Minas;31;Minas Gerais;310001;Belo Horizonte;3101;Belo Horizonte;-19.6652;-43.6922;nao_atendido
3169109;Toledo;31;Minas Gerais;310050;Pouso Alegre;3109;Pouso Alegre;-22.7421;-46.3728;nao_atendido
3170602;Vargem Bonita;31;Minas Gerais;310049;Piumhi;3108;Varginha;-20.3333;-46.3688;nao_atendido
3171709;Virgínia;31;Minas Gerais;310053;São Lourenço;3109;Pouso Alegre;-22.3264;-45.0965;nao_atendido
3100708;Água Comprida;31;Minas Gerais;310055;Uberaba;3110;Uberaba;-20.0576;-48.1069;nao_atendido
3200300;Alfredo Chaves;32;Espírito Santo;320001;Vitória;3201;Vitória;-20.6396;-40.7543;nao_atendido
3201704;Conceição do Castelo;32;Espírito Santo;320002;Afonso Cláudio - Venda Nova do Imigrante - Santa Maria de Jetibá;3201;Vitória;-20.3639;-41.2417;nao_atendido
3202553;Ibitirama;32;Espírito Santo;320008;Alegre;3204;Cachoeiro do Itapemirim;-20.5466;-41.6667;nao_atendido
3202652;Irupi;32;Espírito Santo;320008;Alegre;3204;Cachoeiro do Itapemirim;-20.3501;-41.6444;nao_atendido
3202702;Itaguaçu;32;Espírito Santo;320005;Colatina;3203;Colatina;-19.8018;-40.8601;nao_atendido
3202801;Itapemirim;32;Espírito Santo;320007;Cachoeiro de Itapemirim;3204;Cachoeiro do Itapemirim;-21.0095;-40.8307;nao_atendido
3203502;Montanha;32;Espírito Santo;320003;São Mateus;3202;São Mateus;-18.1303;-40.3668;nao_atendido
3204807;São José do Calçado;32;Espírito Santo;320008;Alegre;3204;Cachoeiro do Itapemirim;-21.0274;-41.6636;nao_atendido
3205176;Vila Valério;32;Espírito Santo;320005;Colatina;3203;Colatina;-18.9958;-40.3849;nao_atendido
3300225;Areal;33;Rio de Janeiro;330007;Petrópolis;3303;Petrópolis;-22.2283;-43.1118;nao_atendido
3300951;Comendador Levy Gasparian;33;Rio de Janeiro;330009;Três Rios - Paraíba do Sul;3303;Petrópolis;-22.0404;-43.214;nao_atendido
3301504;Cordeiro;33;Rio de Janeiro;330008;Nova Friburgo;3303;Petrópolis;-22.0267;-42.3648;nao_atendido
3303500;Nova Iguaçu;33;Rio de Janeiro;330001;Rio de Janeiro;3301;Rio de Janeiro;-22.7556;-43.4603;nao_atendido
3304607;Santa Maria Madalena;33;Rio de Janeiro;330008;Nova Friburgo;3303;Petrópolis;-21.9547;-42.0098;nao_atendido
3305158;São José do Vale do Rio Preto;33;Rio de Janeiro;330007;Petrópolis;3303;Petrópolis;-22.1525;-42.9327;nao_atendido
3306156;Varre-Sai;33;Rio de Janeiro;330011;Itaperuna;3304;Campos dos Goytacazes;-20.9276;-41.8701;nao_atendido
3500204;Adolfo;35;São Paulo;350025;São José do Rio Preto;3507;São José do Rio Preto;-21.2325;-49.6451;nao_atendido
3500709;Agudos;35;São Paulo;350009;Bauru;3503;Bauru;-22.4694;-48.9863;nao_atendido
3500808;Alfredo Marcondes;35;São Paulo;350018;Presidente Prudente;3505;Presidente Prudente;-21.9527;-51.414;nao_atendido
3500907;Altair;35;São Paulo;350025;São José do Rio Preto;3507;São José do Rio Preto;-20.5242;-49.0571;nao_atendido
3503109;Arandu;35;São Paulo;350007;Avaré;3502;Sorocaba;-23.1386;-49.0487;nao_atendido
3503208;Araraquara;35;São Paulo;350036;Araraquara;3509;Araraquara;-21.7845;-48.178;nao_atendido
3503307;Araras;35;São Paulo;350045;Araras;3510;Campinas;-22.3572;-47.3842;nao_atendido
3504206;Auriflama;35;São Paulo;350022;Araçatuba;3506;Araçatuba;-20.6836;-50.5572;nao_atendido
3504305;Avaí;35;São Paulo;350009;Bauru;3503;Bauru;-22.1514;-49.3356;nao_atendido
3505104;Barbosa;35;São Paulo;350023;Birigui - Penápolis;3506;Araçatuba;-21.2657;-49.9518;nao_atendido
3505807;Bastos;35;São Paulo;350016;Tupã;3504;Marília;-21.921;-50.7357;nao_atendido
3506805;Bocaina;35;São Paulo;350010;Jaú;3503;Bauru;-22.1365;-48.523;nao_atendido
3506904;Bofete;35;São Paulo;350011;Botucatu;3503;Bauru;-23.1055;-48.2582;nao_atendido
3507001;Boituva;35;São Paulo;350003;Sorocaba;3502;Sorocaba;-23.2855;-47.6786;nao_atendido
3507407;Borborema;35;São Paulo;350036;Araraquara;3509;Araraquara;-21.6214;-49.0741;nao_atendido
3507209;Borá;35;São Paulo;350014;Assis;3504;Marília;-22.2696;-50.5409;nao_atendido
3509007;Caieiras;35;São Paulo;350001;São Paulo;3501;São Paulo;-23.3607;-46.7397;nao_atendido
3509403;Cajuru;35;São Paulo;350031;Ribeirão Preto;3508;Ribeirão Preto;-21.2749;-47.303;nao_atendido
3509601;Campo Limpo Paulista;35;São Paulo;350039;Jundiaí;3510;Campinas;-23.2078;-46.7889;nao_atendido
3510203;Capão Bonito;35;São Paulo;350004;Itapeva;3502;Sorocaba;-24.0113;-48.3482;nao_atendido
3557204;Chavantes;35;São Paulo;350015;Ourinhos;3504;Marília;-23.0366;-49.7096;nao_atendido
3512506;Coroados;35;São Paulo;350023;Birigui - Penápolis;3506;Araçatuba;-21.3521;-50.2859;nao_atendido
3512803;Cosmópolis;35;São Paulo;350038;Campinas;3510;Campinas;-22.6419;-47.1926;nao_atendido
3510906;Cássia dos Coqueiros;35;São Paulo;350031;Ribeirão Preto;3508;Ribeirão Preto;-21.2801;-47.1643;nao_atendido
3513801;Diadema;35;São Paulo;350001;São Paulo;3501;São Paulo;-23.6813;-46.6205;nao_atendido
3514205;Dolcinópolis;35;São Paulo;350028;Jales;3507;São José do Rio Preto;-20.124;-50.5149;nao_atendido
3514908;Elias Fausto;35;São Paulo;350038;Campinas;3510;Campinas;-23.0428;-47.3682;nao_atendido
3515004;Embu das Artes;35;São Paulo;350001;São Paulo;3501;São Paulo;-23.6437;-46.8579;nao_atendido
3515194;Espírito Santo do Turvo;35;São Paulo;350015;Ourinhos;3504;Marília;-22.6925;-49.4341;nao_atendido
3557303;Estiva Gerbi;35;São Paulo;350043;Mogi Guaçu;3510;Campinas;-22.2713;-46.9481;nao_atendido
3515202;Estrela d'Oeste;35;São Paulo;350029;Fernandópolis;3507;São José do Rio Preto;-20.2875;-50.4049;nao_atendido
3515400;Fartura;35;São Paulo;350017;Piraju;3504;Marília;-23.3916;-49.5124;nao_atendido
3515509;Fernandópolis;35;São Paulo;350029;Fernandópolis;3507;São José do Rio Preto;-20.2806;-50.2471;nao_atendido
3518008;Guarani d'Oeste;35;São Paulo;350029;Fernandópolis;3507;São José do Rio Preto;-20.0746;-50.3411;nao_atendido
3518107;Guarantã;35;São Paulo;350012;Lins;3503;Bauru;-21.8942;-49.5914;nao_atendido
3517802;Guaraçaí;35;São Paulo;350024;Andradina;3506;Araçatuba;-21.0292;-51.2119;nao_atendido
3519006;Herculândia;35;São Paulo;350016;Tupã;3504;Marília;-22.0038;-50.3907;nao_atendido
3519071;Hortolândia;35;São Paulo;350038;Campinas;3510;Campinas;-22.8529;-47.2143;nao_atendido
3520301;Iguape;35;São Paulo;350005;Registro;3502;Sorocaba;-24.699;-47.5537;nao_atendido
3520806;Inúbia Paulista;35;São Paulo;350019;Adamantina - Lucélia;3505;Presidente Prudente;-21.7695;-50.9633;nao_atendido
3521705;Itaberá;35;São Paulo;350004;Itapeva;3502;Sorocaba;-23.8638;-49.14;nao_atendido
3522109;Itanhaém;35;São Paulo;350002;Santos;3501;São Paulo;-24.1736;-46.788;nao_atendido
3522901;Itapuí;35;São Paulo;350010;Jaú;3503;Bauru;-22.2324;-48.7197;nao_atendido
3525607;João Ramalho;35;São Paulo;350018;Presidente Prudente;3505;Presidente Prudente;-22.2473;-50.7694;nao_atendido
3526209;Juquitiba;35;São Paulo;350001;São Paulo;3501;São Paulo;-23.9244;-47.0653;nao_atendido
3525805;Júlio Mesquita;35;São Paulo;350013;Marília;3504;Marília;-22.0112;-49.7873;nao_atendido
3526902;Limeira;35;São Paulo;350042;Limeira;3510;Campinas;-22.566;-47.397;nao_atendido
3527405;Lucélia;35;São Paulo;350019;Adamantina - Lucélia;3505;Presidente Prudente;-21.7182;-51.0215;nao_atendido
3528809;Maracaí;35;São Paulo;350014;Assis;3504;Marília;-22.6149;-50.6713;nao_atendido
3530102;Mirandópolis;35;São Paulo;350024;Andradina;3506;Araçatuba;-21.1313;-51.1035;nao_atendido
3531803;Monte Mor;35;São Paulo;350038;Campinas;3510;Campinas;-22.945;-47.3122;nao_atendido
3531704;Monteiro Lobato;35;São Paulo;350049;São José dos Campos;3511;São José dos Campos;-22.9544;-45.8407;nao_atendido
3532108;Murutinga do Sul;35;São Paulo;350024;Andradina;3506;Araçatuba;-20.9908;-51.2774;nao_atendido
3536000;Parapuã;35;São Paulo;350016;Tupã;3504;Marília;-21.7792;-50.7949;nao_atendido
3536208;Pariquera-Açu;35;São Paulo;350005;Registro;3502;Sorocaba;-24.7147;-47.8742;nao_atendido
3536257;Parisi;35;São Paulo;350027;Votuporanga;3507;São José do Rio Preto;-20.3034;-50.0163;nao_atendido
3537206;Pedro de Toledo;35;São Paulo;350002;Santos;3501;São Paulo;-24.2764;-47.2354;nao_atendido
3538600;Piracaia;35;São Paulo;350041;Bragança Paulista;3510;Campinas;-23.0525;-46.3594;nao_atendido
3539509;Pitangueiras;35;São Paulo;350031;Ribeirão Preto;3508;Ribeirão Preto;-21.0132;-48.221;nao_atendido
3540705;Porto Ferreira;35;São Paulo;350037;São Carlos;3509;Araraquara;-21.8498;-47.487;nao_atendido
3540804;Potirendaba;35;São Paulo;350025;São José do Rio Preto;3507;São José do Rio Preto;-21.0428;-49.3815;nao_atendido
3540853;Pracinha;35;São Paulo;350019;Adamantina - Lucélia;3505;Presidente Prudente;-21.8496;-51.0868;nao_atendido
3541901;Queluz;35;São Paulo;350053;Cruzeiro;3511;São José dos Campos;-22.5312;-44.7781;nao_atendido
3542107;Rafard;35;São Paulo;350040;Piracicaba;3510;Campinas;-23.0105;-47.5318;nao_atendido
3543006;Ribeirão Branco;35;São Paulo;350004;Itapeva;3502;Sorocaba;-24.2206;-48.7635;nao_atendido
3543238;Ribeirão dos Índios;35;São Paulo;350018;Presidente Prudente;3505;Presidente Prudente;-21.8382;-51.6103;nao_atendido
3544004;Rio das Pedras;35;São Paulo;350040;Piracicaba;3510;Campinas;-22.8417;-47.6047;nao_atendido
3543501;Riversul;35;São Paulo;350004;Itapeva;3502;Sorocaba;-23.829;-49.429;nao_atendido
3546702;Santa Gertrudes;35;São Paulo;350046;Rio Claro;3510;Campinas;-22.4572;-47.5272;nao_atendido
3546900;Santa Lúcia;35;São Paulo;350036;Araraquara;3509;Araraquara;-21.685;-48.0885;nao_atendido
3547700;Santo Anastácio;35;São Paulo;350018;Presidente Prudente;3505;Presidente Prudente;-21.9747;-51.6527;nao_atendido
3548401;Santópolis do Aguapeí;35;São Paulo;350023;Birigui - Penápolis;3506;Araçatuba;-21.6376;-50.5044;nao_atendido
3551405;Serra Azul;35;São Paulo;350031;Ribeirão Preto;3508;Ribeirão Preto;-21.3074;-47.5602;nao_atendido
3552007;Silveiras;35;São Paulo;350053;Cruzeiro;3511;São José dos Campos;-22.6638;-44.8522;nao_atendido
3552403;Sumaré;35;São Paulo;350038;Campinas;3510;Campinas;-22.8204;-47.2728;nao_atendido
3549607;São José do Barreiro;35;São Paulo;350053;Cruzeiro;3511;São José dos Campos;-22.6414;-44.5774;nao_atendido
3549201;São João das Duas Pontes;35;São Paulo;350029;Fernandópolis;3507;São José do Rio Preto;-20.3879;-50.3792;nao_atendido
3550100;São Manuel;35;São Paulo;350011;Botucatu;3503;Bauru;-22.7321;-48.5723;nao_atendido
3550308;São Paulo;35;São Paulo;350001;São Paulo;3501;São Paulo;-23.5329;-46.6395;nao_atendido
3550506;São Pedro do Turvo;35;São Paulo;350015;Ourinhos;3504;Marília;-22.7453;-49.7428;nao_atendido
3552908;Taciba;35;São Paulo;350018;Presidente Prudente;3505;Presidente Prudente;-22.3866;-51.2882;nao_atendido
3554102;Taubaté;35;São Paulo;350050;Taubaté - Pindamonhangaba;3511;São José dos Campos;-23.0104;-45.5593;nao_atendido
3554607;Timburi;35;São Paulo;350017;Piraju;3504;Marília;-23.2057;-49.6096;nao_atendido
3555356;Ubarana;35;São Paulo;350025;São José do Rio Preto;3507;São José do Rio Preto;-21.165;-49.7198;nao_atendido
3556404;Vargem Grande do Sul;35;São Paulo;350044;São João da Boa Vista;3510;Campinas;-21.8322;-46.8913;nao_atendido
3556958;Vitória Brasil;35;São Paulo;350028;Jales;3507;São José do Rio Preto;-20.1956;-50.4875;nao_atendido
3556503;Várzea Paulista;35;São Paulo;350039;Jundiaí;3510;Campinas;-23.2136;-46.8234;nao_atendido
3557154;Zacarias;35;São Paulo;350023;Birigui - Penápolis;3506;Araçatuba;-21.0506;-50.0552;nao_atendido
3500402;Águas da Prata;35;São Paulo;350044;São João da Boa Vista;3510;Campinas;-21.9319;-46.7176;nao_atendido
3533809;Óleo;35;São Paulo;350007;Avaré;3502;Sorocaba;-22.9435;-49.3419;nao_atendido
4100400;Almirante Tamandaré;41;Paraná;410001;Curitiba;4101;Curitiba;-25.3188;-49.3037;fora_do_escopo
4101408;Apucarana;41;Paraná;410023;Apucarana;4105;Londrina;-23.55;-51.4635;fora_do_escopo
4101655;Arapuã;41;Paraná;410025;Ivaiporã;4105;Londrina;-24.3132;-51.7856;fora_do_escopo
4101804;Araucária;41;Paraná;410001;Curitiba;4101;Curitiba;-25.5859;-49.4047;fora_do_escopo
4102604;Barracão;41;Paraná;410009;Francisco Beltrão;4103;Cascavel;-26.2502;-53.6324;fora_do_escopo
4102752;Bela Vista da Caroba;41;Paraná;410009;Francisco Beltrão;4103;Cascavel;-25.8842;-53.6725;fora_do_escopo
4102901;Bituruna;41;Paraná;410003;União da Vitória;4101;Curitiba;-26.1607;-51.5518;fora_do_escopo
4103156;Bom Jesus do Sul;41;Paraná;410009;Francisco Beltrão;4103;Cascavel;-26.1958;-53.5955;fora_do_escopo
4103222;Bom Sucesso do Sul;41;Paraná;410010;Pato Branco;4103;Cascavel;-26.0731;-52.8353;fora_do_escopo
4103479;Cafezal do Sul;41;Paraná;410016;Umuarama;4104;Maringá;-23.9005;-53.5124;fora_do_escopo
4104055;Campo Bonito;41;Paraná;410006;Cascavel;4103;Cascavel;-25.0294;-52.9939;fora_do_escopo
4104428;Candói;41;Paraná;410004;Guarapuava;4102;Guarapuava;-25.5758;-52.0409;fora_do_escopo
4105201;Cerro Azul;41;Paraná;410001;Curitiba;4101;Curitiba;-26.0891;-52.8691;fora_do_escopo
4105904;Colorado;41;Paraná;410019;Paranacity - Colorado;4104;Maringá;-22.8374;-51.9743;fora_do_escopo
4106308;Corbélia;41;Paraná;410006;Cascavel;4103;Cascavel;-24.7971;-53.3006;fora_do_escopo
4106506;Coronel Vivida;41;Paraná;410010;Pato Branco;4103;Cascavel;-25.9767;-52.5641;fora_do_escopo
4104402;Cândido de Abreu;41;Paraná;410025;Ivaiporã;4105;Londrina;-24.5649;-51.3372;fora_do_escopo
4107546;Espigão Alto do Iguaçu;41;Paraná;410011;Laranjeiras do Sul - Quedas do Iguaçu;4103;Cascavel;-25.4216;-52.8348;fora_do_escopo
4107850;Flor da Serra do Sul;41;Paraná;410009;Francisco Beltrão;4103;Cascavel;-26.2523;-53.3092;fora_do_escopo
4108205;Formosa do Oeste;41;Paraná;410008;Toledo;4103;Cascavel;-24.2951;-53.3114;fora_do_escopo
4109708;Ibaiti;41;Paraná;410026;Ibaiti;4105;Londrina;-23.8478;-50.1932;fora_do_escopo
4111209;Itapejara d'Oeste;41;Paraná;410010;Pato Branco;4103;Cascavel;-25.9619;-52.8152;fora_do_escopo
4111258;Itaperuçu;41;Paraná;410001;Curitiba;4101;Curitiba;-25.2193;-49.3454;fora_do_escopo
4111555;Ivaté;41;Paraná;410016;Umuarama;4104;Maringá;-23.4072;-53.3687;fora_do_escopo
4111407;Ivaí;41;Paraná;410027;Ponta Grossa;4106;Ponta Grossa;-25.0067;-50.857;fora_do_escopo
4111803;Jacarezinho;41;Paraná;410022;Santo Antônio da Platina;4105;Londrina;-23.1591;-49.9739;fora_do_escopo
4113254;Laranjal;41;Paraná;410005;Pitanga;4102;Guarapuava;-24.8862;-52.47;fora_do_escopo
4113403;Leópolis;41;Paraná;410024;Cornélio Procópio ¿ Bandeirantes;4105;Londrina;-23.0818;-50.7511;fora_do_escopo
4113601;Lobato;41;Paraná;410019;Paranacity - Colorado;4104;Maringá;-23.0058;-51.9524;fora_do_escopo
4114807;Marialva;41;Paraná;410014;Maringá;4104;Maringá;-23.4843;-51.7928;fora_do_escopo
4115309;Mariópolis;41;Paraná;410010;Pato Branco;4103;Cascavel;-26.355;-52.5532;fora_do_escopo
4115408;Marmeleiro;41;Paraná;410009;Francisco Beltrão;4103;Cascavel;-26.1472;-53.0267;fora_do_escopo
4115804;Medianeira;41;Paraná;410007;Foz do Iguaçu;4103;Cascavel;-25.2977;-54.0943;fora_do_escopo
4116059;Missal;41;Paraná;410007;Foz do Iguaçu;4103;Cascavel;-25.0919;-54.2477;fora_do_escopo
4116604;Nova América da Colina;41;Paraná;410024;Cornélio Procópio ¿ Bandeirantes;4105;Londrina;-23.3308;-50.7168;fora_do_escopo
4117255;Nova Prata do Iguaçu;41;Paraná;410012;Dois Vizinhos;4103;Cascavel;-25.6309;-53.3469;fora_do_escopo
4118105;Paranacity;41;Paraná;410019;Paranacity - Colorado;4104;Maringá;-22.9297;-52.1549;fora_do_escopo
4118006;Paraíso do Norte;41;Paraná;410017;Paranavaí;4104;Maringá;-23.2824;-52.6054;fora_do_escopo
4119152;Pinhais;41;Paraná;410001;Curitiba;4101;Curitiba;-25.4429;-49.1927;fora_do_escopo
4120309;Porto Vitória;41;Paraná;410003;União da Vitória;4101;Curitiba;-26.1674;-51.231;fora_do_escopo
4121109;Quinta do Sol;41;Paraná;410015;Campo Mourão;4104;Maringá;-23.8533;-52.1309;fora_do_escopo
4121703;Reserva;41;Paraná;410028;Telêmaco Borba;4106;Ponta Grossa;-24.6492;-50.8466;fora_do_escopo
4123808;Santa Izabel do Oeste;41;Paraná;410009;Francisco Beltrão;4103;Cascavel;-25.8217;-53.4801;fora_do_escopo
4123857;Santa Maria do Oeste;41;Paraná;410005;Pitanga;4102;Guarapuava;-24.9377;-51.8696;fora_do_escopo
4124103;Santo Antônio da Platina;41;Paraná;410022;Santo Antônio da Platina;4105;Londrina;-23.2959;-50.0815;fora_do_escopo
4124509;Santo Inácio;41;Paraná;410019;Paranacity - Colorado;4104;Maringá;-22.6957;-51.7969;fora_do_escopo
4126306;Sengés;41;Paraná;410027;Ponta Grossa;4106;Ponta Grossa;-24.1129;-49.4616;fora_do_escopo
4125506;São José dos Pinhais;41;Paraná;410001;Curitiba;4101;Curitiba;-25.5313;-49.2031;fora_do_escopo
4127106;Telêmaco Borba;41;Paraná;410028;Telêmaco Borba;4106;Ponta Grossa;-24.3245;-50.6176;fora_do_escopo
4127601;Tijucas do Sul;41;Paraná;410001;Curitiba;4101;Curitiba;-25.9311;-49.195;fora_do_escopo
4128534;Ventania;41;Paraná;410028;Telêmaco Borba;4106;Ponta Grossa;-24.2458;-50.2376;fora_do_escopo
4128658;Virmond;41;Paraná;410011;Laranjeiras do Sul - Quedas do Iguaçu;4103;Cascavel;-25.3829;-52.1987;fora_do_escopo
4200101;Abelardo Luz;42;Santa Catarina;420011;Xanxerê;4204;Chapecó;-26.5716;-52.3229;fora_do_escopo
4200754;Alto Bela Vista;42;Santa Catarina;420010;Concórdia;4204;Chapecó;-27.4333;-51.9044;fora_do_escopo
4200804;Anchieta;42;Santa Catarina;420009;São Miguel do Oeste;4204;Chapecó;-26.5382;-53.3319;fora_do_escopo
4201000;Anita Garibaldi;42;Santa Catarina;420005;Lages;4203;Lages;-27.6897;-51.1271;fora_do_escopo
4201406;Araranguá;42;Santa Catarina;420004;Araranguá;4202;Criciúma;-28.9356;-49.4918;fora_do_escopo
4202073;Balneário Gaivota;42;Santa Catarina;420004;Araranguá;4202;Criciúma;-29.1527;-49.5841;fora_do_escopo
4212809;Balneário Piçarras;42;Santa Catarina;420020;Itajaí;4207;Blumenau;-26.7639;-48.6717;fora_do_escopo
4202206;Benedito Novo;42;Santa Catarina;420019;Blumenau;4207;Blumenau;-26.781;-49.3593;fora_do_escopo
4203907;Capinzal;42;Santa Catarina;420008;Joaçaba - Herval d'Oeste;4204;Chapecó;-27.3473;-51.6057;fora_do_escopo
4204178;Cerro Negro;42;Santa Catarina;420005;Lages;4203;Lages;-27.7942;-50.8673;fora_do_escopo
4204806;Curitibanos;42;Santa Catarina;420006;Curitibanos;4203;Lages;-27.2824;-50.5816;fora_do_escopo
4205209;Erval Velho;42;Santa Catarina;420008;Joaçaba - Herval d'Oeste;4204;Chapecó;-27.2743;-51.443;fora_do_escopo
4205555;Frei Rogério;42;Santa Catarina;420006;Curitibanos;4203;Lages;-27.175;-50.8076;fora_do_escopo
4206405;Guaraciaba;42;Santa Catarina;420009;São Miguel do Oeste;4204;Chapecó;-26.6042;-53.5243;fora_do_escopo
4206504;Guaramirim;42;Santa Catarina;420016;Joinville;4206;Joinville;-26.4688;-49.0026;fora_do_escopo
4208302;Itapema;42;Santa Catarina;420020;Itajaí;4207;Blumenau;-27.0861;-48.616;fora_do_escopo
4209201;Lacerdópolis;42;Santa Catarina;420008;Joaçaba - Herval d'Oeste;4204;Chapecó;-27.2579;-51.5577;fora_do_escopo
4210308;Major Vieira;42;Santa Catarina;420017;Mafra;4206;Joinville;-26.3709;-50.3266;fora_do_escopo
4211009;Mondaí;42;Santa Catarina;420007;Chapecó;4204;Chapecó;-27.1008;-53.4032;fora_do_escopo
4211504;Nova Trento;42;Santa Catarina;420021;Brusque;4207;Blumenau;-27.278;-48.9298;fora_do_escopo
4211652;Novo Horizonte;42;Santa Catarina;420013;São Lourenço do Oeste;4204;Chapecó;-26.4442;-52.8281;fora_do_escopo
4211876;Paial;42;Santa Catarina;420007;Chapecó;4204;Chapecó;-27.2541;-52.4975;fora_do_escopo
4212106;Palmitos;42;Santa Catarina;420007;Chapecó;4204;Chapecó;-27.0702;-53.1586;fora_do_escopo
4212650;Pescaria Brava;42;Santa Catarina;420003;Tubarão;4202;Criciúma;-28.3966;-48.8864;fora_do_escopo
4213005;Pinheiro Preto;42;Santa Catarina;420015;Videira;4205;Caçador;-27.0483;-51.2243;fora_do_escopo
4213609;Porto União;42;Santa Catarina;420017;Mafra;4206;Joinville;-26.2451;-51.0759;fora_do_escopo
4214151;Princesa;42;Santa Catarina;420009;São Miguel do Oeste;4204;Chapecó;-26.4441;-53.5994;fora_do_escopo
4215554;Santa Helena;42;Santa Catarina;420009;São Miguel do Oeste;4204;Chapecó;-26.937;-53.6214;fora_do_escopo
4215695;Santiago do Sul;42;Santa Catarina;420007;Chapecó;4204;Chapecó;-26.6388;-52.6799;fora_do_escopo
4216107;São Domingos;42;Santa Catarina;420011;Xanxerê;4204;Chapecó;-26.5548;-52.5313;fora_do_escopo
4216602;São José;42;Santa Catarina;420001;Florianópolis;4201;Florianópolis;-27.6136;-48.6366;fora_do_escopo
4216800;São José do Cerrito;42;Santa Catarina;420005;Lages;4203;Lages;-27.6602;-50.5733;fora_do_escopo
4216909;São Lourenço do Oeste;42;Santa Catarina;420013;São Lourenço do Oeste;4204;Chapecó;-26.3557;-52.8498;fora_do_escopo
4218202;Timbó;42;Santa Catarina;420019;Blumenau;4207;Blumenau;-26.8246;-49.269;fora_do_escopo
4218608;Trombudo Central;42;Santa Catarina;420022;Rio do Sul;4207;Blumenau;-27.3033;-49.793;fora_do_escopo
4300661;André da Rocha;43;Rio Grande do Sul;430038;Nova Prata - Guaporé;4307;Caxias do Sul;-28.6283;-51.5797;fora_do_escopo
4301602;Bagé;43;Rio Grande do Sul;430010;Bagé;4302;Pelotas;-31.3297;-54.0999;fora_do_escopo
4302352;Bom Princípio;43;Rio Grande do Sul;430002;Novo Hamburgo - São Leopoldo;4301;Porto Alegre;-29.4856;-51.3548;fora_do_escopo
4302378;Bom Progresso;43;Rio Grande do Sul;430021;Três Passos;4305;Ijuí;-27.5399;-53.8716;fora_do_escopo
4302451;Boqueirão do Leão;43;Rio Grande do Sul;430041;Lajeado;4308;Santa Cruz do Sul - Lajeado;-29.3046;-52.4284;fora_do_escopo
4302600;Braga;43;Rio Grande do Sul;430021;Três Passos;4305;Ijuí;-27.6173;-53.7405;fora_do_escopo
4303202;Cacique Doble;43;Rio Grande do Sul;430033;Lagoa Vermelha;4306;Passo Fundo;-27.767;-51.6597;fora_do_escopo
4304614;Canudos do Vale;43;Rio Grande do Sul;430041;Lajeado;4308;Santa Cruz do Sul - Lajeado;-29.3271;-52.2374;fora_do_escopo
4305009;Catuípe;43;Rio Grande do Sul;430018;Ijuí;4305;Ijuí;-28.2554;-54.0132;fora_do_escopo
4302808;Caçapava do Sul;43;Rio Grande do Sul;430012;São Gabriel - Caçapava do Sul;4303;Santa Maria;-30.5144;-53.4827;fora_do_escopo
4305959;Cotiporã;43;Rio Grande do Sul;430037;Bento Gonçalves;4307;Caxias do Sul;-28.9891;-51.6971;fora_do_escopo
4306007;Crissiumal;43;Rio Grande do Sul;430021;Três Passos;4305;Ijuí;-27.4999;-54.0994;fora_do_escopo
4306106;Cruz Alta;43;Rio Grande do Sul;430027;Cruz Alta;4306;Passo Fundo;-28.645;-53.6048;fora_do_escopo
4304309;Cândido Godói;43;Rio Grande do Sul;430019;Santa Rosa;4305;Ijuí;-27.9515;-54.7517;fora_do_escopo
4307203;Erval Grande;43;Rio Grande do Sul;430026;Erechim;4306;Passo Fundo;-27.3926;-52.574;fora_do_escopo
4307500;Espumoso;43;Rio Grande do Sul;430025;Passo Fundo;4306;Passo Fundo;-28.7286;-52.8461;fora_do_escopo
4307864;Fagundes Varela;43;Rio Grande do Sul;430037;Bento Gonçalves;4307;Caxias do Sul;-28.8794;-51.7014;fora_do_escopo
4309100;Gramado;43;Rio Grande do Sul;430036;Caxias do Sul;4307;Caxias do Sul;-29.3734;-50.8762;fora_do_escopo
4309209;Gravataí;43;Rio Grande do Sul;430001;Porto Alegre;4301;Porto Alegre;-29.9413;-50.9869;fora_do_escopo
4309506;Guarani das Missões;43;Rio Grande do Sul;430020;Santo Ângelo;4305;Ijuí;-28.1491;-54.5629;fora_do_escopo
4309753;Ibarama;43;Rio Grande do Sul;430042;Sobradinho;4308;Santa Cruz do Sul - Lajeado;-29.4203;-53.1295;fora_do_escopo
4310462;Ipiranga do Sul;43;Rio Grande do Sul;430026;Erechim;4306;Passo Fundo;-27.9404;-52.4271;fora_do_escopo
4311239;Lagoa Bonita do Sul;43;Rio Grande do Sul;430042;Sobradinho;4308;Santa Cruz do Sul - Lajeado;-29.4939;-53.017;fora_do_escopo
4312179;Mato Queimado;43;Rio Grande do Sul;430024;Cerro Largo;4305;Ijuí;-28.252;-54.6159;fora_do_escopo
4312252;Minas do Leão;43;Rio Grande do Sul;430006;Charqueadas - Triunfo - São Jerônimo;4301;Porto Alegre;-30.1346;-52.0423;fora_do_escopo
4312658;Não-Me-Toque;43;Rio Grande do Sul;430028;Carazinho;4306;Passo Fundo;-28.4548;-52.8182;fora_do_escopo
4314050;Parobé;43;Rio Grande do Sul;430004;Taquara - Parobé - Igrejinha;4301;Porto Alegre;-29.6243;-50.8312;fora_do_escopo
4314472;Pinhal Grande;43;Rio Grande do Sul;430011;Santa Maria;4303;Santa Maria;-29.345;-53.3206;fora_do_escopo
4314506;Pinheiro Machado;43;Rio Grande do Sul;430010;Bagé;4302;Pelotas;-31.5794;-53.3798;fora_do_escopo
4314803;Portão;43;Rio Grande do Sul;430002;Novo Hamburgo - São Leopoldo;4301;Porto Alegre;-29.7015;-51.2429;fora_do_escopo
4316600;Sananduva;43;Rio Grande do Sul;430032;Tapejara - Sananduva;4306;Passo Fundo;-27.947;-51.8079;fora_do_escopo
4316733;Santa Cecília do Sul;43;Rio Grande do Sul;430032;Tapejara - Sananduva;4306;Passo Fundo;-28.1609;-51.9279;fora_do_escopo
4316758;Santa Clara do Sul;43;Rio Grande do Sul;430041;Lajeado;4308;Santa Cruz do Sul - Lajeado;-29.4747;-52.0843;fora_do_escopo
4316808;Santa Cruz do Sul;43;Rio Grande do Sul;430040;Santa Cruz do Sul;4308;Santa Cruz do Sul - Lajeado;-29.722;-52.4343;fora_do_escopo
4316972;Santa Margarida do Sul;43;Rio Grande do Sul;430012;São Gabriel - Caçapava do Sul;4303;Santa Maria;-30.3393;-54.0817;fora_do_escopo
4317251;Santa Tereza;43;Rio Grande do Sul;430037;Bento Gonçalves;4307;Caxias do Sul;-29.1655;-51.7351;fora_do_escopo
4317756;Santo Antônio do Planalto;43;Rio Grande do Sul;430028;Carazinho;4306;Passo Fundo;-28.403;-52.6992;fora_do_escopo
4317905;Santo Cristo;43;Rio Grande do Sul;430019;Santa Rosa;4305;Ijuí;-27.8263;-54.662;fora_do_escopo
4319901;Sapiranga;43;Rio Grande do Sul;430002;Novo Hamburgo - São Leopoldo;4301;Porto Alegre;-29.6349;-51.0064;fora_do_escopo
4320107;Sarandi;43;Rio Grande do Sul;430028;Carazinho;4306;Passo Fundo;-27.942;-52.9231;fora_do_escopo
4320206;Seberi;43;Rio Grande do Sul;430029;Frederico Westphalen;4306;Passo Fundo;-27.4829;-53.4026;fora_do_escopo
4318051;São Domingos do Sul;43;Rio Grande do Sul;430030;Marau;4306;Passo Fundo;-28.5312;-51.886;fora_do_escopo
4318457;São José das Missões;43;Rio Grande do Sul;430034;Palmeira das Missões;4306;Passo Fundo;-27.7789;-53.1226;fora_do_escopo
4318606;São José do Ouro;43;Rio Grande do Sul;430033;Lagoa Vermelha;4306;Passo Fundo;-27.7707;-51.5966;fora_do_escopo
4318705;São Leopoldo;43;Rio Grande do Sul;430002;Novo Hamburgo - São Leopoldo;4301;Porto Alegre;-29.7545;-51.1498;fora_do_escopo
4319158;São Miguel das Missões;43;Rio Grande do Sul;430020;Santo Ângelo;4305;Ijuí;-28.556;-54.5559;fora_do_escopo
4319364;São Pedro das Missões;43;Rio Grande do Sul;430034;Palmeira das Missões;4306;Passo Fundo;-27.7706;-53.2513;fora_do_escopo
4321469;Tio Hugo;43;Rio Grande do Sul;430025;Passo Fundo;4306;Passo Fundo;-28.5712;-52.5955;fora_do_escopo
4321493;Toropi;43;Rio Grande do Sul;430011;Santa Maria;4303;Santa Maria;-29.4782;-54.2244;fora_do_escopo
4321634;Três Arroios;43;Rio Grande do Sul;430026;Erechim;4306;Passo Fundo;-27.5003;-52.1448;fora_do_escopo
4321667;Três Cachoeiras;43;Rio Grande do Sul;430008;Torres;4301;Porto Alegre;-29.4487;-49.9275;fora_do_escopo
4322186;Tupanci do Sul;43;Rio Grande do Sul;430033;Lagoa Vermelha;4306;Passo Fundo;-27.9241;-51.5383;fora_do_escopo
4322400;Uruguaiana;43;Rio Grande do Sul;430015;Uruguaiana;4304;Uruguaiana;-29.7614;-57.0853;fora_do_escopo
4322509;Vacaria;43;Rio Grande do Sul;430039;Vacaria;4307;Caxias do Sul;-28.5079;-50.9418;fora_do_escopo
4323507;Vista Alegre;43;Rio Grande do Sul;430029;Frederico Westphalen;4306;Passo Fundo;-27.3686;-53.4919;fora_do_escopo
4300059;Água Santa;43;Rio Grande do Sul;430032;Tapejara - Sananduva;4306;Passo Fundo;-28.1672;-52.031;fora_do_escopo
5000609;Amambai;50;Mato Grosso do Sul;500009;Amambai;5002;Dourados;-23.1058;-55.2253;fora_do_escopo
5001102;Aquidauana;50;Mato Grosso do Sul;500012;Aquidauana - Anastácio;5003;Corumbá;-20.4666;-55.7868;fora_do_escopo
5002159;Bodoquena;50;Mato Grosso do Sul;500012;Aquidauana - Anastácio;5003;Corumbá;-20.537;-56.7127;fora_do_escopo
5003108;Corguinho;50;Mato Grosso do Sul;500001;Campo Grande;5001;Campo Grande;-19.8243;-54.8281;fora_do_escopo
5004601;Itaquiraí;50;Mato Grosso do Sul;500006;Naviraí - Mundo Novo;5002;Dourados;-23.4779;-54.187;fora_do_escopo
5004908;Jaraguari;50;Mato Grosso do Sul;500001;Campo Grande;5001;Campo Grande;-20.1386;-54.3996;fora_do_escopo
5005400;Maracaju;50;Mato Grosso do Sul;500005;Dourados;5002;Dourados;-21.6105;-55.1678;fora_do_escopo
5006259;Novo Horizonte do Sul;50;Mato Grosso do Sul;500007;Nova Andradina;5002;Dourados;-22.6693;-53.8601;fora_do_escopo
5006903;Porto Murtinho;50;Mato Grosso do Sul;500011;Jardim;5003;Corumbá;-21.6981;-57.8836;fora_do_escopo
5007901;Sidrolândia;50;Mato Grosso do Sul;500001;Campo Grande;5001;Campo Grande;-20.9302;-54.9692;fora_do_escopo
5000203;Água Clara;50;Mato Grosso do Sul;500002;Três Lagoas;5001;Campo Grande;-20.4452;-52.879;fora_do_escopo
5100250;Alta Floresta;51;Mato Grosso;510010;Alta Floresta;5103;Sinop;-9.86674;-56.0867;fora_do_escopo
5101803;Barra do Garças;51;Mato Grosso;510013;Barra do Garças;5104;Barra do Garças;-15.8804;-52.264;fora_do_escopo
5102694;Canabrava do Norte;51;Mato Grosso;510014;Confresa - Vila Rica;5104;Barra do Garças;-11.0556;-51.8209;fora_do_escopo
5103007;Chapada dos Guimarães;51;Mato Grosso;510001;Cuiabá;5101;Cuiabá;-15.4643;-55.7499;fora_do_escopo
5103361;Conquista D'Oeste;51;Mato Grosso;510005;Pontes e Lacerda - Comodoro;5102;Cáceres;-14.5381;-59.5444;fora_do_escopo
5103601;Dom Aquino;51;Mato Grosso;510018;Jaciara;5105;Rondonópolis;-15.8099;-54.9223;fora_do_escopo
5104609;Itiquira;51;Mato Grosso;510016;Rondonópolis;5105;Rondonópolis;-17.2147;-54.1422;fora_do_escopo
5104807;Jaciara;51;Mato Grosso;510018;Jaciara;5105;Rondonópolis;-15.9548;-54.9733;fora_do_escopo
5104906;Jangada;51;Mato Grosso;510001;Cuiabá;5101;Cuiabá;-15.235;-56.4917;fora_do_escopo
5105101;Juara;51;Mato Grosso;510012;Juara;5103;Sinop;-11.2639;-57.5244;fora_do_escopo
5105150;Juína;51;Mato Grosso;510009;Juína;5103;Sinop;-11.3728;-58.7483;fora_do_escopo
5106158;Nova Bandeirantes;51;Mato Grosso;510010;Alta Floresta;5103;Sinop;-9.84977;-57.8139;fora_do_escopo
5106208;Nova Brasilândia;51;Mato Grosso;510001;Cuiabá;5101;Cuiabá;-14.9612;-54.9685;fora_do_escopo
5106257;Nova Xavantina;51;Mato Grosso;510013;Barra do Garças;5104;Barra do Garças;-14.6771;-52.3502;fora_do_escopo
5106299;Paranaíta;51;Mato Grosso;510010;Alta Floresta;5103;Sinop;-9.65835;-56.4786;fora_do_escopo
5106752;Pontes e Lacerda;51;Mato Grosso;510005;Pontes e Lacerda - Comodoro;5102;Cáceres;-15.2219;-59.3435;fora_do_escopo
5107198;Ribeirãozinho;51;Mato Grosso;510013;Barra do Garças;5104;Barra do Garças;-16.4856;-52.6924;fora_do_escopo
5107248;Santa Carmem;51;Mato Grosso;510007;Sinop;5103;Sinop;-11.9125;-55.2263;fora_do_escopo
5107875;Sapezal;51;Mato Grosso;510002;Tangará da Serra;5101;Cuiabá;-12.9892;-58.7645;fora_do_escopo
5107925;Sorriso;51;Mato Grosso;510008;Sorriso;5103;Sinop;-12.5425;-55.7211;fora_do_escopo
5201207;Anhanguera;52;Goiás;520004;Catalão;5201;Goiânia;-18.3339;-48.2204;fora_do_escopo
5201504;Aporé;52;Goiás;520011;Jataí-Mineiros;5203;Rio Verde;-18.9607;-51.9232;fora_do_escopo
5202155;Araguapaz;52;Goiás;520005;Goiás - Itapuranga;5201;Goiânia;-15.0909;-50.6315;fora_do_escopo
5201603;Araçu;52;Goiás;520003;Inhumas - Itaberaí - Anicuns;5201;Goiânia;-16.3563;-49.6804;fora_do_escopo
5204003;Cabeceiras;52;Goiás;520020;Águas Lindas de Goiás;5206;Luziânia - Águas Lindas de Goiás;-15.7995;-46.9265;fora_do_escopo
5204409;Caiapônia;52;Goiás;520011;Jataí-Mineiros;5203;Rio Verde;-16.9539;-51.8091;fora_do_escopo
5205406;Ceres;52;Goiás;520018;Ceres - Rialma - Goianésia;5205;Porangatu - Uruaçu;-15.3061;-49.6;fora_do_escopo
5205497;Cidade Ocidental;52;Goiás;520019;Luziânia;5206;Luziânia - Águas Lindas de Goiás;-16.0765;-47.9252;fora_do_escopo
5206305;Cristianópolis;52;Goiás;520009;Piracanjuba;5202;Itumbiara;-17.1987;-48.7034;fora_do_escopo
5207105;Diorama;52;Goiás;520014;Iporá;5204;São Luís de Montes Belos - Iporá;-16.2329;-51.2543;fora_do_escopo
5207352;Edealina;52;Goiás;520009;Piracanjuba;5202;Itumbiara;-17.4239;-49.6644;fora_do_escopo
5207907;Flores de Goiás;52;Goiás;520022;Flores de Goiás;5206;Luziânia - Águas Lindas de Goiás;-14.4451;-47.0417;fora_do_escopo
5208905;Goiás;52;Goiás;520005;Goiás - Itapuranga;5201;Goiânia;-15.9333;-50.14;fora_do_escopo
5211008;Itapirapuã;52;Goiás;520005;Goiás - Itapuranga;5201;Goiânia;-15.8205;-50.6094;fora_do_escopo
5213004;Maurilândia;52;Goiás;520010;Rio Verde;5203;Rio Verde;-17.9719;-50.3388;fora_do_escopo
5213087;Minaçu;52;Goiás;520016;Porangatu;5205;Porangatu - Uruaçu;-13.5304;-48.2206;fora_do_escopo
5213103;Mineiros;52;Goiás;520011;Jataí-Mineiros;5203;Rio Verde;-17.5654;-52.5537;fora_do_escopo
5214101;Mutunópolis;52;Goiás;520016;Porangatu;5205;Porangatu - Uruaçu;-13.7303;-49.2745;fora_do_escopo
5214861;Nova Glória;52;Goiás;520018;Ceres - Rialma - Goianésia;5205;Porangatu - Uruaçu;-15.145;-49.5737;fora_do_escopo
5215231;Novo Gama;52;Goiás;520019;Luziânia;5206;Luziânia - Águas Lindas de Goiás;-16.0592;-48.0417;fora_do_escopo
5215652;Palestina de Goiás;52;Goiás;520014;Iporá;5204;São Luís de Montes Belos - Iporá;-16.7392;-51.5309;fora_do_escopo
5215900;Palminópolis;52;Goiás;520015;Palmeiras de Goiás;5204;São Luís de Montes Belos - Iporá;-16.7924;-50.1652;fora_do_escopo
5216809;Petrolina de Goiás;52;Goiás;520002;Anápolis;5201;Goiânia;-16.0968;-49.3364;fora_do_escopo
5217203;Piranhas;52;Goiás;520014;Iporá;5204;São Luís de Montes Belos - Iporá;-16.4258;-51.8235;fora_do_escopo
5217302;Pirenópolis;52;Goiás;520002;Anápolis;5201;Goiânia;-15.8507;-48.9584;fora_do_escopo
5218391;Professor Jamil;52;Goiás;520009;Piracanjuba;5202;Itumbiara;-17.2497;-49.244;fora_do_escopo
5219803;São Domingos;52;Goiás;520021;Posse-Campos Belos;5206;Luziânia - Águas Lindas de Goiás;-13.621;-46.7415;fora_do_escopo
3133808;Itaúna;31;Minas Gerais;310065;Divinópolis;3113;Divinópolis;-20.0818;-44.5801;atendido
3147105;Pará de Minas;31;Minas Gerais;310068;Pará de Minas;3113;Divinópolis;-19.8534;-44.6114;atendido
3170701;Varginha;31;Minas Gerais;310040;Varginha;3108;Varginha;-21.5556;-45.4364;atendido
1100346;Alvorada D'Oeste;11;Rondônia;110004;Ji-Paraná;1102;Ji-Paraná;-11.3463;-62.2847;fora_do_escopo
1100056;Cerejeiras;11;Rondônia;110006;Vilhena;1102;Ji-Paraná;-13.187;-60.8168;fora_do_escopo
1100924;Chupinguaia;11;Rondônia;110006;Vilhena;1102;Ji-Paraná;-12.5611;-60.8877;fora_do_escopo
1100080;Costa Marques;11;Rondônia;110004;Ji-Paraná;1102;Ji-Paraná;-12.4367;-64.228;fora_do_escopo
1100940;Cujubim;11;Rondônia;110002;Ariquemes;1101;Porto Velho;-9.36065;-62.5846;fora_do_escopo
1101203;Ministro Andreazza;11;Rondônia;110005;Cacoal;1102;Ji-Paraná;-11.196;-61.5174;fora_do_escopo
1100148;Nova Brasilândia D'Oeste;11;Rondônia;110005;Cacoal;1102;Ji-Paraná;-11.7247;-62.3127;fora_do_escopo
1100262;Rio Crespo;11;Rondônia;110002;Ariquemes;1101;Porto Velho;-9.69965;-62.9011;fora_do_escopo
1101500;Seringueiras;11;Rondônia;110004;Ji-Paraná;1102;Ji-Paraná;-11.8055;-63.0182;fora_do_escopo
1200054;Assis Brasil;12;Acre;120002;Brasiléia;1201;Rio Branco;-10.9298;-69.5738;fora_do_escopo
1200385;Plácido de Castro;12;Acre;120001;Rio Branco;1201;Rio Branco;-10.2806;-67.1371;fora_do_escopo
1300086;Anamã;13;Amazonas;130004;Manacapuru;1301;Manaus;-3.56697;-61.3963;fora_do_escopo
1300508;Barreirinha;13;Amazonas;130010;Parintins;1304;Parintins;-2.79886;-57.0679;fora_do_escopo
1300631;Beruri;13;Amazonas;130003;Coari;1301;Manaus;-3.89874;-61.3616;fora_do_escopo
1300680;Boa Vista do Ramos;13;Amazonas;130010;Parintins;1304;Parintins;-2.97409;-57.5873;fora_do_escopo
1301605;Fonte Boa;13;Amazonas;130005;Tefé;1302;Tefé;-2.52342;-66.0942;fora_do_escopo
1301654;Guajará;13;Amazonas;130007;Eirunepé;1302;Tefé;-7.53797;-72.5907;fora_do_escopo
1302207;Juruá;13;Amazonas;130005;Tefé;1302;Tefé;-3.48438;-66.0718;fora_do_escopo
1303908;São Paulo de Olivença;13;Amazonas;130006;Tabatinga;1302;Tefé;-3.47292;-68.9646;fora_do_escopo
1400100;Boa Vista;14;Roraima;140001;Boa Vista;1401;Boa Vista;2.82384;-60.6753;fora_do_escopo
1400282;Iracema;14;Roraima;140004;Caracaraí;1402;Rorainópolis - Caracaraí;2.18305;-61.0415;fora_do_escopo
1400704;Uiramutã;14;Roraima;140002;Pacaraima;1401;Boa Vista;4.60314;-60.1815;fora_do_escopo
1500503;Almeirim;15;Pará;150019;Almeirim - Porto de Moz;1506;Altamira;-1.52904;-52.5788;fora_do_escopo
1500909;Augusto Corrêa;15;Pará;150005;Bragança;1502;Castanhal;-1.05109;-46.6147;fora_do_escopo
1501204;Baião;15;Pará;150011;Tucuruí;1503;Marabá;-2.79021;-49.6694;fora_do_escopo
1501576;Bom Jesus do Tocantins;15;Pará;150009;Marabá;1503;Marabá;-5.0424;-48.6047;fora_do_escopo
1503309;Igarapé-Miri;15;Pará;150003;Abaetetuba;1501;Belém;-1.97533;-48.9575;fora_do_escopo
1504000;Limoeiro do Ajuru;15;Pará;150002;Cametá;1501;Belém;-1.8985;-49.3903;fora_do_escopo
1504208;Marabá;15;Pará;150009;Marabá;1503;Marabá;-5.38075;-49.1327;fora_do_escopo
1504422;Marituba;15;Pará;150001;Belém;1501;Belém;-1.36002;-48.3421;fora_do_escopo
1504752;Mojuí dos Campos;15;Pará;150015;Santarém;1505;Santarém;-2.6822;-54.6425;fora_do_escopo
1504802;Monte Alegre;15;Pará;150015;Santarém;1505;Santarém;-1.99768;-54.0724;fora_do_escopo
1506203;Salinópolis;15;Pará;150006;Capanema;1502;Castanhal;-0.630815;-47.3465;fora_do_escopo
1506302;Salvaterra;15;Pará;150021;Soure-Salvaterra;1507;Breves;-0.758444;-48.5139;fora_do_escopo
1506500;Santa Izabel do Pará;15;Pará;150001;Belém;1501;Belém;-1.29686;-48.1606;fora_do_escopo
1507201;São Domingos do Capim;15;Pará;150004;Castanhal;1502;Castanhal;-1.68768;-47.7665;fora_do_escopo
1600303;Macapá;16;Amapá;160001;Macapá;1601;Macapá;0.034934;-51.0694;fora_do_escopo
1600501;Oiapoque;16;Amapá;160003;Oiapoque;1602;Oiapoque - Porto Grande;3.84074;-51.8331;fora_do_escopo
1700350;Aliança do Tocantins;17;Tocantins;170010;Gurupi;1703;Gurupi;-11.3056;-48.9361;fora_do_escopo
1700707;Alvorada;17;Tocantins;170010;Gurupi;1703;Gurupi;-12.4785;-49.1249;fora_do_escopo
1703057;Bandeirantes do Tocantins;17;Tocantins;170007;Colinas do Tocantins;1702;Araguaína;-7.75612;-48.5836;fora_do_escopo
1703800;Buriti do Tocantins;17;Tocantins;170009;Araguatins;1702;Araguaína;-5.31448;-48.2271;fora_do_escopo
1706258;Crixás do Tocantins;17;Tocantins;170010;Gurupi;1703;Gurupi;-11.0994;-48.9152;fora_do_escopo
1707306;Dueré;17;Tocantins;170010;Gurupi;1703;Gurupi;-11.3416;-49.2716;fora_do_escopo
1708205;Formoso do Araguaia;17;Tocantins;170010;Gurupi;1703;Gurupi;-11.7976;-49.5316;fora_do_escopo
1707553;Fátima;17;Tocantins;170002;Porto Nacional;1701;Palmas;-10.7603;-48.9076;fora_do_escopo
1710508;Itacajá;17;Tocantins;170007;Colinas do Tocantins;1702;Araguaína;-8.39293;-47.7726;fora_do_escopo
1714302;Nazaré;17;Tocantins;170008;Tocantinópolis;1702;Araguaína;-6.37496;-47.6643;fora_do_escopo
1718006;Porto Alegre do Tocantins;17;Tocantins;170011;Dianópolis;1703;Gurupi;-11.618;-47.0621;fora_do_escopo
1718550;Riachinho;17;Tocantins;170005;Araguaína;1702;Araguaína;-6.44005;-48.1371;fora_do_escopo
1720937;Taipas do Tocantins;17;Tocantins;170011;Dianópolis;1703;Gurupi;-12.1873;-46.9797;fora_do_escopo
1721208;Tocantinópolis;17;Tocantins;170008;Tocantinópolis;1702;Araguaína;-6.32447;-47.4224;fora_do_escopo
1722107;Xambioá;17;Tocantins;170005;Araguaína;1702;Araguaína;-6.4141;-48.532;fora_do_escopo
2100709;Anajatuba;21;Maranhão;210004;Itapecuru Mirim;2101;São Luís;-3.26269;-44.6126;fora_do_escopo
2100808;Anapurus;21;Maranhão;210003;Chapadinha;2101;São Luís;-3.67577;-43.1014;fora_do_escopo
2101202;Bacabal;21;Maranhão;210010;Bacabal;2102;Santa Inês - Bacabal;-4.22447;-44.7832;fora_do_escopo
2101905;Bequimão;21;Maranhão;210002;Pinheiro;2101;São Luís;-2.44162;-44.7842;fora_do_escopo
2101939;Bernardo do Mearim;21;Maranhão;210012;Pedreiras;2102;Santa Inês - Bacabal;-4.62666;-44.7608;fora_do_escopo
2102077;Bom Lugar;21;Maranhão;210010;Bacabal;2102;Santa Inês - Bacabal;-4.37311;-45.0326;fora_do_escopo
2102200;Buriti;21;Maranhão;210003;Chapadinha;2101;São Luís;-3.94169;-42.9179;fora_do_escopo
2103257;Cidelândia;21;Maranhão;210019;Imperatriz;2105;Imperatriz;-5.17465;-47.7781;fora_do_escopo
2103703;Cururupu;21;Maranhão;210008;Cururupu;2101;São Luís;-1.81475;-44.8644;fora_do_escopo
2104305;Godofredo Viana;21;Maranhão;210011;Governador Nunes Freire;2102;Santa Inês - Bacabal;-1.40259;-45.7795;fora_do_escopo
2104552;Governador Edison Lobão;21;Maranhão;210019;Imperatriz;2105;Imperatriz;-5.74973;-47.3646;fora_do_escopo
2104628;Governador Luiz Rocha;21;Maranhão;210016;Presidente Dutra;2104;Presidente Dutra;-5.47835;-44.0774;fora_do_escopo
2104701;Graça Aranha;21;Maranhão;210016;Presidente Dutra;2104;Presidente Dutra;-5.40547;-44.3358;fora_do_escopo
2105302;Imperatriz;21;Maranhão;210019;Imperatriz;2105;Imperatriz;-5.51847;-47.4777;fora_do_escopo
2105351;Itaipava do Grajaú;21;Maranhão;210020;Barra do Corda;2105;Imperatriz;-5.14252;-45.7877;fora_do_escopo
2105401;Itapecuru Mirim;21;Maranhão;210004;Itapecuru Mirim;2101;São Luís;-3.40202;-44.3508;fora_do_escopo
2105427;Itinga do Maranhão;21;Maranhão;210021;Açailândia;2105;Imperatriz;-4.45293;-47.5235;fora_do_escopo
2105807;Lago do Junco;21;Maranhão;210012;Pedreiras;2102;Santa Inês - Bacabal;-4.609;-45.049;fora_do_escopo
2106003;Lima Campos;21;Maranhão;210012;Pedreiras;2102;Santa Inês - Bacabal;-4.51837;-44.4646;fora_do_escopo
2106102;Loreto;21;Maranhão;210022;Balsas;2105;Imperatriz;-7.08111;-45.1451;fora_do_escopo
2106359;Marajá do Sena;21;Maranhão;210010;Bacabal;2102;Santa Inês - Bacabal;-4.62806;-45.4531;fora_do_escopo
2106672;Milagres do Maranhão;21;Maranhão;210003;Chapadinha;2101;São Luís;-3.57443;-42.6131;fora_do_escopo
2106805;Mirinzal;21;Maranhão;210008;Cururupu;2101;São Luís;-2.07094;-44.7787;fora_do_escopo
2107001;Montes Altos;21;Maranhão;210019;Imperatriz;2105;Imperatriz;-5.83067;-47.0673;fora_do_escopo
2108504;Pindaré-Mirim;21;Maranhão;210009;Santa Inês;2102;Santa Inês - Bacabal;-3.60985;-45.342;fora_do_escopo
2109056;Porto Rico do Maranhão;21;Maranhão;210008;Cururupu;2101;São Luís;-1.85925;-44.5842;fora_do_escopo
2109106;Presidente Dutra;21;Maranhão;210016;Presidente Dutra;2104;Presidente Dutra;-5.2898;-44.495;fora_do_escopo
2109403;Primeira Cruz;21;Maranhão;210006;Barreirinhas;2101;São Luís;-2.50568;-43.4232;fora_do_escopo
2109452;Raposa;21;Maranhão;210001;São Luís;2101;São Luís;-2.4254;-44.0973;fora_do_escopo
2109759;Santa Filomena do Maranhão;21;Maranhão;210016;Presidente Dutra;2104;Presidente Dutra;-5.49671;-44.5638;fora_do_escopo
2111029;São João do Carú;21;Maranhão;210009;Santa Inês;2102;Santa Inês - Bacabal;-3.5503;-46.2507;fora_do_escopo
2111052;São João do Paraíso;21;Maranhão;210019;Imperatriz;2105;Imperatriz;-6.45634;-47.0594;fora_do_escopo
2111102;São João dos Patos;21;Maranhão;210017;São João dos Patos;2104;Presidente Dutra;-6.4934;-43.7036;fora_do_escopo
2111706;São Vicente Ferrer;21;Maranhão;210005;Viana;2101;São Luís;-2.89487;-44.8681;fora_do_escopo
2112001;Tasso Fragoso;21;Maranhão;210022;Balsas;2105;Imperatriz;-8.4662;-45.7536;fora_do_escopo
2112407;Turiaçu;21;Maranhão;210002;Pinheiro;2101;São Luís;-1.65893;-45.3798;fora_do_escopo
2201150;Baixa Grande do Ribeiro;22;Piauí;220018;Uruçuí;2206;Floriano;-7.84903;-45.219;fora_do_escopo
2201176;Barra D'Alcântara;22;Piauí;220004;Valença do Piauí;2201;Teresina;-6.51645;-42.1146;fora_do_escopo
2202539;Caraúbas do Piauí;22;Piauí;220006;Parnaíba;2202;Parnaíba;-3.47525;-41.8425;fora_do_escopo
2202653;Caxingó;22;Piauí;220006;Parnaíba;2202;Parnaíba;-3.41904;-41.8955;fora_do_escopo
2202802;Conceição do Canindé;22;Piauí;220012;Simplício Mendes;2203;Picos;-7.87638;-41.5942;fora_do_escopo
2202901;Corrente;22;Piauí;220015;Corrente;2205;Corrente - Bom Jesus;-10.4333;-45.1633;fora_do_escopo
2203107;Cristino Castro;22;Piauí;220016;Bom Jesus;2205;Corrente - Bom Jesus;-8.82273;-44.223;fora_do_escopo
2203800;Flores do Piauí;22;Piauí;220019;Canto do Buriti;2206;Floriano;-7.78793;-42.918;fora_do_escopo
2204105;Francisco Ayres;22;Piauí;220017;Floriano;2206;Floriano;-6.62606;-42.6881;fora_do_escopo
2204550;Guaribas;22;Piauí;220013;São Raimundo Nonato;2204;São Raimundo Nonato;-9.38647;-43.6943;fora_do_escopo
2204709;Inhuma;22;Piauí;220004;Valença do Piauí;2201;Teresina;-6.665;-41.7041;fora_do_escopo
2205102;Itaueira;22;Piauí;220017;Floriano;2206;Floriano;-7.59989;-43.0249;fora_do_escopo
2205953;Marcolândia;22;Piauí;220009;Picos;2203;Picos;-7.44169;-40.6602;fora_do_escopo
2206357;Milton Brandão;22;Piauí;220007;Piripiri;2202;Parnaíba;-4.68295;-41.4173;fora_do_escopo
2206654;Morro Cabeça no Tempo;22;Piauí;220015;Corrente;2205;Corrente - Bom Jesus;-9.71891;-43.9072;fora_do_escopo
2206753;Nossa Senhora de Nazaré;22;Piauí;220003;Campo Maior;2201;Teresina;-4.63019;-42.173;fora_do_escopo
2207207;Padre Marcos;22;Piauí;220009;Picos;2203;Picos;-7.35101;-40.8997;fora_do_escopo
2207405;Palmeira do Piauí;22;Piauí;220016;Bom Jesus;2205;Corrente - Bom Jesus;-8.73076;-44.2466;fora_do_escopo
2207504;Palmeirais;22;Piauí;220002;Amarante - Água Branca - Regeneração;2201;Teresina;-5.97086;-43.056;fora_do_escopo
2207702;Parnaíba;22;Piauí;220006;Parnaíba;2202;Parnaíba;-2.90585;-41.7754;fora_do_escopo
2207900;Pedro II;22;Piauí;220007;Piripiri;2202;Parnaíba;-4.42585;-41.4482;fora_do_escopo
2208205;Pio IX;22;Piauí;220009;Picos;2203;Picos;-6.83002;-40.6083;fora_do_escopo
2208650;Queimada Nova;22;Piauí;220010;Paulistana;2203;Picos;-8.57064;-41.4106;fora_do_escopo
2210623;Sebastião Barros;22;Piauí;220015;Corrente;2205;Corrente - Bom Jesus;-10.817;-44.8337;fora_do_escopo
2210656;Sigefredo Pacheco;22;Piauí;220003;Campo Maior;2201;Teresina;-4.91665;-41.7311;fora_do_escopo
2209559;São Braz do Piauí;22;Piauí;220013;São Raimundo Nonato;2204;São Raimundo Nonato;-9.05797;-43.0076;fora_do_escopo
2209658;São Francisco de Assis do Piauí;22;Piauí;220012;Simplício Mendes;2203;Picos;-8.23599;-41.6873;fora_do_escopo
2209609;São Félix do Piauí;22;Piauí;220002;Amarante - Água Branca - Regeneração;2201;Teresina;-5.93485;-42.1172;fora_do_escopo
2210102;São José do Peixe;22;Piauí;220017;Floriano;2206;Floriano;-7.48554;-42.5672;fora_do_escopo
2209872;São João da Fronteira;22;Piauí;220007;Piripiri;2202;Parnaíba;-3.95497;-41.2569;fora_do_escopo
2211605;Vila Nova do Piauí;22;Piauí;220009;Picos;2203;Picos;-7.13272;-40.9345;fora_do_escopo
2300150;Acarape;23;Ceará;230003;Redenção-Acarape;2301;Fortaleza;-4.22083;-38.7055;fora_do_escopo
2301257;Ararendá;23;Ceará;230013;Crateús;2305;Crateús;-4.74567;-40.831;fora_do_escopo
2301406;Aratuba;23;Ceará;230003;Redenção-Acarape;2301;Fortaleza;-4.41229;-39.0471;fora_do_escopo
2302404;Boa Viagem;23;Ceará;230004;Canindé;2301;Fortaleza;-5.11258;-39.7337;fora_do_escopo
2302701;Campos Sales;23;Ceará;230011;Juazeiro do Norte;2304;Juazeiro do Norte;-7.06761;-40.3687;fora_do_escopo
2303006;Caridade;23;Ceará;230004;Canindé;2301;Fortaleza;-4.22514;-39.1912;fora_do_escopo
2303204;Caririaçu;23;Ceará;230011;Juazeiro do Norte;2304;Juazeiro do Norte;-7.02808;-39.2828;fora_do_escopo
2303501;Cascavel;23;Ceará;230001;Fortaleza;2301;Fortaleza;-4.12967;-38.2412;fora_do_escopo
2303600;Catarina;23;Ceará;230009;Iguatu;2303;Iguatu;-6.12291;-39.8736;fora_do_escopo
2304350;Forquilha;23;Ceará;230015;Sobral;2306;Sobral;-3.79945;-40.2634;fora_do_escopo
2304954;Guaiúba;23;Ceará;230001;Fortaleza;2301;Fortaleza;-4.04057;-38.6404;fora_do_escopo
2305506;Iguatu;23;Ceará;230009;Iguatu;2303;Iguatu;-6.36281;-39.2892;fora_do_escopo
2306108;Irauçuba;23;Ceará;230005;Itapagé;2301;Fortaleza;-3.74737;-39.7843;fora_do_escopo
2306553;Itarema;23;Ceará;230017;Acaraú;2306;Sobral;-2.9248;-39.9167;fora_do_escopo
2306801;Jaguaribara;23;Ceará;230007;Russas - Limoeiro do Norte;2302;Quixadá;-5.67765;-38.5359;fora_do_escopo
2306900;Jaguaribe;23;Ceará;230007;Russas - Limoeiro do Norte;2302;Quixadá;-5.90213;-38.6227;fora_do_escopo
2307254;Jijoca de Jericoacoara;23;Ceará;230017;Acaraú;2306;Sobral;-2.79331;-40.5127;fora_do_escopo
2307635;Madalena;23;Ceará;230004;Canindé;2301;Fortaleza;-4.84601;-39.5725;fora_do_escopo
2311108;Porteiras;23;Ceará;230012;Brejo Santo;2304;Juazeiro do Norte;-7.52265;-39.114;fora_do_escopo
2311355;Quixelô;23;Ceará;230009;Iguatu;2303;Iguatu;-6.24637;-39.2011;fora_do_escopo
2311504;Quixeré;23;Ceará;230007;Russas - Limoeiro do Norte;2302;Quixadá;-5.07148;-37.9802;fora_do_escopo
2311801;Russas;23;Ceará;230007;Russas - Limoeiro do Norte;2302;Quixadá;-4.92673;-37.9721;fora_do_escopo
2312502;São João do Jaguaribe;23;Ceará;230007;Russas - Limoeiro do Norte;2302;Quixadá;-5.27516;-38.2694;fora_do_escopo
2313104;Tabuleiro do Norte;23;Ceará;230007;Russas - Limoeiro do Norte;2302;Quixadá;-5.24353;-38.1282;fora_do_escopo
2400802;Angicos;24;Rio Grande do Norte;240011;Açu;2403;Mossoró;-5.65792;-36.6094;fora_do_escopo
2403400;Equador;24;Rio Grande do Norte;240007;Caicó;2402;Caicó;-6.93835;-36.717;fora_do_escopo
2403707;Felipe Guerra;24;Rio Grande do Norte;240009;Mossoró;2403;Mossoró;-5.59274;-37.6875;fora_do_escopo
2404705;Ipanguaçu;24;Rio Grande do Norte;240011;Açu;2403;Mossoró;-5.48984;-36.8501;fora_do_escopo
2405504;Jardim de Angicos;24;Rio Grande do Norte;240005;João Câmara;2401;Natal;-5.64999;-35.9713;fora_do_escopo
2405603;Jardim de Piranhas;24;Rio Grande do Norte;240007;Caicó;2402;Caicó;-6.37665;-37.3496;fora_do_escopo
2406502;Lagoa Nova;24;Rio Grande do Norte;240008;Currais Novos;2402;Caicó;-6.09339;-36.4703;fora_do_escopo
2407104;Macaíba;24;Rio Grande do Norte;240001;Natal;2401;Natal;-5.85229;-35.3552;fora_do_escopo
2407708;Montanhas;24;Rio Grande do Norte;240003;Canguaretama;2401;Natal;-6.48522;-35.2842;fora_do_escopo
2408805;Parazinho;24;Rio Grande do Norte;240005;João Câmara;2401;Natal;-5.22276;-35.8398;fora_do_escopo
2409902;Pendências;24;Rio Grande do Norte;240011;Açu;2403;Mossoró;-5.2564;-36.7095;fora_do_escopo
2411403;Santana do Matos;24;Rio Grande do Norte;240011;Açu;2403;Mossoró;-5.94605;-36.6578;fora_do_escopo
2413300;Serra de São Bento;24;Rio Grande do Norte;240002;Santo Antônio - Passa e Fica - Nova Cruz;2401;Natal;-6.41762;-35.7033;fora_do_escopo
2413557;Serrinha dos Pintos;24;Rio Grande do Norte;240010;Pau dos Ferros;2403;Mossoró;-6.11087;-37.9548;fora_do_escopo
2411700;São Bento do Trairí;24;Rio Grande do Norte;240004;Santa Cruz;2401;Natal;-6.33798;-36.0863;fora_do_escopo
2411908;São Francisco do Oeste;24;Rio Grande do Norte;240010;Pau dos Ferros;2403;Mossoró;-5.97472;-38.1519;fora_do_escopo
2414308;Timbaúba dos Batistas;24;Rio Grande do Norte;240007;Caicó;2402;Caicó;-6.45768;-37.2745;fora_do_escopo
2414902;Viçosa;24;Rio Grande do Norte;240010;Pau dos Ferros;2403;Mossoró;-5.98253;-37.9462;fora_do_escopo
2500734;Amparo;25;Paraíba;250008;Sumé;2502;Campina Grande;-7.55502;-37.0628;fora_do_escopo
2502508;Boqueirão;25;Paraíba;250005;Campina Grande;2502;Campina Grande;-7.487;-36.1309;fora_do_escopo
2503001;Caaporã;25;Paraíba;250001;João Pessoa;2501;João Pessoa;-7.51351;-34.9055;fora_do_escopo
2504801;Coremas;25;Paraíba;250009;Patos;2503;Patos;-7.00712;-37.9346;fora_do_escopo
2506509;Gurjão;25;Paraíba;250005;Campina Grande;2502;Campina Grande;-7.24833;-36.4923;fora_do_escopo
2506806;Ingá;25;Paraíba;250005;Campina Grande;2502;Campina Grande;-7.28144;-35.605;fora_do_escopo
2507101;Itapororoca;25;Paraíba;250003;Mamanguape - Rio Tinto;2501;João Pessoa;-6.82374;-35.2406;fora_do_escopo
2507804;Junco do Seridó;25;Paraíba;250005;Campina Grande;2502;Campina Grande;-6.99269;-36.7166;fora_do_escopo
2509305;Mataraca;25;Paraíba;250003;Mamanguape - Rio Tinto;2501;João Pessoa;-6.59673;-35.0531;fora_do_escopo
2510907;Paulista;25;Paraíba;250012;Pombal;2503;Patos;-6.59138;-37.6185;fora_do_escopo
2511004;Pedra Branca;25;Paraíba;250010;Itaporanga;2503;Patos;-7.42169;-38.0689;fora_do_escopo
2513802;Santa Teresinha;25;Paraíba;250009;Patos;2503;Patos;-7.07964;-37.4435;fora_do_escopo
2516201;Sousa;25;Paraíba;250014;Sousa;2504;Sousa - Cajazeiras;-6.75148;-38.2311;fora_do_escopo
2513943;São Domingos do Cariri;25;Paraíba;250005;Campina Grande;2502;Campina Grande;-7.63273;-36.4374;fora_do_escopo
2514503;São José de Piranhas;25;Paraíba;250015;Cajazeiras;2504;Sousa - Cajazeiras;-7.1187;-38.502;fora_do_escopo
2514651;São José do Brejo do Cruz;25;Paraíba;250011;Catolé do Rocha - São Bento;2503;Patos;-6.21054;-37.3601;fora_do_escopo
2600609;Alagoinha;26;Pernambuco;260012;Belo Jardim ¿ Pesqueira;2602;Caruaru;-8.4665;-36.7788;fora_do_escopo
2601102;Araripina;26;Pernambuco;260016;Araripina;2604;Petrolina;-7.57073;-40.494;fora_do_escopo
2601052;Araçoiaba;26;Pernambuco;260001;Recife;2601;Recife;-7.78391;-35.0809;fora_do_escopo
2601508;Belém de Maria;26;Pernambuco;260003;Palmares;2601;Recife;-8.62504;-35.8335;fora_do_escopo
2601904;Bezerros;26;Pernambuco;260009;Caruaru;2602;Caruaru;-8.2328;-35.796;fora_do_escopo
2602605;Brejo da Madre de Deus;26;Pernambuco;260009;Caruaru;2602;Caruaru;-8.14933;-36.3741;fora_do_escopo
2603603;Camutanga;26;Pernambuco;260002;Goiana ¿ Timbaúba;2601;Recife;-7.40545;-35.2664;fora_do_escopo
2603926;Carnaubeira da Penha;26;Pernambuco;260013;Serra Talhada;2603;Serra Talhada;-8.31799;-38.7512;fora_do_escopo
2604809;Cortês;26;Pernambuco;260018;Escada - Ribeirão;2601;Recife;-8.47443;-35.5468;fora_do_escopo
2606002;Garanhuns;26;Pernambuco;260010;Garanhuns;2602;Caruaru;-8.88243;-36.4966;fora_do_escopo
2606101;Glória do Goitá;26;Pernambuco;260005;Vitória de Santo Antão;2601;Recife;-8.00568;-35.2904;fora_do_escopo
2607208;Ipojuca;26;Pernambuco;260001;Recife;2601;Recife;-8.39303;-35.0609;fora_do_escopo
2607307;Ipubi;26;Pernambuco;260016;Araripina;2604;Petrolina;-7.64505;-40.1476;fora_do_escopo
2608008;Jataúba;26;Pernambuco;260009;Caruaru;2602;Caruaru;-7.97668;-36.4943;fora_do_escopo
2608404;Jurema;26;Pernambuco;260010;Garanhuns;2602;Caruaru;-8.70714;-36.1347;fora_do_escopo
2609303;Mirandiba;26;Pernambuco;260013;Serra Talhada;2603;Serra Talhada;-8.12113;-38.7388;fora_do_escopo
2609600;Olinda;26;Pernambuco;260001;Recife;2601;Recife;-8.01017;-34.8545;fora_do_escopo
2611705;Riacho das Almas;26;Pernambuco;260009;Caruaru;2602;Caruaru;-8.13742;-35.8648;fora_do_escopo
2612455;Santa Cruz;26;Pernambuco;260016;Araripina;2604;Petrolina;-8.24153;-40.3434;fora_do_escopo
2612554;Santa Filomena;26;Pernambuco;260016;Araripina;2604;Petrolina;-8.16688;-40.6079;fora_do_escopo
2613909;Serra Talhada;26;Pernambuco;260013;Serra Talhada;2603;Serra Talhada;-7.98178;-38.289;fora_do_escopo
2614808;Tacaratu;26;Pernambuco;260013;Serra Talhada;2603;Serra Talhada;-9.09798;-38.1504;fora_do_escopo
2614857;Tamandaré;26;Pernambuco;260007;Barreiros - Sirinhaém;2601;Recife;-8.75665;-35.1033;fora_do_escopo
2600500;Águas Belas;26;Pernambuco;260010;Garanhuns;2602;Caruaru;-9.11125;-37.1226;fora_do_escopo
2700607;Barra de São Miguel;27;Alagoas;270001;Maceió;2701;Maceió;-9.83842;-35.9057;fora_do_escopo
2702702;Feliz Deserto;27;Alagoas;270003;Penedo;2701;Maceió;-10.2935;-36.3028;fora_do_escopo
2702900;Girau do Ponciano;27;Alagoas;270007;Arapiraca;2702;Arapiraca;-9.88404;-36.8316;fora_do_escopo
2703106;Igaci;27;Alagoas;270008;Palmeira dos Índios;2702;Arapiraca;-9.53768;-36.6372;fora_do_escopo
2703700;Jaramataia;27;Alagoas;270007;Arapiraca;2702;Arapiraca;-9.66224;-37.0046;fora_do_escopo
2705002;Mata Grande;27;Alagoas;270009;Delmiro Gouveia;2702;Arapiraca;-9.11824;-37.7323;fora_do_escopo
2707909;Santa Luzia do Norte;27;Alagoas;270001;Maceió;2701;Maceió;-9.6037;-35.8232;fora_do_escopo
2800407;Arauá;28;Sergipe;280002;Estância;2801;Aracaju;-11.2614;-37.6201;fora_do_escopo
2801108;Canhoba;28;Sergipe;280003;Propriá;2801;Aracaju;-10.1365;-36.9806;fora_do_escopo
2801405;Carira;28;Sergipe;280004;Itabaiana;2802;Itabaiana;-10.3524;-37.7002;fora_do_escopo
2802403;Gararu;28;Sergipe;280006;Nossa Senhora da Glória;2802;Itabaiana;-9.9722;-37.0869;fora_do_escopo
2802700;Ilha das Flores;28;Sergipe;280003;Propriá;2801;Aracaju;-10.4425;-36.5479;fora_do_escopo
2803401;Japoatã;28;Sergipe;280003;Propriá;2801;Aracaju;-10.3477;-36.8045;fora_do_escopo
2803500;Lagarto;28;Sergipe;280005;Lagarto;2802;Itabaiana;-10.9136;-37.6689;fora_do_escopo
2805307;Pirambu;28;Sergipe;280001;Aracaju;2801;Aracaju;-10.7215;-36.8544;fora_do_escopo
2805406;Poço Redondo;28;Sergipe;280006;Nossa Senhora da Glória;2802;Itabaiana;-9.80616;-37.6833;fora_do_escopo
2806206;Salgado;28;Sergipe;280005;Lagarto;2802;Itabaiana;-11.0288;-37.4804;fora_do_escopo
2900900;Almadina;29;Bahia;290007;Ilhéus ¿ Itabuna;2903;Ilhéus ¿ Itabuna;-14.7089;-39.6415;fora_do_escopo
2901007;Amargosa;29;Bahia;290003;Santo Antônio de Jesus;2902;Santo Antônio de Jesus;-13.0215;-39.602;fora_do_escopo
2901304;Andaraí;29;Bahia;290031;Itaberaba;2910;Feira de Santana;-12.8049;-41.3297;fora_do_escopo
2902203;Aramari;29;Bahia;290002;Alagoinhas;2901;Salvador;-12.0884;-38.4969;fora_do_escopo
2902609;Baixa Grande;29;Bahia;290029;Feira de Santana;2910;Feira de Santana;-11.9519;-40.169;fora_do_escopo
2902708;Barra;29;Bahia;290021;Xique-Xique ¿ Barra;2907;Irecê;-11.0859;-43.1459;fora_do_escopo
2903706;Boa Nova;29;Bahia;290011;Vitória da Conquista;2904;Vitória da Conquista;-14.3598;-40.2064;fora_do_escopo
2903805;Boa Vista do Tupim;29;Bahia;290031;Itaberaba;2910;Feira de Santana;-12.6498;-40.6064;fora_do_escopo
2905156;Caetanos;29;Bahia;290011;Vitória da Conquista;2904;Vitória da Conquista;-14.3347;-40.9175;fora_do_escopo
2905206;Caetité;29;Bahia;290016;Guanambi;2905;Guanambi;-14.0684;-42.4861;fora_do_escopo
2905800;Camamu;29;Bahia;290005;Valença;2902;Santo Antônio de Jesus;-13.9398;-39.1071;fora_do_escopo
2906006;Campo Formoso;29;Bahia;290023;Senhor do Bonfim;2908;Juazeiro;-10.5105;-40.32;fora_do_escopo
2906899;Caraíbas;29;Bahia;290011;Vitória da Conquista;2904;Vitória da Conquista;-14.7177;-41.2603;fora_do_escopo
2909307;Correntina;29;Bahia;290019;Santa Maria da Vitoria;2906;Barreiras;-13.3477;-44.6333;fora_do_escopo
2906709;Cândido Sales;29;Bahia;290011;Vitória da Conquista;2904;Vitória da Conquista;-15.4993;-41.2414;fora_do_escopo
2910206;Dom Macedo Costa;29;Bahia;290003;Santo Antônio de Jesus;2902;Santo Antônio de Jesus;-12.9016;-39.1923;fora_do_escopo
2910305;Elísio Medrado;29;Bahia;290003;Santo Antônio de Jesus;2902;Santo Antônio de Jesus;-12.9417;-39.5191;fora_do_escopo
2910503;Entre Rios;29;Bahia;290002;Alagoinhas;2901;Salvador;-11.9392;-38.0871;fora_do_escopo
2911105;Formosa do Rio Preto;29;Bahia;290018;Barreiras;2906;Barreiras;-11.0328;-45.193;fora_do_escopo
2911402;Glória;29;Bahia;290024;Paulo Afonso;2909;Paulo Afonso;-9.34382;-38.2544;fora_do_escopo
2911659;Guajeru;29;Bahia;290016;Guanambi;2905;Guanambi;-14.5467;-41.9381;fora_do_escopo
2911857;Heliópolis;29;Bahia;290027;Cícero Dantas;2909;Paulo Afonso;-10.6825;-38.2907;fora_do_escopo
2912103;Ibicaraí;29;Bahia;290007;Ilhéus ¿ Itabuna;2903;Ilhéus ¿ Itabuna;-14.8579;-39.5914;fora_do_escopo
2913804;Ipecaetá;29;Bahia;290029;Feira de Santana;2910;Feira de Santana;-12.3028;-39.3069;fora_do_escopo
2915809;Itambé;29;Bahia;290011;Vitória da Conquista;2904;Vitória da Conquista;-15.2429;-40.63;fora_do_escopo
2916609;Itapitanga;29;Bahia;290007;Ilhéus ¿ Itabuna;2903;Ilhéus ¿ Itabuna;-14.4139;-39.5657;fora_do_escopo
2917300;Ituberá;29;Bahia;290005;Valença;2902;Santo Antônio de Jesus;-13.7249;-39.1481;fora_do_escopo
2917607;Jaguaquara;29;Bahia;290012;Jequié;2904;Vitória da Conquista;-13.5248;-39.964;fora_do_escopo
2917706;Jaguarari;29;Bahia;290023;Senhor do Bonfim;2908;Juazeiro;-10.2569;-40.1999;fora_do_escopo
2919157;Lapão;29;Bahia;290020;Irecê;2907;Irecê;-11.3851;-41.8286;fora_do_escopo
2919926;Madre de Deus;29;Bahia;290001;Salvador;2901;Salvador;-12.7446;-38.6153;fora_do_escopo
2919959;Maetinga;29;Bahia;290011;Vitória da Conquista;2904;Vitória da Conquista;-14.6623;-41.4915;fora_do_escopo
2921708;Morro do Chapéu;29;Bahia;290020;Irecê;2907;Irecê;-11.5488;-41.1565;fora_do_escopo
2922730;Nova Fátima;29;Bahia;290029;Feira de Santana;2910;Feira de Santana;-11.6031;-39.6302;fora_do_escopo
2923001;Nova Viçosa;29;Bahia;290008;Teixeira de Freitas;2903;Ilhéus ¿ Itabuna;-17.8926;-39.3743;fora_do_escopo
2923357;Ourolândia;29;Bahia;290030;Jacobina;2910;Feira de Santana;-10.9578;-41.0756;fora_do_escopo
2924405;Pilão Arcado;29;Bahia;290022;Juazeiro;2908;Juazeiro;-10.0051;-42.4936;fora_do_escopo
2924702;Piripá;29;Bahia;290011;Vitória da Conquista;2904;Vitória da Conquista;-14.9444;-41.7168;fora_do_escopo
2925204;Pojuca;29;Bahia;290001;Salvador;2901;Salvador;-12.4303;-38.3374;fora_do_escopo
2927101;Rodelas;29;Bahia;290024;Paulo Afonso;2909;Paulo Afonso;-8.85021;-38.78;fora_do_escopo
2927408;Salvador;29;Bahia;290001;Salvador;2901;Salvador;-12.9718;-38.5011;fora_do_escopo
2927606;Santa Brígida;29;Bahia;290024;Paulo Afonso;2909;Paulo Afonso;-9.73227;-38.1209;fora_do_escopo
2927804;Santa Cruz da Vitória;29;Bahia;290007;Ilhéus ¿ Itabuna;2903;Ilhéus ¿ Itabuna;-14.964;-39.8115;fora_do_escopo
2929800;Saúde;29;Bahia;290030;Jacobina;2910;Feira de Santana;-10.9428;-40.4155;fora_do_escopo
2930600;Serrolândia;29;Bahia;290030;Jacobina;2910;Feira de Santana;-11.4085;-40.2983;fora_do_escopo
2929701;Sátiro Dias;29;Bahia;290002;Alagoinhas;2901;Salvador;-11.5929;-38.5938;fora_do_escopo
2931509;Teofilândia;29;Bahia;290033;Serrinha;2910;Feira de Santana;-11.4827;-38.9913;fora_do_escopo
2932705;Uruçuca;29;Bahia;290007;Ilhéus ¿ Itabuna;2903;Ilhéus ¿ Itabuna;-14.5963;-39.2851;fora_do_escopo
2933174;Varzedo;29;Bahia;290003;Santo Antônio de Jesus;2902;Santo Antônio de Jesus;-12.9672;-39.3919;fora_do_escopo
2933406;Wagner;29;Bahia;290031;Itaberaba;2910;Feira de Santana;-12.2819;-41.1715;fora_do_escopo
3100401;Acaiaca;31;Minas Gerais;310030;Ponte Nova;3106;Juíz de Fora;-20.359;-43.1439;nao_atendido
3101409;Albertina;31;Minas Gerais;310050;Pouso Alegre;3109;Pouso Alegre;-22.2018;-46.6139;nao_atendido
3103702;Araponga;31;Minas Gerais;310033;Viçosa;3106;Juíz de Fora;-20.6686;-42.5178;nao_atendido
3103751;Araporã;31;Minas Gerais;310059;Uberlândia;3111;Uberlândia;-18.4357;-49.1847;nao_atendido
3103801;Arapuá;31;Minas Gerais;310062;Patos de Minas;3112;Patos de Minas;-19.0268;-46.1484;nao_atendido
3103405;Araçuaí;31;Minas Gerais;310017;Araçuaí;3103;Teófilo Otoni;-16.8523;-42.0637;nao_atendido
3104205;Arcos;31;Minas Gerais;310066;Formiga;3113;Divinópolis;-20.2863;-45.5373;nao_atendido
3104601;Astolfo Dutra;31;Minas Gerais;310032;Cataguases;3106;Juíz de Fora;-21.3184;-42.8572;nao_atendido
3105004;Baldim;31;Minas Gerais;310002;Sete Lagoas;3101;Belo Horizonte;-19.2832;-43.9613;nao_atendido
3106507;Berilo;31;Minas Gerais;310017;Araçuaí;3103;Teófilo Otoni;-16.9567;-42.4606;nao_atendido
3106804;Bias Fortes;31;Minas Gerais;310027;Juiz de Fora;3106;Juíz de Fora;-21.602;-43.7574;nao_atendido
3107208;Bocaina de Minas;31;Minas Gerais;310027;Juiz de Fora;3106;Juíz de Fora;-22.1697;-44.3972;nao_atendido
3107406;Bom Despacho;31;Minas Gerais;310067;Dores do Indaiá;3113;Divinópolis;-19.7386;-45.2622;nao_atendido
3108404;Botelhos;31;Minas Gerais;310051;Poços de Caldas;3109;Pouso Alegre;-21.6412;-46.391;nao_atendido
3109907;Caetanópolis;31;Minas Gerais;310002;Sete Lagoas;3101;Belo Horizonte;-19.2971;-44.4189;nao_atendido
3110608;Cambuí;31;Minas Gerais;310050;Pouso Alegre;3109;Pouso Alegre;-22.6115;-46.0572;nao_atendido
3110806;Campanário;31;Minas Gerais;310013;Teófilo Otoni;3103;Teófilo Otoni;-18.2427;-41.7355;nao_atendido
3111150;Campo Azul;31;Minas Gerais;310006;Montes Claros;3102;Montes Claros;-16.5028;-44.8096;nao_atendido
3111804;Canápolis;31;Minas Gerais;310059;Uberlândia;3111;Uberlândia;-18.7212;-49.2035;nao_atendido
3112653;Capitão Andrade;31;Minas Gerais;310020;Governador Valadares;3104;Governador Valadares;-19.0748;-41.8614;nao_atendido
3113107;Caranaíba;31;Minas Gerais;310038;Conselheiro Lafaiete;3107;Barbacena;-20.8707;-43.7417;nao_atendido
3115805;Centralina;31;Minas Gerais;310059;Uberlândia;3111;Uberlândia;-18.5852;-49.2014;nao_atendido
3116159;Chapada Gaúcha;31;Minas Gerais;310011;São Francisco;3102;Montes Claros;-15.3014;-45.6116;nao_atendido
3116100;Chapada do Norte;31;Minas Gerais;310014;Capelinha;3103;Teófilo Otoni;-17.0881;-42.5392;nao_atendido
3116407;Claraval;31;Minas Gerais;310041;Passos;3108;Varginha;-20.397;-47.2768;nao_atendido
3117900;Congonhal;31;Minas Gerais;310050;Pouso Alegre;3109;Pouso Alegre;-22.1488;-46.043;nao_atendido
3118700;Coqueiral;31;Minas Gerais;310046;Três Pontas - Boa Esperança;3108;Varginha;-21.1858;-45.4366;nao_atendido
3118908;Cordisburgo;31;Minas Gerais;310002;Sete Lagoas;3101;Belo Horizonte;-19.1224;-44.3224;nao_atendido
3119104;Corinto;31;Minas Gerais;310004;Curvelo;3101;Belo Horizonte;-18.369;-44.4542;nao_atendido
3119203;Coroaci;31;Minas Gerais;310020;Governador Valadares;3104;Governador Valadares;-18.6156;-42.2791;nao_atendido
3120151;Crisólita;31;Minas Gerais;310019;Águas Formosas;3103;Teófilo Otoni;-17.2381;-40.9184;nao_atendido
3120003;Córrego Novo;31;Minas Gerais;310025;Caratinga;3105;Ipatinga;-19.8361;-42.3988;nao_atendido
3121209;Delfinópolis;31;Minas Gerais;310041;Passos;3108;Varginha;-20.3468;-46.8456;nao_atendido
3121704;Diogo de Vasconcelos;31;Minas Gerais;310030;Ponte Nova;3106;Juíz de Fora;-20.4879;-43.1953;nao_atendido
3122454;Divisópolis;31;Minas Gerais;310018;Pedra Azul;3103;Teófilo Otoni;-15.7254;-40.9997;nao_atendido
3122504;Dom Cavati;31;Minas Gerais;310024;Ipatinga;3105;Ipatinga;-19.3735;-42.1121;nao_atendido
3123403;Doresópolis;31;Minas Gerais;310049;Piumhi;3108;Varginha;-20.2868;-45.9007;nao_atendido
3123809;Engenheiro Navarro;31;Minas Gerais;310006;Montes Claros;3102;Montes Claros;-17.2831;-43.947;nao_atendido
3123908;Entre Rios de Minas;31;Minas Gerais;310038;Conselheiro Lafaiete;3107;Barbacena;-20.6706;-44.0654;nao_atendido
3125101;Extrema;31;Minas Gerais;310050;Pouso Alegre;3109;Pouso Alegre;-22.854;-46.3178;nao_atendido
3126802;Frei Gaspar;31;Minas Gerais;310013;Teófilo Otoni;3103;Teófilo Otoni;-18.0709;-41.4325;nao_atendido
3127073;Fruta de Leite;31;Minas Gerais;310008;Salinas;3102;Montes Claros;-16.1225;-42.5288;nao_atendido
3128501;Guarará;31;Minas Gerais;310035;São João Nepomuceno - Bicas;3106;Juíz de Fora;-21.7304;-43.0334;nao_atendido
3128907;Guimarânia;31;Minas Gerais;310064;Patrocínio;3112;Patos de Minas;-18.8425;-46.7901;nao_atendido
3129608;Ibiaí;31;Minas Gerais;310010;Pirapora;3102;Montes Claros;-16.8591;-44.9046;nao_atendido
3129707;Ibiraci;31;Minas Gerais;310041;Passos;3108;Varginha;-20.4611;-47.1222;nao_atendido
3129509;Ibiá;31;Minas Gerais;310056;Araxá;3110;Uberaba;-19.4749;-46.5474;nao_atendido
3131109;Inimutaba;31;Minas Gerais;310004;Curvelo;3101;Belo Horizonte;-18.7271;-44.3584;nao_atendido
3134004;Itinga;31;Minas Gerais;310017;Araçuaí;3103;Teófilo Otoni;-16.61;-41.7672;nao_atendido
3134103;Itueta;31;Minas Gerais;310023;Aimorés - Resplendor;3104;Governador Valadares;-19.3999;-41.1746;nao_atendido
3134509;Itutinga;31;Minas Gerais;310043;Lavras;3108;Varginha;-21.3;-44.6567;nao_atendido
3136405;Joaquim Felício;31;Minas Gerais;310006;Montes Claros;3102;Montes Claros;-17.758;-44.1643;nao_atendido
3137502;Lagoa Formosa;31;Minas Gerais;310062;Patos de Minas;3112;Patos de Minas;-18.7715;-46.4012;nao_atendido
3138625;Limeira do Oeste;31;Minas Gerais;310058;Iturama;3110;Uberaba;-19.5512;-50.5815;nao_atendido
3139003;Machado;31;Minas Gerais;310042;Alfenas;3108;Varginha;-21.6778;-45.9219;nao_atendido
3139250;Mamonas;31;Minas Gerais;310012;Espinosa;3102;Montes Claros;-15.0479;-42.9469;nao_atendido
3140100;Marilac;31;Minas Gerais;310020;Governador Valadares;3104;Governador Valadares;-18.5079;-42.0822;nao_atendido
3140852;Matias Cardoso;31;Minas Gerais;310007;Janaúba;3102;Montes Claros;-14.8563;-43.9146;nao_atendido
3143500;Morada Nova de Minas;31;Minas Gerais;310070;Abaeté;3113;Divinópolis;-18.5998;-45.3584;nao_atendido
3144409;Natércia;31;Minas Gerais;310050;Pouso Alegre;3109;Pouso Alegre;-22.1158;-45.5123;nao_atendido
3144805;Nova Lima;31;Minas Gerais;310001;Belo Horizonte;3101;Belo Horizonte;-19.9758;-43.8509;nao_atendido
3144904;Nova Módica;31;Minas Gerais;310013;Teófilo Otoni;3103;Teófilo Otoni;-18.4417;-41.4984;nao_atendido
3145877;Orizânia;31;Minas Gerais;310034;Carangola;3106;Juíz de Fora;-20.5142;-42.1991;nao_atendido
3146602;Paiva;31;Minas Gerais;310027;Juiz de Fora;3106;Juíz de Fora;-21.2913;-43.4088;nao_atendido
3147303;Paraisópolis;31;Minas Gerais;310052;Itajubá;3109;Pouso Alegre;-22.5539;-45.7803;nao_atendido
3147402;Paraopeba;31;Minas Gerais;310002;Sete Lagoas;3101;Belo Horizonte;-19.2732;-44.4044;nao_atendido
3147600;Passa Quatro;31;Minas Gerais;310053;São Lourenço;3109;Pouso Alegre;-22.3871;-44.9709;nao_atendido
3148509;Pavão;31;Minas Gerais;310013;Teófilo Otoni;3103;Teófilo Otoni;-17.4267;-41.0035;nao_atendido
3150109;Piau;31;Minas Gerais;310027;Juiz de Fora;3106;Juíz de Fora;-21.5096;-43.313;nao_atendido
3150208;Piedade de Ponte Nova;31;Minas Gerais;310030;Ponte Nova;3106;Juíz de Fora;-20.2438;-42.7379;nao_atendido
3150703;Pirajuba;31;Minas Gerais;310057;Frutal;3110;Uberaba;-19.9092;-48.7027;nao_atendido
3151503;Piumhi;31;Minas Gerais;310049;Piumhi;3108;Varginha;-20.4762;-45.9589;nao_atendido
3152006;Pompéu;31;Minas Gerais;310067;Dores do Indaiá;3113;Divinópolis;-19.2257;-45.0141;nao_atendido
3153103;Presidente Bernardes;31;Minas Gerais;310033;Viçosa;3106;Juíz de Fora;-20.7656;-43.1895;nao_atendido
3153202;Presidente Juscelino;31;Minas Gerais;310004;Curvelo;3101;Belo Horizonte;-18.6401;-44.06;nao_atendido
3154150;Reduto;31;Minas Gerais;310028;Manhuaçu;3106;Juíz de Fora;-20.2401;-41.9848;nao_atendido
3154200;Resende Costa;31;Minas Gerais;310039;São João del Rei;3107;Barbacena;-20.9171;-44.2407;nao_atendido
3155603;Rio Pardo de Minas;31;Minas Gerais;310008;Salinas;3102;Montes Claros;-15.616;-42.5405;nao_atendido
3157252;Santa Bárbara do Leste;31;Minas Gerais;310025;Caratinga;3105;Ipatinga;-19.9753;-42.1457;nao_atendido
3157401;Santa Cruz do Escalvado;31;Minas Gerais;310030;Ponte Nova;3106;Juíz de Fora;-20.2372;-42.8169;nao_atendido
3159308;Santa Rita de Jacutinga;31;Minas Gerais;310027;Juiz de Fora;3106;Juíz de Fora;-22.1474;-44.0977;nao_atendido
3158300;Santana da Vargem;31;Minas Gerais;310046;Três Pontas - Boa Esperança;3108;Varginha;-21.2449;-45.5005;nao_atendido
3158904;Santana do Manhuaçu;31;Minas Gerais;310028;Manhuaçu;3106;Juíz de Fora;-20.1031;-41.9278;nao_atendido
3160009;Santo Antônio do Aventureiro;31;Minas Gerais;310036;Além Paraíba;3106;Juíz de Fora;-21.7606;-42.8115;nao_atendido
3160702;Santos Dumont;31;Minas Gerais;310027;Juiz de Fora;3106;Juíz de Fora;-21.4634;-43.5499;nao_atendido
3165578;Senador Amaral;31;Minas Gerais;310050;Pouso Alegre;3109;Pouso Alegre;-22.5869;-46.1763;nao_atendido
3166303;Sericita;31;Minas Gerais;310030;Ponte Nova;3106;Juíz de Fora;-20.4748;-42.4828;nao_atendido
3166808;Serra do Salitre;31;Minas Gerais;310064;Patrocínio;3112;Patos de Minas;-19.1083;-46.6961;nao_atendido
3166956;Serranópolis de Minas;31;Minas Gerais;310007;Janaúba;3102;Montes Claros;-15.8176;-42.8732;nao_atendido
3167806;Soledade de Minas;31;Minas Gerais;310053;São Lourenço;3109;Pouso Alegre;-22.0554;-45.0464;nao_atendido
3161403;São Francisco do Glória;31;Minas Gerais;310031;Muriaé;3106;Juíz de Fora;-20.7923;-42.2673;nao_atendido
3161056;São Félix de Minas;31;Minas Gerais;310022;Mantena;3104;Governador Valadares;-18.5959;-41.4889;nao_atendido
3162948;São José da Barra;31;Minas Gerais;310041;Passos;3108;Varginha;-20.7178;-46.313;nao_atendido
3163003;São José da Safira;31;Minas Gerais;310020;Governador Valadares;3104;Governador Valadares;-18.3243;-42.1431;nao_atendido
3162203;São João Batista do Glória;31;Minas Gerais;310041;Passos;3108;Varginha;-20.635;-46.508;nao_atendido
3162500;São João del Rei;31;Minas Gerais;310039;São João del Rei;3107;Barbacena;-21.1311;-44.2526;nao_atendido
3162575;São João do Manteninha;31;Minas Gerais;310022;Mantena;3104;Governador Valadares;-18.723;-41.1628;nao_atendido
3162609;São João do Oriente;31;Minas Gerais;310024;Ipatinga;3105;Ipatinga;-19.3384;-42.1575;nao_atendido
3163706;São Lourenço;31;Minas Gerais;310053;São Lourenço;3109;Pouso Alegre;-22.1166;-45.0506;nao_atendido
3163805;São Miguel do Anta;31;Minas Gerais;310033;Viçosa;3106;Juíz de Fora;-20.7067;-42.7174;nao_atendido
3168408;Tarumirim;31;Minas Gerais;310020;Governador Valadares;3104;Governador Valadares;-19.2835;-42.0097;nao_atendido
3168507;Teixeiras;31;Minas Gerais;310033;Viçosa;3106;Juíz de Fora;-20.6561;-42.8564;nao_atendido
3170578;Vargem Alegre;31;Minas Gerais;310025;Caratinga;3105;Ipatinga;-19.5988;-42.2949;nao_atendido
3172103;Volta Grande;31;Minas Gerais;310036;Além Paraíba;3106;Juíz de Fora;-21.7671;-42.5375;nao_atendido
3200706;Atílio Vivácqua;32;Espírito Santo;320007;Cachoeiro de Itapemirim;3204;Cachoeiro do Itapemirim;-20.913;-41.1986;nao_atendido
3201001;Boa Esperança;32;Espírito Santo;320003;São Mateus;3202;São Mateus;-18.5395;-40.3025;nao_atendido
3202009;Dores do Rio Preto;32;Espírito Santo;320008;Alegre;3204;Cachoeiro do Itapemirim;-20.6931;-41.8405;nao_atendido
3202900;Itarana;32;Espírito Santo;320002;Afonso Cláudio - Venda Nova do Imigrante - Santa Maria de Jetibá;3201;Vitória;-19.875;-40.8753;nao_atendido
3204203;Piúma;32;Espírito Santo;320001;Vitória;3201;Vitória;-20.8334;-40.7268;nao_atendido
3204252;Ponto Belo;32;Espírito Santo;320003;São Mateus;3202;São Mateus;-18.1253;-40.5458;nao_atendido
3205101;Viana;32;Espírito Santo;320001;Vitória;3201;Vitória;-20.3825;-40.4933;nao_atendido
3205200;Vila Velha;32;Espírito Santo;320001;Vitória;3201;Vitória;-20.3417;-40.2875;nao_atendido
3300258;Arraial do Cabo;33;Rio de Janeiro;330013;Cabo Frio;3305;Macaé - Rio das Ostras - Cabo Frio;-22.9774;-42.0267;nao_atendido
3301157;Cardoso Moreira;33;Rio de Janeiro;330010;Campos dos Goytacazes;3304;Campos dos Goytacazes;-21.4846;-41.6165;nao_atendido
3301207;Carmo;33;Rio de Janeiro;330008;Nova Friburgo;3303;Petrópolis;-21.931;-42.6046;nao_atendido
3301876;Iguaba Grande;33;Rio de Janeiro;330013;Cabo Frio;3305;Macaé - Rio das Ostras - Cabo Frio;-22.8495;-42.2299;nao_atendido
3303708;Paraíba do Sul;33;Rio de Janeiro;330009;Três Rios - Paraíba do Sul;3303;Petrópolis;-22.1585;-43.304;nao_atendido
3305703;Sumidouro;33;Rio de Janeiro;330008;Nova Friburgo;3303;Petrópolis;-22.0485;-42.6761;nao_atendido
3304904;São Gonçalo;33;Rio de Janeiro;330001;Rio de Janeiro;3301;Rio de Janeiro;-22.8268;-43.0634;nao_atendido
3305901;Trajano de Moraes;33;Rio de Janeiro;330008;Nova Friburgo;3303;Petrópolis;-22.0638;-42.0643;nao_atendido
3501707;Américo Brasiliense;35;São Paulo;350036;Araraquara;3509;Araraquara;-21.7288;-48.1147;nao_atendido
3502101;Andradina;35;São Paulo;350024;Andradina;3506;Araçatuba;-20.8948;-51.3786;nao_atendido
3502200;Angatuba;35;São Paulo;350006;Itapetininga;3502;Sorocaba;-23.4917;-48.4139;nao_atendido
3502507;Aparecida;35;São Paulo;350052;Guaratinguetá;3511;São José dos Campos;-22.8495;-45.2325;nao_atendido
3503158;Arapeí;35;São Paulo;350053;Cruzeiro;3511;São José dos Campos;-22.6717;-44.4441;nao_atendido
3507308;Boracéia;35;São Paulo;350010;Jaú;3503;Bauru;-22.1926;-48.7808;nao_atendido
3507456;Borebi;35;São Paulo;350009;Bauru;3503;Bauru;-22.5728;-48.9707;nao_atendido
3507902;Brotas;35;São Paulo;350010;Jaú;3503;Bauru;-22.2795;-48.1251;nao_atendido
3508603;Cachoeira Paulista;35;São Paulo;350053;Cruzeiro;3511;São José dos Campos;-22.6665;-45.0154;nao_atendido
3510500;Caraguatatuba;35;São Paulo;350051;Caraguatatuba - Ubatuba - São Sebastião;3511;São José dos Campos;-23.6125;-45.4125;nao_atendido
3511409;Cerqueira César;35;São Paulo;350007;Avaré;3502;Sorocaba;-23.038;-49.1655;nao_atendido
3513603;Cunha;35;São Paulo;350052;Guaratinguetá;3511;São José dos Campos;-23.0731;-44.9576;nao_atendido
3513702;Descalvado;35;São Paulo;350037;São Carlos;3509;Araraquara;-21.9002;-47.6181;nao_atendido
3514007;Dobrada;35;São Paulo;350036;Araraquara;3509;Araraquara;-21.5155;-48.3935;nao_atendido
3514957;Embaúba;35;São Paulo;350026;Catanduva;3507;São José do Rio Preto;-20.9796;-48.8325;nao_atendido
3515129;Emilianópolis;35;São Paulo;350018;Presidente Prudente;3505;Presidente Prudente;-21.8314;-51.4832;nao_atendido
3515350;Euclides da Cunha Paulista;35;São Paulo;350018;Presidente Prudente;3505;Presidente Prudente;-22.5545;-52.5928;nao_atendido
3520004;Igaraçu do Tietê;35;São Paulo;350010;Jaú;3503;Bauru;-22.509;-48.5597;nao_atendido
3521507;Irapuã;35;São Paulo;350025;São José do Rio Preto;3507;São José do Rio Preto;-21.2768;-49.4164;nao_atendido
3522406;Itapeva;35;São Paulo;350004;Itapeva;3502;Sorocaba;-23.9788;-48.8764;nao_atendido
3521804;Itaí;35;São Paulo;350007;Avaré;3502;Sorocaba;-23.4213;-49.092;nao_atendido
3523602;Itirapina;35;São Paulo;350037;São Carlos;3509;Araraquara;-22.2562;-47.8166;nao_atendido
3523701;Itirapuã;35;São Paulo;350033;Franca;3508;Ribeirão Preto;-20.6416;-47.2194;nao_atendido
3525003;Jandira;35;São Paulo;350001;São Paulo;3501;São Paulo;-23.5275;-46.9023;nao_atendido
3525706;José Bonifácio;35;São Paulo;350025;São José do Rio Preto;3507;São José do Rio Preto;-21.0551;-49.6892;nao_atendido
3526308;Lagoinha;35;São Paulo;350050;Taubaté - Pindamonhangaba;3511;São José dos Campos;-23.0846;-45.1944;nao_atendido
3527108;Lins;35;São Paulo;350012;Lins;3503;Bauru;-21.6718;-49.7526;nao_atendido
3527306;Louveira;35;São Paulo;350039;Jundiaí;3510;Campinas;-23.0856;-46.9484;nao_atendido
3527504;Lucianópolis;35;São Paulo;350009;Bauru;3503;Bauru;-22.4294;-49.522;nao_atendido
3527702;Luiziânia;35;São Paulo;350023;Birigui - Penápolis;3506;Araçatuba;-21.6737;-50.3294;nao_atendido
3528106;Macaubal;35;São Paulo;350025;São José do Rio Preto;3507;São José do Rio Preto;-20.8022;-49.9687;nao_atendido
3529104;Marinópolis;35;São Paulo;350028;Jales;3507;São José do Rio Preto;-20.4389;-50.8254;nao_atendido
3528908;Mariápolis;35;São Paulo;350019;Adamantina - Lucélia;3505;Presidente Prudente;-21.7959;-51.1824;nao_atendido
3529500;Mendonça;35;São Paulo;350025;São José do Rio Preto;3507;São José do Rio Preto;-21.1757;-49.5791;nao_atendido
3529609;Meridiano;35;São Paulo;350029;Fernandópolis;3507;São José do Rio Preto;-20.3579;-50.1811;nao_atendido
3529708;Miguelópolis;35;São Paulo;350035;Ituverava;3508;Ribeirão Preto;-20.1796;-48.031;nao_atendido
3530805;Mogi Mirim;35;São Paulo;350043;Mogi Guaçu;3510;Campinas;-22.4332;-46.9532;nao_atendido
3530607;Mogi das Cruzes;35;São Paulo;350001;São Paulo;3501;São Paulo;-23.5208;-46.1854;nao_atendido
3531506;Monte Azul Paulista;35;São Paulo;350032;Barretos;3508;Ribeirão Preto;-20.9065;-48.6387;nao_atendido
3531605;Monte Castelo;35;São Paulo;350020;Dracena;3505;Presidente Prudente;-21.2981;-51.5679;nao_atendido
3531001;Monções;35;São Paulo;350022;Araçatuba;3506;Araçatuba;-20.8509;-50.0975;nao_atendido
3532157;Nantes;35;São Paulo;350018;Presidente Prudente;3505;Presidente Prudente;-22.6156;-51.24;nao_atendido
3532405;Nazaré Paulista;35;São Paulo;350041;Bragança Paulista;3510;Campinas;-23.1747;-46.3983;nao_atendido
3533304;Nova Luzitânia;35;São Paulo;350022;Araçatuba;3506;Araçatuba;-20.856;-50.2617;nao_atendido
3533700;Ocauçu;35;São Paulo;350013;Marília;3504;Marília;-22.438;-49.922;nao_atendido
3535101;Palmares Paulista;35;São Paulo;350026;Catanduva;3507;São José do Rio Preto;-21.0854;-48.8037;nao_atendido
3535200;Palmeira d'Oeste;35;São Paulo;350028;Jales;3507;São José do Rio Preto;-20.4148;-50.7632;nao_atendido
3535507;Paraguaçu Paulista;35;São Paulo;350014;Assis;3504;Marília;-22.4114;-50.5732;nao_atendido
3535903;Paranapuã;35;São Paulo;350028;Jales;3507;São José do Rio Preto;-20.1048;-50.5886;nao_atendido
3537008;Pedregulho;35;São Paulo;350033;Franca;3508;Ribeirão Preto;-20.2535;-47.4775;nao_atendido
3537701;Piacatu;35;São Paulo;350023;Birigui - Penápolis;3506;Araçatuba;-21.5921;-50.6003;nao_atendido
3538303;Piquerobi;35;São Paulo;350021;Presidente Epitácio-Presidente Venceslau;3505;Presidente Prudente;-21.8747;-51.7282;nao_atendido
3538808;Piraju;35;São Paulo;350017;Piraju;3504;Marília;-23.1981;-49.3803;nao_atendido
3539202;Pirapozinho;35;São Paulo;350018;Presidente Prudente;3505;Presidente Prudente;-22.2711;-51.4976;nao_atendido
3540002;Pompéia;35;São Paulo;350013;Marília;3504;Marília;-22.107;-50.176;nao_atendido
3541059;Pratânia;35;São Paulo;350011;Botucatu;3503;Bauru;-22.8112;-48.6636;nao_atendido
3541307;Presidente Epitácio;35;São Paulo;350021;Presidente Epitácio-Presidente Venceslau;3505;Presidente Prudente;-21.7651;-52.1111;nao_atendido
3541505;Presidente Venceslau;35;São Paulo;350021;Presidente Epitácio-Presidente Venceslau;3505;Presidente Prudente;-21.8732;-51.8447;nao_atendido
3541604;Promissão;35;São Paulo;350012;Lins;3503;Bauru;-21.5356;-49.8599;nao_atendido
3541703;Quatá;35;São Paulo;350018;Presidente Prudente;3505;Presidente Prudente;-22.2456;-50.6966;nao_atendido
3542800;Ribeira;35;São Paulo;350004;Itapeva;3502;Sorocaba;-24.6517;-49.0044;nao_atendido
3543204;Ribeirão do Sul;35;São Paulo;350015;Ourinhos;3504;Marília;-22.789;-49.933;nao_atendido
3543600;Rifaina;35;São Paulo;350033;Franca;3508;Ribeirão Preto;-20.0803;-47.4291;nao_atendido
3543709;Rincão;35;São Paulo;350036;Araraquara;3509;Araraquara;-21.5894;-48.0728;nao_atendido
3544202;Riolândia;35;São Paulo;350027;Votuporanga;3507;São José do Rio Preto;-19.9868;-49.6836;nao_atendido
3544509;Rubinéia;35;São Paulo;350030;Santa Fé do Sul;3507;São José do Rio Preto;-20.1759;-51.007;nao_atendido
3545001;Salesópolis;35;São Paulo;350001;São Paulo;3501;São Paulo;-23.5288;-45.8465;nao_atendido
3546108;Santa Clara d'Oeste;35;São Paulo;350030;Santa Fé do Sul;3507;São José do Rio Preto;-20.09;-50.9491;nao_atendido
3546306;Santa Cruz das Palmeiras;35;São Paulo;350044;São João da Boa Vista;3510;Campinas;-21.8235;-47.248;nao_atendido
3546405;Santa Cruz do Rio Pardo;35;São Paulo;350015;Ourinhos;3504;Marília;-22.8988;-49.6354;nao_atendido
3547908;Santo Antônio da Alegria;35;São Paulo;350031;Ribeirão Preto;3508;Ribeirão Preto;-21.0864;-47.1464;nao_atendido
3548609;São Bento do Sapucaí;35;São Paulo;350050;Taubaté - Pindamonhangaba;3511;São José dos Campos;-22.6837;-45.7287;nao_atendido
3549300;São João do Pau d'Alho;35;São Paulo;350020;Dracena;3505;Presidente Prudente;-21.2662;-51.6672;nao_atendido
3552700;Tabatinga;35;São Paulo;350036;Araraquara;3509;Araraquara;-21.7239;-48.6896;nao_atendido
3553500;Tapiraí;35;São Paulo;350003;Sorocaba;3502;Sorocaba;-23.9612;-47.5062;nao_atendido
3554508;Tietê;35;São Paulo;350003;Sorocaba;3502;Sorocaba;-23.1101;-47.7164;nao_atendido
3555604;Uchoa;35;São Paulo;350025;São José do Rio Preto;3507;São José do Rio Preto;-20.9511;-49.1713;nao_atendido
3556008;Urupês;35;São Paulo;350025;São José do Rio Preto;3507;São José do Rio Preto;-21.2032;-49.2931;nao_atendido
3556206;Valinhos;35;São Paulo;350038;Campinas;3510;Campinas;-22.9698;-46.9974;nao_atendido
3557105;Votuporanga;35;São Paulo;350027;Votuporanga;3507;São José do Rio Preto;-20.4237;-49.9781;nao_atendido
3501400;Álvaro de Carvalho;35;São Paulo;350013;Marília;3504;Marília;-22.0841;-49.719;nao_atendido
4102000;Assis Chateaubriand;41;Paraná;410008;Toledo;4103;Cascavel;-24.4168;-53.5213;fora_do_escopo
4103404;Cafeara;41;Paraná;410021;Londrina;4105;Londrina;-22.789;-51.7142;fora_do_escopo
4103800;Cambira;41;Paraná;410023;Apucarana;4105;Londrina;-23.589;-51.5792;fora_do_escopo
4104253;Campo Magro;41;Paraná;410001;Curitiba;4101;Curitiba;-25.3687;-49.4501;fora_do_escopo
4104907;Castro;41;Paraná;410027;Ponta Grossa;4106;Ponta Grossa;-24.7891;-50.0108;fora_do_escopo
4106704;Cruzeiro do Sul;41;Paraná;410019;Paranacity - Colorado;4104;Maringá;-22.9624;-52.1622;fora_do_escopo
4106902;Curitiba;41;Paraná;410001;Curitiba;4101;Curitiba;-25.4195;-49.2646;fora_do_escopo
4108452;Foz do Jordão;41;Paraná;410004;Guarapuava;4102;Guarapuava;-25.7371;-52.1188;fora_do_escopo
4108502;General Carneiro;41;Paraná;410003;União da Vitória;4101;Curitiba;-26.425;-51.3172;fora_do_escopo
4108601;Goioerê;41;Paraná;410015;Campo Mourão;4104;Maringá;-24.1835;-53.0248;fora_do_escopo
4108908;Guairaçá;41;Paraná;410017;Paranavaí;4104;Maringá;-22.932;-52.6906;fora_do_escopo
4110052;Iguatu;41;Paraná;410006;Cascavel;4103;Cascavel;-24.7153;-53.0827;fora_do_escopo
4110078;Imbaú;41;Paraná;410028;Telêmaco Borba;4106;Ponta Grossa;-24.448;-50.7533;fora_do_escopo
4110201;Inácio Martins;41;Paraná;410004;Guarapuava;4102;Guarapuava;-25.5704;-51.0769;fora_do_escopo
4110656;Iracema do Oeste;41;Paraná;410008;Toledo;4103;Cascavel;-24.4262;-53.3528;fora_do_escopo
4110805;Iretama;41;Paraná;410015;Campo Mourão;4104;Maringá;-24.4253;-52.1012;fora_do_escopo
4112504;Jardim Alegre;41;Paraná;410025;Ivaiporã;4105;Londrina;-24.1809;-51.6902;fora_do_escopo
4113452;Lindoeste;41;Paraná;410006;Cascavel;4103;Cascavel;-25.2596;-53.5733;fora_do_escopo
4114500;Manoel Ribas;41;Paraná;410025;Ivaiporã;4105;Londrina;-24.5144;-51.6658;fora_do_escopo
4115002;Marilena;41;Paraná;410017;Paranavaí;4104;Maringá;-22.7336;-53.0402;fora_do_escopo
4115903;Mirador;41;Paraná;410017;Paranavaí;4104;Maringá;-23.255;-52.7761;fora_do_escopo
4116109;Moreira Sales;41;Paraná;410015;Campo Mourão;4104;Maringá;-24.0509;-53.0102;fora_do_escopo
4116208;Morretes;41;Paraná;410002;Paranaguá;4101;Curitiba;-25.4744;-48.8345;fora_do_escopo
4116406;Nossa Senhora das Graças;41;Paraná;410019;Paranacity - Colorado;4104;Maringá;-22.9129;-51.7978;fora_do_escopo
4116505;Nova Aliança do Ivaí;41;Paraná;410017;Paranavaí;4104;Maringá;-23.1763;-52.6032;fora_do_escopo
4117057;Nova Laranjeiras;41;Paraná;410011;Laranjeiras do Sul - Quedas do Iguaçu;4103;Cascavel;-25.3054;-52.5447;fora_do_escopo
4118303;Paranapoema;41;Paraná;410019;Paranacity - Colorado;4104;Maringá;-22.6412;-52.0905;fora_do_escopo
4119657;Pitangueiras;41;Paraná;410021;Londrina;4105;Londrina;-23.2281;-51.5873;fora_do_escopo
4119103;Piên;41;Paraná;410001;Curitiba;4101;Curitiba;-26.0965;-49.4336;fora_do_escopo
4119707;Planaltina do Paraná;41;Paraná;410017;Paranavaí;4104;Maringá;-23.0101;-52.9162;fora_do_escopo
4120200;Porto Rico;41;Paraná;410020;Loanda;4104;Maringá;-22.7747;-53.2677;fora_do_escopo
4121406;Realeza;41;Paraná;410009;Francisco Beltrão;4103;Cascavel;-25.7711;-53.526;fora_do_escopo
4122206;Rio Branco do Sul;41;Paraná;410001;Curitiba;4101;Curitiba;-25.1892;-49.3115;fora_do_escopo
4123600;Santa Inês;41;Paraná;410019;Paranacity - Colorado;4104;Maringá;-22.6376;-51.9024;fora_do_escopo
4124004;Santana do Itararé;41;Paraná;410022;Santo Antônio da Platina;4105;Londrina;-23.7587;-49.6293;fora_do_escopo
4124608;São Carlos do Ivaí;41;Paraná;410017;Paranavaí;4104;Maringá;-23.3158;-52.4761;fora_do_escopo
4127403;Terra Roxa;41;Paraná;410008;Toledo;4103;Cascavel;-24.1575;-54.0988;fora_do_escopo
4201703;Ascurra;42;Santa Catarina;420019;Blumenau;4207;Blumenau;-26.9548;-49.3783;fora_do_escopo
4201950;Balneário Arroio do Silva;42;Santa Catarina;420004;Araranguá;4202;Criciúma;-28.9806;-49.4237;fora_do_escopo
4202099;Barra Bonita;42;Santa Catarina;420009;São Miguel do Oeste;4204;Chapecó;-26.654;-53.44;fora_do_escopo
4202537;Bom Jesus;42;Santa Catarina;420011;Xanxerê;4204;Chapecó;-26.7326;-52.3919;fora_do_escopo
4202453;Bombinhas;42;Santa Catarina;420020;Itajaí;4207;Blumenau;-27.1382;-48.5146;fora_do_escopo
4203600;Campos Novos;42;Santa Catarina;420008;Joaçaba - Herval d'Oeste;4204;Chapecó;-27.4002;-51.2276;fora_do_escopo
4203808;Canoinhas;42;Santa Catarina;420017;Mafra;4206;Joinville;-26.1766;-50.395;fora_do_escopo
4204558;Correia Pinto;42;Santa Catarina;420005;Lages;4203;Lages;-27.5877;-50.3614;fora_do_escopo
4205191;Ermo;42;Santa Catarina;420004;Araranguá;4202;Criciúma;-28.9869;-49.643;fora_do_escopo
4205308;Faxinal dos Guedes;42;Santa Catarina;420011;Xanxerê;4204;Chapecó;-26.8451;-52.2596;fora_do_escopo
4207650;Iporã do Oeste;42;Santa Catarina;420009;São Miguel do Oeste;4204;Chapecó;-26.9854;-53.5355;fora_do_escopo
4207908;Irineópolis;42;Santa Catarina;420017;Mafra;4206;Joinville;-26.242;-50.7957;fora_do_escopo
4208104;Itaiópolis;42;Santa Catarina;420017;Mafra;4206;Joinville;-26.339;-49.9092;fora_do_escopo
4208203;Itajaí;42;Santa Catarina;420020;Itajaí;4207;Blumenau;-26.9101;-48.6705;fora_do_escopo
4208708;Jacinto Machado;42;Santa Catarina;420004;Araranguá;4202;Criciúma;-28.9961;-49.7623;fora_do_escopo
4209904;Lontras;42;Santa Catarina;420022;Rio do Sul;4207;Blumenau;-27.1684;-49.535;fora_do_escopo
4210407;Maracajá;42;Santa Catarina;420004;Araranguá;4202;Criciúma;-28.8463;-49.4605;fora_do_escopo
4210605;Massaranduba;42;Santa Catarina;420016;Joinville;4206;Joinville;-26.6109;-49.0054;fora_do_escopo
4210704;Matos Costa;42;Santa Catarina;420014;Caçador;4205;Caçador;-26.4709;-51.1501;fora_do_escopo
4210803;Meleiro;42;Santa Catarina;420004;Araranguá;4202;Criciúma;-28.8244;-49.6378;fora_do_escopo
4211058;Monte Carlo;42;Santa Catarina;420015;Videira;4205;Caçador;-27.2239;-50.9808;fora_do_escopo
4211256;Morro Grande;42;Santa Catarina;420002;Criciúma;4202;Criciúma;-28.8006;-49.7214;fora_do_escopo
4211405;Nova Erechim;42;Santa Catarina;420007;Chapecó;4204;Chapecó;-26.8982;-52.9066;fora_do_escopo
4211702;Orleans;42;Santa Catarina;420002;Criciúma;4202;Criciúma;-28.3487;-49.2986;fora_do_escopo
4212403;Pedras Grandes;42;Santa Catarina;420003;Tubarão;4202;Criciúma;-28.4339;-49.1949;fora_do_escopo
4213302;Ponte Alta;42;Santa Catarina;420005;Lages;4203;Lages;-27.4835;-50.3764;fora_do_escopo
4213351;Ponte Alta do Norte;42;Santa Catarina;420006;Curitibanos;4203;Lages;-27.1591;-50.4659;fora_do_escopo
4213906;Presidente Castello Branco;42;Santa Catarina;420010;Concórdia;4204;Chapecó;-27.2218;-51.8089;fora_do_escopo
4215604;Santa Rosa de Lima;42;Santa Catarina;420003;Tubarão;4202;Criciúma;-28.0331;-49.133;fora_do_escopo
4215653;Santa Rosa do Sul;42;Santa Catarina;420004;Araranguá;4202;Criciúma;-29.1313;-49.7109;fora_do_escopo
4215687;Santa Terezinha do Progresso;42;Santa Catarina;420012;Maravilha;4204;Chapecó;-26.624;-53.1997;fora_do_escopo
4217501;Seara;42;Santa Catarina;420010;Concórdia;4204;Chapecó;-27.1564;-52.299;fora_do_escopo
4217758;Sul Brasil;42;Santa Catarina;420007;Chapecó;4204;Chapecó;-26.7351;-52.964;fora_do_escopo
4216057;São Cristóvão do Sul;42;Santa Catarina;420006;Curitibanos;4203;Lages;-27.2666;-50.4388;fora_do_escopo
4216701;São José do Cedro;42;Santa Catarina;420009;São Miguel do Oeste;4204;Chapecó;-26.4561;-53.4955;fora_do_escopo
4217105;São Martinho;42;Santa Catarina;420003;Tubarão;4202;Criciúma;-28.1609;-48.9867;fora_do_escopo
4217253;São Pedro de Alcântara;42;Santa Catarina;420001;Florianópolis;4201;Florianópolis;-27.5665;-48.8048;fora_do_escopo
4218509;Treze Tílias;42;Santa Catarina;420008;Joaçaba - Herval d'Oeste;4204;Chapecó;-27.0026;-51.4084;fora_do_escopo
4219002;Urussanga;42;Santa Catarina;420002;Criciúma;4202;Criciúma;-28.518;-49.3238;fora_do_escopo
4219176;Vargem Bonita;42;Santa Catarina;420008;Joaçaba - Herval d'Oeste;4204;Chapecó;-27.0055;-51.7402;fora_do_escopo
4219408;Witmarsum;42;Santa Catarina;420023;Ibirama - Presidente Getúlio;4207;Blumenau;-26.9275;-49.7947;fora_do_escopo
4300554;Alto Alegre;43;Rio Grande do Sul;430025;Passo Fundo;4306;Passo Fundo;-28.7769;-52.9893;fora_do_escopo
4300877;Araricá;43;Rio Grande do Sul;430002;Novo Hamburgo - São Leopoldo;4301;Porto Alegre;-29.6168;-50.9291;fora_do_escopo
4301073;Arroio do Padre;43;Rio Grande do Sul;430009;Pelotas;4302;Pelotas;-31.4389;-52.4246;fora_do_escopo
4301057;Arroio do Sal;43;Rio Grande do Sul;430008;Torres;4301;Porto Alegre;-29.5439;-49.8895;fora_do_escopo
4301404;Arvorezinha;43;Rio Grande do Sul;430031;Soledade;4306;Passo Fundo;-28.8737;-52.1781;fora_do_escopo
4301636;Balneário Pinhal;43;Rio Grande do Sul;430003;Tramandaí - Osório;4301;Porto Alegre;-30.2419;-50.2337;fora_do_escopo
4302659;Brochier;43;Rio Grande do Sul;430007;Montenegro;4301;Porto Alegre;-29.5501;-51.5945;fora_do_escopo
4302709;Butiá;43;Rio Grande do Sul;430006;Charqueadas - Triunfo - São Jerônimo;4301;Porto Alegre;-30.1179;-51.9601;fora_do_escopo
4304408;Canela;43;Rio Grande do Sul;430036;Caxias do Sul;4307;Caxias do Sul;-29.356;-50.8119;fora_do_escopo
4304630;Capão da Canoa;43;Rio Grande do Sul;430003;Tramandaí - Osório;4301;Porto Alegre;-29.7642;-50.0282;fora_do_escopo
4304663;Capão do Leão;43;Rio Grande do Sul;430009;Pelotas;4302;Pelotas;-31.7565;-52.4889;fora_do_escopo
4305207;Cerro Largo;43;Rio Grande do Sul;430024;Cerro Largo;4305;Ijuí;-28.1463;-54.7428;fora_do_escopo
4305603;Colorado;43;Rio Grande do Sul;430028;Carazinho;4306;Passo Fundo;-28.5258;-52.9928;fora_do_escopo
4305702;Condor;43;Rio Grande do Sul;430018;Ijuí;4305;Ijuí;-28.2075;-53.4905;fora_do_escopo
4305934;Coronel Pilar;43;Rio Grande do Sul;430037;Bento Gonçalves;4307;Caxias do Sul;-29.2695;-51.6847;fora_do_escopo
4306072;Cristal do Sul;43;Rio Grande do Sul;430029;Frederico Westphalen;4306;Passo Fundo;-27.452;-53.2422;fora_do_escopo
4306304;David Canabarro;43;Rio Grande do Sul;430030;Marau;4306;Passo Fundo;-28.3849;-51.8482;fora_do_escopo
4306403;Dois Irmãos;43;Rio Grande do Sul;430002;Novo Hamburgo - São Leopoldo;4301;Porto Alegre;-29.5836;-51.0898;fora_do_escopo
4306767;Eldorado do Sul;43;Rio Grande do Sul;430001;Porto Alegre;4301;Porto Alegre;-30.0847;-51.6187;fora_do_escopo
4306957;Entre Rios do Sul;43;Rio Grande do Sul;430026;Erechim;4306;Passo Fundo;-27.5298;-52.7347;fora_do_escopo
4306973;Erebango;43;Rio Grande do Sul;430026;Erechim;4306;Passo Fundo;-27.8544;-52.3005;fora_do_escopo
4309308;Guaíba;43;Rio Grande do Sul;430001;Porto Alegre;4301;Porto Alegre;-30.1086;-51.3233;fora_do_escopo
4310553;Itacurubi;43;Rio Grande do Sul;430014;Santiago;4303;Santa Maria;-28.7913;-55.2447;fora_do_escopo
4310702;Itatiba do Sul;43;Rio Grande do Sul;430026;Erechim;4306;Passo Fundo;-27.3846;-52.4538;fora_do_escopo
4310801;Ivoti;43;Rio Grande do Sul;430002;Novo Hamburgo - São Leopoldo;4301;Porto Alegre;-29.5995;-51.1533;fora_do_escopo
4311502;Lavras do Sul;43;Rio Grande do Sul;430012;São Gabriel - Caçapava do Sul;4303;Santa Maria;-30.8071;-53.8931;fora_do_escopo
4311791;Maratá;43;Rio Grande do Sul;430007;Montenegro;4301;Porto Alegre;-29.5457;-51.5573;fora_do_escopo
4312104;Mata;43;Rio Grande do Sul;430011;Santa Maria;4303;Santa Maria;-29.5649;-54.4641;fora_do_escopo
4312138;Mato Castelhano;43;Rio Grande do Sul;430025;Passo Fundo;4306;Passo Fundo;-28.28;-52.1932;fora_do_escopo
4312500;Mostardas;43;Rio Grande do Sul;430001;Porto Alegre;4301;Porto Alegre;-31.1054;-50.9167;fora_do_escopo
4312617;Muitos Capões;43;Rio Grande do Sul;430039;Vacaria;4307;Caxias do Sul;-28.3132;-51.1836;fora_do_escopo
4312807;Nova Araçá;43;Rio Grande do Sul;430038;Nova Prata - Guaporé;4307;Caxias do Sul;-28.6537;-51.7458;fora_do_escopo
4313003;Nova Bréscia;43;Rio Grande do Sul;430043;Encantado;4308;Santa Cruz do Sul - Lajeado;-29.2182;-52.0319;fora_do_escopo
4313201;Nova Petrópolis;43;Rio Grande do Sul;430036;Caxias do Sul;4307;Caxias do Sul;-29.3741;-51.1136;fora_do_escopo
4313086;Nova Pádua;43;Rio Grande do Sul;430036;Caxias do Sul;4307;Caxias do Sul;-29.0275;-51.3098;fora_do_escopo
4314068;Passa Sete;43;Rio Grande do Sul;430042;Sobradinho;4308;Santa Cruz do Sul - Lajeado;-29.4577;-52.9599;fora_do_escopo
4314076;Passo do Sobrado;43;Rio Grande do Sul;430040;Santa Cruz do Sul;4308;Santa Cruz do Sul - Lajeado;-29.748;-52.2748;fora_do_escopo
4314308;Pejuçara;43;Rio Grande do Sul;430018;Ijuí;4305;Ijuí;-28.4283;-53.6579;fora_do_escopo
4314423;Picada Café;43;Rio Grande do Sul;430036;Caxias do Sul;4307;Caxias do Sul;-29.4464;-51.1367;fora_do_escopo
4314555;Pirapó;43;Rio Grande do Sul;430022;São Luiz Gonzaga;4305;Ijuí;-28.0439;-55.2001;fora_do_escopo
4314605;Piratini;43;Rio Grande do Sul;430009;Pelotas;4302;Pelotas;-31.4473;-53.0973;fora_do_escopo
4315172;Protásio Alves;43;Rio Grande do Sul;430038;Nova Prata - Guaporé;4307;Caxias do Sul;-28.7572;-51.4757;fora_do_escopo
4315354;Quinze de Novembro;43;Rio Grande do Sul;430027;Cruz Alta;4306;Passo Fundo;-28.7466;-53.1011;fora_do_escopo
4315503;Restinga Sêca;43;Rio Grande do Sul;430011;Santa Maria;4303;Santa Maria;-29.8188;-53.3807;fora_do_escopo
4315552;Rio dos Índios;43;Rio Grande do Sul;430035;Nonoai;4306;Passo Fundo;-27.2973;-52.8417;fora_do_escopo
4315909;Rodeio Bonito;43;Rio Grande do Sul;430029;Frederico Westphalen;4306;Passo Fundo;-27.4742;-53.1706;fora_do_escopo
4316105;Ronda Alta;43;Rio Grande do Sul;430025;Passo Fundo;4306;Passo Fundo;-27.7758;-52.8056;fora_do_escopo
4316956;Santa Maria do Herval;43;Rio Grande do Sul;430002;Novo Hamburgo - São Leopoldo;4301;Porto Alegre;-29.4902;-50.9919;fora_do_escopo
4317400;Santiago;43;Rio Grande do Sul;430014;Santiago;4303;Santa Maria;-29.1897;-54.8666;fora_do_escopo
4320008;Sapucaia do Sul;43;Rio Grande do Sul;430001;Porto Alegre;4301;Porto Alegre;-29.8276;-51.145;fora_do_escopo
4320263;Segredo;43;Rio Grande do Sul;430042;Sobradinho;4308;Santa Cruz do Sul - Lajeado;-29.3523;-52.9767;fora_do_escopo
4320321;Senador Salgado Filho;43;Rio Grande do Sul;430019;Santa Rosa;4305;Ijuí;-28.025;-54.5507;fora_do_escopo
4320354;Sentinela do Sul;43;Rio Grande do Sul;430005;Camaquã;4301;Porto Alegre;-30.6107;-51.5862;fora_do_escopo
4318002;São Borja;43;Rio Grande do Sul;430017;São Borja;4304;Uruguaiana;-28.6578;-56.0036;fora_do_escopo
4318440;São Jorge;43;Rio Grande do Sul;430038;Nova Prata - Guaporé;4307;Caxias do Sul;-28.4984;-51.7064;fora_do_escopo
4319711;São Valentim do Sul;43;Rio Grande do Sul;430037;Bento Gonçalves;4307;Caxias do Sul;-29.0451;-51.7684;fora_do_escopo
4321626;Travesseiro;43;Rio Grande do Sul;430041;Lajeado;4308;Santa Cruz do Sul - Lajeado;-29.2977;-52.0532;fora_do_escopo
4321956;Trindade do Sul;43;Rio Grande do Sul;430035;Nonoai;4306;Passo Fundo;-27.5239;-52.8956;fora_do_escopo
4322350;União da Serra;43;Rio Grande do Sul;430038;Nova Prata - Guaporé;4307;Caxias do Sul;-28.7833;-52.0238;fora_do_escopo
4322541;Vale Real;43;Rio Grande do Sul;430036;Caxias do Sul;4307;Caxias do Sul;-29.3919;-51.2559;fora_do_escopo
4322608;Venâncio Aires;43;Rio Grande do Sul;430040;Santa Cruz do Sul;4308;Santa Cruz do Sul - Lajeado;-29.6143;-52.1932;fora_do_escopo
4323358;Vila Lângaro;43;Rio Grande do Sul;430032;Tapejara - Sananduva;4306;Passo Fundo;-28.1062;-52.1438;fora_do_escopo
5000708;Anastácio;50;Mato Grosso do Sul;500012;Aquidauana - Anastácio;5003;Corumbá;-20.4823;-55.8104;fora_do_escopo
5001243;Aral Moreira;50;Mato Grosso do Sul;500008;Ponta Porã;5002;Dourados;-22.9385;-55.6334;fora_do_escopo
5003306;Coxim;50;Mato Grosso do Sul;500004;Coxim;5001;Campo Grande;-18.5013;-54.751;fora_do_escopo
5003702;Dourados;50;Mato Grosso do Sul;500005;Dourados;5002;Dourados;-22.2231;-54.812;fora_do_escopo
5003801;Fátima do Sul;50;Mato Grosso do Sul;500005;Dourados;5002;Dourados;-22.3789;-54.5131;fora_do_escopo
5004403;Inocência;50;Mato Grosso do Sul;500003;Paranaíba - Chapadão do Sul - Cassilândia;5001;Campo Grande;-19.7277;-51.9281;fora_do_escopo
5004502;Itaporã;50;Mato Grosso do Sul;500005;Dourados;5002;Dourados;-22.08;-54.7934;fora_do_escopo
5006309;Paranaíba;50;Mato Grosso do Sul;500003;Paranaíba - Chapadão do Sul - Cassilândia;5001;Campo Grande;-19.6746;-51.1909;fora_do_escopo
5006358;Paranhos;50;Mato Grosso do Sul;500009;Amambai;5002;Dourados;-23.8911;-55.429;fora_do_escopo
5100102;Acorizal;51;Mato Grosso;510001;Cuiabá;5101;Cuiabá;-15.194;-56.3632;fora_do_escopo
5100359;Alto Boa Vista;51;Mato Grosso;510014;Confresa - Vila Rica;5104;Barra do Garças;-11.6732;-51.3883;fora_do_escopo
5100409;Alto Garças;51;Mato Grosso;510016;Rondonópolis;5105;Rondonópolis;-16.9462;-53.5272;fora_do_escopo
5101704;Barra do Bugres;51;Mato Grosso;510002;Tangará da Serra;5101;Cuiabá;-15.0702;-57.1878;fora_do_escopo
5103205;Colíder;51;Mato Grosso;510007;Sinop;5103;Sinop;-10.8135;-55.461;fora_do_escopo
5103353;Confresa;51;Mato Grosso;510014;Confresa - Vila Rica;5104;Barra do Garças;-10.6437;-51.5699;fora_do_escopo
5103437;Curvelândia;51;Mato Grosso;510004;Cáceres;5102;Cáceres;-15.6084;-57.9133;fora_do_escopo
5105309;Luciara;51;Mato Grosso;510014;Confresa - Vila Rica;5104;Barra do Garças;-11.2219;-50.6676;fora_do_escopo
5105606;Matupá;51;Mato Grosso;510011;Peixoto de Azevedo - Guarantã do Norte;5103;Sinop;-10.1821;-54.9467;fora_do_escopo
5106000;Nortelândia;51;Mato Grosso;510003;Diamantino;5101;Cuiabá;-14.454;-56.7945;fora_do_escopo
5106216;Nova Canaã do Norte;51;Mato Grosso;510007;Sinop;5103;Sinop;-10.558;-55.953;fora_do_escopo
5108956;Nova Monte Verde;51;Mato Grosso;510010;Alta Floresta;5103;Sinop;-9.99998;-57.5261;fora_do_escopo
5106240;Nova Ubiratã;51;Mato Grosso;510008;Sorriso;5103;Sinop;-12.9834;-55.2556;fora_do_escopo
5106422;Peixoto de Azevedo;51;Mato Grosso;510011;Peixoto de Azevedo - Guarantã do Norte;5103;Sinop;-10.2262;-54.9794;fora_do_escopo
5107263;Santo Afonso;51;Mato Grosso;510003;Diamantino;5101;Cuiabá;-14.4945;-57.0091;fora_do_escopo
5107859;São Félix do Araguaia;51;Mato Grosso;510014;Confresa - Vila Rica;5104;Barra do Garças;-11.615;-50.6706;fora_do_escopo
5108600;Vila Rica;51;Mato Grosso;510014;Confresa - Vila Rica;5104;Barra do Garças;-10.0137;-51.1186;fora_do_escopo
5200506;Aloândia;52;Goiás;520007;Itumbiara;5202;Itumbiara;-17.7292;-49.4769;fora_do_escopo
5203104;Baliza;52;Goiás;520014;Iporá;5204;São Luís de Montes Belos - Iporá;-16.1966;-52.5393;fora_do_escopo
5203203;Barro Alto;52;Goiás;520018;Ceres - Rialma - Goianésia;5205;Porangatu - Uruaçu;-14.9658;-48.9086;fora_do_escopo
5203807;Britânia;52;Goiás;520005;Goiás - Itapuranga;5201;Goiânia;-15.2428;-51.1602;fora_do_escopo
5204557;Caldazinha;52;Goiás;520001;Goiânia;5201;Goiânia;-16.7117;-49.0013;fora_do_escopo
5204607;Campestre de Goiás;52;Goiás;520015;Palmeiras de Goiás;5204;São Luís de Montes Belos - Iporá;-16.7624;-49.695;fora_do_escopo
5204904;Campos Belos;52;Goiás;520021;Posse-Campos Belos;5206;Luziânia - Águas Lindas de Goiás;-13.035;-46.7681;fora_do_escopo
5204300;Caçu;52;Goiás;520010;Rio Verde;5203;Rio Verde;-18.5594;-51.1328;fora_do_escopo
5205901;Corumbaíba;52;Goiás;520008;Caldas Novas-Morrinhos;5202;Itumbiara;-18.1415;-48.5626;fora_do_escopo
5208152;Gameleira de Goiás;52;Goiás;520002;Anápolis;5201;Goiânia;-16.4854;-48.6454;fora_do_escopo
5208608;Goianésia;52;Goiás;520018;Ceres - Rialma - Goianésia;5205;Porangatu - Uruaçu;-15.3118;-49.1162;fora_do_escopo
5208707;Goiânia;52;Goiás;520001;Goiânia;5201;Goiânia;-16.6864;-49.2643;fora_do_escopo
5210109;Ipameri;52;Goiás;520004;Catalão;5201;Goiânia;-17.7215;-48.1581;fora_do_escopo
5211404;Itauçu;52;Goiás;520003;Inhumas - Itaberaí - Anicuns;5201;Goiânia;-16.2029;-49.6109;fora_do_escopo
5211602;Ivolândia;52;Goiás;520013;São Luís de Montes Belos;5204;São Luís de Montes Belos - Iporá;-16.5995;-50.7921;fora_do_escopo
5211701;Jandaia;52;Goiás;520015;Palmeiras de Goiás;5204;São Luís de Montes Belos - Iporá;-17.0481;-50.1453;fora_do_escopo
5212253;Lagoa Santa;52;Goiás;520010;Rio Verde;5203;Rio Verde;-19.1832;-51.3998;fora_do_escopo
5212501;Luziânia;52;Goiás;520019;Luziânia;5206;Luziânia - Águas Lindas de Goiás;-16.253;-47.95;fora_do_escopo
5212907;Marzagão;52;Goiás;520008;Caldas Novas-Morrinhos;5202;Itumbiara;-17.983;-48.6415;fora_do_escopo
5213756;Montividiu;52;Goiás;520010;Rio Verde;5203;Rio Verde;-17.4439;-51.1728;fora_do_escopo
5215256;Novo Planalto;52;Goiás;520016;Porangatu;5205;Porangatu - Uruaçu;-13.2424;-49.506;fora_do_escopo
5217401;Pires do Rio;52;Goiás;520006;Pires do Rio;5201;Goiânia;-17.3019;-48.2768;fora_do_escopo
5218805;Rio Verde;52;Goiás;520010;Rio Verde;5203;Rio Verde;-17.7923;-50.9192;fora_do_escopo
5219506;Santa Rosa de Goiás;52;Goiás;520002;Anápolis;5201;Goiânia;-16.084;-49.4953;fora_do_escopo
5221577;Uirapuru;52;Goiás;520018;Ceres - Rialma - Goianésia;5205;Porangatu - Uruaçu;-14.2835;-49.9201;fora_do_escopo
5221858;Valparaíso de Goiás;52;Goiás;520019;Luziânia;5206;Luziânia - Águas Lindas de Goiás;-16.0651;-47.9757;fora_do_escopo
5221908;Varjão;52;Goiás;520001;Goiânia;5201;Goiânia;-17.0471;-49.6312;fora_do_escopo
5300108;Brasília;53;Distrito Federal;530001;Distrito Federal;5301;Distrito Federal;-15.7795;-47.9297;fora_do_escopo
3113909;Carmo da Cachoeira;31;Minas Gerais;310045;Três Corações;3108;Varginha;-21.4633;-45.2201;atendido
3118601;Contagem;31;Minas Gerais;310001;Belo Horizonte;3101;Belo Horizonte;-19.9321;-44.0539;atendido
3132206;Itaguara;31;Minas Gerais;310069;Oliveira;3113;Divinópolis;-20.3947;-44.4875;atendido
3136652;Juatuba;31;Minas Gerais;310001;Belo Horizonte;3101;Belo Horizonte;-19.9448;-44.3451;atendido
1101435;Nova União;11;Rondônia;110004;Ji-Paraná;1102;Ji-Paraná;-10.9068;-62.5564;fora_do_escopo
1101492;São Francisco do Guaporé;11;Rondônia;110004;Ji-Paraná;1102;Ji-Paraná;-12.052;-63.568;fora_do_escopo
1200302;Feijó;12;Acre;120005;Tarauacá;1202;Cruzeiro do Sul;-8.17054;-70.351;fora_do_escopo
1200500;Sena Madureira;12;Acre;120003;Sena Madureira;1201;Rio Branco;-9.06596;-68.6571;fora_do_escopo
1300201;Atalaia do Norte;13;Amazonas;130006;Tabatinga;1302;Tefé;-4.37055;-70.1967;fora_do_escopo
1300409;Barcelos;13;Amazonas;130002;São Gabriel da Cachoeira;1301;Manaus;-0.983373;-62.9311;fora_do_escopo
1300805;Borba;13;Amazonas;130001;Manaus;1301;Manaus;-4.39154;-59.5874;fora_do_escopo
1301308;Codajás;13;Amazonas;130003;Coari;1301;Manaus;-3.83053;-62.0658;fora_do_escopo
1301407;Eirunepé;13;Amazonas;130007;Eirunepé;1302;Tefé;-6.65677;-69.8662;fora_do_escopo
1303106;Nova Olinda do Norte;13;Amazonas;130001;Manaus;1301;Manaus;-3.90037;-59.094;fora_do_escopo
1303304;Novo Aripuanã;13;Amazonas;130009;Manicoré;1303;Lábrea;-5.12593;-60.3732;fora_do_escopo
1303536;Presidente Figueiredo;13;Amazonas;130001;Manaus;1301;Manaus;-2.02981;-60.0234;fora_do_escopo
1303957;São Sebastião do Uatumã;13;Amazonas;130011;Itacoatiara;1304;Parintins;-2.55915;-57.8731;fora_do_escopo
1304062;Tabatinga;13;Amazonas;130006;Tabatinga;1302;Tefé;-4.2416;-69.9383;fora_do_escopo
1304203;Tefé;13;Amazonas;130005;Tefé;1302;Tefé;-3.36822;-64.7193;fora_do_escopo
1304302;Urucará;13;Amazonas;130011;Itacoatiara;1304;Parintins;-2.52936;-57.7538;fora_do_escopo
1400050;Alto Alegre;14;Roraima;140001;Boa Vista;1401;Boa Vista;2.98858;-61.3072;fora_do_escopo
1400233;Caroebe;14;Roraima;140003;Rorainópolis;1402;Rorainópolis - Caracaraí;0.884203;-59.6959;fora_do_escopo
1500107;Abaetetuba;15;Pará;150003;Abaetetuba;1501;Belém;-1.72183;-48.8788;fora_do_escopo
1500206;Acará;15;Pará;150001;Belém;1501;Belém;-1.95383;-48.1985;fora_do_escopo
1500602;Altamira;15;Pará;150018;Altamira;1506;Altamira;-3.20407;-52.21;fora_do_escopo
1500859;Anapu;15;Pará;150018;Altamira;1506;Altamira;-3.46985;-51.2003;fora_do_escopo
1501501;Benevides;15;Pará;150001;Belém;1501;Belém;-1.36183;-48.2434;fora_do_escopo
1501758;Brejo Grande do Araguaia;15;Pará;150009;Marabá;1503;Marabá;-5.69822;-48.4103;fora_do_escopo
1502103;Cametá;15;Pará;150002;Cametá;1501;Belém;-2.24295;-49.4979;fora_do_escopo
1503077;Garrafão do Norte;15;Pará;150008;Capitão Poço;1502;Castanhal;-1.92986;-47.0505;fora_do_escopo
1503101;Gurupá;15;Pará;150020;Breves;1507;Breves;-1.41412;-51.6338;fora_do_escopo
1503408;Inhangapi;15;Pará;150004;Castanhal;1502;Castanhal;-1.4349;-47.9114;fora_do_escopo
1504703;Moju;15;Pará;150003;Abaetetuba;1501;Belém;-1.88993;-48.7668;fora_do_escopo
1504976;Nova Ipixuna;15;Pará;150009;Marabá;1503;Marabá;-4.91622;-49.0822;fora_do_escopo
1505031;Novo Progresso;15;Pará;150016;Itaituba;1505;Santarém;-7.14347;-55.3786;fora_do_escopo
1505437;Ourilândia do Norte;15;Pará;150013;Tucumã - São Félix do Xingu;1504;Redenção;-6.7529;-51.0858;fora_do_escopo
1505502;Paragominas;15;Pará;150007;Paragominas;1502;Castanhal;-3.00212;-47.3527;fora_do_escopo
1505536;Parauapebas;15;Pará;150010;Parauapebas;1503;Marabá;-6.06781;-49.9037;fora_do_escopo
1505809;Portel;15;Pará;150020;Breves;1507;Breves;-1.93639;-50.8194;fora_do_escopo
1507151;São Domingos do Araguaia;15;Pará;150009;Marabá;1503;Marabá;-5.53732;-48.7366;fora_do_escopo
1507979;Terra Santa;15;Pará;150017;Oriximiná;1505;Santarém;-2.10443;-56.4877;fora_do_escopo
1508050;Trairão;15;Pará;150016;Itaituba;1505;Santarém;-4.57347;-55.9429;fora_do_escopo
1508209;Vigia;15;Pará;150001;Belém;1501;Belém;-0.861194;-48.1386;fora_do_escopo
1600535;Porto Grande;16;Amapá;160004;Porto Grande;1602;Oiapoque - Porto Grande;0.71243;-51.4155;fora_do_escopo
1700400;Almas;17;Tocantins;170011;Dianópolis;1703;Gurupi;-11.5706;-47.1792;fora_do_escopo
1702000;Araguaçu;17;Tocantins;170010;Gurupi;1703;Gurupi;-12.9289;-49.8231;fora_do_escopo
1702109;Araguaína;17;Tocantins;170005;Araguaína;1702;Araguaína;-7.19238;-48.2044;fora_do_escopo
1703602;Brasilândia do Tocantins;17;Tocantins;170007;Colinas do Tocantins;1702;Araguaína;-8.38918;-48.4822;fora_do_escopo
1703826;Cachoeirinha;17;Tocantins;170008;Tocantinópolis;1702;Araguaína;-6.1156;-47.9234;fora_do_escopo
1703842;Campos Lindos;17;Tocantins;170005;Araguaína;1702;Araguaína;-7.98956;-46.8645;fora_do_escopo
1705557;Combinado;17;Tocantins;170011;Dianópolis;1703;Gurupi;-12.7917;-46.5388;fora_do_escopo
1707207;Dois Irmãos do Tocantins;17;Tocantins;170004;Miracema do Tocantins;1701;Palmas;-9.25534;-49.0638;fora_do_escopo
1707652;Figueirópolis;17;Tocantins;170010;Gurupi;1703;Gurupi;-12.1312;-49.1748;fora_do_escopo
1711803;Juarina;17;Tocantins;170007;Colinas do Tocantins;1702;Araguaína;-8.11951;-49.0643;fora_do_escopo
1713304;Miranorte;17;Tocantins;170004;Miracema do Tocantins;1701;Palmas;-9.52907;-48.5922;fora_do_escopo
1715101;Novo Acordo;17;Tocantins;170001;Palmas;1701;Palmas;-9.97063;-47.6785;fora_do_escopo
1713809;Palmeiras do Tocantins;17;Tocantins;170008;Tocantinópolis;1702;Araguaína;-6.61658;-47.5464;fora_do_escopo
1716307;Pau D'Arco;17;Tocantins;170005;Araguaína;1702;Araguaína;-7.53919;-49.367;fora_do_escopo
1717008;Pindorama do Tocantins;17;Tocantins;170002;Porto Nacional;1701;Palmas;-11.1311;-47.5726;fora_do_escopo
1717800;Ponte Alta do Bom Jesus;17;Tocantins;170011;Dianópolis;1703;Gurupi;-12.0853;-46.4825;fora_do_escopo
1718204;Porto Nacional;17;Tocantins;170002;Porto Nacional;1701;Palmas;-10.7027;-48.408;fora_do_escopo
1718899;Santa Rita do Tocantins;17;Tocantins;170002;Porto Nacional;1701;Palmas;-10.8617;-48.9161;fora_do_escopo
1718907;Santa Rosa do Tocantins;17;Tocantins;170002;Porto Nacional;1701;Palmas;-11.4474;-48.1216;fora_do_escopo
1720101;São Bento do Tocantins;17;Tocantins;170009;Araguatins;1702;Araguaína;-6.0258;-47.9012;fora_do_escopo
2100105;Afonso Cunha;21;Maranhão;210013;Caxias;2103;Caxias;-4.13631;-43.3275;fora_do_escopo
2100873;Araguanã;21;Maranhão;210009;Santa Inês;2102;Santa Inês - Bacabal;-2.94644;-45.6589;fora_do_escopo
2100956;Arame;21;Maranhão;210020;Barra do Corda;2105;Imperatriz;-4.88347;-46.0032;fora_do_escopo
2101103;Axixá;21;Maranhão;210001;São Luís;2101;São Luís;-2.83939;-44.062;fora_do_escopo
2100055;Açailândia;21;Maranhão;210021;Açailândia;2105;Imperatriz;-4.94714;-47.5004;fora_do_escopo
2101772;Bela Vista do Maranhão;21;Maranhão;210009;Santa Inês;2102;Santa Inês - Bacabal;-3.72618;-45.3075;fora_do_escopo
2101970;Boa Vista do Gurupi;21;Maranhão;210011;Governador Nunes Freire;2102;Santa Inês - Bacabal;-1.77614;-46.3002;fora_do_escopo
2102556;Campestre do Maranhão;21;Maranhão;210019;Imperatriz;2105;Imperatriz;-6.17075;-47.3625;fora_do_escopo
2103000;Caxias;21;Maranhão;210013;Caxias;2103;Caxias;-4.86505;-43.3617;fora_do_escopo
2103406;Coelho Neto;21;Maranhão;210013;Caxias;2103;Caxias;-4.25245;-43.0108;fora_do_escopo
2103802;Dom Pedro;21;Maranhão;210016;Presidente Dutra;2104;Presidente Dutra;-5.03518;-44.4409;fora_do_escopo
2103901;Duque Bacelar;21;Maranhão;210013;Caxias;2103;Caxias;-4.15002;-42.9477;fora_do_escopo
2104081;Fernando Falcão;21;Maranhão;210020;Barra do Corda;2105;Imperatriz;-6.16207;-44.8979;fora_do_escopo
2105005;Humberto de Campos;21;Maranhão;210006;Barreirinhas;2101;São Luís;-2.59828;-43.4649;fora_do_escopo
2105922;Lagoa do Mato;21;Maranhão;210017;São João dos Patos;2104;Presidente Dutra;-6.05023;-43.5333;fora_do_escopo
2106607;Matões;21;Maranhão;210014;Timon;2103;Caxias;-5.51359;-43.2018;fora_do_escopo
2107308;Nova Iorque;21;Maranhão;210017;São João dos Patos;2104;Presidente Dutra;-6.73047;-44.0471;fora_do_escopo
2107605;Palmeirândia;21;Maranhão;210002;Pinheiro;2101;São Luís;-2.64433;-44.8933;fora_do_escopo
2107803;Parnarama;21;Maranhão;210014;Timon;2103;Caxias;-5.67365;-43.1011;fora_do_escopo
2108306;Penalva;21;Maranhão;210005;Viana;2101;São Luís;-3.27674;-45.1768;fora_do_escopo
2108405;Peri Mirim;21;Maranhão;210002;Pinheiro;2101;São Luís;-2.57676;-44.8504;fora_do_escopo
2108801;Pirapemas;21;Maranhão;210004;Itapecuru Mirim;2101;São Luís;-3.72041;-44.2216;fora_do_escopo
2110203;Santa Rita;21;Maranhão;210001;São Luís;2101;São Luís;-3.14241;-44.3211;fora_do_escopo
2111789;Serrano do Maranhão;21;Maranhão;210008;Cururupu;2101;São Luís;-1.85229;-45.1207;fora_do_escopo
2110401;São Benedito do Rio Preto;21;Maranhão;210003;Chapadinha;2101;São Luís;-3.33515;-43.5287;fora_do_escopo
2111532;São Pedro da Água Branca;21;Maranhão;210019;Imperatriz;2105;Imperatriz;-5.08472;-48.4291;fora_do_escopo
2112100;Timbiras;21;Maranhão;210015;Codó;2103;Caxias;-4.25597;-43.932;fora_do_escopo
2112209;Timon;21;Maranhão;210014;Timon;2103;Caxias;-5.09769;-42.8329;fora_do_escopo
2112274;Tufilândia;21;Maranhão;210009;Santa Inês;2102;Santa Inês - Bacabal;-3.67355;-45.6238;fora_do_escopo
2112852;Vila Nova dos Martírios;21;Maranhão;210019;Imperatriz;2105;Imperatriz;-5.18889;-48.1336;fora_do_escopo
2100154;Água Doce do Maranhão;21;Maranhão;210007;Tutóia - Araioses;2101;São Luís;-2.84048;-42.1189;fora_do_escopo
2201606;Beneditinos;22;Piauí;220001;Teresina;2201;Teresina;-5.45676;-42.3638;fora_do_escopo
2201705;Bertolínia;22;Piauí;220018;Uruçuí;2206;Floriano;-7.63338;-43.9498;fora_do_escopo
2201945;Boqueirão do Piauí;22;Piauí;220003;Campo Maior;2201;Teresina;-4.48181;-42.1212;fora_do_escopo
2202026;Buriti dos Montes;22;Piauí;220003;Campo Maior;2201;Teresina;-5.30584;-41.0933;fora_do_escopo
2202109;Campinas do Piauí;22;Piauí;220012;Simplício Mendes;2203;Picos;-7.6593;-41.8775;fora_do_escopo
2202455;Capitão Gervásio Oliveira;22;Piauí;220014;São João do Piauí;2204;São Raimundo Nonato;-8.49655;-41.814;fora_do_escopo
2202604;Castelo do Piauí;22;Piauí;220003;Campo Maior;2201;Teresina;-5.31869;-41.5499;fora_do_escopo
2202711;Cocal de Telha;22;Piauí;220003;Campo Maior;2201;Teresina;-4.5571;-41.9587;fora_do_escopo
2202778;Colônia do Piauí;22;Piauí;220011;Oeiras;2203;Picos;-7.22651;-42.1756;fora_do_escopo
2202851;Coronel José Dias;22;Piauí;220013;São Raimundo Nonato;2204;São Raimundo Nonato;-8.81397;-42.5232;fora_do_escopo
2203420;Domingos Mourão;22;Piauí;220007;Piripiri;2202;Parnaíba;-4.2495;-41.2683;fora_do_escopo
2203750;Fartura do Piauí;22;Piauí;220013;São Raimundo Nonato;2204;São Raimundo Nonato;-9.48342;-42.7912;fora_do_escopo
2203859;Floresta do Piauí;22;Piauí;220011;Oeiras;2203;Picos;-7.46682;-41.7883;fora_do_escopo
2203909;Floriano;22;Piauí;220017;Floriano;2206;Floriano;-6.77182;-43.0241;fora_do_escopo
2204303;Fronteiras;22;Piauí;220009;Picos;2203;Picos;-7.08173;-40.6146;fora_do_escopo
2205250;Jardim do Mulato;22;Piauí;220002;Amarante - Água Branca - Regeneração;2201;Teresina;-6.099;-42.63;fora_do_escopo
2205524;Júlio Borges;22;Piauí;220015;Corrente;2205;Corrente - Bom Jesus;-10.3225;-44.2381;fora_do_escopo
2205573;Lagoa de São Francisco;22;Piauí;220007;Piripiri;2202;Parnaíba;-4.38505;-41.5969;fora_do_escopo
2206506;Monsenhor Hipólito;22;Piauí;220009;Picos;2203;Picos;-6.99275;-41.026;fora_do_escopo
2206670;Morro do Chapéu do Piauí;22;Piauí;220008;Esperantina;2202;Parnaíba;-3.73337;-42.3024;fora_do_escopo
2207934;Pedro Laurentino;22;Piauí;220014;São João do Piauí;2204;São Raimundo Nonato;-8.06807;-42.2847;fora_do_escopo
2208403;Piripiri;22;Piauí;220007;Piripiri;2202;Parnaíba;-4.27157;-41.7716;fora_do_escopo
2208551;Porto Alegre do Piauí;22;Piauí;220017;Floriano;2206;Floriano;-6.96423;-44.1837;fora_do_escopo
2208700;Redenção do Gurguéia;22;Piauí;220016;Bom Jesus;2205;Corrente - Bom Jesus;-9.47937;-44.5811;fora_do_escopo
2208809;Regeneração;22;Piauí;220002;Amarante - Água Branca - Regeneração;2201;Teresina;-6.23115;-42.6842;fora_do_escopo
2208858;Riacho Frio;22;Piauí;220015;Corrente;2205;Corrente - Bom Jesus;-10.1244;-44.9503;fora_do_escopo
2209856;São João da Canabrava;22;Piauí;220009;Picos;2203;Picos;-6.81203;-41.3415;fora_do_escopo
2209955;São João da Varjota;22;Piauí;220011;Oeiras;2203;Picos;-6.94082;-41.8889;fora_do_escopo
2210391;São Miguel do Fidalgo;22;Piauí;220011;Oeiras;2203;Picos;-7.59713;-42.3676;fora_do_escopo
2210979;Tanque do Piauí;22;Piauí;220011;Oeiras;2203;Picos;-6.59787;-42.2795;fora_do_escopo
2300408;Aiuaba;23;Ceará;230011;Juazeiro do Norte;2304;Juazeiro do Norte;-6.57122;-40.1178;fora_do_escopo
2301208;Aracoiaba;23;Ceará;230003;Redenção-Acarape;2301;Fortaleza;-4.36872;-38.8125;fora_do_escopo
2302602;Camocim;23;Ceará;230018;Camocim;2306;Sobral;-2.9005;-40.8544;fora_do_escopo
2304509;Frecheirinha;23;Ceará;230015;Sobral;2306;Sobral;-3.75557;-40.818;fora_do_escopo
2304806;Granjeiro;23;Ceará;230011;Juazeiro do Norte;2304;Juazeiro do Norte;-6.88134;-39.2144;fora_do_escopo
2305654;Ipaporanga;23;Ceará;230013;Crateús;2305;Crateús;-4.89764;-40.7537;fora_do_escopo
2305803;Ipu;23;Ceará;230016;São Benedito - Ipu - Guaraciaba do Norte - Tianguá;2306;Sobral;-4.31748;-40.7059;fora_do_escopo
2306009;Iracema;23;Ceará;230007;Russas - Limoeiro do Norte;2302;Quixadá;-5.8124;-38.2919;fora_do_escopo
2306405;Itapipoca;23;Ceará;230002;Itapipoca;2301;Fortaleza;-3.49933;-39.5836;fora_do_escopo
2306603;Itatira;23;Ceará;230004;Canindé;2301;Fortaleza;-4.52608;-39.6202;fora_do_escopo
2307601;Limoeiro do Norte;23;Ceará;230007;Russas - Limoeiro do Norte;2302;Quixadá;-5.14392;-38.0847;fora_do_escopo
2308351;Milhã;23;Ceará;230006;Quixadá;2302;Quixadá;-5.67252;-39.1875;fora_do_escopo
2309102;Mulungu;23;Ceará;230003;Redenção-Acarape;2301;Fortaleza;-4.30294;-38.9951;fora_do_escopo
2309409;Novo Oriente;23;Ceará;230013;Crateús;2305;Crateús;-5.52552;-40.7713;fora_do_escopo
2309805;Pacoti;23;Ceará;230003;Redenção-Acarape;2301;Fortaleza;-4.22492;-38.922;fora_do_escopo
2309904;Pacujá;23;Ceará;230015;Sobral;2306;Sobral;-3.98327;-40.6989;fora_do_escopo
2310704;Pentecoste;23;Ceará;230005;Itapagé;2301;Fortaleza;-3.79274;-39.2692;fora_do_escopo
2312205;Santa Quitéria;23;Ceará;230015;Sobral;2306;Sobral;-4.32608;-40.1523;fora_do_escopo
2312007;Santana do Acaraú;23;Ceará;230015;Sobral;2306;Sobral;-3.46144;-40.2118;fora_do_escopo
2312106;Santana do Cariri;23;Ceará;230011;Juazeiro do Norte;2304;Juazeiro do Norte;-7.17613;-39.7302;fora_do_escopo
2312908;Sobral;23;Ceará;230015;Sobral;2306;Sobral;-3.68913;-40.3482;fora_do_escopo
2312601;São Luís do Curu;23;Ceará;230001;Fortaleza;2301;Fortaleza;-3.66976;-39.2391;fora_do_escopo
2313906;Uruoca;23;Ceará;230015;Sobral;2306;Sobral;-3.30819;-40.5628;fora_do_escopo
2401602;Bento Fernandes;24;Rio Grande do Norte;240001;Natal;2401;Natal;-5.69906;-35.813;fora_do_escopo
2401859;Caiçara do Norte;24;Rio Grande do Norte;240005;João Câmara;2401;Natal;-5.07091;-36.0717;fora_do_escopo
2402303;Caraúbas;24;Rio Grande do Norte;240009;Mossoró;2403;Mossoró;-5.78387;-37.5586;fora_do_escopo
2403301;Encanto;24;Rio Grande do Norte;240010;Pau dos Ferros;2403;Mossoró;-6.10691;-38.3033;fora_do_escopo
2406601;Lagoa Salgada;24;Rio Grande do Norte;240001;Natal;2401;Natal;-6.12295;-35.4724;fora_do_escopo
2406205;Lagoa d'Anta;24;Rio Grande do Norte;240002;Santo Antônio - Passa e Fica - Nova Cruz;2401;Natal;-6.39493;-35.5949;fora_do_escopo
2408300;Nova Cruz;24;Rio Grande do Norte;240002;Santo Antônio - Passa e Fica - Nova Cruz;2401;Natal;-6.47511;-35.4286;fora_do_escopo
2408607;Paraná;24;Rio Grande do Norte;240010;Pau dos Ferros;2403;Mossoró;-6.47565;-38.3057;fora_do_escopo
2403251;Parnamirim;24;Rio Grande do Norte;240001;Natal;2401;Natal;-5.91116;-35.271;fora_do_escopo
2409209;Passagem;24;Rio Grande do Norte;240002;Santo Antônio - Passa e Fica - Nova Cruz;2401;Natal;-6.27268;-35.37;fora_do_escopo
2414209;Tibau do Sul;24;Rio Grande do Norte;240003;Canguaretama;2401;Natal;-6.19176;-35.0866;fora_do_escopo
2414506;Umarizal;24;Rio Grande do Norte;240010;Pau dos Ferros;2403;Mossoró;-5.98238;-37.818;fora_do_escopo
2414704;Várzea;24;Rio Grande do Norte;240002;Santo Antônio - Passa e Fica - Nova Cruz;2401;Natal;-6.34641;-35.3732;fora_do_escopo
2502102;Boa Ventura;25;Paraíba;250010;Itaporanga;2503;Patos;-7.40982;-38.2113;fora_do_escopo
2503506;Cacimba de Dentro;25;Paraíba;250002;Guarabira;2501;João Pessoa;-6.6386;-35.7778;fora_do_escopo
2503555;Cacimbas;25;Paraíba;250009;Patos;2503;Patos;-7.20721;-37.0604;fora_do_escopo
2503753;Cajazeirinhas;25;Paraíba;250012;Pombal;2503;Patos;-6.96016;-37.8009;fora_do_escopo
2504157;Casserengue;25;Paraíba;250002;Guarabira;2501;João Pessoa;-6.77954;-35.8179;fora_do_escopo
2504603;Conde;25;Paraíba;250001;João Pessoa;2501;João Pessoa;-7.25746;-34.8999;fora_do_escopo
2505006;Cubati;25;Paraíba;250005;Campina Grande;2502;Campina Grande;-6.86686;-36.3619;fora_do_escopo
2506103;Fagundes;25;Paraíba;250005;Campina Grande;2502;Campina Grande;-7.34454;-35.7931;fora_do_escopo
2506400;Gurinhém;25;Paraíba;250001;João Pessoa;2501;João Pessoa;-7.1233;-35.4222;fora_do_escopo
2506707;Imaculada;25;Paraíba;250009;Patos;2503;Patos;-7.3889;-37.5079;fora_do_escopo
2507903;Juripiranga;25;Paraíba;250001;João Pessoa;2501;João Pessoa;-7.36176;-35.2321;fora_do_escopo
2508505;Livramento;25;Paraíba;250008;Sumé;2502;Campina Grande;-7.37113;-36.9491;fora_do_escopo
2509206;Massaranduba;25;Paraíba;250005;Campina Grande;2502;Campina Grande;-7.18995;-35.7848;fora_do_escopo
2509602;Monte Horebe;25;Paraíba;250015;Cajazeiras;2504;Sousa - Cajazeiras;-7.20402;-38.5838;fora_do_escopo
2510709;Passagem;25;Paraíba;250009;Patos;2503;Patos;-7.13467;-37.0433;fora_do_escopo
2512721;Pedro Régis;25;Paraíba;250003;Mamanguape - Rio Tinto;2501;João Pessoa;-6.63323;-35.2966;fora_do_escopo
2512101;Pombal;25;Paraíba;250012;Pombal;2503;Patos;-6.76606;-37.8003;fora_do_escopo
2512705;Remígio;25;Paraíba;250005;Campina Grande;2502;Campina Grande;-6.94992;-35.8011;fora_do_escopo
2513703;Santa Rita;25;Paraíba;250001;João Pessoa;2501;João Pessoa;-7.11724;-34.9753;fora_do_escopo
2515609;Serra da Raiz;25;Paraíba;250002;Guarabira;2501;João Pessoa;-6.68527;-35.4379;fora_do_escopo
2514404;São José de Espinharas;25;Paraíba;250009;Patos;2503;Patos;-6.83974;-37.3214;fora_do_escopo
2514701;São José do Sabugi;25;Paraíba;250009;Patos;2503;Patos;-6.76295;-36.7972;fora_do_escopo
2500700;São João do Rio do Peixe;25;Paraíba;250015;Cajazeiras;2504;Sousa - Cajazeiras;-6.72195;-38.4468;fora_do_escopo
2516805;Triunfo;25;Paraíba;250015;Cajazeiras;2504;Sousa - Cajazeiras;-6.5713;-38.5986;fora_do_escopo
2517001;Umbuzeiro;25;Paraíba;250005;Campina Grande;2502;Campina Grande;-7.69199;-35.6582;fora_do_escopo
2600807;Altinho;26;Pernambuco;260009;Caruaru;2602;Caruaru;-8.48482;-36.0644;fora_do_escopo
2601201;Arcoverde;26;Pernambuco;260011;Arcoverde;2602;Caruaru;-8.41519;-37.0577;fora_do_escopo
2602100;Bom Conselho;26;Pernambuco;260010;Garanhuns;2602;Caruaru;-9.16919;-36.6857;fora_do_escopo
2603009;Cabrobó;26;Pernambuco;260017;Salgueiro;2604;Petrolina;-8.50548;-39.3094;fora_do_escopo
2603405;Calumbi;26;Pernambuco;260013;Serra Talhada;2603;Serra Talhada;-7.93551;-38.1482;fora_do_escopo
2603504;Camocim de São Félix;26;Pernambuco;260009;Caruaru;2602;Caruaru;-8.35865;-35.7653;fora_do_escopo
2605004;Cupira;26;Pernambuco;260009;Caruaru;2602;Caruaru;-8.62432;-35.9518;fora_do_escopo
2605301;Exu;26;Pernambuco;260016;Araripina;2604;Petrolina;-7.50364;-39.7238;fora_do_escopo
2605459;Fernando de Noronha;26;Pernambuco;260001;Recife;2601;Recife;-3.8396;-32.4107;fora_do_escopo
2606507;Iati;26;Pernambuco;260010;Garanhuns;2602;Caruaru;-9.04559;-36.8498;fora_do_escopo
2606903;Iguaracy;26;Pernambuco;260014;Afogados da Ingazeira;2603;Serra Talhada;-7.83222;-37.5082;fora_do_escopo
2607109;Ingazeira;26;Pernambuco;260014;Afogados da Ingazeira;2603;Serra Talhada;-7.66909;-37.4576;fora_do_escopo
2607703;Itapetim;26;Pernambuco;260014;Afogados da Ingazeira;2603;Serra Talhada;-7.37178;-37.1863;fora_do_escopo
2608909;Limoeiro;26;Pernambuco;260004;Limoeiro;2601;Recife;-7.8726;-35.4402;fora_do_escopo
2609402;Moreno;26;Pernambuco;260001;Recife;2601;Recife;-8.10871;-35.0835;fora_do_escopo
2609709;Orobó;26;Pernambuco;260004;Limoeiro;2601;Recife;-7.74553;-35.5956;fora_do_escopo
2614402;Solidão;26;Pernambuco;260014;Afogados da Ingazeira;2603;Serra Talhada;-7.59472;-37.6445;fora_do_escopo
2614501;Surubim;26;Pernambuco;260008;Surubim;2601;Recife;-7.84746;-35.7481;fora_do_escopo
2612901;São Benedito do Sul;26;Pernambuco;260003;Palmares;2601;Recife;-8.8166;-35.9453;fora_do_escopo
2613008;São Bento do Una;26;Pernambuco;260012;Belo Jardim ¿ Pesqueira;2602;Caruaru;-8.52637;-36.4465;fora_do_escopo
2615102;Terezinha;26;Pernambuco;260010;Garanhuns;2602;Caruaru;-9.05621;-36.6272;fora_do_escopo
2615805;Tupanatinga;26;Pernambuco;260011;Arcoverde;2602;Caruaru;-8.74798;-37.3445;fora_do_escopo
2600401;Água Preta;26;Pernambuco;260003;Palmares;2601;Recife;-8.70609;-35.5263;fora_do_escopo
2700904;Belo Monte;27;Alagoas;270011;Pão de Açúcar - Olho d'Água das Flores ¿ Batalha;2702;Arapiraca;-9.82272;-37.277;fora_do_escopo
2701357;Campestre;27;Alagoas;270002;Porto Calvo - São Luís do Quitunde;2701;Maceió;-8.84723;-35.5685;fora_do_escopo
2701704;Capela;27;Alagoas;270006;Atalaia;2701;Maceió;-9.41504;-36.0826;fora_do_escopo
2702207;Coqueiro Seco;27;Alagoas;270001;Maceió;2701;Maceió;-9.63715;-35.7994;fora_do_escopo
2702355;Craíbas;27;Alagoas;270007;Arapiraca;2702;Arapiraca;-9.6178;-36.7697;fora_do_escopo
2703304;Inhapi;27;Alagoas;270009;Delmiro Gouveia;2702;Arapiraca;-9.22594;-37.7509;fora_do_escopo
2703809;Joaquim Gomes;27;Alagoas;270001;Maceió;2701;Maceió;-9.1328;-35.7474;fora_do_escopo
2705101;Matriz de Camaragibe;27;Alagoas;270002;Porto Calvo - São Luís do Quitunde;2701;Maceió;-9.15437;-35.5243;fora_do_escopo
2705408;Monteirópolis;27;Alagoas;270011;Pão de Açúcar - Olho d'Água das Flores ¿ Batalha;2702;Arapiraca;-9.60357;-37.2505;fora_do_escopo
2705705;Olho d'Água das Flores;27;Alagoas;270011;Pão de Açúcar - Olho d'Água das Flores ¿ Batalha;2702;Arapiraca;-9.53686;-37.2971;fora_do_escopo
2706000;Olivença;27;Alagoas;270010;Santana do Ipanema;2702;Arapiraca;-9.51954;-37.1954;fora_do_escopo
2707701;Rio Largo;27;Alagoas;270001;Maceió;2701;Maceió;-9.47783;-35.8394;fora_do_escopo
2707800;Roteiro;27;Alagoas;270004;São Miguel dos Campos;2701;Maceió;-9.83503;-35.9782;fora_do_escopo
2709004;Tanque d'Arca;27;Alagoas;270007;Arapiraca;2702;Arapiraca;-9.53379;-36.4366;fora_do_escopo
2700102;Água Branca;27;Alagoas;270009;Delmiro Gouveia;2702;Arapiraca;-9.262;-37.938;fora_do_escopo
2800704;Brejo Grande;28;Sergipe;280003;Propriá;2801;Aracaju;-10.4297;-36.4611;fora_do_escopo
2801504;Carmópolis;28;Sergipe;280001;Aracaju;2801;Aracaju;-10.6449;-36.9887;fora_do_escopo
2801702;Cristinápolis;28;Sergipe;280002;Estância;2801;Aracaju;-11.4668;-37.7585;fora_do_escopo
2802304;Frei Paulo;28;Sergipe;280004;Itabaiana;2802;Itabaiana;-10.5513;-37.5279;fora_do_escopo
2802809;Indiaroba;28;Sergipe;280002;Estância;2801;Aracaju;-11.5157;-37.515;fora_do_escopo
2802908;Itabaiana;28;Sergipe;280004;Itabaiana;2802;Itabaiana;-10.6826;-37.4273;fora_do_escopo
2803708;Macambira;28;Sergipe;280004;Itabaiana;2802;Itabaiana;-10.6619;-37.5413;fora_do_escopo
2804300;Muribeca;28;Sergipe;280003;Propriá;2801;Aracaju;-10.4271;-36.9588;fora_do_escopo
2805802;Riachão do Dantas;28;Sergipe;280005;Lagarto;2802;Itabaiana;-11.0729;-37.731;fora_do_escopo
2806909;São Francisco;28;Sergipe;280003;Propriá;2801;Aracaju;-10.3442;-36.8869;fora_do_escopo
2900801;Alcobaça;29;Bahia;290008;Teixeira de Freitas;2903;Ilhéus ¿ Itabuna;-17.5195;-39.2036;fora_do_escopo
2901205;Anagé;29;Bahia;290011;Vitória da Conquista;2904;Vitória da Conquista;-14.6151;-41.1356;fora_do_escopo
2902500;Baianópolis;29;Bahia;290018;Barreiras;2906;Barreiras;-12.3016;-44.5388;fora_do_escopo
2902658;Banzaê;29;Bahia;290025;Ribeira do Pombal;2909;Paulo Afonso;-10.5788;-38.6212;fora_do_escopo
2902807;Barra da Estiva;29;Bahia;290011;Vitória da Conquista;2904;Vitória da Conquista;-13.6237;-41.3347;fora_do_escopo
2903003;Barra do Mendes;29;Bahia;290020;Irecê;2907;Irecê;-11.81;-42.059;fora_do_escopo
2903201;Barreiras;29;Bahia;290018;Barreiras;2906;Barreiras;-12.1439;-44.9968;fora_do_escopo
2904407;Brejolândia;29;Bahia;290018;Barreiras;2906;Barreiras;-12.4815;-43.9679;fora_do_escopo
2905602;Camacan;29;Bahia;290010;Camacan;2903;Ilhéus ¿ Itabuna;-15.4142;-39.4919;fora_do_escopo
2906600;Candiba;29;Bahia;290016;Guanambi;2905;Guanambi;-14.4097;-42.8667;fora_do_escopo
2906105;Canápolis;29;Bahia;290019;Santa Maria da Vitoria;2906;Barreiras;-13.0725;-44.201;fora_do_escopo
2907103;Carinhanha;29;Bahia;290016;Guanambi;2905;Guanambi;-14.2985;-43.7724;fora_do_escopo
2907707;Chorrochó;29;Bahia;290024;Paulo Afonso;2909;Paulo Afonso;-8.9695;-39.0979;fora_do_escopo
2908200;Conceição da Feira;29;Bahia;290029;Feira de Santana;2910;Feira de Santana;-12.5078;-38.9978;fora_do_escopo
2908507;Conceição do Jacuípe;29;Bahia;290029;Feira de Santana;2910;Feira de Santana;-12.3268;-38.7684;fora_do_escopo
2911808;Guaratinga;29;Bahia;290009;Eunápolis - Porto Seguro;2903;Ilhéus ¿ Itabuna;-16.5833;-39.7847;fora_do_escopo
2913903;Ipiaú;29;Bahia;290014;Ipiaú;2904;Vitória da Conquista;-14.1226;-39.7353;fora_do_escopo
2914505;Irará;29;Bahia;290029;Feira de Santana;2910;Feira de Santana;-12.0504;-38.7631;fora_do_escopo
2914604;Irecê;29;Bahia;290020;Irecê;2907;Irecê;-11.3033;-41.8535;fora_do_escopo
2915304;Itagimirim;29;Bahia;290009;Eunápolis - Porto Seguro;2903;Ilhéus ¿ Itabuna;-16.0819;-39.6133;fora_do_escopo
2915353;Itaguaçu da Bahia;29;Bahia;290020;Irecê;2907;Irecê;-11.0147;-42.3997;fora_do_escopo
2915403;Itaju do Colônia;29;Bahia;290007;Ilhéus ¿ Itabuna;2903;Ilhéus ¿ Itabuna;-15.1366;-39.7283;fora_do_escopo
2915502;Itajuípe;29;Bahia;290007;Ilhéus ¿ Itabuna;2903;Ilhéus ¿ Itabuna;-14.6788;-39.3698;fora_do_escopo
2915700;Itamari;29;Bahia;290014;Ipiaú;2904;Vitória da Conquista;-13.7782;-39.683;fora_do_escopo
2916906;Itiruçu;29;Bahia;290012;Jequié;2904;Vitória da Conquista;-13.529;-40.1472;fora_do_escopo
2918605;Jussiape;29;Bahia;290013;Brumado;2904;Vitória da Conquista;-13.5155;-41.5882;fora_do_escopo
2919801;Macaúbas;29;Bahia;290017;Bom Jesus da Lapa;2905;Guanambi;-13.0186;-42.6945;fora_do_escopo
2920809;Marcionílio Souza;29;Bahia;290031;Itaberaba;2910;Feira de Santana;-13.0064;-40.5295;fora_do_escopo
2921005;Mata de São João;29;Bahia;290001;Salvador;2901;Salvador;-12.5307;-38.3009;fora_do_escopo
2922854;Nova Redenção;29;Bahia;290031;Itaberaba;2910;Feira de Santana;-12.815;-41.0748;fora_do_escopo
2923308;Ouriçangas;29;Bahia;290029;Feira de Santana;2910;Feira de Santana;-12.0175;-38.6166;fora_do_escopo
2923803;Paripiranga;29;Bahia;290027;Cícero Dantas;2909;Paulo Afonso;-10.6859;-37.8626;fora_do_escopo
2924009;Paulo Afonso;29;Bahia;290024;Paulo Afonso;2909;Paulo Afonso;-9.3983;-38.2216;fora_do_escopo
2924603;Pindobaçu;29;Bahia;290023;Senhor do Bonfim;2908;Juazeiro;-10.7433;-40.3675;fora_do_escopo
2925501;Prado;29;Bahia;290008;Teixeira de Freitas;2903;Ilhéus ¿ Itabuna;-17.3364;-39.2227;fora_do_escopo
2925758;Presidente Tancredo Neves;29;Bahia;290005;Valença;2902;Santo Antônio de Jesus;-13.4471;-39.4203;fora_do_escopo
2927507;Santa Bárbara;29;Bahia;290029;Feira de Santana;2910;Feira de Santana;-11.9515;-38.9681;fora_do_escopo
2927705;Santa Cruz Cabrália;29;Bahia;290009;Eunápolis - Porto Seguro;2903;Ilhéus ¿ Itabuna;-16.2825;-39.0295;fora_do_escopo
2928406;Santa Rita de Cássia;29;Bahia;290018;Barreiras;2906;Barreiras;-11.0063;-44.5255;fora_do_escopo
2928208;Santana;29;Bahia;290018;Barreiras;2906;Barreiras;-12.9792;-44.0506;fora_do_escopo
2930808;Souto Soares;29;Bahia;290034;Seabra;2910;Feira de Santana;-12.088;-41.6427;fora_do_escopo
2928901;São Desidério;29;Bahia;290018;Barreiras;2906;Barreiras;-12.3572;-44.9769;fora_do_escopo
2929370;São José do Jacuípe;29;Bahia;290030;Jacobina;2910;Feira de Santana;-11.4137;-39.8669;fora_do_escopo
2930758;Sítio do Mato;29;Bahia;290017;Bom Jesus da Lapa;2905;Guanambi;-13.0801;-43.4689;fora_do_escopo
2930907;Tabocas do Brejo Velho;29;Bahia;290018;Barreiras;2906;Barreiras;-12.7026;-44.0075;fora_do_escopo
2931400;Teodoro Sampaio;29;Bahia;290002;Alagoinhas;2901;Salvador;-12.295;-38.6347;fora_do_escopo
2933455;Wanderley;29;Bahia;290018;Barreiras;2906;Barreiras;-12.1144;-43.8958;fora_do_escopo
3100104;Abadia dos Dourados;31;Minas Gerais;310061;Monte Carmelo;3111;Uberlândia;-18.4831;-47.3916;nao_atendido
3101904;Alpinópolis;31;Minas Gerais;310041;Passos;3108;Varginha;-20.8631;-46.3878;nao_atendido
3102605;Andradas;31;Minas Gerais;310051;Poços de Caldas;3109;Pouso Alegre;-22.0695;-46.5724;nao_atendido
3103900;Araújos;31;Minas Gerais;310065;Divinópolis;3113;Divinópolis;-19.9405;-45.1671;nao_atendido
3104304;Areado;31;Minas Gerais;310042;Alfenas;3108;Varginha;-21.3572;-46.1421;nao_atendido
3105400;Barão de Cocais;31;Minas Gerais;310003;Santa Bárbara - Ouro Preto;3101;Belo Horizonte;-19.9389;-43.4755;nao_atendido
3107505;Bom Jardim de Minas;31;Minas Gerais;310027;Juiz de Fora;3106;Juíz de Fora;-21.9479;-44.1885;nao_atendido
3109204;Buenópolis;31;Minas Gerais;310004;Curvelo;3101;Belo Horizonte;-17.8744;-44.1775;nao_atendido
3109402;Buritizeiro;31;Minas Gerais;310010;Pirapora;3102;Montes Claros;-17.3656;-44.9606;nao_atendido
3110707;Cambuquira;31;Minas Gerais;310045;Três Corações;3108;Varginha;-21.854;-45.2896;nao_atendido
3111507;Campos Altos;31;Minas Gerais;310056;Araxá;3110;Uberaba;-19.6914;-46.1725;nao_atendido
3111903;Cana Verde;31;Minas Gerais;310043;Lavras;3108;Varginha;-21.0232;-45.1801;nao_atendido
3112505;Capim Branco;31;Minas Gerais;310002;Sete Lagoas;3101;Belo Horizonte;-19.5471;-44.1304;nao_atendido
3114402;Carmo do Rio Claro;31;Minas Gerais;310041;Passos;3108;Varginha;-20.9736;-46.1149;nao_atendido
3114600;Carrancas;31;Minas Gerais;310043;Lavras;3108;Varginha;-21.4898;-44.6446;nao_atendido
3114907;Casa Grande;31;Minas Gerais;310038;Conselheiro Lafaiete;3107;Barbacena;-20.7925;-43.9343;nao_atendido
3115300;Cataguases;31;Minas Gerais;310032;Cataguases;3106;Juíz de Fora;-21.3924;-42.6896;nao_atendido
3115607;Cedro do Abaeté;31;Minas Gerais;310070;Abaeté;3113;Divinópolis;-19.1458;-45.712;nao_atendido
3115706;Central de Minas;31;Minas Gerais;310022;Mantena;3104;Governador Valadares;-18.7612;-41.3143;nao_atendido
3116308;Cipotânea;31;Minas Gerais;310037;Barbacena;3107;Barbacena;-20.9026;-43.3629;nao_atendido
3116506;Claro dos Poções;31;Minas Gerais;310006;Montes Claros;3102;Montes Claros;-17.082;-44.2061;nao_atendido
3117009;Comercinho;31;Minas Gerais;310018;Pedra Azul;3103;Teófilo Otoni;-16.2963;-41.7945;nao_atendido
3118403;Conselheiro Pena;31;Minas Gerais;310020;Governador Valadares;3104;Governador Valadares;-19.1789;-41.4736;nao_atendido
3119609;Coronel Pacheco;31;Minas Gerais;310027;Juiz de Fora;3106;Juíz de Fora;-21.5898;-43.256;nao_atendido
3120508;Cristina;31;Minas Gerais;310053;São Lourenço;3109;Pouso Alegre;-22.208;-45.2673;nao_atendido
3120706;Cruzeiro da Fortaleza;31;Minas Gerais;310064;Patrocínio;3112;Patos de Minas;-18.944;-46.6669;nao_atendido
3120839;Cuparaque;31;Minas Gerais;310023;Aimorés - Resplendor;3104;Governador Valadares;-18.9648;-41.0986;nao_atendido
3119955;Córrego Fundo;31;Minas Gerais;310066;Formiga;3113;Divinópolis;-20.4474;-45.5617;nao_atendido
3121506;Desterro do Melo;31;Minas Gerais;310037;Barbacena;3107;Barbacena;-21.143;-43.5178;nao_atendido
3122009;Divino;31;Minas Gerais;310034;Carangola;3106;Juíz de Fora;-20.6134;-42.1438;nao_atendido
3122405;Divisa Nova;31;Minas Gerais;310042;Alfenas;3108;Varginha;-21.5092;-46.1904;nao_atendido
3123601;Elói Mendes;31;Minas Gerais;310040;Varginha;3108;Varginha;-21.6088;-45.5691;nao_atendido
3123700;Engenheiro Caldas;31;Minas Gerais;310020;Governador Valadares;3104;Governador Valadares;-19.2065;-42.0503;nao_atendido
3124708;Estrela do Indaiá;31;Minas Gerais;310067;Dores do Indaiá;3113;Divinópolis;-19.5169;-45.7859;nao_atendido
3125606;Felisburgo;31;Minas Gerais;310015;Almenara;3103;Teófilo Otoni;-16.6348;-40.7605;nao_atendido
3125903;Ferros;31;Minas Gerais;310005;Itabira;3101;Belo Horizonte;-19.2343;-43.0192;nao_atendido
3127057;Fronteira dos Vales;31;Minas Gerais;310019;Águas Formosas;3103;Teófilo Otoni;-16.8898;-40.923;nao_atendido
3127206;Funilândia;31;Minas Gerais;310002;Sete Lagoas;3101;Belo Horizonte;-19.3661;-44.061;nao_atendido
3127404;Gonçalves;31;Minas Gerais;310052;Itajubá;3109;Pouso Alegre;-22.6545;-45.8556;nao_atendido
3127701;Governador Valadares;31;Minas Gerais;310020;Governador Valadares;3104;Governador Valadares;-18.8545;-41.9555;nao_atendido
3129657;Ibiracatu;31;Minas Gerais;310006;Montes Claros;3102;Montes Claros;-15.6605;-44.1667;nao_atendido
3130408;Ijaci;31;Minas Gerais;310043;Lavras;3108;Varginha;-21.1738;-44.9233;nao_atendido
3133303;Itaobim;31;Minas Gerais;310013;Teófilo Otoni;3103;Teófilo Otoni;-16.5571;-41.5017;nao_atendido
3133758;Itaú de Minas;31;Minas Gerais;310041;Passos;3108;Varginha;-20.7375;-46.7525;nao_atendido
3134301;Itumirim;31;Minas Gerais;310043;Lavras;3108;Varginha;-21.3171;-44.8724;nao_atendido
3135100;Janaúba;31;Minas Gerais;310007;Janaúba;3102;Montes Claros;-15.8022;-43.3132;nao_atendido
3135209;Januária;31;Minas Gerais;310009;Januária;3102;Montes Claros;-15.4802;-44.3639;nao_atendido
3135308;Japaraíba;31;Minas Gerais;310065;Divinópolis;3113;Divinópolis;-20.1442;-45.5015;nao_atendido
3136108;Joanésia;31;Minas Gerais;310024;Ipatinga;3105;Ipatinga;-19.1729;-42.6775;nao_atendido
3136579;Josenópolis;31;Minas Gerais;310006;Montes Claros;3102;Montes Claros;-16.5417;-42.5151;nao_atendido
3137809;Lambari;31;Minas Gerais;310053;São Lourenço;3109;Pouso Alegre;-21.9671;-45.3498;nao_atendido
3138005;Laranjal;31;Minas Gerais;310032;Cataguases;3106;Juíz de Fora;-21.3715;-42.4732;nao_atendido
3138351;Leme do Prado;31;Minas Gerais;310014;Capelinha;3103;Teófilo Otoni;-17.0793;-42.6936;nao_atendido
3140506;Martinho Campos;31;Minas Gerais;310067;Dores do Indaiá;3113;Divinópolis;-19.3306;-45.2434;nao_atendido
3140605;Materlândia;31;Minas Gerais;310021;Guanhães;3104;Governador Valadares;-18.4699;-43.0579;nao_atendido
3141306;Medeiros;31;Minas Gerais;310066;Formiga;3113;Divinópolis;-19.9865;-46.2181;nao_atendido
3141603;Mercês;31;Minas Gerais;310029;Ubá;3106;Juíz de Fora;-21.1976;-43.3337;nao_atendido
3142007;Mirabela;31;Minas Gerais;310006;Montes Claros;3102;Montes Claros;-16.256;-44.1602;nao_atendido
3142403;Moema;31;Minas Gerais;310067;Dores do Indaiá;3113;Divinópolis;-19.8387;-45.4127;nao_atendido
3143609;Morro da Garça;31;Minas Gerais;310004;Curvelo;3101;Belo Horizonte;-18.5356;-44.601;nao_atendido
3144375;Natalândia;31;Minas Gerais;310063;Unaí;3112;Patos de Minas;-16.5021;-46.4874;nao_atendido
3136603;Nova União;31;Minas Gerais;310001;Belo Horizonte;3101;Belo Horizonte;-19.6876;-43.583;nao_atendido
3145372;Novorizonte;31;Minas Gerais;310008;Salinas;3102;Montes Claros;-16.0162;-42.4044;nao_atendido
3145406;Olaria;31;Minas Gerais;310027;Juiz de Fora;3106;Juíz de Fora;-21.8598;-43.9356;nao_atendido
3146008;Ouro Fino;31;Minas Gerais;310050;Pouso Alegre;3109;Pouso Alegre;-22.2779;-46.3716;nao_atendido
3146206;Ouro Verde de Minas;31;Minas Gerais;310013;Teófilo Otoni;3103;Teófilo Otoni;-18.0719;-41.2734;nao_atendido
3146701;Palma;31;Minas Gerais;310032;Cataguases;3106;Juíz de Fora;-21.3748;-42.3123;nao_atendido
3150505;Pimenta;31;Minas Gerais;310066;Formiga;3113;Divinópolis;-20.4827;-45.8049;nao_atendido
3153004;Pratinha;31;Minas Gerais;310056;Araxá;3110;Uberaba;-19.739;-46.3755;nao_atendido
3153301;Presidente Kubitschek;31;Minas Gerais;310016;Diamantina;3103;Teófilo Otoni;-18.6193;-43.5628;nao_atendido
3154002;Raul Soares;31;Minas Gerais;310025;Caratinga;3105;Ipatinga;-20.1061;-42.4502;nao_atendido
3154457;Riachinho;31;Minas Gerais;310063;Unaí;3112;Patos de Minas;-16.2258;-45.9888;nao_atendido
3155009;Rio Doce;31;Minas Gerais;310030;Ponte Nova;3106;Juíz de Fora;-20.2412;-42.8995;nao_atendido
3155207;Rio Espera;31;Minas Gerais;310038;Conselheiro Lafaiete;3107;Barbacena;-20.855;-43.4721;nao_atendido
3155306;Rio Manso;31;Minas Gerais;310069;Oliveira;3113;Divinópolis;-20.2666;-44.3069;nao_atendido
3155504;Rio Paranaíba;31;Minas Gerais;310062;Patos de Minas;3112;Patos de Minas;-19.1861;-46.2455;nao_atendido
3157658;Santa Helena de Minas;31;Minas Gerais;310019;Águas Formosas;3103;Teófilo Otoni;-16.9707;-40.6727;nao_atendido
3159704;Santa Rosa da Serra;31;Minas Gerais;310056;Araxá;3110;Uberaba;-19.5186;-45.9611;nao_atendido
3158706;Santana do Garambéu;31;Minas Gerais;310037;Barbacena;3107;Barbacena;-21.5983;-44.105;nao_atendido
3159100;Santana dos Montes;31;Minas Gerais;310038;Conselheiro Lafaiete;3107;Barbacena;-20.7868;-43.6949;nao_atendido
3160207;Santo Antônio do Itambé;31;Minas Gerais;310016;Diamantina;3103;Teófilo Otoni;-18.4609;-43.3006;nao_atendido
3165909;Senador Modestino Gonçalves;31;Minas Gerais;310016;Diamantina;3103;Teófilo Otoni;-17.9465;-43.2172;nao_atendido
3166105;Senhora do Porto;31;Minas Gerais;310021;Guanhães;3104;Governador Valadares;-18.8909;-43.0799;nao_atendido
3166204;Senhora dos Remédios;31;Minas Gerais;310037;Barbacena;3107;Barbacena;-21.0351;-43.5812;nao_atendido
3166402;Seritinga;31;Minas Gerais;310054;Caxambu - Baependi;3109;Pouso Alegre;-21.9134;-44.518;nao_atendido
3167004;Serranos;31;Minas Gerais;310054;Caxambu - Baependi;3109;Pouso Alegre;-21.8857;-44.5125;nao_atendido
3165552;Setubinha;31;Minas Gerais;310013;Teófilo Otoni;3103;Teófilo Otoni;-17.6002;-42.1587;nao_atendido
3161007;São Domingos do Prata;31;Minas Gerais;310026;João Monlevade;3105;Ipatinga;-19.8678;-42.971;nao_atendido
3161205;São Francisco de Paula;31;Minas Gerais;310069;Oliveira;3113;Divinópolis;-20.7036;-44.9838;nao_atendido
3161304;São Francisco de Sales;31;Minas Gerais;310058;Iturama;3110;Uberaba;-19.8611;-49.7727;nao_atendido
3161650;São Geraldo do Baixio;31;Minas Gerais;310020;Governador Valadares;3104;Governador Valadares;-18.9097;-41.363;nao_atendido
3162401;São João da Ponte;31;Minas Gerais;310006;Montes Claros;3102;Montes Claros;-15.9271;-44.0096;nao_atendido
3164407;São Sebastião da Bela Vista;31;Minas Gerais;310050;Pouso Alegre;3109;Pouso Alegre;-22.1583;-45.7546;nao_atendido
3164472;São Sebastião do Anta;31;Minas Gerais;310025;Caratinga;3105;Ipatinga;-19.5064;-41.985;nao_atendido
3168002;Taiobeiras;31;Minas Gerais;310008;Salinas;3102;Montes Claros;-15.8106;-42.2259;nao_atendido
3168903;Tiros;31;Minas Gerais;310062;Patos de Minas;3112;Patos de Minas;-19.0037;-45.9626;nao_atendido
3169059;Tocos do Moji;31;Minas Gerais;310050;Pouso Alegre;3109;Pouso Alegre;-22.3698;-46.0971;nao_atendido
3169802;Turvolândia;31;Minas Gerais;310050;Pouso Alegre;3109;Pouso Alegre;-21.8733;-45.7859;nao_atendido
3170206;Uberlândia;31;Minas Gerais;310059;Uberlândia;3111;Uberlândia;-18.9141;-48.2749;nao_atendido
3171154;Vermelho Novo;31;Minas Gerais;310025;Caratinga;3105;Ipatinga;-20.0406;-42.2688;nao_atendido
3171808;Virginópolis;31;Minas Gerais;310021;Guanhães;3104;Governador Valadares;-18.8154;-42.7015;nao_atendido
3101003;Águas Vermelhas;31;Minas Gerais;310018;Pedra Azul;3103;Teófilo Otoni;-15.7431;-41.4571;nao_atendido
3200607;Aracruz;32;Espírito Santo;320004;Linhares;3202;São Mateus;-19.82;-40.2764;nao_atendido
3201902;Domingos Martins;32;Espírito Santo;320002;Afonso Cláudio - Venda Nova do Imigrante - Santa Maria de Jetibá;3201;Vitória;-20.3603;-40.6594;nao_atendido
3202256;Governador Lindenberg;32;Espírito Santo;320005;Colatina;3203;Colatina;-19.1864;-40.4473;nao_atendido
3203106;Jerônimo Monteiro;32;Espírito Santo;320007;Cachoeiro de Itapemirim;3204;Cachoeiro do Itapemirim;-20.7994;-41.3948;nao_atendido
3203320;Marataízes;32;Espírito Santo;320007;Cachoeiro de Itapemirim;3204;Cachoeiro do Itapemirim;-21.0398;-40.8384;nao_atendido
3204005;Pancas;32;Espírito Santo;320005;Colatina;3203;Colatina;-19.2229;-40.8534;nao_atendido
3204401;Rio Novo do Sul;32;Espírito Santo;320007;Cachoeiro de Itapemirim;3204;Cachoeiro do Itapemirim;-20.8556;-40.9388;nao_atendido
3204559;Santa Maria de Jetibá;32;Espírito Santo;320002;Afonso Cláudio - Venda Nova do Imigrante - Santa Maria de Jetibá;3201;Vitória;-20.0253;-40.7439;nao_atendido
3204906;São Mateus;32;Espírito Santo;320003;São Mateus;3202;São Mateus;-18.7214;-39.8579;nao_atendido
3300100;Angra dos Reis;33;Rio de Janeiro;330002;Angra dos Reis;3301;Rio de Janeiro;-23.0011;-44.3196;nao_atendido
3302205;Itaperuna;33;Rio de Janeiro;330011;Itaperuna;3304;Campos dos Goytacazes;-21.1997;-41.8799;nao_atendido
3302809;Mendes;33;Rio de Janeiro;330004;Volta Redonda - Barra Mansa;3302;Volta Redonda - Barra Mansa;-22.5245;-43.7312;nao_atendido
3303203;Nilópolis;33;Rio de Janeiro;330001;Rio de Janeiro;3301;Rio de Janeiro;-22.8057;-43.4233;nao_atendido
3303401;Nova Friburgo;33;Rio de Janeiro;330008;Nova Friburgo;3303;Petrópolis;-22.2932;-42.5377;nao_atendido
3305604;Silva Jardim;33;Rio de Janeiro;330003;Rio Bonito;3301;Rio de Janeiro;-22.6574;-42.3961;nao_atendido
3501004;Altinópolis;35;São Paulo;350031;Ribeirão Preto;3508;Ribeirão Preto;-21.0214;-47.3712;nao_atendido
3502002;Analândia;35;São Paulo;350046;Rio Claro;3510;Campinas;-22.1289;-47.6619;nao_atendido
3502309;Anhembi;35;São Paulo;350011;Botucatu;3503;Bauru;-22.793;-48.1336;nao_atendido
3502606;Aparecida d'Oeste;35;São Paulo;350028;Jales;3507;São José do Rio Preto;-20.4487;-50.8835;nao_atendido
3503703;Ariranha;35;São Paulo;350026;Catanduva;3507;São José do Rio Preto;-21.1872;-48.7904;nao_atendido
3505203;Bariri;35;São Paulo;350010;Jaú;3503;Bauru;-22.073;-48.7438;nao_atendido
3505401;Barra do Turvo;35;São Paulo;350005;Registro;3502;Sorocaba;-24.759;-48.5013;nao_atendido
3506508;Birigui;35;São Paulo;350023;Birigui - Penápolis;3506;Araçatuba;-21.291;-50.3432;nao_atendido
3508801;Cafelândia;35;São Paulo;350012;Lins;3503;Bauru;-21.8031;-49.6092;nao_atendido
3509106;Caiuá;35;São Paulo;350021;Presidente Epitácio-Presidente Venceslau;3505;Presidente Prudente;-21.8322;-51.9969;nao_atendido
3509908;Cananéia;35;São Paulo;350005;Registro;3502;Sorocaba;-25.0144;-47.9341;nao_atendido
3509957;Canas;35;São Paulo;350052;Guaratinguetá;3511;São José dos Campos;-22.7003;-45.0521;nao_atendido
3510005;Cândido Mota;35;São Paulo;350014;Assis;3504;Marília;-22.7471;-50.3873;nao_atendido
3514601;Dumont;35;São Paulo;350031;Ribeirão Preto;3508;Ribeirão Preto;-21.2324;-47.9756;nao_atendido
3516200;Franca;35;São Paulo;350033;Franca;3508;Ribeirão Preto;-20.5352;-47.4039;nao_atendido
3516804;Gastão Vidigal;35;São Paulo;350022;Araçatuba;3506;Araçatuba;-20.7948;-50.1912;nao_atendido
3517604;Guapiara;35;São Paulo;350004;Itapeva;3502;Sorocaba;-24.1892;-48.5295;nao_atendido
3518602;Guariba;35;São Paulo;350031;Ribeirão Preto;3508;Ribeirão Preto;-21.3594;-48.2316;nao_atendido
3516606;Gália;35;São Paulo;350013;Marília;3504;Marília;-22.2918;-49.5504;nao_atendido
3519303;Ibaté;35;São Paulo;350037;São Carlos;3509;Araraquara;-21.9584;-47.9882;nao_atendido
3520103;Igarapava;35;São Paulo;350035;Ituverava;3508;Ribeirão Preto;-20.0407;-47.7466;nao_atendido
3521408;Iracemápolis;35;São Paulo;350042;Limeira;3510;Campinas;-22.5832;-47.523;nao_atendido
3522208;Itapecerica da Serra;35;São Paulo;350001;São Paulo;3501;São Paulo;-23.7161;-46.8572;nao_atendido
3523404;Itatiba;35;São Paulo;350039;Jundiaí;3510;Campinas;-23.0035;-46.8464;nao_atendido
3523503;Itatinga;35;São Paulo;350011;Botucatu;3503;Bauru;-23.1047;-48.6157;nao_atendido
3523800;Itobi;35;São Paulo;350047;São José do Rio Pardo - Mococa;3510;Campinas;-21.7309;-46.9743;nao_atendido
3524204;Jaborandi;35;São Paulo;350032;Barretos;3508;Ribeirão Preto;-20.6884;-48.4112;nao_atendido
3525508;Joanópolis;35;São Paulo;350041;Bragança Paulista;3510;Campinas;-22.927;-46.2741;nao_atendido
3527009;Lindóia;35;São Paulo;350048;Amparo;3510;Campinas;-22.5226;-46.65;nao_atendido
3527207;Lorena;35;São Paulo;350052;Guaratinguetá;3511;São José dos Campos;-22.7334;-45.1197;nao_atendido
3527603;Luís Antônio;35;São Paulo;350031;Ribeirão Preto;3508;Ribeirão Preto;-21.55;-47.7801;nao_atendido
3530508;Mococa;35;São Paulo;350047;São José do Rio Pardo - Mococa;3510;Campinas;-21.4647;-47.0024;nao_atendido
3531100;Mongaguá;35;São Paulo;350002;Santos;3501;São Paulo;-24.0809;-46.6265;nao_atendido
3531308;Monte Alto;35;São Paulo;350031;Ribeirão Preto;3508;Ribeirão Preto;-21.2655;-48.4971;nao_atendido
3533106;Nova Guataporanga;35;São Paulo;350020;Dracena;3505;Presidente Prudente;-21.332;-51.6447;nao_atendido
3533403;Nova Odessa;35;São Paulo;350038;Campinas;3510;Campinas;-22.7832;-47.2941;nao_atendido
3533502;Novo Horizonte;35;São Paulo;350025;São José do Rio Preto;3507;São José do Rio Preto;-21.4651;-49.2234;nao_atendido
3534401;Osasco;35;São Paulo;350001;São Paulo;3501;São Paulo;-23.5324;-46.7916;nao_atendido
3534609;Osvaldo Cruz;35;São Paulo;350019;Adamantina - Lucélia;3505;Presidente Prudente;-21.7968;-50.8793;nao_atendido
3534708;Ourinhos;35;São Paulo;350015;Ourinhos;3504;Marília;-22.9797;-49.8697;nao_atendido
3535804;Paranapanema;35;São Paulo;350007;Avaré;3502;Sorocaba;-23.3862;-48.7214;nao_atendido
3536802;Pedra Bela;35;São Paulo;350041;Bragança Paulista;3510;Campinas;-22.7902;-46.4455;nao_atendido
3539301;Pirassununga;35;São Paulo;350037;São Carlos;3509;Araraquara;-21.996;-47.4257;nao_atendido
3540754;Potim;35;São Paulo;350052;Guaratinguetá;3511;São José dos Campos;-22.8343;-45.2552;nao_atendido
3543253;Ribeirão Grande;35;São Paulo;350004;Itapeva;3502;Sorocaba;-24.1011;-48.3679;nao_atendido
3544608;Sabino;35;São Paulo;350012;Lins;3503;Bauru;-21.4593;-49.5755;nao_atendido
3545100;Salmourão;35;São Paulo;350019;Adamantina - Lucélia;3505;Presidente Prudente;-21.6267;-50.8614;nao_atendido
3545308;Salto de Pirapora;35;São Paulo;350003;Sorocaba;3502;Sorocaba;-23.6474;-47.5743;nao_atendido
3547106;Santa Mercedes;35;São Paulo;350020;Dracena;3505;Presidente Prudente;-21.3495;-51.7564;nao_atendido
3547601;Santa Rosa de Viterbo;35;São Paulo;350031;Ribeirão Preto;3508;Ribeirão Preto;-21.4776;-47.3622;nao_atendido
3551801;Sete Barras;35;São Paulo;350005;Registro;3502;Sorocaba;-24.382;-47.9279;nao_atendido
3548906;São Carlos;35;São Paulo;350037;São Carlos;3509;Araraquara;-22.0174;-47.886;nao_atendido
3549904;São José dos Campos;35;São Paulo;350049;São José dos Campos;3511;São José dos Campos;-23.1896;-45.8841;nao_atendido
3550209;São Miguel Arcanjo;35;São Paulo;350006;Itapetininga;3502;Sorocaba;-23.8782;-47.9935;nao_atendido
3553609;Tapiratiba;35;São Paulo;350047;São José do Rio Pardo - Mococa;3510;Campinas;-21.4713;-46.7448;nao_atendido
3553807;Taquarituba;35;São Paulo;350007;Avaré;3502;Sorocaba;-23.5307;-49.241;nao_atendido
3554755;Trabiju;35;São Paulo;350036;Araraquara;3509;Araraquara;-22.0388;-48.3342;nao_atendido
3554904;Três Fronteiras;35;São Paulo;350030;Santa Fé do Sul;3507;São José do Rio Preto;-20.2344;-50.8905;nao_atendido
3554953;Tuiuti;35;São Paulo;350041;Bragança Paulista;3510;Campinas;-22.8193;-46.6937;nao_atendido
3555406;Ubatuba;35;São Paulo;350051;Caraguatatuba - Ubatuba - São Sebastião;3511;São José dos Campos;-23.4332;-45.0834;nao_atendido
3555901;Uru;35;São Paulo;350012;Lins;3503;Bauru;-21.7866;-49.2848;nao_atendido
3556602;Vera Cruz;35;São Paulo;350013;Marília;3504;Marília;-22.2183;-49.8207;nao_atendido
3501202;Álvares Florence;35;São Paulo;350027;Votuporanga;3507;São José do Rio Preto;-20.3203;-49.9141;nao_atendido
3501301;Álvares Machado;35;São Paulo;350018;Presidente Prudente;3505;Presidente Prudente;-22.0764;-51.4722;nao_atendido
4100202;Adrianópolis;41;Paraná;410001;Curitiba;4101;Curitiba;-24.6606;-48.9922;fora_do_escopo
4101705;Araruna;41;Paraná;410015;Campo Mourão;4104;Maringá;-23.9315;-52.5021;fora_do_escopo
4102208;Atalaia;41;Paraná;410014;Maringá;4104;Maringá;-23.1517;-52.0551;fora_do_escopo
4103354;Braganey;41;Paraná;410006;Cascavel;4103;Cascavel;-24.8173;-53.1218;fora_do_escopo
4103503;Califórnia;41;Paraná;410023;Apucarana;4105;Londrina;-23.6566;-51.3574;fora_do_escopo
4104659;Carambeí;41;Paraná;410027;Ponta Grossa;4106;Ponta Grossa;-24.9152;-50.0986;fora_do_escopo
4105607;Cidade Gaúcha;41;Paraná;410016;Umuarama;4104;Maringá;-23.3772;-52.9436;fora_do_escopo
4105706;Clevelândia;41;Paraná;410010;Pato Branco;4103;Cascavel;-26.4043;-52.3508;fora_do_escopo
4106555;Corumbataí do Sul;41;Paraná;410015;Campo Mourão;4104;Maringá;-24.101;-52.1177;fora_do_escopo
4106803;Cruz Machado;41;Paraná;410003;União da Vitória;4101;Curitiba;-26.0166;-51.343;fora_do_escopo
4108403;Francisco Beltrão;41;Paraná;410009;Francisco Beltrão;4103;Cascavel;-26.0817;-53.0535;fora_do_escopo
4108551;Godoy Moreira;41;Paraná;410025;Ivaiporã;4105;Londrina;-24.173;-51.9246;fora_do_escopo
4108957;Guamiranga;41;Paraná;410004;Guarapuava;4102;Guarapuava;-25.1912;-50.8021;fora_do_escopo
4110904;Itaguajé;41;Paraná;410019;Paranacity - Colorado;4104;Maringá;-22.6183;-51.9674;fora_do_escopo
4111605;Ivatuba;41;Paraná;410014;Maringá;4104;Maringá;-23.6187;-52.2203;fora_do_escopo
4113007;Jussara;41;Paraná;410018;Cianorte;4104;Maringá;-23.6219;-52.4693;fora_do_escopo
4113429;Lidianópolis;41;Paraná;410025;Ivaiporã;4105;Londrina;-24.11;-51.6506;fora_do_escopo
4113502;Loanda;41;Paraná;410020;Loanda;4104;Maringá;-22.9232;-53.1362;fora_do_escopo
4114005;Mamborê;41;Paraná;410015;Campo Mourão;4104;Maringá;-24.317;-52.5271;fora_do_escopo
4114302;Mandirituba;41;Paraná;410001;Curitiba;4101;Curitiba;-25.777;-49.3282;fora_do_escopo
4117107;Nova Londrina;41;Paraná;410017;Paranavaí;4104;Maringá;-22.7639;-52.9868;fora_do_escopo
4117297;Novo Itacolomi;41;Paraná;410023;Apucarana;4105;Londrina;-23.7631;-51.5079;fora_do_escopo
4118857;Perobal;41;Paraná;410016;Umuarama;4104;Maringá;-23.8949;-53.4098;fora_do_escopo
4119202;Pinhalão;41;Paraná;410026;Ibaiti;4105;Londrina;-23.7982;-50.0536;fora_do_escopo
4119400;Piraí do Sul;41;Paraná;410027;Ponta Grossa;4106;Ponta Grossa;-24.5306;-49.9433;fora_do_escopo
4119608;Pitanga;41;Paraná;410005;Pitanga;4102;Guarapuava;-24.7588;-51.7596;fora_do_escopo
4120606;Prudentópolis;41;Paraná;410004;Guarapuava;4102;Guarapuava;-25.2111;-50.9754;fora_do_escopo
4118907;Pérola;41;Paraná;410016;Umuarama;4104;Maringá;-23.8039;-53.6834;fora_do_escopo
4119004;Pérola d'Oeste;41;Paraná;410009;Francisco Beltrão;4103;Cascavel;-25.8278;-53.7433;fora_do_escopo
4121208;Quitandinha;41;Paraná;410001;Curitiba;4101;Curitiba;-25.8734;-49.4973;fora_do_escopo
4122008;Rio Azul;41;Paraná;410029;Irati;4106;Ponta Grossa;-25.7306;-50.7985;fora_do_escopo
4122503;Roncador;41;Paraná;410015;Campo Mourão;4104;Maringá;-24.5958;-52.2716;fora_do_escopo
4123006;Salto do Lontra;41;Paraná;410012;Dois Vizinhos;4103;Cascavel;-25.7813;-53.3135;fora_do_escopo
4126603;Siqueira Campos;41;Paraná;410022;Santo Antônio da Platina;4105;Londrina;-23.6875;-49.8304;fora_do_escopo
4125209;São Jorge d'Oeste;41;Paraná;410012;Dois Vizinhos;4103;Cascavel;-25.7085;-52.9204;fora_do_escopo
4125357;São Jorge do Patrocínio;41;Paraná;410016;Umuarama;4104;Maringá;-23.7647;-53.8823;fora_do_escopo
4124806;São João;41;Paraná;410010;Pato Branco;4103;Cascavel;-25.8214;-52.7252;fora_do_escopo
4124905;São João do Caiuá;41;Paraná;410017;Paranavaí;4104;Maringá;-22.8535;-52.3411;fora_do_escopo
4125100;São João do Triunfo;41;Paraná;410027;Ponta Grossa;4106;Ponta Grossa;-25.683;-50.2949;fora_do_escopo
4125704;São Miguel do Iguaçu;41;Paraná;410007;Foz do Iguaçu;4103;Cascavel;-25.3492;-54.2405;fora_do_escopo
4126801;Tapejara;41;Paraná;410018;Cianorte;4104;Maringá;-23.7315;-52.8735;fora_do_escopo
4127205;Terra Boa;41;Paraná;410018;Cianorte;4104;Maringá;-23.7683;-52.447;fora_do_escopo
4128401;Uraí;41;Paraná;410024;Cornélio Procópio ¿ Bandeirantes;4105;Londrina;-23.2;-50.7939;fora_do_escopo
4128708;Vitorino;41;Paraná;410010;Pato Branco;4103;Cascavel;-26.2683;-52.7843;fora_do_escopo
4128807;Xambrê;41;Paraná;410016;Umuarama;4104;Maringá;-23.7364;-53.4884;fora_do_escopo
4200903;Angelina;42;Santa Catarina;420001;Florianópolis;4201;Florianópolis;-27.5704;-48.9879;fora_do_escopo
4201505;Armazém;42;Santa Catarina;420003;Tubarão;4202;Criciúma;-28.2448;-49.0215;fora_do_escopo
4202131;Bela Vista do Toldo;42;Santa Catarina;420017;Mafra;4206;Joinville;-26.2746;-50.4664;fora_do_escopo
4202701;Botuverá;42;Santa Catarina;420021;Brusque;4207;Blumenau;-27.2007;-49.0689;fora_do_escopo
4202800;Braço do Norte;42;Santa Catarina;420003;Tubarão;4202;Criciúma;-28.2681;-49.1701;fora_do_escopo
4203105;Caibi;42;Santa Catarina;420007;Chapecó;4204;Chapecó;-27.0741;-53.2458;fora_do_escopo
4203154;Calmon;42;Santa Catarina;420014;Caçador;4205;Caçador;-26.5942;-51.095;fora_do_escopo
4203501;Campo Erê;42;Santa Catarina;420013;São Lourenço do Oeste;4204;Chapecó;-26.3931;-53.0856;fora_do_escopo
4203709;Canelinha;42;Santa Catarina;420021;Brusque;4207;Blumenau;-27.2616;-48.7658;fora_do_escopo
4206751;Ibiam;42;Santa Catarina;420015;Videira;4205;Caçador;-27.1847;-51.2352;fora_do_escopo
4206900;Ibirama;42;Santa Catarina;420023;Ibirama - Presidente Getúlio;4207;Blumenau;-27.0547;-49.5193;fora_do_escopo
4207106;Ilhota;42;Santa Catarina;420019;Blumenau;4207;Blumenau;-26.9023;-48.8251;fora_do_escopo
4207304;Imbituba;42;Santa Catarina;420001;Florianópolis;4201;Florianópolis;-28.2284;-48.6659;fora_do_escopo
4207809;Irani;42;Santa Catarina;420010;Concórdia;4204;Chapecó;-27.0287;-51.9012;fora_do_escopo
4207858;Irati;42;Santa Catarina;420007;Chapecó;4204;Chapecó;-26.6539;-52.8955;fora_do_escopo
4209003;Joaçaba;42;Santa Catarina;420008;Joaçaba - Herval d'Oeste;4204;Chapecó;-27.1721;-51.5108;fora_do_escopo
4210555;Marema;42;Santa Catarina;420007;Chapecó;4204;Chapecó;-26.8024;-52.6264;fora_do_escopo
4212601;Peritiba;42;Santa Catarina;420010;Concórdia;4204;Chapecó;-27.3754;-51.9018;fora_do_escopo
4213104;Piratuba;42;Santa Catarina;420010;Concórdia;4204;Chapecó;-27.4242;-51.7668;fora_do_escopo
4214508;Rio do Campo;42;Santa Catarina;420022;Rio do Sul;4207;Blumenau;-26.9452;-50.136;fora_do_escopo
4214706;Rio dos Cedros;42;Santa Catarina;420019;Blumenau;4207;Blumenau;-26.7398;-49.2718;fora_do_escopo
4215356;Saltinho;42;Santa Catarina;420012;Maravilha;4204;Chapecó;-26.6049;-53.0578;fora_do_escopo
4215679;Santa Terezinha;42;Santa Catarina;420022;Rio do Sul;4207;Blumenau;-26.7813;-50.009;fora_do_escopo
4217600;Siderópolis;42;Santa Catarina;420002;Criciúma;4202;Criciúma;-28.5955;-49.4314;fora_do_escopo
4216404;São João do Sul;42;Santa Catarina;420004;Araranguá;4202;Criciúma;-29.2154;-49.8094;fora_do_escopo
4217154;São Miguel da Boa Vista;42;Santa Catarina;420012;Maravilha;4204;Chapecó;-26.687;-53.2511;fora_do_escopo
4218301;Três Barras;42;Santa Catarina;420017;Mafra;4206;Joinville;-26.1056;-50.3197;fora_do_escopo
4219606;Xavantina;42;Santa Catarina;420011;Xanxerê;4204;Chapecó;-27.0667;-52.343;fora_do_escopo
4200556;Águas Frias;42;Santa Catarina;420007;Chapecó;4204;Chapecó;-26.8794;-52.8568;fora_do_escopo
4300034;Aceguá;43;Rio Grande do Sul;430010;Bagé;4302;Pelotas;-31.8665;-54.1615;fora_do_escopo
4300208;Ajuricaba;43;Rio Grande do Sul;430018;Ijuí;4305;Ijuí;-28.2342;-53.7757;fora_do_escopo
4300851;Arambaré;43;Rio Grande do Sul;430005;Camaquã;4301;Porto Alegre;-30.9092;-51.5046;fora_do_escopo
4301107;Arroio dos Ratos;43;Rio Grande do Sul;430001;Porto Alegre;4301;Porto Alegre;-30.0875;-51.7275;fora_do_escopo
4301859;Barra do Guarita;43;Rio Grande do Sul;430021;Três Passos;4305;Ijuí;-27.1927;-53.7109;fora_do_escopo
4302105;Bento Gonçalves;43;Rio Grande do Sul;430037;Bento Gonçalves;4307;Caxias do Sul;-29.1662;-51.5165;fora_do_escopo
4302402;Bom Retiro do Sul;43;Rio Grande do Sul;430041;Lajeado;4308;Santa Cruz do Sul - Lajeado;-29.6071;-51.9456;fora_do_escopo
4303558;Camargo;43;Rio Grande do Sul;430030;Marau;4306;Passo Fundo;-28.588;-52.2003;fora_do_escopo
4303673;Campestre da Serra;43;Rio Grande do Sul;430036;Caxias do Sul;4307;Caxias do Sul;-28.7926;-51.0941;fora_do_escopo
4303806;Campinas do Sul;43;Rio Grande do Sul;430026;Erechim;4306;Passo Fundo;-27.7174;-52.6248;fora_do_escopo
4304689;Capela de Santana;43;Rio Grande do Sul;430002;Novo Hamburgo - São Leopoldo;4301;Porto Alegre;-29.6961;-51.328;fora_do_escopo
4304671;Capivari do Sul;43;Rio Grande do Sul;430001;Porto Alegre;4301;Porto Alegre;-30.1383;-50.5152;fora_do_escopo
4305132;Cerro Branco;43;Rio Grande do Sul;430013;Cachoeira do Sul;4303;Santa Maria;-29.657;-52.9406;fora_do_escopo
4305157;Cerro Grande;43;Rio Grande do Sul;430034;Palmeira das Missões;4306;Passo Fundo;-27.6106;-53.1672;fora_do_escopo
4305355;Charqueadas;43;Rio Grande do Sul;430006;Charqueadas - Triunfo - São Jerônimo;4301;Porto Alegre;-29.9625;-51.6289;fora_do_escopo
4305454;Cidreira;43;Rio Grande do Sul;430003;Tramandaí - Osório;4301;Porto Alegre;-30.1604;-50.2337;fora_do_escopo
4305975;Coxilha;43;Rio Grande do Sul;430025;Passo Fundo;4306;Passo Fundo;-28.128;-52.3023;fora_do_escopo
4306056;Cristal;43;Rio Grande do Sul;430005;Camaquã;4301;Porto Alegre;-31.0046;-52.0436;fora_do_escopo
4306700;Dona Francisca;43;Rio Grande do Sul;430011;Santa Maria;4303;Santa Maria;-29.6195;-53.3617;fora_do_escopo
4306932;Entre-Ijuís;43;Rio Grande do Sul;430020;Santo Ângelo;4305;Ijuí;-28.3686;-54.2686;fora_do_escopo
4307401;Esmeralda;43;Rio Grande do Sul;430039;Vacaria;4307;Caxias do Sul;-28.0518;-51.1933;fora_do_escopo
4307559;Estação;43;Rio Grande do Sul;430026;Erechim;4306;Passo Fundo;-27.9135;-52.2635;fora_do_escopo
4307807;Estrela;43;Rio Grande do Sul;430041;Lajeado;4308;Santa Cruz do Sul - Lajeado;-29.5002;-51.9495;fora_do_escopo
4307831;Eugênio de Castro;43;Rio Grande do Sul;430020;Santo Ângelo;4305;Ijuí;-28.5315;-54.1506;fora_do_escopo
4308078;Fazenda Vilanova;43;Rio Grande do Sul;430041;Lajeado;4308;Santa Cruz do Sul - Lajeado;-29.5885;-51.8217;fora_do_escopo
4309001;Giruá;43;Rio Grande do Sul;430020;Santo Ângelo;4305;Ijuí;-28.0297;-54.3517;fora_do_escopo
4309050;Glorinha;43;Rio Grande do Sul;430001;Porto Alegre;4301;Porto Alegre;-29.8798;-50.7734;fora_do_escopo
4309126;Gramado dos Loureiros;43;Rio Grande do Sul;430035;Nonoai;4306;Passo Fundo;-27.4429;-52.9149;fora_do_escopo
4309605;Horizontina;43;Rio Grande do Sul;430023;Três de Maio;4305;Ijuí;-27.6282;-54.3053;fora_do_escopo
4309704;Humaitá;43;Rio Grande do Sul;430021;Três Passos;4305;Ijuí;-27.5691;-53.9695;fora_do_escopo
4310603;Itaqui;43;Rio Grande do Sul;430017;São Borja;4304;Uruguaiana;-29.1311;-56.5515;fora_do_escopo
4311429;Lajeado do Bugre;43;Rio Grande do Sul;430034;Palmeira das Missões;4306;Passo Fundo;-27.6913;-53.1818;fora_do_escopo
4311809;Marau;43;Rio Grande do Sul;430030;Marau;4306;Passo Fundo;-28.4498;-52.1986;fora_do_escopo
4311981;Mariana Pimentel;43;Rio Grande do Sul;430001;Porto Alegre;4301;Porto Alegre;-30.353;-51.5803;fora_do_escopo
4312054;Marques de Souza;43;Rio Grande do Sul;430041;Lajeado;4308;Santa Cruz do Sul - Lajeado;-29.3311;-52.0973;fora_do_escopo
4312401;Montenegro;43;Rio Grande do Sul;430007;Montenegro;4301;Porto Alegre;-29.6824;-51.4679;fora_do_escopo
4312450;Morro Redondo;43;Rio Grande do Sul;430009;Pelotas;4302;Pelotas;-31.5887;-52.6261;fora_do_escopo
4312625;Muliterno;43;Rio Grande do Sul;430030;Marau;4306;Passo Fundo;-28.3253;-51.7697;fora_do_escopo
4312708;Nonoai;43;Rio Grande do Sul;430035;Nonoai;4306;Passo Fundo;-27.3689;-52.7756;fora_do_escopo
4313300;Nova Prata;43;Rio Grande do Sul;430038;Nova Prata - Guaporé;4307;Caxias do Sul;-28.7799;-51.6113;fora_do_escopo
4313466;Novo Xingu;43;Rio Grande do Sul;430028;Carazinho;4306;Passo Fundo;-27.749;-53.0639;fora_do_escopo
4313656;Palmares do Sul;43;Rio Grande do Sul;430001;Porto Alegre;4301;Porto Alegre;-30.2535;-50.5103;fora_do_escopo
4313805;Palmitinho;43;Rio Grande do Sul;430029;Frederico Westphalen;4306;Passo Fundo;-27.3596;-53.558;fora_do_escopo
4313904;Panambi;43;Rio Grande do Sul;430018;Ijuí;4305;Ijuí;-28.2833;-53.5023;fora_do_escopo
4314001;Paraí;43;Rio Grande do Sul;430038;Nova Prata - Guaporé;4307;Caxias do Sul;-28.5964;-51.7896;fora_do_escopo
4314100;Passo Fundo;43;Rio Grande do Sul;430025;Passo Fundo;4306;Passo Fundo;-28.2576;-52.4091;fora_do_escopo
4314209;Pedro Osório;43;Rio Grande do Sul;430009;Pelotas;4302;Pelotas;-31.8642;-52.8184;fora_do_escopo
4314407;Pelotas;43;Rio Grande do Sul;430009;Pelotas;4302;Pelotas;-31.7649;-52.3371;fora_do_escopo
4314456;Pinhal;43;Rio Grande do Sul;430029;Frederico Westphalen;4306;Passo Fundo;-27.508;-53.2082;fora_do_escopo
4314464;Pinhal da Serra;43;Rio Grande do Sul;430039;Vacaria;4307;Caxias do Sul;-27.8751;-51.1673;fora_do_escopo
4314498;Pinheirinho do Vale;43;Rio Grande do Sul;430029;Frederico Westphalen;4306;Passo Fundo;-27.2109;-53.608;fora_do_escopo
4314704;Planalto;43;Rio Grande do Sul;430035;Nonoai;4306;Passo Fundo;-27.3297;-53.0575;fora_do_escopo
4314779;Pontão;43;Rio Grande do Sul;430025;Passo Fundo;4306;Passo Fundo;-28.0585;-52.6791;fora_do_escopo
4317558;Santo Antônio do Palma;43;Rio Grande do Sul;430030;Marau;4306;Passo Fundo;-28.4956;-52.0267;fora_do_escopo
4318408;São Jerônimo;43;Rio Grande do Sul;430006;Charqueadas - Triunfo - São Jerônimo;4301;Porto Alegre;-29.9716;-51.7251;fora_do_escopo
4318481;São José do Hortêncio;43;Rio Grande do Sul;430002;Novo Hamburgo - São Leopoldo;4301;Porto Alegre;-29.528;-51.245;fora_do_escopo
4319703;São Valentim;43;Rio Grande do Sul;430026;Erechim;4306;Passo Fundo;-27.5583;-52.5237;fora_do_escopo
4319737;São Valério do Sul;43;Rio Grande do Sul;430018;Ijuí;4305;Ijuí;-27.7906;-53.9368;fora_do_escopo
4320859;Tabaí;43;Rio Grande do Sul;430041;Lajeado;4308;Santa Cruz do Sul - Lajeado;-29.643;-51.6823;fora_do_escopo
4320909;Tapejara;43;Rio Grande do Sul;430032;Tapejara - Sananduva;4306;Passo Fundo;-28.0652;-52.0097;fora_do_escopo
4321006;Tapera;43;Rio Grande do Sul;430025;Passo Fundo;4306;Passo Fundo;-28.6277;-52.8613;fora_do_escopo
4321402;Tenente Portela;43;Rio Grande do Sul;430021;Três Passos;4305;Ijuí;-27.3711;-53.7585;fora_do_escopo
4322327;Turuçu;43;Rio Grande do Sul;430009;Pelotas;4302;Pelotas;-31.4173;-52.1706;fora_do_escopo
4322376;Unistalda;43;Rio Grande do Sul;430014;Santiago;4303;Santa Maria;-29.04;-55.1517;fora_do_escopo
4301552;Áurea;43;Rio Grande do Sul;430026;Erechim;4306;Passo Fundo;-27.6936;-52.0505;fora_do_escopo
5000252;Alcinópolis;50;Mato Grosso do Sul;500004;Coxim;5001;Campo Grande;-18.3255;-53.7042;fora_do_escopo
5001508;Bandeirantes;50;Mato Grosso do Sul;500001;Campo Grande;5001;Campo Grande;-19.9275;-54.3585;fora_do_escopo
5002407;Caarapó;50;Mato Grosso do Sul;500005;Dourados;5002;Dourados;-22.6368;-54.8209;fora_do_escopo
5004106;Guia Lopes da Laguna;50;Mato Grosso do Sul;500011;Jardim;5003;Corumbá;-21.4583;-56.1117;fora_do_escopo
5006408;Pedro Gomes;50;Mato Grosso do Sul;500004;Coxim;5001;Campo Grande;-18.0996;-54.5507;fora_do_escopo
5007109;Ribas do Rio Pardo;50;Mato Grosso do Sul;500001;Campo Grande;5001;Campo Grande;-20.4445;-53.7588;fora_do_escopo
5008305;Três Lagoas;50;Mato Grosso do Sul;500002;Três Lagoas;5001;Campo Grande;-20.7849;-51.7007;fora_do_escopo
5100300;Alto Araguaia;51;Mato Grosso;510016;Rondonópolis;5105;Rondonópolis;-17.3153;-53.2181;fora_do_escopo
5100805;Apiacás;51;Mato Grosso;510010;Alta Floresta;5103;Sinop;-9.53981;-57.4587;fora_do_escopo
5101001;Araguaiana;51;Mato Grosso;510013;Barra do Garças;5104;Barra do Garças;-15.7291;-51.8341;fora_do_escopo
5102678;Campo Verde;51;Mato Grosso;510001;Cuiabá;5101;Cuiabá;-15.545;-55.1626;fora_do_escopo
5104500;Indiavaí;51;Mato Grosso;510006;Mirassol D'oeste;5102;Cáceres;-15.4921;-58.5802;fora_do_escopo
5105176;Juruena;51;Mato Grosso;510009;Juína;5103;Sinop;-10.3178;-58.3592;fora_do_escopo
5105903;Nobres;51;Mato Grosso;510001;Cuiabá;5101;Cuiabá;-14.7192;-56.3284;fora_do_escopo
5108857;Nova Marilândia;51;Mato Grosso;510003;Diamantino;5101;Cuiabá;-14.3568;-56.9696;fora_do_escopo
5106190;Nova Santa Helena;51;Mato Grosso;510007;Sinop;5103;Sinop;-10.8651;-55.1872;fora_do_escopo
5106265;Novo Mundo;51;Mato Grosso;510011;Peixoto de Azevedo - Guarantã do Norte;5103;Sinop;-9.95616;-55.2029;fora_do_escopo
5106455;Planalto da Serra;51;Mato Grosso;510001;Cuiabá;5101;Cuiabá;-14.6518;-54.7819;fora_do_escopo
5106778;Porto Alegre do Norte;51;Mato Grosso;510014;Confresa - Vila Rica;5104;Barra do Garças;-10.8761;-51.6357;fora_do_escopo
5106851;Porto Estrela;51;Mato Grosso;510002;Tangará da Serra;5101;Cuiabá;-15.3235;-57.2204;fora_do_escopo
5107065;Querência;51;Mato Grosso;510015;Água Boa;5104;Barra do Garças;-12.6093;-52.1821;fora_do_escopo
5107768;Santa Rita do Trivelato;51;Mato Grosso;510008;Sorriso;5103;Sinop;-13.8146;-55.2706;fora_do_escopo
5107776;Santa Terezinha;51;Mato Grosso;510014;Confresa - Vila Rica;5104;Barra do Garças;-10.4704;-50.514;fora_do_escopo
5107404;São Pedro da Cipa;51;Mato Grosso;510018;Jaciara;5105;Rondonópolis;-16.0109;-54.9176;fora_do_escopo
5107958;Tangará da Serra;51;Mato Grosso;510002;Tangará da Serra;5101;Cuiabá;-14.6229;-57.4933;fora_do_escopo
5108204;Torixoréu;51;Mato Grosso;510013;Barra do Garças;5104;Barra do Garças;-16.2006;-52.5571;fora_do_escopo
5108501;Vera;51;Mato Grosso;510008;Sorriso;5103;Sinop;-12.3017;-55.3045;fora_do_escopo
5200100;Abadiânia;52;Goiás;520002;Anápolis;5201;Goiânia;-16.197;-48.7057;fora_do_escopo
5201108;Anápolis;52;Goiás;520002;Anápolis;5201;Goiânia;-16.3281;-48.953;fora_do_escopo
5202353;Arenópolis;52;Goiás;520014;Iporá;5204;São Luís de Montes Belos - Iporá;-16.3837;-51.5563;fora_do_escopo
5203401;Bom Jardim de Goiás;52;Goiás;520014;Iporá;5204;São Luís de Montes Belos - Iporá;-16.2063;-52.1728;fora_do_escopo
5203906;Buriti Alegre;52;Goiás;520007;Itumbiara;5202;Itumbiara;-18.1378;-49.0404;fora_do_escopo
5204250;Cachoeira Dourada;52;Goiás;520007;Itumbiara;5202;Itumbiara;-18.4859;-49.4766;fora_do_escopo
5205455;Cezarina;52;Goiás;520015;Palmeiras de Goiás;5204;São Luís de Montes Belos - Iporá;-16.9718;-49.7758;fora_do_escopo
5205513;Cocalzinho de Goiás;52;Goiás;520020;Águas Lindas de Goiás;5206;Luziânia - Águas Lindas de Goiás;-15.7914;-48.7747;fora_do_escopo
5206206;Cristalina;52;Goiás;520019;Luziânia;5206;Luziânia - Águas Lindas de Goiás;-16.7676;-47.6131;fora_do_escopo
5206602;Cumari;52;Goiás;520004;Catalão;5201;Goiânia;-18.2644;-48.1511;fora_do_escopo
5207808;Firminópolis;52;Goiás;520015;Palmeiras de Goiás;5204;São Luís de Montes Belos - Iporá;-16.5778;-50.304;fora_do_escopo
5209150;Gouvelândia;52;Goiás;520012;Quirinópolis;5203;Rio Verde;-18.6238;-50.0805;fora_do_escopo
5209408;Guarani de Goiás;52;Goiás;520021;Posse-Campos Belos;5206;Luziânia - Águas Lindas de Goiás;-13.9421;-46.4868;fora_do_escopo
5209952;Indiara;52;Goiás;520015;Palmeiras de Goiás;5204;São Luís de Montes Belos - Iporá;-17.1387;-49.9862;fora_do_escopo
5210406;Itaberaí;52;Goiás;520003;Inhumas - Itaberaí - Anicuns;5201;Goiânia;-16.0206;-49.806;fora_do_escopo
5210562;Itaguari;52;Goiás;520003;Inhumas - Itaberaí - Anicuns;5201;Goiânia;-15.918;-49.6071;fora_do_escopo
5211800;Jaraguá;52;Goiás;520002;Anápolis;5201;Goiânia;-15.7529;-49.3344;fora_do_escopo
5212600;Mairipotaba;52;Goiás;520009;Piracanjuba;5202;Itumbiara;-17.2975;-49.4898;fora_do_escopo
5212709;Mambaí;52;Goiás;520021;Posse-Campos Belos;5206;Luziânia - Águas Lindas de Goiás;-14.4823;-46.1165;fora_do_escopo
5213400;Moiporá;52;Goiás;520013;São Luís de Montes Belos;5204;São Luís de Montes Belos - Iporá;-16.5434;-50.739;fora_do_escopo
5213905;Mossâmedes;52;Goiás;520005;Goiás - Itapuranga;5201;Goiânia;-16.124;-50.2136;fora_do_escopo
5214903;Nova Roma;52;Goiás;520021;Posse-Campos Belos;5206;Luziânia - Águas Lindas de Goiás;-13.7388;-46.8734;fora_do_escopo
5215306;Orizona;52;Goiás;520006;Pires do Rio;5201;Goiânia;-17.0334;-48.2964;fora_do_escopo
5215405;Ouro Verde de Goiás;52;Goiás;520002;Anápolis;5201;Goiânia;-16.2181;-49.1942;fora_do_escopo
5218052;Porteirão;52;Goiás;520010;Rio Verde;5203;Rio Verde;-17.8143;-50.1653;fora_do_escopo
5218508;Quirinópolis;52;Goiás;520012;Quirinópolis;5203;Rio Verde;-18.4472;-50.4547;fora_do_escopo
5218607;Rialma;52;Goiás;520018;Ceres - Rialma - Goianésia;5205;Porangatu - Uruaçu;-15.3145;-49.5814;fora_do_escopo
5219001;Sanclerlândia;52;Goiás;520013;São Luís de Montes Belos;5204;São Luís de Montes Belos - Iporá;-16.197;-50.3124;fora_do_escopo
5219100;Santa Bárbara de Goiás;52;Goiás;520015;Palmeiras de Goiás;5204;São Luís de Montes Belos - Iporá;-16.5714;-49.6954;fora_do_escopo
5219357;Santa Isabel;52;Goiás;520018;Ceres - Rialma - Goianésia;5205;Porangatu - Uruaçu;-15.2958;-49.4259;fora_do_escopo
5219738;Santo Antônio de Goiás;52;Goiás;520001;Goiânia;5201;Goiânia;-16.4815;-49.3096;fora_do_escopo
5220454;Senador Canedo;52;Goiás;520001;Goiânia;5201;Goiânia;-16.7084;-49.0914;fora_do_escopo
5220686;Simolândia;52;Goiás;520021;Posse-Campos Belos;5206;Luziânia - Águas Lindas de Goiás;-14.4644;-46.4847;fora_do_escopo
5219902;São Francisco de Goiás;52;Goiás;520002;Anápolis;5201;Goiânia;-15.9256;-49.2605;fora_do_escopo
5220009;São João d'Aliança;52;Goiás;520022;Flores de Goiás;5206;Luziânia - Águas Lindas de Goiás;-14.7048;-47.5228;fora_do_escopo
5220157;São Luiz do Norte;52;Goiás;520017;Uruaçu - Niquelândia;5205;Porangatu - Uruaçu;-14.8608;-49.3285;fora_do_escopo
5220207;São Miguel do Araguaia;52;Goiás;520016;Porangatu;5205;Porangatu - Uruaçu;-13.2731;-50.1634;fora_do_escopo
5221197;Terezópolis de Goiás;52;Goiás;520001;Goiânia;5201;Goiânia;-16.3945;-49.0797;fora_do_escopo
5221304;Três Ranchos;52;Goiás;520004;Catalão;5201;Goiânia;-18.3539;-47.776;fora_do_escopo
5221502;Turvânia;52;Goiás;520015;Palmeiras de Goiás;5204;São Luís de Montes Belos - Iporá;-16.6125;-50.1369;fora_do_escopo
3106200;Belo Horizonte;31;Minas Gerais;310001;Belo Horizonte;3101;Belo Horizonte;-19.9102;-43.9266;atendido
3114501;Carmópolis de Minas;31;Minas Gerais;310069;Oliveira;3113;Divinópolis;-20.5396;-44.6336;atendido
3159902;Santo Antônio do Amparo;31;Minas Gerais;310043;Lavras;3108;Varginha;-20.943;-44.9176;atendido
3161809;São Gonçalo do Pará;31;Minas Gerais;310065;Divinópolis;3113;Divinópolis;-19.9822;-44.8593;atendido
3169307;Três Corações;31;Minas Gerais;310045;Três Corações;3108;Varginha;-21.6921;-45.2511;atendido
