id_municipio;cresc_linear_vol_vendido;cagr_vol_vendido_3a;cagr_vol_vendido_9a;cresc_linear_frota;cagr_frota_3a;cagr_frota_9a;base_atendimento;dist_base_atendimento_km;dist_referencia_km;score_final_medio
3100104;24516.503571428497;0.03852497356677298;-0.009719102624638709;159.16363636363963;0.02768769044411523;0.03969303958732584;3145604;364.30879379493166;93.09462065238024;0.24202845931186756
3101102;242579.11071428575;-0.07737125805488332;0.008628521980907022;269.82424242424787;0.014974787461185635;0.025864946682840895;3106705;331.27609491301973;93.09462065238024;0.25944538935911265
3102852;52119.64285714252;0.07425395656259504;0.017538088664838858;189.50303030303436;0.06902439085596668;0.06804978155914632;3106705;321.7251018757744;93.09462065238024;0.25167893823738025
3103108;-2967.857142857149;0.06351348392719736;0.015141718947758509;22.072727272727732;0.00839149040913667;0.0347701449876372;3106705;247.13550961737943;93.09462065238024;0.290970817443197
3104007;-1303174.5571428714;0.04070741956550772;-0.01867480963061008;2079.018181818226;0.031091949979056954;0.029893496473152315;3145604;252.81608023315195;93.09462065238024;0.3265298348906229
3104106;555154.8571428562;0.2565994479149458;0.12126746127056065;166.99393939394307;0.04181804514905907;0.03484133179423532;3145604;231.09887942711293;93.09462065238024;0.31967378152552467
3105707;62376.24285714283;-0.010576160936812795;0.05546638805743309;97.16969696969699;0.06443094866194898;0.04727829648804871;3106705;126.29105933128855;93.09462065238024;0.4151933829393487
3105905;-392227.92857142776;-3.681414194711685e-06;-0.015433088595433797;324.745454545455;0.02950878059688744;0.031977968453226646;3145604;104.49664071027254;93.09462065238024;0.4663881217660079
3106655;47138.39642857106;0.06265856918261115;0.04688846148264636;75.16969696969697;0.054198946422640004;0.04882265473328262;3106705;549.8728667438925;93.09462065238024;0.1865393003485761
3107901;122735.16428571397;0.07329844634409399;0.04299969622177713;389.10909090909087;0.04535172921413033;0.05610606454363931;3145604;239.1461688504569;93.09462065238024;0.29865663583658963
3108008;81982.67857142808;0.05619133464954307;0.02126815081901423;266.30909090909086;0.034761101655512716;0.03761862117132497;3145604;38.030427658262575;93.09462065238024;0.6526235193241335
3108701;27813.214285713795;0.03798008960441113;-0.049005377384447435;100.90303030303032;0.04100524644793291;0.05047858130799998;3106705;139.57910678246301;93.09462065238024;0.3921407289514013
3109204;69966.0714285716;-0.2124402154523224;-0.03791535484079345;176.99999999999986;0.04663940384785725;0.049489344666530544;3106705;232.6771707123338;93.09462065238024;0.3065156887580083
3109451;113134.72857142726;0.14360321201733361;0.02708237509110667;63.02424242424246;0.05570975748717877;0.05579928083404151;3106705;533.240886624882;93.09462065238024;0.21193083465355442
3110608;753352.8607142891;0.1226469396193639;0.036492951236472004;836.1939393939394;0.029407979021550013;0.044533696599907024;3145604;247.73259837590592;93.09462065238024;0.3196466247685622
3111002;498618.721428579;-0.041782858818938506;0.04871087011805986;602.6121212121209;0.03710108373948451;0.04136952298484253;3145604;184.23669723074084;93.09462065238024;0.34757728968373186
3113602;-525933.6857142821;-0.048048812026896925;-0.03380091138682784;146.8727272727273;0.026446183204169804;0.048461766158865105;3145604;174.35654473646105;93.09462065238024;0.37706975581145113
3113800;-13323.186813186989;-0.0029850923862477785;-0.09201870710076965;29.024242424242523;0.014523076515930544;0.00806302073723475;3106705;148.17543910621762;93.09462065238024;0.3799633020620797
3115458;447314.51785714383;-0.045335135451338826;0.033540655528595975;95.43636363636362;0.03960354604269578;0.05276249148330825;3106705;408.8128906726517;93.09462065238024;0.2314024457090832
3118205;46869.642857141924;0.02087596038284456;-0.00016318540756266042;103.72121212121213;0.02250108079806923;0.029873545115700173;3145604;296.1966986309146;93.09462065238024;0.29136992839022724
3118601;5957102.478571408;0.06213991103863292;0.03625878862560539;4262.218181818185;0.030505534590075767;0.01718922010508961;3106705;15.831747719028272;93.09462065238024;0.8152568770861814
3118700;-929236.4571428483;0.01777392287914048;-0.32847870332550555;184.73939393939398;0.04017677379116624;0.04305242274141663;3145604;83.19324049973837;93.09462065238024;0.505671397521747
3120839;25886.999999999967;0.017639840333313783;-0.013527521803203602;84.43636363636358;0.04192242534777679;0.04920214441929982;3106705;343.7775128884326;93.09462065238024;0.24393220961729517
3121258;-7887.021428570716;0.10903831616354642;0.02390370259344521;341.030303030303;0.04232286181299494;0.050397007845080166;3145604;318.5089731520279;93.09462065238024;0.2804765017987086
3121704;-19171.139285714806;0.13714463940347144;-0.15760532292038587;63.07878787878792;0.04108760086044372;0.0447607428957455;3106705;119.8485894955907;93.09462065238024;0.42225682836536
3122207;68598.96428571444;0.10553103525064933;0.05625604767207237;188.369696969697;0.05966834879696914;0.058688632773326255;3106705;211.31152577734514;93.09462065238024;0.3158154034331813
3122470;72128.74285714279;0.16180485589025762;0.05428443521443982;52.612121212121224;0.027124694041927855;0.03643648668086419;3106705;427.8789125876101;93.09462065238024;0.21658939236061203
3122900;3165.7964285710596;0.4119495632487047;0.06771751024397132;129.44848484848487;0.012938585034110828;0.03496541479962678;3106705;208.90304910382852;93.09462065238024;0.32052874931979214
3124906;5834.2857142856765;0.007411599153817283;-0.03406370500225009;159.64848484848483;0.016098977199736186;0.03407608839823628;3106705;244.57880586405332;93.09462065238024;0.29765999873452337
3126307;-154350.00000000017;-0.1278779360804717;-0.10199201409809622;35.951515151515146;0.024276674881330784;0.020669222229723117;3145604;196.4997292881276;93.09462065238024;0.3356389733679659
3127107;3312318.003571417;0.1976773102216598;0.08600111657765153;1527.3636363636374;0.030836054440468663;0.03255606397279398;3145604;434.5527847781987;93.09462065238024;0.23704612184387294
3127206;-88337.85714286062;0.136543368786604;-0.24760666912389873;68.9151515151515;0.0562096168971955;0.050971298735274395;3106705;68.37997232291907;93.09462065238024;0.5382017857907541
3129400;31125.000000000113;-0.009688445568269088;-0.008751861680842854;107.44848484848485;0.03377465947975655;0.0568328736532282;3145604;121.38216180791397;93.09462065238024;0.42266421750783273
3129806;-1179191.410714282;-0.02382871112770968;-0.050647690583772054;2846.103030303031;0.03705061306779678;0.039202777814689505;3106705;16.378681446805405;93.09462065238024;0.7679594293791223
3129905;36994.6428571408;-0.051708502264493195;-0.12974840251573905;81.64242424242425;0.039610537809307456;0.04238470526229521;3145604;225.06779871239638;93.09462065238024;0.3110031858562841
3130655;18362.67857142834;0.09808597482373904;0.04417475025314421;106.95151515151515;0.068069290836549;0.053446163113823;3106705;540.8649316408304;93.09462065238024;0.18539231872747236
3131109;23055.40714285739;0.17191623283628976;0.0649289232355148;99.05454545454546;0.05533796470201802;0.04115163078084194;3106705;138.83641467848497;93.09462065238024;0.3963818099811981
3131406;-121721.81785715527;-0.28446897894260037;-0.28506695424149253;80.27272727272728;0.038493115179120574;0.0374018851697433;3145604;579.9740960935629;93.09462065238024;0.19121594561927346
3132503;418539.86071428;0.10973139200904947;-0.007548945942933427;1138.4909090909093;0.053227659465923116;0.06144839493217158;3106705;274.1103030666586;93.09462065238024;0.27765639947798476
3132909;15561.353571428157;0.09434684464532972;0.011723722872279518;259.72727272727275;0.0426697658190307;0.04282169023558002;3145604;234.11271141328217;93.09462065238024;0.3055393415650346
3134905;-40418.735714285714;0.10185107364688295;0.029450324890351487;675.0181818181818;0.029185754056973545;0.0413212830411811;3145604;255.68552326161466;93.09462065238024;0.3047943730615253
3135001;276200.40714285657;-0.006294830028312437;0.20526419291001163;65.16969696969697;0.0473908435276118;0.05439932718375107;3106705;155.9075171684207;93.09462065238024;0.39032505144596275
3135308;-15375.357142857694;0.054121007066860294;-0.08025754817485886;138.93939393939394;0.04964178775558126;0.05610216462235584;3145604;93.3049126492131;93.09462065238024;0.4756947040803656
3136108;9417.857142857152;-0.027014279704762445;-0.011915142861979477;61.6121212121212;0.040420659524299074;0.03779167274541062;3106705;182.3840203215224;93.09462065238024;0.35479464100546027
3136702;-2744739.2142857593;0.029131218961895078;-0.023313910295679974;6995.648484848487;0.019787657742281972;0.026519642651691377;3145604;194.2957766014603;93.09462065238024;0.37452741303892234
3137536;297175.1714285702;-0.014185894494688434;-0.021604063889144487;263.2909090909091;0.0637980885040339;0.06492380763131567;3106705;340.1023709064085;93.09462065238024;0.25785046530791966
3137908;71780.35714285693;0.03405328833514498;0.11012981197491811;58.06060606060608;0.02930223463117021;0.034355754998844024;3106705;119.0453346477796;93.09462065238024;0.42612609929707923
3139300;95451.59285713735;0.05887074634992917;0.0030041640099365274;255.7818181818182;0.04346668430452061;0.04722888128728786;3106705;580.4235354775624;93.09462065238024;0.18450770429605404
3140100;50190.55714285684;0.16837095101929966;0.05987566244249143;66.95151515151514;0.08894430830193034;0.06210210237698166;3106705;275.28884598089553;93.09462065238024;0.27420614849651215
3140852;47567.85714285718;0.09782098208601031;0.0294670202699161;81.0606060606061;0.05614418446801994;0.053962419625086966;3106705;569.0717170531564;93.09462065238024;0.1826960180948878
3141108;-58995.064285712324;0.012545025232798768;0.00657678750428925;977.4363636363646;-0.005761880150996435;0.0435039878307506;3106705;47.39391726051529;93.09462065238024;0.6269640992376968
3141207;-23998.214285715425;-0.1679877852477265;-0.16829702750662956;70.96969696969693;0.030684309657515785;0.03267888363740035;3106705;202.83828976318625;93.09462065238024;0.32986844610758265
3141306;69508.96428571407;0.20467249787656194;0.08758484624136398;100.39999999999999;0.040984608174043036;0.047823188288783625;3145604;165.03705867907587;93.09462065238024;0.37155392250402663
3141702;-12.857142857167668;0.037301012132690214;-0.00634499140309841;61.44848484848486;0.04180552240205082;0.033754605575838426;3106705;186.18530590443893;93.09462065238024;0.3376905086130204
3142106;13155.799999999785;0.12271271002439943;0.006490744379215041;193.1090909090908;0.037989415254232606;0.042387227785424475;3106705;218.85375378006984;93.09462065238024;0.3222578347951236
3142304;28485.714285714454;0.04618775637629935;0.03585443410277933;100.3030303030303;0.03605821165943146;0.03393441954752974;3106705;44.3396303051673;93.09462065238024;0.6216378190804335
3143104;1779247.6214285635;0.05130113595322161;0.04277368638383083;1226.8787878787875;0.031695434384318544;0.03446148378364122;3145604;354.30688888336056;93.09462065238024;0.2594891722543666
3143401;-152875.59285711937;0.21430889016306476;0.0006872434487861234;626.6909090909089;0.030469383607544254;0.03702076922392439;3145604;264.10945530591505;93.09462065238024;0.2912174949897097
3143906;1258578.5892857201;-0.040307718631734324;0.020430244152266352;1550.169696969695;0.02248143300322014;0.028593675702369037;3106705;230.41754318561607;93.09462065238024;0.32088247233446626
3144300;-116671.79999999916;0.16676032953708408;0.059514064424050606;306.6424242424244;0.008523138268116348;0.014030147883620003;3106705;468.27729927543345;93.09462065238024;0.21578655805303665
3144375;34252.96428571491;-0.03409041486383724;0.00346555506852142;54.139393939393926;0.04049560287276677;0.045717810476250564;3106705;454.66069688410414;93.09462065238024;0.21143004064543702
3144805;2703154.689285696;0.05159709500244647;0.026541078087482184;1048.6121212121216;0.023821729478178844;0.023907863385838724;3106705;36.58106511326819;93.09462065238024;0.7116444388457873
3145109;280527.8428571446;0.0454888946313774;0.055566338046630914;638.6787878787878;0.04165897017471343;0.04751863804587564;3145604;171.6166367521906;93.09462065238024;0.36008444630943093
3145703;1107.1428571428717;-0.02029954382272736;-0.003933191519169155;32.80000000000003;0.030850362774164086;0.048757436495798334;3145604;159.9519991336083;93.09462065238024;0.3669199507011662
3146602;-6382.142857142951;0.044607562289730396;-0.06671961501594381;14.315151515151513;0.0037244291634344062;0.025843187818751945;3145604;161.5119523952699;93.09462065238024;0.36727844154716804
3147204;274397.37142856815;0.1069607862568076;-0.008658090435644472;439.92727272727274;0.03417790463245263;0.037300401708331155;3145604;133.32375542330524;93.09462065238024;0.4153579470239915
3147600;-30709.50357142903;0.09265176031044664;-0.0054389444582590984;230.4060606060606;0.016480358325174027;0.03004530678966799;3145604;188.36965574157864;93.09462065238024;0.3496015208170562
3148756;31691.6214285714;0.1124063101452426;0.030652946584073915;255.54545454545453;0.06076719588024426;0.06668097662114114;3106705;204.65884951187513;93.09462065238024;0.32019444391289226
3148806;12920.892857142879;0.25085655577284105;-0.013563444206377118;57.169696969696965;0.026811773211725898;0.037369689916851634;3106705;170.32312068050632;93.09462065238024;0.35521750245910944
3148905;139999.6428571437;0.052693066877016914;0.06220978688113998;91.9515151515152;0.043126113374433395;0.04380973172556235;3145604;63.20907840886593;93.09462065238024;0.5614363103366375
3149606;-2407.142857142874;-0.05239620903569342;-0.014095555545469818;139.6060606060606;0.0889545644454166;0.04903194439717362;3106705;61.05745701408181;93.09462065238024;0.5598902417271739
3150158;150420.4999999993;0.10743405345025314;0.012575577505430369;285.18181818181813;0.07982165656711881;0.07004564239063016;3106705;223.44549193147162;93.09462065238024;0.3094911537968474
3151503;132646.66428571384;0.020214573530785485;0.017070571960590364;901.9939393939391;0.03393022409610613;0.037949042194908245;3145604;120.1778299188915;93.09462065238024;0.4376741002874575
3151701;163929.00714285817;0.05548093881604155;0.010161552040971689;458.9878787878787;0.037044023807358384;0.04001141681274101;3145604;168.37710328955956;93.09462065238024;0.36621729895525507
3152204;264184.3464285719;0.048420220372996425;0.037865764701731086;949.642424242424;0.06022348187926907;0.05044783060520075;3106705;486.05887062150885;93.09462065238024;0.20213920341182734
3153400;419850.98928571073;-0.017112625397340597;0.034486117805669236;482.1212121212121;0.04953843169223182;0.04978943831525773;3106705;290.03422724909353;93.09462065238024;0.275546439302143
3154457;-32070.40714285706;0.02292301219122561;-0.005662049856867579;78.24848484848485;0.017257257230748113;0.03101962851355089;3106705;456.8772165769704;93.09462065238024;0.2088598434993045
3156106;77678.57142857139;0.048156920380290735;0.1253281327689164;73.93939393939394;0.029428498400178693;0.039383014597690336;3145604;64.29811742683941;93.09462065238024;0.55122024598436
3156304;236092.14285714304;0.15371446265267208;0.08348447287235672;174.90303030303025;0.0356914908109931;0.04268301486255144;3106705;196.035320247169;93.09462065238024;0.35770727698351723
3156452;171840.34999999855;-0.4013675296389495;0.002937413049156179;77.36969696969697;0.026425871038068927;0.032651244209145336;3106705;209.0455376932675;93.09462065238024;0.3194154357596725
3156502;-18206.964285714264;0.08777897288206904;-0.02415480861181818;39.79393939393941;0.05505307479928301;0.03746286203399052;3106705;445.8777239619945;93.09462065238024;0.20999811158554188
3156601;19700.71428571429;-0.03381564349011579;0.01332484532605216;105.98787878787878;0.03927093873671783;0.05010596050365046;3106705;555.7231151389291;93.09462065238024;0.18515439072570922
3157203;566906.5464285733;-0.1000044623619829;-0.009713021859034221;537.2181818181818;0.03728174455241251;0.03651804442541229;3106705;82.64156853786781;93.09462065238024;0.5206173487106605
3157336;21740.000000000044;0.030761890905233846;-0.04909434768236409;149.97575757575757;0.03974264040331499;0.04123899111766849;3145604;79.00394241240356;93.09462065238024;0.5126088829509451
3157708;1528911.3964285746;-0.10052172394473546;0.03146884558869956;500.22424242424245;0.064420526550385;0.060914181721363425;3145604;321.82103093263777;93.09462065238024;0.2829539466054013
3158904;302412.6571428562;0.1714242624308535;0.07050525004795638;228.57575757575756;0.046275564984471274;0.0543349199853127;3106705;237.93212665104926;93.09462065238024;0.29956839333164825
3160454;52426.56785714231;-0.021963661104900223;-0.08573129144095537;171.53939393939393;0.0715638773870153;0.07617175285526612;3106705;541.2073523197396;93.09462065238024;0.18600924456972764
3160504;15142.175824175445;0.1405970546112616;0.06375444677162512;21.2969696969697;0.030336925008541016;0.03382367523262508;3106705;127.59952159379942;93.09462065238024;0.41158083707217014
3160801;-33941.785714285805;0.07462653569494382;-0.14224148151884408;88.38181818181818;0.037966802438808456;0.05307134486245291;3145604;101.60484501018104;93.09462065238024;0.4572844111388228
3161007;210603.81071428588;0.0019753721983517547;0.061765827899086245;338.9575757575759;0.041780931134308474;0.042329305860016486;3106705;129.03812019554655;93.09462065238024;0.41626669635216806
3161601;1242.749999999844;0.09979334961001607;-0.022900110042270883;108.84848484848484;0.07077078061098674;0.07904193820972627;3106705;236.571361105145;93.09462065238024;0.2966399215164641
3161650;-9042.428571428225;0.13700633252720196;0.05047180703722698;39.21212121212118;0.021811604316546607;0.044303778478408606;3106705;319.9294434608254;93.09462065238024;0.25185843854580603
3162922;-943073.396428575;0.14592750640568197;-0.01849523751919957;615.7333333333333;0.06651989846219508;0.04612276685787653;3106705;11.893954358903397;93.09462065238024;0.8010699855882503
3163102;157382.69999999978;0.04882263125579267;0.15385267535598968;75.50303030303031;0.027674783763334654;0.03472778154845835;3106705;47.50314307390318;93.09462065238024;0.6055562476065662
3163201;50733.92857142812;0.05185112288808802;0.10499544558242802;55.066666666666656;0.036720011683385234;0.03166272093554667;3145604;194.6516790118165;93.09462065238024;0.33278715949252086
3164001;34010.624999999636;0.012196323958554078;0.01722474769155946;48.99999999999999;0.029450087404618408;0.02315176641402794;3106705;176.51186491910082;93.09462065238024;0.35471096630089105
3164407;3146280.3499999866;0.18697064162394894;0.09361873468446524;119.60606060606065;0.012780935572852092;0.05298932004861978;3145604;188.5145211751817;93.09462065238024;0.41516500212016894
3165560;13687.06293706314;0.04304423909446564;0.014756280082813156;49.800000000000004;0.04942664897113369;0.05164454041746058;3106705;142.07413496800476;93.09462065238024;0.38949678502229523
3166907;-26728.57142857151;0.007384023142507523;-0.03385772858614322;102.89090909090913;0.029256209108525777;0.03231014463336246;3145604;157.0642296434276;93.09462065238024;0.37635810667296643
3167608;209814.80357142928;0.04207817349896992;0.041657774766215905;611.6242424242421;0.06125472393122111;0.060035467125547415;3106705;229.68800241844983;93.09462065238024;0.3043545149622358
3167806;13898.250000000064;-0.007212697236198773;0.011345704138937318;85.73939393939395;0.02716541102879888;0.03819485772360487;3145604;152.5832837225799;93.09462065238024;0.37615174646851063
3169109;-21253.57142857116;-0.07555257266192716;-0.04675639287999089;130.73939393939392;0.011074388079906239;0.04226560795640566;3145604;277.6335069147581;93.09462065238024;0.2768256982658303
3169208;235224.3928571449;-0.3800867279779957;0.0134363807528175;106.05454545454518;0.01685786270617773;0.027289073580885725;3106705;249.9306480167911;93.09462065238024;0.292516135344222
3169356;390042.01428571454;0.03785074991316506;-0.01021851684134556;616.8545454545455;0.03600338417099236;0.0397436445165924;3106705;224.6744506772509;93.09462065238024;0.3498434969254862
3169604;816864.0107142882;0.07271793710427721;0.08019428572346077;777.0484848484845;0.03162680484075886;0.04526282240314283;3145604;468.3055251286135;93.09462065238024;0.21809056602651114
3170404;1405520.1571428524;-0.0013835493449838587;0.03804135093116856;1940.4424242424243;0.029419208433891564;0.0362289733012755;3106705;492.2838811619458;93.09462065238024;0.22105871139786773
3170438;-16657.410714286754;-0.12724273099015493;-0.16655896698365724;47.41212121212121;0.01619079581080185;0.026598010948297057;3145604;589.6600350585918;93.09462065238024;0.18786357162012793
3170750;-356042.2571428598;-0.018450746991138356;-0.16389727446950952;238.45454545454547;0.10079628774104932;0.07543069513889278;3106705;261.38647223847704;93.09462065238024;0.292646201616529
3200169;-152321.19285713925;-0.06205178032055669;-0.0645035285972575;289.4606060606061;0.06819894076107103;0.05124183685533201;3106705;372.5559289458152;93.09462065238024;0.2361293041057388
3200201;253145.0107142878;-0.09786883129533464;0.015546453410030026;516.8000000000001;0.04679924289264603;0.03855325679360688;3106705;291.16968082650556;93.09462065238024;0.27615156681672626
3201001;17328.260714284846;0.04035563961019917;-0.026287593566011402;307.44242424242424;0.06040866228023001;0.04574731642127494;3106705;438.90398039500553;93.09462065238024;0.21687933260769712
3201100;448275.0428571411;0.0830103328891012;0.08767518830806176;470.9393939393935;0.0621240916050978;0.0429708125646211;3106705;292.63171376232145;93.09462065238024;0.2735771057745654
3201902;2498427.5428571515;0.07841806071819502;0.12612287596698524;1105.430303030302;0.04795644298992863;0.04460485734279729;3106705;372.22423039286485;93.09462065238024;0.24425095906691086
3202702;-44912.81785714307;0.015055611397235547;-0.01725006765537085;263.5393939393939;0.04884771685213596;0.034345272053782905;3106705;349.798020331471;93.09462065238024;0.24431178554111
3203007;149737.2214285689;-0.0002217607878692851;0.004472618973548004;750.1818181818181;0.07036443523829883;0.049968198714253065;3106705;281.72004609480865;93.09462065238024;0.27642484607457624
3203346;323619.5285714257;0.0697275013195604;0.029486319591466748;481.5878787878787;0.039340237310538706;0.038947712998493644;3106705;371.83970399002567;93.09462065238024;0.24389128421524134
3300233;249149.51428571387;0.04486984101079727;0.004011976321701249;1018.8606060606056;0.053876289237258845;0.05187465211041231;3145604;380.37087408704946;93.09462065238024;0.2652792551751958
3300308;4985658.807142762;0.04425165880091453;0.003498603861883387;1037.1636363636364;0.025669043928806312;0.02807256695372007;3145604;222.74507946938255;93.09462065238024;0.3427848353041092
3300902;-100207.14285714354;-0.09014175853868256;-0.08203221348240419;200.84242424242404;0.03275465434428626;0.03890535829346731;3106705;296.7060478755706;93.09462065238024;0.26806449099613655
3300936;8287.357142855895;0.20629312432392166;-0.13276302364354742;179.66060606060609;0.04271382651568789;0.03830554361081795;3106705;360.554893490845;93.09462065238024;0.25451008350734655
3300951;208468.81785714254;0.08823476195580637;0.060896206944299536;282.5030303030303;0.11416410811286326;0.07211917624632491;3145604;224.14144133680122;93.09462065238024;0.33337584387226255
3301900;-3849845.667857169;0.11804460253139637;-0.015439273792561381;3275.3515151515157;0.03972176710126396;0.03829153341627145;3145604;305.9061901487454;93.09462065238024;0.2743694400036838
3302205;-883910.9999999984;0.1220385292047772;-0.014778939669340296;1306.4787878787874;0.024539491265293645;0.028835675408078965;3106705;277.77594451522816;93.09462065238024;0.2908114073832115
3302700;2546460.146428555;0.08609212311893599;0.03925583262241594;4323.90303030303;0.06562664781320104;0.06331046958159092;3145604;323.5578253203426;93.09462065238024;0.3874894361528845
3304508;-170698.86428571478;0.004032301684729678;-0.07211916459150036;108.23636363636365;0.039509701573398504;0.039710753288565215;3145604;208.12527268279422;93.09462065238024;0.3311428779583405
3304607;5182.6535714279735;0.04027817730225913;-0.004441082492742443;123.82424242424244;0.03856726423915746;0.035800694024937796;3106705;317.19299300630485;93.09462065238024;0.25525949590839564
3304755;80856.1499999987;0.11863154569053558;0.023300068868788992;658.6060606060606;0.054326169632879395;0.046326240690966136;3106705;362.39215790615464;93.09462065238024;0.24240822923972039
3305158;75205.98928571357;0.0381749565451448;0.00035183802562954725;515.430303030303;0.042284259452501693;0.04524226002580001;3145604;254.3140181353264;93.09462065238024;0.29368796076257914
3306008;-488430.9928571504;0.0035797746639663064;-0.01432542420859828;1081.1636363636376;0.032604344527789264;0.030543847967650972;3145604;229.4918305339511;93.09462065238024;0.3375317789564428
3500501;715340.4214285746;-0.04479381762462442;0.02352262170679653;495.6181818181818;0.041705740179388995;0.037557239466373016;3145604;271.4517253487664;93.09462065238024;0.2947972966636685
3500808;49132.07142857149;0.2887138934883362;0.073680058981767;85.81818181818181;0.03314441773770649;0.03480049695114129;3145604;696.133244494631;93.09462065238024;0.1766385330119668
3501608;3249029.8321428285;-0.005181693231050999;0.0025047670466680216;4157.993939393939;0.02448221384177196;0.023373469577443018;3145604;343.9734538226431;93.09462065238024;0.2857901526015816
3502606;-30787.84285714313;-0.006451792516969479;0.014772091748936234;92.260606060606;0.019539108365971725;0.02841476434223611;3145604;630.8661175831269;93.09462065238024;0.18737071176306158
3502804;3247932.0678571723;0.06255440760715203;0.041856346679361556;3447.3636363636374;0.01978879273579026;0.020898948881533652;3145604;585.3828786556793;93.09462065238024;0.2168021028527878
3503158;-17962.49999999977;0.05533559813455846;0.0036270436757066538;35.36363636363637;0.015387025111419872;0.03353779558493719;3145604;223.01734634623656;93.09462065238024;0.31020223380289114
3503307;7537952.985714278;0.0671721366049507;0.06398943214207908;2645.2666666666673;0.02520470868551805;0.02604788170390715;3145604;322.30165256485566;93.09462065238024;0.28909428162354317
3503703;-1359494.9357142819;-0.11614191400787244;-0.16680608769877214;123.20606060606059;0.025312386875225634;0.023011898528368935;3145604;414.9539267868841;93.09462065238024;0.2662108996188589
3505104;-344467.6892857266;-0.08171569655190525;-0.07142935136491413;103.59393939393944;0.02720581237529629;0.032208753096708564;3145604;535.5638238433178;93.09462065238024;0.20172193405770908
3505203;871171.6178571453;-0.010490476822906158;0.005660305709052071;588.8303030303032;0.024621513031559683;0.023979346249652922;3145604;433.18023011176933;93.09462065238024;0.2381851267497822
3505609;32704.778571427967;0.034007035023133625;-0.005052286163384823;678.2969696969698;0.041043896658879975;0.04326609762410527;3145604;350.5178876863553;93.09462065238024;0.24920396850103
3507407;160214.6178571361;0.03284687029478772;-0.02131823179486214;401.1272727272727;0.03364914594147983;0.03661914959966106;3145604;451.9992883589723;93.09462065238024;0.22216608605292848
3507456;-262453.75357142906;0.07793262898775355;-0.14999879323200227;69.41818181818182;0.04225477332810024;0.05678830833230242;3145604;476.10529070526877;93.09462065238024;0.21490416240528457
3507506;927662.8214285697;0.07984696435358285;0.015631066219175427;3054.8121212121214;0.0288151559544505;0.030513997992201558;3145604;445.3264517035234;93.09462065238024;0.23698175308497044
3507605;3686084.692857151;0.06749912415708503;0.03908049421217474;4324.3696969696975;0.03571258595227822;0.033380653169948094;3145604;306.75987297105564;93.09462065238024;0.28888163420439983
3509254;1324809.1214285612;0.10993085701067629;0.07990135452367242;764.7212121212123;0.044105764062630115;0.05100787155221842;3145604;561.4753256930271;93.09462065238024;0.21669222805774477
3509304;10060.600000000319;0.17459097195229112;0.02608097490094452;169.5575757575757;0.027999396379886132;0.031182041213075218;3145604;413.9340877833963;93.09462065238024;0.22440422294000253
3509403;239094.02857142757;0.21261454279844405;0.045260053931516;594.951515151515;0.029643910715513755;0.03793433421944625;3145604;264.727661453157;93.09462065238024;0.292864229838321
3510203;2832537.864285647;0.046200385101639485;0.023024941818956757;1038.0545454545463;0.03497357060195938;0.0404095489370242;3145604;516.3673189370747;93.09462065238024;0.2125073102555265
3512100;54763.43571428561;-0.007583870063855969;-0.008851128978654033;191.02424242424232;0.06315904131108074;0.0563197395293944;3145604;406.0833831630654;93.09462065238024;0.25299150044757585
3513009;3753776.1178571307;0.0811663826320177;0.07269789423615314;5501.381818181822;0.04554514558184253;0.03760070346342248;3145604;388.0544249151535;93.09462065238024;0.262884554419905
3514106;239051.98214285463;-0.0016483175087358415;0.06878322212120125;564.0787878787881;0.0319160560968792;0.03214231825117464;3145604;411.674946194131;93.09462065238024;0.23390514114609381
3515186;138844.06785714178;-0.005058563712686204;0.016711506004813748;751.7272727272725;0.02110272268132518;0.026073680096739826;3145604;258.80456150988323;93.09462065238024;0.307002627801034
3515194;-115503.4071428601;0.015064809736852869;-0.20642043669135035;76.14545454545456;0.02549342951199196;0.030773946597197677;3145604;524.8827919216154;93.09462065238024;0.19603960333023315
3515350;5196.228571428224;0.05572290546939129;-0.03397087080693639;138.69696969696963;0.027694690804555888;0.03227674204705844;3145604;828.5139954620057;93.09462065238024;0.15319001955377906
3515707;94865.9535714269;-0.03482840216890337;-0.04747936228285554;2237.254545454547;0.02924611127540655;0.03109031018842101;3145604;353.76892855035425;93.09462065238024;0.2527370084625348
3516101;-49107.11071428562;-0.11430895835764088;-0.14524301901628245;54.981818181818184;0.03511606408933243;0.035797815172297964;3145604;650.5918474786652;93.09462065238024;0.19100597742906578
3516853;-38911.67500000178;0.0722404002590824;-0.14541420958771323;86.23636363636354;0.06355550599073823;0.04571528825083404;3145604;400.47016618460486;93.09462065238024;0.3220656678083264
3519501;11180.207142854375;-0.07868530616310121;-0.06321083139399175;171.03030303030317;0.030218418178119766;0.04426116765209365;3145604;590.6771582149188;93.09462065238024;0.1992968716348485
3519907;-111941.43928571374;0.003240043375005719;-0.14467965486935108;168.99393939393917;0.02158752936156416;0.03519873687823383;3145604;681.4720432328394;93.09462065238024;0.18429341393490548
3520103;767141.4964285732;-0.03851120060060309;0.05621244757389432;507.8727272727274;0.027841193119460428;0.03514312199141667;3145604;312.7933557781572;93.09462065238024;0.2828286625083975
3521903;20822.889285713045;0.02154449380448753;0.023632926781834485;441.2666666666663;0.030688316299679386;0.0374515263373254;3145604;444.76049705864824;93.09462065238024;0.23414829024201975
3522158;-15482.142857142535;-0.019558107993597584;-0.13893421632638048;63.39393939393939;0.054890614428852125;0.06338724536626694;3145604;601.1785258529227;93.09462065238024;0.18127993158024264
3522703;361371.87857142324;-0.03361503003402;-0.01392726694837998;844.7393939393935;0.02318583394670304;0.026244857739083916;3145604;425.1879083238353;93.09462065238024;0.23891020850045847
3523107;2213786.9500000207;0.07405777653123535;0.0764118311255122;6330.121212121214;0.05014175565088941;0.04910238717361315;3145604;346.8912304038035;93.09462065238024;0.26107048745452566
3524808;1399769.1142856996;0.004259742833596425;0.018268772485977136;1195.4000000000003;0.02097462631644409;0.025425052025432437;3145604;597.75713371359;93.09462065238024;0.20997355703575676
3525508;-578795.3392857108;0.016976446776236775;-0.22115461910060652;400.1878787878793;0.03520930674368605;0.03814648940922738;3145604;289.2605069258728;93.09462065238024;0.27651197881352035
3526100;-1789291.021428558;-0.006183441658640487;-0.22519330539172444;344.3454545454547;0.043374880875062916;0.04411461154513141;3145604;494.77181677661724;93.09462065238024;0.2110135908675429
3526704;2752058.7892856845;0.0031973743256410447;0.04182647207032808;2231.0787878787887;0.030016875551960087;0.030968637732415427;3145604;311.62578174563004;93.09462065238024;0.28471845253973355
3526902;4300947.764285774;0.019717413543854256;0.0482935197508263;6067.733333333334;0.025996123214749423;0.027128207841472962;3145604;337.01827988346685;93.09462065238024;0.2894527776948419
3527108;-269317.6785714361;0.05526547303287499;-0.0683457286043685;1204.3272727272727;0.01902371517031165;0.020197951904227462;3145604;521.8042754729822;93.09462065238024;0.23626451134075754
3527900;781.5821428571388;0.03842896775546989;-0.05024180613985907;63.45454545454544;0.03194279492714602;0.046619854626940294;3145604;603.8133033980547;93.09462065238024;0.1850763550972789
3528205;80020.9750000011;0.0853657945078643;-0.06271475833689821;76.64242424242425;0.03486554596051117;0.036679575037626755;3145604;562.7634931561425;93.09462065238024;0.1904593211098264
3528304;65340.28214285685;0.155366912663653;0.0052192573021856425;58.084848484848486;0.020038015475012605;0.025563593367455173;3145604;561.9576618971804;93.09462065238024;0.1965653895137565
3528403;524381.8892857148;0.17940019984323197;0.08234925547232641;1347.8545454545458;0.03874296364481289;0.04431750322731154;3145604;398.3962287392494;93.09462065238024;0.24748714326351567
3529203;-204263.76428571943;0.03624510373360268;-0.13384833739881807;547.4969696969692;0.03128736598794868;0.03824292451034861;3145604;675.8574612218993;93.09462065238024;0.1821780201901842
3529609;942261.0749999811;0.09953394129852966;-0.06470071032923663;101.54545454545452;0.021395346890456413;0.031932422530928095;3145604;558.5932363546623;93.09462065238024;0.2476622788000117
3529658;-24707.142857142928;-0.011956739825859208;-0.16848929589039285;43.92727272727272;0.03616212045663936;0.04292162667421939;3145604;610.4988618166094;93.09462065238024;0.18283722551203163
3529906;-460077.2607142903;0.11005388649353254;-0.0022376455869863587;398.89696969696956;0.035201094434128555;0.04414898307124826;3145604;481.136549088256;93.09462065238024;0.22271264848464004
3530300;1140979.6535714369;-0.14416612220982072;0.012630416393330401;1441.8424242424237;0.03198360307134451;0.03177691379650871;3145604;487.9802370906726;93.09462065238024;0.22951955136194022
3532207;-14573.514285717489;0.3729807473206763;-0.0055935197195080555;125.18787878787876;0.06508421626380989;0.05523380918935805;3145604;718.213095853319;93.09462065238024;0.21429541219145978
3532306;-17227.714285713977;0.12096812023678982;-0.013647533020182179;124.969696969697;0.04984858528795644;0.04401124801763934;3145604;303.91271417607265;93.09462065238024;0.26099312601291813
3534708;-425445.1035714219;0.02339342391248156;0.01838793041630349;2057.3515151515153;0.024064104302970568;0.02668703201710554;3145604;578.7642466667129;93.09462065238024;0.21325674375242198
3535804;1018488.5249999976;0.10898193248061938;0.01458700999982221;531.7030303030302;0.05125538271763164;0.05056172268138592;3145604;500.22871959272015;93.09462065238024;0.21626071719855566
3536000;340332.1607142874;-0.0019634565534731863;0.0028563145393525335;259.0969696969698;0.03923178094561175;0.03976999141888293;3145604;629.8469229992202;93.09462065238024;0.20452704485099532
3536307;1926283.0571428628;0.057435905402519305;0.0389470078853098;294.6848484848485;0.04853503849203644;0.040170589621171926;3145604;255.09266587695734;93.09462065238024;0.3392570409968616
3536570;34992.02500000074;0.2195069042891813;-0.0337448859534647;53.24848484848485;0.05151901091109967;0.060663152031412926;3145604;516.6075494170938;93.09462065238024;0.19721123721544473
3536802;148050.4678571415;0.18174025875945987;0.03613278373423223;226.63030303030303;0.05414246533876166;0.05236056024865254;3145604;286.32465765517674;93.09462065238024;0.2727525725503532
3538709;5810758.346428596;0.06013740251076105;0.06390071822148524;7970.709090909093;0.02839736221322675;0.025610215000913206;3145604;368.77978139120177;93.09462065238024;0.28941572631161167
3538808;1073738.3178571418;-0.04582294577543866;0.03709999400636499;622.3515151515152;0.02516621836741062;0.030399034860430607;3145604;545.4729660562558;93.09462065238024;0.2055995463149222
3539103;11739.289285714261;0.09556917202770787;-0.052725306045815934;455.1090909090909;0.038875297182573876;0.05571115058041598;3145604;374.2069582929764;93.09462065238024;0.2471384658678652
3539400;1460123.0285714301;0.08299878948626582;0.1116369561756374;360.46666666666704;0.034632402637762905;0.0410069340698167;3145604;484.33443055935254;93.09462065238024;0.2129137253049383
3540309;-196690.76785714188;0.14101090711195563;-0.06312155131281483;22.115151515151553;0.018216534896084546;0.017213964907433654;3145604;511.5375658481721;93.09462065238024;0.2229980219009768
3540606;1628219.3357142953;-0.0017049941136979552;0.0644222188302288;1331.9272727272732;0.03464385806559678;0.037810990776495856;3145604;394.02793493067475;93.09462065238024;0.2547261234883474
3542008;-70415.25357142839;0.051301805485063356;0.05149441698296964;180.9151515151514;0.02998114821020903;0.050612985737395366;3145604;587.2765314023862;93.09462065238024;0.1968214311302814
3543808;-181656.55714285694;-0.032487450714011046;0.009892331360406903;234.34545454545446;0.03684223762713512;0.036135227933044245;3145604;621.6654320692559;93.09462065238024;0.18919308091179646
3544103;186236.90714285622;0.26453083801385024;-0.0262808437891896;618.8545454545455;0.029181505091295135;0.031752248451809795;3145604;375.13365165479416;93.09462065238024;0.2409858179241921
3545001;-58105.06071428544;0.006359031813971905;-0.011211224628976946;298.5393939393935;0.028315524231725453;0.02705993730450884;3145604;331.7378492521259;93.09462065238024;0.2522287938199638
3545308;556288.1178571451;0.07768226589088134;0.030496488362491414;1052.4121212121217;0.041731335702961836;0.04292833399344387;3145604;432.92795308094173;93.09462065238024;0.24024424769804678
3546702;723698.0250000033;-0.003979848347790971;0.036898215586525396;597.6484848484849;0.027090451791909498;0.034779215527645846;3145604;340.7145122958499;93.09462065238024;0.2922867120222377
3546801;146823.478571427;0.013754275672350547;-0.02739257763004832;1190.1393939393936;0.03741119025059181;0.038809758927836446;3145604;324.77206844418083;93.09462065238024;0.2686262438521928
3547502;-233934.18214284885;0.03764580101484993;0.023710138755089094;439.73333333333306;0.017185373582421448;0.023145471817499708;3145604;296.688556660921;93.09462065238024;0.2834681180127173
3547700;-62233.04285713834;0.09252901116741086;0.04691876948013807;369.8181818181818;0.01759148164369706;0.026002544725482135;3145604;720.7924472268128;93.09462065238024;0.17494947296243513
3548401;-271930.66071428085;0.12248382503159738;-0.03824403028915346;63.69696969696968;0.027102159515042024;0.03335074731867671;3145604;597.6528322945284;93.09462065238024;0.18895517678651313
3549805;4829769.846428572;0.03396108436065792;0.053024807549822084;8734.163636363633;0.023510778070515936;0.022633813957602555;3145604;472.9233772186863;93.09462065238024;0.25372004713789326
3550001;-1428294.5785714283;-0.03429436630167437;-0.3205914428258436;257.0060606060606;0.03578888797126112;0.04112810917469267;3145604;284.99911689670444;93.09462065238024;0.2811311986630736
3550704;955887.8071428582;0.06162864893831732;0.051076493931937694;1755.3757575757572;0.04763725237517602;0.04724163993336816;3145604;349.5865799111963;93.09462065238024;0.2870264392450056
3550902;3113456.5000000056;0.06069772714393595;0.007385389475628168;243.13939393939407;0.015360464602029777;0.026239769597433016;3145604;295.3354241783233;93.09462065238024;0.29385250190444073
3551207;-318587.46071428823;0.07216924872914676;-0.333252389392681;88.11515151515152;0.043730839291413304;0.04907154369687783;3145604;558.0767149004038;93.09462065238024;0.19088091160651643
3552551;-299736.5428571365;-0.3296416460085816;-0.31155981154869317;111.64848484848483;0.03693331340249828;0.05517351981047902;3145604;645.4504687858569;93.09462065238024;0.21717104137280008
3552601;47133.5642857159;-0.03610261663993919;-0.0015913559771207897;229.12727272727273;0.025026994295888727;0.026947301284210523;3145604;437.6310130006333;93.09462065238024;0.22069474177934967
3553104;-28.59999999976039;-0.028495065549012932;-0.021212185062108868;108.84848484848484;0.03341997769403915;0.033610714266583575;3145604;385.6264334294486;93.09462065238024;0.23091819118413376
3553955;-88892.53571428379;0.07183451614073566;0.02615174540386289;341.2424242424243;0.03636551433285784;0.042620056950770424;3145604;635.8888026896308;93.09462065238024;0.20778060589709685
3555109;157603.41785714324;0.04552075112798826;0.08048896712729392;289.0181818181818;0.022288937928488073;0.02858788996552719;3145604;704.1737002393247;93.09462065238024;0.17382774206160942
3556958;112132.95714285775;0.035379084317674225;-0.05130834909997428;48.35757575757576;0.03439653371421403;0.045107495093483996;3145604;592.1659619597457;93.09462065238024;0.1888132754268523
3557204;-386245.2392857211;-0.04532933425147745;-0.23846967660112717;186.6909090909091;0.02353739469837124;0.0308080217192932;3145604;566.7443870623393;93.09462065238024;0.19395155595324448
3125507;27772.574312955905;0.025826549781523767;;50.981818181818156;0.05236925857732322;0.0462399609574331;3106705;234.64258207483596;93.09462065238024;0.2879186907386332
3100500;-3432.142857142824;0.09454721529241183;0.021249511491970408;139.97575757576064;0.051635690434628456;0.042216567383520864;3106705;200.5879747884632;93.09462065238024;0.3297504845688753
3101201;-23412.500000000353;0.036393873661600074;-0.012630031543878761;138.54545454545755;0.03229764947222602;0.043435717612439584;3145604;143.7165040188171;93.09462065238024;0.39207856976207656
3101300;17450.000000000036;0.05425506142862391;0.03850755269702266;63.315151515152856;0.05973514706924288;0.057940215865592615;3145604;164.91612243179108;93.09462065238024;0.3619979985681133
3101631;99270.09642857114;-0.14465667002333815;0.029517327829713835;148.4727272727304;0.040460439503330115;0.04634865104699881;3145604;120.91064476081586;93.09462065238024;0.4256942257480004
3102902;-46094.64285714289;-0.042078993266560505;-0.0333197842738584;207.96969696970154;0.0300492938770911;0.04532782578986572;3145604;132.11562765119342;93.09462065238024;0.4099597391539906
3103504;1508339.964285743;0.07335865593798419;0.03781089308876329;2485.018181818235;0.023319288833390628;0.029504018404632903;3145604;419.7196517788684;93.09462065238024;0.24673278699517637
3104304;87794.86785714442;0.10553444211533347;0.0343277557800612;279.96969696970285;0.02804578552255399;0.03605796349247381;3145604;154.73617091248528;93.09462065238024;0.3804135225256384
3104403;3428.571428571483;0.028115377599178704;0.04555010180459362;33.127272727273436;0.03137449263176317;0.04017780493587075;3145604;230.75408768237563;93.09462065238024;0.30281290264279886
3106002;-6314.035714284732;0.08689493527186065;0.01600613215872082;131.96969696969674;0.02328363473055184;0.030726163269833018;3106705;116.90180212969297;93.09462065238024;0.45041217397651273
3107109;1220983.6785714275;0.0589176979672541;0.060212157417895096;867.9515151515152;0.03498313268030118;0.03978485307599011;3145604;87.80490300471342;93.09462065238024;0.4975243702024097
3108107;16299.999999999838;0.22253688760122747;0.04497431425862741;159.00606060606057;0.023706468551979;0.03767579439431956;3106705;40.58068399767123;93.09462065238024;0.6365655143602004
3108255;64791.692857142596;0.082665205738232;0.026470014044253753;90.8;0.06855587968290022;0.06753926869945293;3106705;519.6737994694744;93.09462065238024;0.19036776945398
3108800;23597.857142857058;-0.058420647655950675;0.0361168285781841;52.30909090909091;0.01628618594698983;0.03479065412185545;3106705;186.19578393496627;93.09462065238024;0.35883487923196494
3109006;274284.27142856974;0.07232095913740344;0.015174918445083119;1305.6969696969697;0.051582732460703884;0.05529542427919232;3106705;20.482108151171555;93.09462065238024;0.7694711777351374
3109907;-502052.4071428544;0.017007607418209725;-0.00834400825752546;225.0060606060606;0.03619454121316479;0.0467944524641104;3106705;77.8916752917732;93.09462065238024;0.5308017346092515
3110400;-2810.7142857149156;0.021490919602945358;-0.13677331003175075;76.22424242424242;0.04551591714942038;0.051377393484310474;3145604;35.20611707893582;93.09462065238024;0.6573216703936937
3111200;118152.27142856947;0.039461865283353825;0.029506162437848538;1024.1333333333334;0.0331277951454807;0.03280115628478075;3145604;50.702208492825264;93.09462065238024;0.6050238171183272
3113206;1194993.7642857237;0.02363113777701975;0.10205152217335489;498.20606060606013;0.026974106439110468;0.035952469356510086;3145604;109.63158270245457;93.09462065238024;0.4542552574135221
3115003;-16298.214285714277;0.029122248456956212;-0.011140986773807149;20.981818181818156;0.025504336430727248;0.02057105599102349;3145604;396.40597661654584;93.09462065238024;0.22586659433289683
3115474;16565.364285714306;0.1752020605746918;0.0885750237659082;455.6909090909091;0.2951404677188012;0.17333445308691675;3106705;528.5986951084677;93.09462065238024;0.1880586616935257
3115805;4604185.557142839;0.07276503102451337;0.18660237059849627;199.9090909090909;0.0422572753170154;0.06274360448706218;3145604;514.6171521341806;93.09462065238024;0.23842189347195852
3115904;12178.571428571455;0.035398805448406234;0.0223199665963405;52.36969696969695;0.04100324844565417;0.049156948748485085;3145604;199.39245632309283;93.09462065238024;0.32906687947978835
3116803;55858.9607142855;0.10381137116795935;0.028233705653093466;142.4;0.06059389270971982;0.040174214545318776;3106705;240.4918661742756;93.09462065238024;0.2974766265725039
3116902;350486.4142857158;0.051971020537388;0.01677901770049961;44.04242424242423;0.03255119743192081;0.03522712149391993;3145604;457.23924279560924;93.09462065238024;0.23059700200487152
3117603;-4074.4142857149686;0.4663480708049059;-0.003377891962983104;98.86666666666666;0.034389810560303324;0.03487745985759205;3106705;76.60594411612804;93.09462065238024;0.5422962275273269
3117900;69514.44285714271;0.07379507720989542;0.02886590904954045;229.95151515151534;0.02772468363601832;0.0368575893694254;3145604;204.46885908705593;93.09462065238024;0.3329269229880301
3119203;41739.30000000033;0.09749108102040394;-0.03797312121439533;141.01818181818183;0.05922372674669418;0.04989084321113868;3106705;251.49158495475388;93.09462065238024;0.2883437204085664
3119302;1326075.6964285774;0.01440749925238638;0.06141961481324398;823.1212121212124;0.03756724701962333;0.04539809908276493;3145604;350.0533015126747;93.09462065238024;0.25750792824622043
3119500;-86506.23928571574;0.03491585695551325;-0.1790129600101389;82.62424242424238;0.03743658520353055;0.03562188188095572;3106705;429.23735136006894;93.09462065238024;0.2176630964308959
3119609;306650.00000000047;-0.010553979294477545;0.26205679982456087;23.799999999999997;0.033923876378405105;0.03218502234371634;3145604;190.8946571559531;93.09462065238024;0.33944369283767273
3119955;144555.9392857136;0.019947564696487285;0.03456109217987402;169.23636363636362;0.05918807232550716;0.04524468419442873;3145604;81.21477630078823;93.09462065238024;0.5241898035435634
3120151;-8839.285714285763;0.03659803892148128;-0.0402534076672838;48.46666666666667;0.05317802616541467;0.05496314511542333;3106705;460.09506896058906;93.09462065238024;0.20258695908189364
3120607;-1351.0714285713443;0.03785056875335302;-0.018121254914751028;92.8666666666667;0.028499719631543963;0.02993144592958874;3106705;49.295931270044;93.09462065238024;0.6008573127362941
3121506;24466.07142857114;0.10964626540662104;0.034601101134168255;119.61212121212124;0.10800076450165141;0.072755857613088;3145604;144.88944331263332;93.09462065238024;0.38614392449728796
3122009;460601.0250000234;-0.17448847219551378;0.056733023016868334;442.6666666666668;0.04830343543704885;0.04322275300994849;3106705;226.25970712649107;93.09462065238024;0.3099415036155521
3122108;61773.43928571405;0.1212724732545798;0.011750876821205347;54.83636363636363;0.026518786842320674;0.03844790549772581;3106705;314.826430270599;93.09462065238024;0.25541737284299126
3124401;346104.085714286;0.014865528557775454;0.0651516351607353;199.55757575757585;0.07569816036997645;0.07582016027649541;3145604;189.81399649470285;93.09462065238024;0.3440334013680889
3125200;-4669.6428571438;-0.13980158248430918;-0.2120757481426968;7.387878787878802;0.010860971057250923;0.011552706797033574;3145604;130.40303106958615;93.09462065238024;0.41067463636344304
3126703;2750745.3250000034;-3.940903290999831e-05;0.02607585578687388;404.3818181818182;0.043149950813678783;0.057959714491139236;3106705;394.6260585888417;93.09462065238024;0.267355039809625
3127339;36015.74285714293;0.08825141101735157;0.01830979006340927;79.80000000000003;0.02988541301783143;0.053521482377210994;3106705;554.906738131281;93.09462065238024;0.18444855967895823
3127909;11691.596428571187;0.023411988291214936;-0.02919906794729399;23.951515151515157;0.014266555369561784;0.03419596447638473;3145604;390.09375610758696;93.09462065238024;0.23088400489374417
3128303;130520.12857142842;0.12061116083005685;0.04810192172221317;392.5878787878787;0.019990849162708324;0.03302795226766153;3145604;214.94710098432165;93.09462065238024;0.3284611166771521
3128402;-12040.085714284558;0.37439512027748356;-0.04264626070208721;108.80606060606064;0.031912203927027205;0.03800009053348541;3106705;196.56666384983168;93.09462065238024;0.33612125527371667
3129657;7799.282142857127;-0.008823171893741488;0.011409623625054488;47.93333333333336;0.02206434449062966;0.03301839409160778;3106705;478.8523117313414;93.09462065238024;0.19852421183837976
3129707;-64684.400000000045;0.06250288415964178;0.03417977977586406;205.3939393939394;0.02857263502614149;0.0366607755180397;3145604;240.168969060245;93.09462065238024;0.31935648111946247
3130051;30780.992857142744;0.11256659555453008;0.028349845537124274;95.88484848484853;0.051066799300967025;0.048311546598745814;3106705;423.84591366346285;93.09462065238024;0.21215985030732304
3130507;128176.24999999935;0.04857945704675326;0.04782512708481956;373.2303030303031;0.054080764466793996;0.05355107083916533;3145604;107.5424452207311;93.09462065238024;0.44935171173010097
3131505;43701.07142857242;0.11399204452212386;0.03637760431988757;351.44242424242424;0.04842268156260188;0.050328220529422873;3145604;210.32663711569958;93.09462065238024;0.3243177735986703
3133006;158142.4285714266;0.06981052637499574;0.027141228818541085;347.1818181818181;0.04075261641920713;0.041953381835380554;3145604;176.59028722734396;93.09462065238024;0.37840874600864904
3133204;82155.32857142821;0.03868572869717246;0.008592733866653157;244.15757575757576;0.035602862724589235;0.042131843729080964;3106705;260.3265157739863;93.09462065238024;0.28521419858892166
3133303;139853.4571428574;-0.11286266317382221;-0.06483171075428151;321.969696969697;0.0324792125182809;0.04740619643292998;3106705;474.28427677863937;93.09462065238024;0.2224332368385424
3133402;32803.02857142814;0.13404418044933353;0.013785738234348033;269.01818181818174;0.026518833822056553;0.03345643336857229;3145604;482.4968093361862;93.09462065238024;0.2169567918491468
3134103;-43104.80714285754;0.009590805129709112;-0.023912357097981896;102.49090909090908;0.035811124768135194;0.04385422353990598;3106705;323.0400119001945;93.09462065238024;0.2536480546614017
3134707;3425.071428571086;-0.04284515193998584;-0.0352148405954682;118.7212121212121;0.05362592713942416;0.04575471107328255;3106705;592.635032659827;93.09462065238024;0.18018338679275686
3135209;319720.24285714235;0.11240068871638864;-0.00574659235262176;721.7393939393937;0.028814017096785216;0.03128954502928405;3106705;499.1859635603584;93.09462065238024;0.20224707981222004
3135704;17817.85714285722;0.1502598596078799;0.008914429142647506;109.78181818181818;0.046444340822328734;0.053732384052893156;3106705;83.36144907991164;93.09462065238024;0.4994386242197776
3135902;4983.928571428509;0.01548233082111361;-0.035238216845196124;102.22424242424253;0.04623845775061319;0.04658849663531672;3145604;151.2671590851487;93.09462065238024;0.3782289578291616
3136207;1064484.7964285705;0.021061278798175875;0.04394783348394582;1737.0787878787883;0.03753416468644932;0.03708493319237416;3106705;108.77627545091057;93.09462065238024;0.47077034690696035
3136553;98164.95357142872;0.4841359210205942;0.16639305510986846;79.82424242424241;0.0625575271957719;0.05525972565868442;3106705;264.3634180763208;93.09462065238024;0.2832296197464524
3136801;25281.493469910245;0.14400849993143683;0.1668495147482172;42.484848484848484;0.07388926543432728;0.07212753611077827;3106705;352.8736672131442;93.09462065238024;0.23190175923595535
3137601;1550492.7928571482;0.2767508048402305;0.09896736621251034;1355.4545454545455;0.045184910557579894;0.04076360640263199;3106705;48.56452241540788;93.09462065238024;0.6190255530486728
3137700;366679.46428571426;0.2005044836355412;0.05434367822200725;580.1212121212119;0.044921185539722686;0.05404327739326886;3106705;270.0690411153644;93.09462065238024;0.2840465270982349
3138674;80108.60714285633;0.06795921541408867;0.06983305841527776;259.73333333333335;0.07688821738545815;0.07299718725240312;3106705;225.86571895363667;93.09462065238024;0.3048845691604984
3139508;34112.13928571409;0.08588288650298725;0.01445458366938479;289.8060606060606;0.03189758787214125;0.030308400041223704;3106705;238.03923367744946;93.09462065238024;0.3078335033918598
3139607;173991.0464285716;-0.04447656572537295;0.026441126709696006;330.4848484848483;0.001214536755250073;0.01626608023031695;3106705;362.1429138086814;93.09462065238024;0.2424295939522619
3139706;-54629.9107142855;0.24119058648711378;0.06499996256974927;451.91515151515154;0.09405690234925634;0.07637546073887824;3106705;71.41864533961505;93.09462065238024;0.5381897536237543
3140555;29858.21428571417;0.038743576170084726;0.03807985932217939;83.41212121212119;0.03353106944048334;0.05148823727937235;3106705;600.725918226026;93.09462065238024;0.17864610919960636
3140803;94223.46071428759;0.31565570715777036;0.05395876405417366;302.6121212121212;0.03139121705669168;0.037393642223365386;3145604;203.96869479921833;93.09462065238024;0.34669917993589144
3143708;-18603.928571428554;0.0937693584647219;-0.06045546064243068;46.945454545454545;0.06946965368551483;0.04329696086443935;3106705;119.2950634525567;93.09462065238024;0.42370324922182845
3144508;339685.91071428073;0.10854140327330186;0.08926763142783822;281.8787878787878;0.05646412184681093;0.06339193000047127;3145604;61.8439700856381;93.09462065238024;0.5859861271126375
3144607;279939.5571428583;-0.0038729131112584803;0.028581733296736633;681.1939393939394;0.052636879866378106;0.04869374954812722;3145604;72.83915546059121;93.09462065238024;0.5293421821166002
3144656;58313.39285714257;0.1372256925403823;-0.009310767117572949;130.69090909090903;0.04968801209794527;0.048508299792128895;3106705;578.4647187708885;93.09462065238024;0.17952773527067134
3145307;188931.07142856848;0.036158342902044005;-0.05145320364326056;551.2848484848487;0.05435002958189106;0.05875700895916802;3106705;370.0741115659019;93.09462065238024;0.2329687288291288
3146107;386174.00357140857;0.11259315074161846;0.020715569654393695;1346.7030303030306;0.037718900159869895;0.036472269650039024;3106705;85.29610269891;93.09462065238024;0.5366425184417988
3146503;-167596.83571428407;0.06947493966493878;-0.034497889628117506;210.22424242424242;0.04124546961398301;0.04557032628663893;3145604;94.15003049482348;93.09462065238024;0.4977447752779189
3146552;40897.799999999974;0.06457619707864937;0.07168009817646537;58.12121212121213;0.06360593768665224;0.04504150177263422;3106705;507.9804359314852;93.09462065238024;0.19125794580789762
3146909;460587.6285714305;-0.04777818358005592;0.049511542867068714;548.4666666666667;0.030525187506915685;0.05431546126335829;3106705;81.69180137983562;93.09462065238024;0.5107111453714458
3148202;219475.2714285716;-0.09007504032000424;-0.11684512975406747;77.18181818181816;0.008402838208487085;0.027599903304007523;3106705;245.53458628897596;93.09462065238024;0.3028837694011672
3148301;-119339.82142857662;0.05655403411144855;-0.19776302170010152;159.7878787878788;0.02523874591127817;0.04181083462375046;3106705;162.84397908014168;93.09462065238024;0.36556586582622796
3148707;39501.97857142878;0.029645800841953562;0.003800725107972358;265.00606060606043;0.03903955748214161;0.04104262912896872;3106705;537.0057591478068;93.09462065238024;0.19632454991725976
3150000;-88494.76785714361;0.18864633701181321;-0.1720547995062799;22.4060606060606;0.032862241299999706;0.033781592371361135;3106705;326.53096958257964;93.09462065238024;0.24857767352999793
3150208;-206621.428571428;0.00969925444679709;-0.03203342335475878;69.72727272727275;0.06298041627404971;0.0487543605278129;3106705;155.82821781562308;93.09462065238024;0.37320273840174156
3150901;45780.35714285639;-0.0043171652172302455;0.024362331024730288;104.24242424242416;0.050762321428443835;0.04743107394867341;3145604;214.45333744464554;93.09462065238024;0.31744969830296904
3151206;418421.7392857131;0.07321479151279497;0.029434061361653274;968.4606060606062;0.028081938835919473;0.03625331376867891;3106705;302.21213844847597;93.09462065238024;0.28776425919041515
3151305;329316.4428571427;0.010669035038347374;0.05344914973954418;227.46666666666667;0.04213035470768367;0.051129795512769194;3106705;191.2447333282162;93.09462065238024;0.34303415468293635
3152303;146323.57142857043;0.11113821407664992;0.05838945869636025;261.9757575757576;0.08508362753569099;0.06778522220135241;3106705;139.96528435141428;93.09462065238024;0.39387048444056283
3152907;11544.667857144152;0.1540369775399848;0.035384683229678915;265.55151515151516;0.02953894617726127;0.041282356969805534;3145604;211.5323914452732;93.09462065238024;0.32449585807248116
3154408;319986.03571428434;-0.06416243483605122;-0.010167961500396894;80.58787878787876;0.03316391735678992;0.03356912879689333;3145604;118.3012403835673;93.09462065238024;0.45840882044104003
3155405;-35174.28571428595;0.017093315851639757;-0.009407820541634915;112.64242424242424;0.01273732511454928;0.02744143634356999;3145604;197.04041015076987;93.09462065238024;0.33414206426526016
3155603;168818.12142857088;0.06315675514229135;0.018609953662168;495.890909090909;0.05682410194436738;0.04524962637461627;3106705;514.7148908381927;93.09462065238024;0.19212299054720589
3155801;-5120.775000001042;-0.00012390702105946616;-0.032144277064443894;296.3515151515157;0.019269718518368117;0.030896334328615493;3106705;180.42733907339553;93.09462065238024;0.35849388051153463
3156007;49417.85714285669;0.03642401405072615;0.004140479702855249;180.08484848484846;0.035850201516594904;0.04496369170322967;3106705;224.80558032510277;93.09462065238024;0.30575063794968893
3157278;-4962.214285714425;0.03228011545636722;-0.037540786435372064;9.630303030302953;0.0038563890880642937;0.0019861494982633676;3145604;182.39987026372728;93.09462065238024;0.34111405955900753
3157377;27767.142857143022;-0.06629495114655093;0.03111639185303816;43.07878787878793;0.04191680643487894;0.03783292348937728;3106705;502.74566087162236;93.09462065238024;0.1987312986664799
3158300;2330544.3392857076;0.12907903053689673;0.025654532397182184;152.97575757575754;0.022122031683853516;0.04355218253288773;3145604;92.50110920058395;93.09462065238024;0.5349673069658548
3158706;31428.571428571424;0.036030602340847206;0.0702238980520602;47.199999999999974;0.04378435399839753;0.0609313752803704;3145604;125.11839930765132;93.09462065238024;0.4145166660385726
3159100;18019.642857142724;-0.004926188266672238;-0.0016447665293213287;41.018181818181844;0.0319484058848607;0.029882721989688;3106705;105.33042809156103;93.09462065238024;0.44863521309428367
3159407;12750.00000000002;-0.07876890480894772;-0.0006866974384666102;57.32727272727273;0.03998105477265179;0.051268843547770615;3145604;135.15827494575126;93.09462065238024;0.4029650022514408
3159803;-97895.19642857298;0.1053574489932787;-0.011668874908718596;483.25454545454556;0.04178346159338142;0.042357253085680835;3145604;590.9259727356083;93.09462065238024;0.19828926919069007
3160306;-33093.296428572095;0.04719729083323676;0.013868537895610045;196.75151515151515;0.045760596755158645;0.057669036577816524;3106705;570.8128243872944;93.09462065238024;0.18237473801187892
3160959;77346.42857142819;0.06755012406206085;0.01728420417917742;174.1939393939394;0.062339265748803996;0.05700433580496167;3106705;234.43155037873765;93.09462065238024;0.3019189429488675
3161700;541376.2857142807;0.028700836154884612;0.011131165388623465;120.64848484848487;0.051260090446015205;0.044908231366681095;3106705;249.44589903053176;93.09462065238024;0.33066650904943445
3161908;607523.178571426;0.013208373348567726;0.038260361800451115;330.91515151515154;0.06986713469046002;0.0630552938947948;3106705;88.75626471197519;93.09462065238024;0.6216757290095337
3162450;40909.4142857142;0.07982913879367315;0.04607087773468632;112.70909090909092;0.04002447344688487;0.06111629145968234;3106705;565.0876709054145;93.09462065238024;0.17980263146220662
3162658;7187.614120511185;0.10691927829572023;0.5369535836017327;47.16363636363636;0.05156685980267017;0.056853350375464684;3106705;382.76854558585063;93.09462065238024;0.2390190659767195
3162906;-2818.0107142858164;0.04070220660031598;-0.004079565827852294;363.1030303030298;0.020692474253145132;0.0272954368761682;3145604;210.81328137548854;93.09462065238024;0.327030604859213
3163300;14458.21428571428;0.054123716842182645;0.05138708088293664;-17.012121212121205;-0.04743945587334486;-0.008416186470545317;3106705;338.2337176651431;93.09462065238024;0.2434341895170015
3163508;101294.47142857153;-0.007423033335057672;0.08952745451657518;130.03030303030306;0.06651580288948433;0.06334753643031577;3106705;246.7831922713635;93.09462065238024;0.2947142837761901
3164605;432093.3928571383;-0.03787236781350223;0.07092355715088505;194.66060606060609;0.07547760826924166;0.06659358876858978;3145604;50.46904379421215;93.09462065238024;0.6256296364447054
3165552;128244.64285714268;0.05242646371298476;0.007419981110743157;112.46666666666667;0.08882314193354146;0.07002439466354216;3106705;339.78829002582273;93.09462065238024;0.24088105039322272
3165800;3182.1428571428464;-0.03850028646172776;-0.0012547183212309188;9.109090909090904;0.016422419596464177;0.017711040544583723;3145604;214.63923925933256;93.09462065238024;0.31507244495690007
3165909;34874.642857143;0.022250077466709595;0.05602689887922696;54.64848484848483;0.05090186011338105;0.043458608360473994;3106705;247.31464339007488;93.09462065238024;0.29042018775212913
3167301;-15909.890109890242;;;40.987878787878785;0.03932006099454832;0.04613039998601587;3106705;168.00990624677297;93.09462065238024;0.35714025687613693
3169059;-7455.357142857691;0.043728496249437976;-0.06777898395497794;108.16363636363639;0.03948247271353078;0.04539402432554196;3145604;227.4885817138398;93.09462065238024;0.3055222604710892
3170008;28411.92857142777;0.050302490746118034;-0.1168578340675479;179.9878787878788;0.059568558713766206;0.07563413181612044;3106705;413.53414245583895;93.09462065238024;0.21918632722665596
3170305;-1193462.6107143136;0.06121824395157249;-0.4646515718204757;24.357575757575752;0.04424627016919458;0.04855794454399143;3106705;486.47225398465184;93.09462065238024;0.2200174442853673
3170503;67663.4999999997;0.013628637850579217;0.03197951096724161;170.36363636363637;0.024006680276116965;0.04493851328363396;3106705;158.68763480714392;93.09462065238024;0.3787803348490889
3170800;-15925.92857142766;0.02860716102195071;0.0098586334296078;671.757575757576;0.05122996910926991;0.04340151018536442;3106705;269.4565090766927;93.09462065238024;0.2902956630594328
3171030;-5343.146428573292;0.04029036875268188;-0.08295587127622361;82.36969696969696;0.05621765357306718;0.05162975974926942;3106705;491.25786842239756;93.09462065238024;0.19819464770290185
3171709;-23347.499999999756;0.08487358383101418;-0.005883714458285838;237.2969696969697;0.0373931218707082;0.055771613043801516;3145604;183.15000128134213;93.09462065238024;0.34500921314232447
3171907;7038.928571428514;0.05906262974547838;-0.006282425026910121;73.12121212121215;0.052119350628548444;0.0486194935681703;3106705;259.0527527275033;93.09462065238024;0.28282566599958786
3172004;185580.12857142222;0.014901914388592896;0.0021220695310228965;966.4424242424244;0.03147770104485392;0.039194423464792294;3106705;183.658287407357;93.09462065238024;0.36207965192087255
3200706;1464765.4250000082;-0.17049775649295773;0.03126958736384777;250.32121212121214;0.03017317152119814;0.0421691071964192;3106705;330.0222018063017;93.09462065238024;0.27600696094802557
3201407;463019.1321428565;-0.02146421098614326;0.01628828062905896;913.7575757575758;0.03916724784193293;0.03510462659626312;3106705;320.560004251117;93.09462065238024;0.2667158030502444
3201803;27761.214285714264;0.1333970235544859;0.054416689240418314;145.0787878787879;0.06664089564472975;0.061336534511592156;3106705;271.4531605638029;93.09462065238024;0.27698954598492537
3202009;182885.60000000076;0.11272510818313375;0.0889877662607188;402.6424242424243;0.15467296972626854;0.09602403169159213;3106705;259.01266899461615;93.09462065238024;0.2922259089380527
3202801;442021.3214285667;0.04862320605572057;0.007462542685772178;887.030303030303;0.06547690128712413;0.05776399719076086;3106705;369.67327485298836;93.09462065238024;0.2900671405222501
3203056;520022.23571428366;-0.0897082412475313;0.022002171532382153;803.709090909091;0.07180771379169171;0.052863610292237295;3106705;448.27593629002536;93.09462065238024;0.2211188588992887
3204807;131328.0357142867;-0.2539940459380141;0.010209171820100726;183.41212121212124;0.04234745742038526;0.038926953531584596;3106705;289.37640750201587;93.09462065238024;0.2739410863965154
3204955;186907.142857143;0.01338369964271946;0.026049154365916705;261.7818181818182;0.04753532695008622;0.036931455194161966;3106705;371.93133319342456;93.09462065238024;0.23861399518298348
3205002;1643683.9928571812;0.068614049515475;0.02929122975557874;9582.145454545454;0.04980703724684621;0.04524118423803003;3106705;407.05602034056744;93.09462065238024;0.2705712820155542
3205101;497015.9749999958;-0.003899716301896783;0.013794563739865762;1383.1515151515152;0.04971105435663081;0.041505328541880715;3106705;389.7034070861485;93.09462065238024;0.25638909370113416
3205150;-44996.23928571469;0.08685167654329429;-0.004128955736067419;237.99393939393934;0.04729501743365483;0.04010473579176388;3106705;406.0612388700543;93.09462065238024;0.22457281322101819
3205176;38650.48214285678;0.034196974305385375;0.0018186999555904748;516.4363636363637;0.07148904217477114;0.04824160254064491;3106705;414.3181146144139;93.09462065238024;0.22493230662242883
3300100;-1020288.0107142858;0.040382711224606016;-0.018396838118144077;2143.6060606060582;0.041384473978728575;0.03528204738720975;3145604;261.4109634609724;93.09462065238024;0.3140483616877384
3300407;-1542032.9964285407;0.10834268859263507;0.011015839489613821;2227.987878787879;0.027792555766431803;0.02856507718423895;3145604;216.51601396346632;93.09462065238024;0.33566181894490704
3300605;-569991.7857142799;0.28441049084703574;0.005266537586930742;557.9272727272727;0.043815813555258654;0.037421451117831905;3106705;293.11696391658086;93.09462065238024;0.2746804856125126
3301801;21580.382142857103;0.07203916535473165;-0.018048193911759824;151.39393939393946;0.0345311392944756;0.02863861006045232;3145604;237.54709932232922;93.09462065238024;0.30387759963453514
3301850;194838.30357141607;0.0665461637575333;-0.007118261274683624;849.9636363636364;0.051930201631547934;0.04979653022428088;3145604;279.0277599787786;93.09462065238024;0.28108938010053375
3303807;380544.6214285697;0.009769145581888017;0.025432880149858228;650.1393939393945;0.07618159185125406;0.0586205554970296;3145604;280.88028350928863;93.09462065238024;0.3065260677023778
3303906;-894126.7928571553;0.024202024626089225;-0.019794098032138496;4759.890909090912;0.026740092443584773;0.02832590105295485;3145604;263.91586503241456;93.09462065238024;0.3119262184028244
3305802;-356546.5071428561;0.10625607726221831;-0.016307000839254737;3060.0666666666666;0.031197674961984;0.03248506936333384;3145604;270.65875770749807;93.09462065238024;0.2963545080441104
3306156;65028.35357142802;0.04948209645379631;0.0022010888518906313;118.74545454545456;0.05383671862122186;0.041148712155424594;3106705;265.290506652021;93.09462065238024;0.28544310949465207
3501202;-44971.728571428815;0.013952336906231766;-0.01777771880571255;69.15151515151516;0.03840168911372599;0.03332088918011;3145604;531.2392268811443;93.09462065238024;0.1963266085257559
3502408;-3441.6321428571373;0.07515602145720246;0.006446246284127044;74.53939393939396;0.042631915382260965;0.03714869731055681;3145604;701.4688994431381;93.09462065238024;0.16812210817791665
3503000;906753.5500000045;-0.11006105381049824;-0.026726953113125118;118.19999999999999;0.026438286522064924;0.04238565634264613;3145604;315.6971361352379;93.09462065238024;0.2941999482086668
3503109;66126.78571428552;0.10442883140265424;0.032007642752300836;143.0606060606061;0.051490423508049554;0.05195660129510382;3145604;512.895593331658;93.09462065238024;0.19832165355177356
3504909;181434.50714285558;-0.03363923461037577;0.021487039728190327;152.32121212121214;0.006685905442888496;0.03315928891751807;3145604;226.56666928063896;93.09462065238024;0.3161000988474754
3505351;-13467.857142857345;0.19142028474911976;0.01591221814197974;151.10909090909092;0.058386944283280506;0.061916610495570845;3145604;601.2216002136922;93.09462065238024;0.17904651719627107
3507902;-144421.48928571644;-0.0013593535246498867;-0.003012361979761624;571.3696969696967;0.0251201080719079;0.03422950155515214;3145604;383.6737376385232;93.09462065238024;0.251110112986222
3508405;-274744.7285714279;0.0010893819891839573;-0.018914599393109355;1110.4727272727273;0.035521825807916185;0.03769744887937598;3145604;374.97205960514697;93.09462065238024;0.2811999757079608
3508801;1217208.1892857088;0.06260843207329225;0.06250617261042013;332.1818181818182;0.02710118708476439;0.03335170558517797;3145604;510.37000623611584;93.09462065238024;0.21318230850164874
3508900;-52037.50000000034;-0.04290224346519844;-0.05780176372998924;72.0848484848485;0.030605669198657592;0.034768612759293216;3145604;679.6972418490963;93.09462065238024;0.1688384883472944
3509007;1994599.3285714227;0.0507314253810045;0.0299913795741813;1806.563636363637;0.03699702691689999;0.03709504378115991;3145604;355.5661892002478;93.09462065238024;0.2668590343298137
3509205;3320647.0285714213;0.04495333002791013;0.050970435207295495;2320.2363636363643;0.05843077667291019;0.05336010953743431;3145604;363.14643343568684;93.09462065238024;0.3353119259904686
3509452;107226.24999999325;-0.1045670146901938;-0.028685386500491128;146.05454545454543;0.04753948350870818;0.05220424255468181;3145604;494.3495346349006;93.09462065238024;0.21519999283697103
3509502;-7981796.4571428;0.03628988659288068;-0.008380857785589724;14489.884848484851;0.021036622918740422;0.016438330868155715;3145604;336.97673287170915;93.09462065238024;0.32225179394338876
3510906;-18264.285714285703;0.05696408172429157;-0.031290908979876075;62.39393939393938;0.036911769153672225;0.04194189020704919;3145604;250.92596104719428;93.09462065238024;0.3069161805121213
3511706;68998.08571428517;0.04718619843265559;0.010139928914176144;336.2303030303029;0.039287807683291875;0.03445322578852661;3145604;365.1692109360613;93.09462065238024;0.2493389692863146
3512209;595569.9785714282;0.05774680500699625;0.03422236227751596;707.4242424242433;0.03336986481814419;0.03919855176153719;3145604;303.32960239911307;93.09462065238024;0.27695748894084055
3512506;384487.34999999666;-0.02376193594941134;-0.02324123430505276;123.52727272727277;0.03406926193018056;0.04134786857416528;3145604;570.998388304212;93.09462065238024;0.20075181044515633
3512803;-25745.224999998078;0.02037721279108262;0.026450393343328438;1052.2787878787863;0.02824547905136776;0.025796672659176734;3145604;326.1263056477095;93.09462065238024;0.268296641439077
3513306;-104533.21428571342;0.2568424278518422;-0.15706086716230128;44.06060606060606;0.0324651782275347;0.028668971606037985;3145604;656.2073136500035;93.09462065238024;0.19643098927831382
3513504;-4138414.2071428597;0.06834029656202967;-0.0028847976053830715;1322.3393939393927;0.022045468339823238;0.022410004233814007;3145604;391.109522628733;93.09462065238024;0.3028968469686817
3513702;377242.4785714225;-0.014931191386139298;0.015667266405790636;832.2060606060608;0.030078272518191396;0.03344380376219225;3145604;318.3547638327202;93.09462065238024;0.2833124758333604
3514007;-113907.14285714422;0.04526751706472143;-0.10342854665666279;192.73333333333326;0.05307220915478039;0.04734795598520125;3145604;380.7555356681683;93.09462065238024;0.23242314479643758
3515657;-4884.764285714638;-0.023293776598657168;-0.1151841494024064;30.593939393939404;0.032485421769548495;0.03674925029489606;3145604;519.0776432408246;93.09462065238024;0.20256867611107615
3516408;-213388.8785714354;0.06558166095615703;-0.12305220099785052;2792.963636363636;0.03617288708652966;0.04584251597565547;3145604;351.4735653548951;93.09462065238024;0.25843134567926396
3516705;140666.31071428893;0.09879948955067186;0.053435833728163296;747.0181818181811;0.023335867902063656;0.025337520892151133;3145604;526.9826174350235;93.09462065238024;0.20870643458206717
3517000;-4437.578571428681;-0.0066996453572888415;0.004181472690536703;134.4060606060606;0.024925467527093792;0.02805131197646471;3145604;542.6503548942231;93.09462065238024;0.19153290691488686
3517604;85420.97500000133;0.061863993233179704;-0.0682935990913286;419.5272727272727;0.0505352973292954;0.06306297922920234;3145604;543.3647364102482;93.09462065238024;0.19361843285730918
3518107;-97862.02142857296;0.01957962050802431;-0.013432773605031145;133.34545454545454;0.032323379501491445;0.03910181762320164;3145604;510.9722291183477;93.09462065238024;0.20717977866822013
3518909;-2376050.253571486;-0.051276704026895215;-0.4197738244685747;98.73939393939398;0.033911541402158685;0.03984953934335356;3145604;607.0935114299415;93.09462065238024;0.19551500486417683
3519071;3941066.874999995;0.035657274556217367;0.07876868133523773;5976.933333333331;0.04574495476116236;0.051812103357030015;3145604;343.598178858917;93.09462065238024;0.28287744927911995
3519709;1895326.7250000108;0.048337327560006305;0.07202801096657163;2381.684848484848;0.041302346994805506;0.04901590725301341;3145604;411.3107432677119;93.09462065238024;0.2335932021855848
3520202;48215.549999997434;0.09033988017595762;-0.0004144671642463127;304.9454545454546;0.048603876349511355;0.0481294476134273;3145604;310.4372192185686;93.09462065238024;0.27266559927916745
3520301;371372.7249999964;0.1542798356186581;0.010783755590270117;430.29090909090894;0.04038030216450306;0.0398934181668984;3145604;525.339490652023;93.09462065238024;0.21523990383033684
3520442;303923.5071428606;-0.05262429281341774;-0.03879259471417973;578.6363636363636;0.02404685222849623;0.03020965612933746;3145604;678.7191651695091;93.09462065238024;0.19042549031470918
3521150;33578.57142857107;0.013159403820177218;-0.07134732978309755;193.97575757575757;0.09413853710428444;0.0907040814425446;3145604;473.8965232658856;93.09462065238024;0.20992454683135853
3525300;117725.75357143498;0.04945510189824409;0.03522327984416429;2110.0242424242433;0.018018394907870938;0.020260611480224844;3145604;424.7243770923558;93.09462065238024;0.24044761061592757
3527306;-75212.51428571477;0.0795441875318399;-0.006847814427952459;1518.1151515151516;0.04159386333899939;0.04788348824682642;3145604;343.91740637505615;93.09462065238024;0.36952338805339
3528502;2127942.510714281;0.04485038911118666;0.08239670406493294;1684.3636363636363;0.0396378895039331;0.031094280508406902;3145604;343.1343004006101;93.09462065238024;0.25922795867652343
3529807;456978.18214285997;-0.4393846334407925;0.03970580771039445;223.4727272727273;0.029104720544135043;0.030885905105811462;3145604;420.244142496587;93.09462065238024;0.22307740684725352
3530201;98772.61785714816;-0.021349404812474604;-0.03329981413622107;296.3636363636367;0.0327308491173266;0.03456687111142376;3145604;753.4463318983458;93.09462065238024;0.1811066141249909
3531308;98718.13214285886;0.029915986244869464;0.022368620779519732;1007.9393939393943;0.02307977373224146;0.024367283561181008;3145604;386.0081576658297;93.09462065238024;0.2499568279620575
3531902;-493521.87142857484;0.009857519273043458;-0.039845435928777206;586.6363636363636;0.032443832195107936;0.03254639005859006;3145604;335.861855585728;93.09462065238024;0.27031749103967345
3532009;80132.85714285754;0.04406482115635013;0.039874067410831326;377.4121212121211;0.033470461973944765;0.036725349888142356;3145604;316.05015024070224;93.09462065238024;0.27610550690226426
3532603;245860.11428571632;-0.14228880070857686;0.018260143581139587;194.0484848484848;0.0221243015038175;0.026382833194657174;3145604;542.394933239657;93.09462065238024;0.2074476679115456
3533007;1361926.1714285733;-0.027472732136373024;0.08988194761534829;432.7818181818181;0.031539840850643985;0.03251476310815948;3145604;466.94861799030105;93.09462065238024;0.21722371610837754
3533700;-57009.167857139604;0.2470011306471276;-0.09177828984867586;92.99393939393944;0.027222536090436344;0.03669747710279214;3145604;561.0201116605147;93.09462065238024;0.19653576067370013
3534500;-113497.48571428626;-0.08009645238779994;-0.23247812683796587;41.07272727272728;0.02666514271368614;0.028249077438832204;3145604;591.9380488192431;93.09462065238024;0.1918681718876691
3534757;245553.40714286192;0.012115519910877337;-0.019632456221917782;352.4363636363638;0.048155831541848215;0.053714438657310515;3145604;583.4421157681077;93.09462065238024;0.21172687211590932
3534807;-440965.89285715297;0.15008496441238206;-0.26402831905287394;158.7333333333333;0.03924372768189155;0.04042966482935362;3145604;718.393154046337;93.09462065238024;0.16706859620666092
3535002;19705.710714281176;0.05504978839276009;-0.014776870770639938;215.07272727272704;0.028824718562349583;0.03298928784427324;3145604;480.37182476415813;93.09462065238024;0.22089083522521888
3535309;364040.86071428185;-0.016171325846935813;0.026649348646110793;464.660606060606;0.02879092810983308;0.030104655103764477;3145604;602.9985954207604;93.09462065238024;0.2006871432148406
3535507;-364771.8500000016;-0.059503715490038966;-0.030536778911644746;742.1575757575758;0.024933278481109378;0.02581128580025238;3145604;623.791510603594;93.09462065238024;0.20220935276682994
3535705;-147812.20357142668;0.04494149466682984;-0.0602567507005608;124.75757575757581;0.04419625837456986;0.03336343311019552;3145604;411.6448534907243;93.09462065238024;0.2440518446799215
3537206;-92453.57142857384;0.009524382750739413;-0.2099733745765291;193.0969696969697;0.046620413974487684;0.05342778654312075;3145604;468.40137636900215;93.09462065238024;0.20704249267952457
3538501;201469.6285714269;-0.06304715738230182;-0.021188246247142217;171.93333333333337;0.020136383263235746;0.02946631722852766;3145604;215.4363738473599;93.09462065238024;0.3214778896764024
3540259;-61536.53928571547;-0.14324262692558687;-0.12715527330034082;72.21818181818188;0.04085426327116126;0.04115005817519113;3145604;593.7385448365102;93.09462065238024;0.18439278432052636
3540804;353442.0035714272;0.025240989330079344;-0.013907279875361889;410.6969696969698;0.03280086798114623;0.03222356652323066;3145604;474.5338957043238;93.09462065238024;0.22505933121348803
3541000;4983696.849999993;0.016327392508243;0.07341338666844566;6815.927272727273;0.04981274665387958;0.04573779682393386;3145604;402.4613005206155;93.09462065238024;0.2442036469794014
3541208;-192325.2785714246;0.10395397390455341;0.03380413519687542;224.43030303030295;0.019534783220674257;0.02654714836737493;3145604;711.7029159556647;93.09462065238024;0.17356429465593382
3541406;3753078.5607143207;0.029757543493478478;0.05968068232270918;3673.7090909090907;0.020108647077049735;0.02261162126573657;3145604;697.5615310199084;93.09462065238024;0.20031310520253193
3543600;-2062679.2249999566;0.03569233479229417;-0.358840873842992;133.3818181818182;0.062351112358627114;0.05501393748724115;3145604;279.5734124349139;93.09462065238024;0.304369170711037
3543709;50969.09285714347;-0.007932345387166695;0.023424799839900645;194.76363636363632;0.02832841344669257;0.033712160400659164;3145604;350.6930864845113;93.09462065238024;0.24788518688895264
3546256;276689.28571428696;-0.08466325959539411;0.018783278202793463;55.23030303030303;0.03855685976118561;0.05803924689991624;3145604;278.0878981434319;93.09462065238024;0.287951526524932
3549003;-505378.7607142952;-0.014273308993243639;-0.36871829608863094;55.85454545454546;0.0190455857390901;0.030604372735824503;3145604;611.9695624000608;93.09462065238024;0.18213056508983783
3549300;2872.203571428586;0.03092017919233747;-0.006516508202216054;43.769696969697016;0.03171031202015118;0.03245839381976001;3145604;712.6998693853682;93.09462065238024;0.16759208997163963
3549706;-1607361.332142861;0.050583576765734106;0.02410814372938952;1021.0242424242421;0.023207295920205873;0.026915155207891672;3145604;235.61386452282332;93.09462065238024;0.3230064581049263
3551801;-58197.0000000096;0.026674438086589758;-0.12602543255684817;269.3939393939394;0.0391868229789325;0.04699008695749596;3145604;518.6725429842893;93.09462065238024;0.1981290505596506
3552106;578244.1178571399;0.01672821419326853;0.02152458263628776;1089.9515151515159;0.03293105190076573;0.03453302936120384;3145604;273.8438422755315;93.09462065238024;0.28931339860506
3552304;-379731.1892857163;-0.033290201443648026;-0.10904356518218794;131.1636363636363;0.02536563699828287;0.030321509533488555;3145604;633.954894882663;93.09462065238024;0.18739010895817054
3553658;409718.389285715;0.1236804523430981;0.34950274435843975;47.04848484848488;0.030975082313440927;0.03598073403140312;3145604;374.6203568496622;93.09462065238024;0.23529839075578465
3553708;-1064293.6357142834;0.038098606074774555;0.022451458080390063;1047.8727272727267;0.02325068802545527;0.02636621297470154;3145604;390.00803339363745;93.09462065238024;0.2428855229688899
3554508;273210.42142857384;0.04739876735486659;0.010313420793707673;666.018181818182;0.01925449795917178;0.023680156800586216;3145604;400.80000385516195;93.09462065238024;0.2513180686353106
3554656;12779.464285720896;-0.20112952709604104;0.12919551208341407;53.03030303030301;0.030661348079368045;0.0375848099686793;3145604;448.0514568170724;93.09462065238024;0.21213125166492466
3554755;3273.571428571233;-0.4819946495633982;-0.1646474805297714;34.86666666666667;0.022033482603302845;0.03945000127910192;3145604;392.3671315890415;93.09462065238024;0.22589871215350144
3554805;-185862.1785714287;0.006250162261261627;-0.03279022580718516;870.1939393939398;0.04065528392400175;0.04191242208779933;3145604;261.896897077644;93.09462065238024;0.2924388827845205
3555307;-9157.689285713666;0.1414940166876939;-0.12426812958671674;35.55757575757575;0.013751721642222492;0.02784188155430445;3145604;593.350751324531;93.09462065238024;0.18772433236659436
3555505;36312.99999999951;0.0626401422898415;-0.03353769853165345;126.57575757575755;0.029475839329121012;0.04680756784725015;3145604;539.3152401681444;93.09462065238024;0.19506302952026805
3556008;1038416.7535714369;0.046783099411520146;0.12322049637042554;393.78181818181827;0.03212376944387829;0.037384393701316077;3145604;466.9400628650758;93.09462065238024;0.21858708622533898
3102704;-5949053.985714258;-0.05111133476897711;-0.16159639896944766;71.46666666666829;0.03499648931994659;0.039538041895203824;3106705;528.6844853045661;93.09462065238024;0.25452426093248715
3103009;812937.9214285704;0.03505338573841965;0.02906600334336118;128.2909090909119;0.04693940886984849;0.0380011641611635;3106705;143.30985171172563;93.09462065238024;0.4213513080604527
3103405;360270.6071428552;0.10437780307707589;0.03226378404506014;533.9212121212241;0.051506254723934;0.041549700672260714;3106705;413.2265057422537;93.09462065238024;0.2265313751330434
3104700;16025.907142856353;0.1260670524714782;0.005991840293938289;114.04242424242425;0.0412126956669856;0.03810551968291942;3106705;388.5383709690842;93.09462065238024;0.22768875473924746
3105004;-98828.92857142886;0.0701833902582989;0.022748420425213967;130.0969696969697;0.04073085229976603;0.04078336128918769;3106705;80.04474134840098;93.09462065238024;0.5108310416311558
3105608;2290097.6535714357;0.058548926844824045;0.04110221203201303;1658.169696969695;0.025174226112445686;0.02581446632651163;3145604;124.3768257593006;93.09462065238024;0.4328903008163511
3106101;-6451.785714285702;-0.09143970358393017;0.0027473908008928127;43.02424242424244;0.014583787017836691;0.03747598945904107;3145604;202.0939738076432;93.09462065238024;0.3279261993019971
3106309;-93621.03928571484;0.11244171358591126;0.025477448017916293;507.05454545454563;0.03951673221372931;0.050404838251422834;3106705;198.2078324446461;93.09462065238024;0.373647929341021
3106408;147190.8928571436;0.022377558153704458;0.04895795703654571;241.94545454545445;0.05924510309229958;0.05509069462604077;3106705;52.255581973833046;93.09462065238024;0.5973274534111028
3106606;-2643.900000000004;0.37468957075440357;0.005333263574144098;42.44242424242424;0.05259637612964041;0.06213183483713358;3106705;500.2533004106976;93.09462065238024;0.19370359644214158
3106903;538322.1821428571;0.015377421702790883;0.018961199786978744;219.1636363636365;0.009004555933708192;0.0277221410849664;3145604;216.26018611144085;93.09462065238024;0.32598401163592805
3109253;-914.9999999999606;-0.005627128765728351;0.01570036452828938;66.44242424242424;0.0584643223580501;0.048742736074757875;3106705;212.4657411593592;93.09462065238024;0.31374574924041787
3109402;1956095.2178571222;0.04712736927679284;0.11744034726083696;520.3636363636361;0.052940578320804565;0.052778690095423686;3106705;300.10853779573847;93.09462065238024;0.2712945379085845
3109709;-52803.571428571166;0.04562164229091881;-0.02486556908473303;216.77575757575758;0.04248776304875168;0.04539635388731944;3145604;208.5055147551644;93.09462065238024;0.33766355971475676
3110707;160360.15714285692;-0.08067848757202722;-0.031133216181217227;295.6363636363636;0.028308702393484042;0.05160914704471775;3145604;137.09404828300714;93.09462065238024;0.40241203483794796
3111309;1318.9892857126383;0.057272789063457896;-0.07538107947156991;244.56969696969676;0.043514496743759734;0.04872699184175766;3145604;113.47942198004237;93.09462065238024;0.437275572332794
3111804;1467662.3607142835;0.29136235692404244;0.21016719380827986;242.660606060606;0.038115377816594576;0.046904054940370754;3145604;507.9179335144559;93.09462065238024;0.21777039236562262
3112802;371749.0928571427;0.024205997053741157;0.05319772863820749;291.6121212121212;0.025094155108412064;0.04255533526125421;3145604;127.29227656711518;93.09462065238024;0.42803256765030373
3113305;16056.339285710472;-0.012557682944387971;-0.013589587191929153;499.7454545454545;0.031740601485843456;0.0323806907724411;3106705;241.74123879903885;93.09462065238024;0.3047470398142815
3113503;140197.16071428254;-0.035235248309046785;-0.06253291438007258;200.8181818181818;0.03436599584384137;0.04101730405500037;3106705;298.8505909833485;93.09462065238024;0.26546857878060764
3114600;32369.642857142226;-0.02175074359524476;-0.06720514224693808;108.73939393939395;0.03945395055550005;0.06415337715577629;3145604;90.07673563347464;93.09462065238024;0.4867864518113811
3114709;16024.271428571337;0.029900150852497642;0.02401971977007089;58.46060606060605;0.03950980403790583;0.03298586410850812;3145604;159.1271383855095;93.09462065238024;0.36953151730642814
3115607;17237.98816568037;-0.15243218967311245;0.030016783077690734;16.387878787878787;0.022750233592262248;0.03598958734701596;3106705;182.77357334770028;93.09462065238024;0.34420618173163553
3116209;23397.93571428583;0.029280368568271875;0.04837501446878956;114.65454545454546;-0.01772526396889873;0.07004136421509921;3145604;233.32014278235758;93.09462065238024;0.29975576163503326
3118007;3404788.4464285816;0.044751031717544576;0.029461756536940165;1026.230303030303;0.029379170281918165;0.035607569259263006;3106705;69.22431037011201;93.09462065238024;0.5864029193673367
3119708;-19514.28571428601;0.026502307236170086;-0.046594456738153545;55.78787878787879;0.02295533797606497;0.03856816149887843;3145604;73.06551434261003;93.09462065238024;0.5241025000288513
3119906;-21276.78571428557;0.22518097224033107;-0.0740180642274676;79.87878787878789;0.03925797716700652;0.039217049425285255;3145604;247.4767732217998;93.09462065238024;0.29067688945861914
3120300;56980.12857142831;0.17334251135095613;0.040754233894435554;113.56363636363629;0.060976391280837205;0.06769226161318964;3106705;388.28934915452675;93.09462065238024;0.22477425543851773
3121803;-75861.46785714294;0.0617978705509461;-0.04889437115216255;97.96969696969694;0.05477120113510714;0.03943308796276024;3106705;150.21100568911638;93.09462065238024;0.37995803339135004
3122454;82859.0749999997;0.16229417125201318;0.02519045544288301;83.77575757575758;0.01859385915394829;0.060903773634048974;3106705;580.6498734089961;93.09462065238024;0.17927756273229659
3122504;-23863.994878360558;0.01403090283707309;-0.01729409591705966;94.58181818181819;0.019883927586600736;0.03196689092738314;3106705;228.4311348792258;93.09462065238024;0.30314430641109136
3122702;8521.42857142863;0.042047026629222106;0.036730940530252054;86.35151515151517;0.03344352987010324;0.03448809376263062;3106705;131.13607207939975;93.09462065238024;0.41344317884346393
3123700;23148.678571429165;-0.0507314866002081;-0.02751104313036623;172.8060606060606;0.04200802231747347;0.046031657655623004;3106705;240.62459820566056;93.09462065238024;0.3054078307730313
3123858;58274.99999999996;0.04998867671481522;0.025343214715759954;107.86666666666657;0.056033749814575096;0.042012388756681895;3106705;209.6697594593298;93.09462065238024;0.3192428047979849
3124203;205216.99642857088;0.159402275603721;0.011069031416747643;531.7696969696971;0.029133699854297257;0.041896939825524226;3106705;250.51326103791075;93.09462065238024;0.2977779911175517
3124302;132451.6178571425;0.02014471164764431;0.004290493178463528;631.2666666666667;0.04084718445067015;0.04104692415511835;3106705;579.7327232710928;93.09462065238024;0.18527314430024916
3125002;191176.96627219187;0.043274247010950395;0.1345800817233298;30.648484848484838;0.020875565526403017;0.030395537929815752;3145604;166.6562911378369;93.09462065238024;0.3626291043129771
3126802;-10660.167857142704;0.2396599309672276;-0.1739887465324096;62.41818181818182;0.032155474050246546;0.04576654856405127;3106705;359.3349904900655;93.09462065238024;0.23387067923292795
3127503;153772.07857142916;0.03957035078587423;0.07148316993641357;138.87878787878782;0.04430442600971185;0.04898903069251892;3106705;221.2776717453025;93.09462065238024;0.30945997645066853
3129202;61669.64285714282;0.06566679202386383;0.02623609832437257;108.60606060606058;0.022863124363318388;0.03979526726299576;3145604;169.0514219609945;93.09462065238024;0.36159669690537277
3129608;-89894.64285714239;-0.035147962400811084;-0.13649603501386265;67.48484848484848;0.027787817709125084;0.03262411417736155;3106705;353.4454205911874;93.09462065238024;0.2382463852748036
3130002;63086.77142857156;0.026107738234370625;0.008988922377702435;33.030303030303045;0.04413792338794709;0.03893571444671706;3145604;51.38877421372744;93.09462065238024;0.5944610948303602
3130200;774959.9142857146;0.11083312130000178;0.047885055350647576;228.0848484848485;0.033970234441345726;0.03490075397407;3106705;52.876659261263605;93.09462065238024;0.6099349383386331
3130606;82866.0714285713;0.10434041499589553;0.05654968532666382;144.04242424242426;0.035522334382635634;0.037492149625490745;3145604;237.19165073930134;93.09462065238024;0.30278818023279225
3131000;-42651.642857142746;0.0829429813552145;-0.13210463911490145;94.58181818181818;0.05006222993762721;0.041861943091444864;3106705;56.74174365426233;93.09462065238024;0.578213031025888
3131604;152677.25000000064;0.01587086597984788;0.044717644869793904;210.37575757575758;0.04049037119595922;0.04834893604156476;3145604;334.96044321803635;93.09462065238024;0.26103678243960227
3132404;83251.42142857496;0.05031686296694837;0.024973820586255968;1143.7939393939394;0.02547138670985727;0.0238326234647519;3145604;202.52580121691196;93.09462065238024;0.3469558398351534
3132602;-192387.21785714195;-0.09832110465876809;0.034293347810439245;44.04242424242425;0.01718613398910418;0.028254796215017253;3106705;216.50396036463528;93.09462065238024;0.31301551959894913
3132701;142263.5821428539;0.018097656457010558;0.028675414575886293;271.6484848484847;0.03293447281259243;0.04516024330012702;3106705;340.88724304816725;93.09462065238024;0.25267184016470984
3133758;-738764.0535714237;0.09361545005937422;0.015673828037029214;163.36969696969692;0.02232526625677811;0.017627262749786654;3145604;200.09896759736384;93.09462065238024;0.3491409047040697
3135076;-1450.4642857139895;0.07312964511148978;0.016630437356153882;27.20000000000001;0.010348806523016174;0.03415093748489517;3106705;301.8299080043104;93.09462065238024;0.2579469517729056
3135456;35172.32142857168;0.09814094763746906;0.05014005156261425;103.46666666666667;0.04250350270379877;0.04903201268303681;3106705;380.4272845403542;93.09462065238024;0.22628345516816376
3135506;24803.428571428507;0.11251994798260556;0.03050945602548416;261.44242424242407;0.030402909636929154;0.0518634718179094;3106705;169.16361726027344;93.09462065238024;0.35766918579170004
3136306;3235642.2857142785;0.02403304290853092;0.025779046516205772;1270.1090909090915;0.041154589530181473;0.047440269225247134;3106705;322.9828013737747;93.09462065238024;0.27698760139099765
3136405;191365.00000000032;0.21249565802802373;-0.05490989376371491;57.551515151515176;0.057071628922708006;0.05492110346319734;3106705;245.63737604916415;93.09462065238024;0.29482835766278725
3136520;6732.311188811123;0.09128884179421615;0.00629591448845801;82.74545454545455;0.041075751084900025;0.045011202953786356;3106705;379.9268782150506;93.09462065238024;0.22661829646384643
3136603;432808.6499999967;0.35261344961774777;0.10499273285851896;148.32727272727277;0.049800402879092376;0.04697307576404919;3106705;71.69423608318716;93.09462065238024;0.5342175361054334
3137007;31427.142857142982;0.0006991612345579323;0.012142465073295527;165.3818181818182;0.040583095726123286;0.04554905689815425;3106705;366.394018948611;93.09462065238024;0.22979989800957062
3137106;-5954.810714283628;0.04065569940682967;-0.0060802607100312045;114.71515151515155;0.03300148544337422;0.032703649302839644;3106705;338.55886916891353;93.09462065238024;0.25307103952573606
3137403;107074.71428571315;0.026992100204920044;0.0039244121980892555;437.54545454545456;0.04297211919834787;0.05355841489357549;3145604;81.49431029542498;93.09462065238024;0.5053006573772792
3138005;-2897.5000000000205;-0.030561521335994324;0.009179441479323147;91.75151515151515;0.02094607572122964;0.027048805870054204;3106705;238.11621933857805;93.09462065238024;0.29800875106444996
3138104;-42007.142857144085;-0.03569537250352306;-0.015396305283307044;100.83636363636367;0.0601531338228396;0.056298584142344454;3106705;234.56175192191725;93.09462065238024;0.3080791447869111
3138609;329232.20000000246;0.19164349171312733;0.0664266173513477;349.35757575757566;0.03662614118526197;0.05257604157503448;3145604;166.11710595351767;93.09462065238024;0.3678122723230814
3138625;607743.0535714299;0.07457897669817681;0.04545437009065778;214.78787878787878;0.04386960083655733;0.05009688090417308;3145604;613.9454357500166;93.09462065238024;0.20321333021540602
3139201;159614.17499999973;0.041492564037273194;0.02337732814624216;343.8060606060606;0.04587634178879996;0.05609691582960874;3106705;324.8751396721919;93.09462065238024;0.253385293185333
3140209;78233.5714285717;0.03450287381293671;-0.005025566169381657;78.9151515151515;0.035353595475182686;0.04813210713844529;3145604;223.86540006247805;93.09462065238024;0.3168738869218466
3140506;601292.6964285764;0.08789772511882066;0.03935247651676832;456.06666666666666;0.04704959061397673;0.04986150273297252;3106705;130.09543175897215;93.09462065238024;0.4205926371890518
3140704;51688.00357142678;0.12226519953313453;0.01764122213202657;658.7272727272727;0.04244594838777527;0.04164198789258511;3106705;24.181712727222838;93.09462065238024;0.7253858055266126
3142403;404828.664285711;-0.18433536004928053;0.03285004218226839;164.5212121212121;0.02461495336928965;0.032000480455399494;3145604;113.31799096922867;93.09462065238024;0.4439076711493053
3142809;478973.8000000069;-0.03542787296337113;0.008991914789622468;473.00000000000017;0.02950522016309165;0.03999904097194307;3145604;470.2023766450017;93.09462065238024;0.2145596756233165
3143153;-71906.07142857435;0.03249481598573967;-0.2699719487902702;43.86666666666671;0.007836226420860237;0.039452820833841384;3106705;464.4358045677195;93.09462065238024;0.20147663011573147
3144102;310840.2535714279;0.18909178820217298;0.0646275822451099;589.9878787878788;0.02986147644668935;0.03711127441984452;3145604;190.8257467198367;93.09462065238024;0.3469327935548002
3144672;21190.12499999993;0.11683110943951092;0.034887209554735676;65.28484848484848;0.07721734501594191;0.0519662178651914;3106705;363.483561199054;93.09462065238024;0.2372820871622916
3144706;-2964728.521428538;0.008650406492517693;-0.045737516407681644;262.3636363636365;0.044003425067512536;0.031381194704823034;3106705;124.29113501129189;93.09462065238024;0.4467554843836397
3144904;-44324.632142859824;-0.015731352798539988;-0.23598486304197608;20.77575757575758;-0.0016431183065582777;0.02564019028447695;3106705;330.5700885218918;93.09462065238024;0.250485164709482
3145356;80497.0142857141;0.003574136654359128;-3.357281969762482e-05;140.05454545454546;0.06051899816238304;0.06435055948988411;3106705;423.66697556439345;93.09462065238024;0.21584719663362897
3145851;-8305.585714286999;0.012816039566626358;-0.19906691686712286;68.81818181818181;0.02428126990477031;0.03748646410214662;3106705;155.2093320115271;93.09462065238024;0.37365537689754613
3145901;498980.6178571428;0.08473257631787945;0.03580818568859678;691.539393939394;0.036171476812892234;0.030524575880409355;3106705;81.49653831202734;93.09462065238024;0.5503892724156884
3146008;185097.04999999964;0.05313192489935292;0.03421508282005603;651.890909090909;0.031854535644296744;0.03263841575062565;3145604;237.33175920277117;93.09462065238024;0.3108447223595036
3147006;8464996.70000004;0.09722149104061284;0.09682746893498595;2198.4727272727264;0.04224645651038483;0.0460838548495075;3106705;414.86283705225435;93.09462065238024;0.25672438586808743
3148608;65243.571428571115;-0.012314161905464527;0.0066927790207453874;305.93333333333334;0.043266413844274654;0.04510971795081686;3106705;233.99319271454;93.09462065238024;0.30023953690997873
3149952;-190168.85000000006;-0.03289455474177583;-0.03677862370435325;100.13333333333334;0.01992153527971352;0.05593062614413813;3106705;224.9396065599299;93.09462065238024;0.33445713034443664
3150539;34186.07142857137;-0.03269631064750611;0.03772551549082137;79.25454545454542;0.08629173316311012;0.07399243334455496;3106705;189.2119873218518;93.09462065238024;0.336758457447901
3150570;72225.26428571405;0.0613990674970637;0.030896676747598883;90.05454545454546;0.05155550599606795;0.057141218901020974;3106705;445.92711457450423;93.09462065238024;0.2094202705649432
3151404;394562.74999999686;-0.0015680636248811552;0.005216035829769039;512.3151515151516;0.022832063566084138;0.02707458109848515;3106705;79.71218036743265;93.09462065238024;0.5173437168213202
3153806;40156.07142857124;0.13210473747160334;0.09737004302474705;29.060606060606062;0.03943833873406266;0.034636265896689;3106705;92.22624801024757;93.09462065238024;0.477606404972508
3154002;44908.54285714199;0.027484141169960452;0.005781515304930096;463.27272727272725;0.030300878386323227;0.0409710907976546;3106705;183.53004765971403;93.09462065238024;0.34670163395217707
3154309;226251.26071428688;0.0917386066620749;0.06452674607733377;358.6545454545455;0.03589247739621704;0.04179992127216958;3106705;317.67510349488686;93.09462065238024;0.26052168410475424
3155900;11641.071428571044;0.01323404902812575;-0.0670412751110725;62.32121212121194;0.0019163402795852047;0.009978722809604434;3145604;185.81998159259183;93.09462065238024;0.34096532488289216
3156403;-19701.07142857127;0.14502544152542485;0.0066653892276105076;68.96969696969697;0.033971142334254356;0.04289071870530514;3145604;351.32562604198995;93.09462065238024;0.25513880125463556
3156809;135445.432142855;-0.0074376693960637175;-0.06038841480259949;265.8484848484849;0.03925898296182062;0.04464306209987012;3106705;186.80025053194342;93.09462065238024;0.34318709978957673
3157005;-380351.44285714114;0.06524268799532318;0.0004926836820413616;822.1999999999998;0.051345247686601425;0.04312196659276535;3106705;467.1726631283843;93.09462065238024;0.21975721062605652
3157104;-50930.48214285775;-0.11388854149446748;-0.1379974317578233;38.33939393939394;0.030910815072137776;0.055317273107016174;3106705;630.0592585374386;93.09462065238024;0.1838207654428604
3157658;35661.742857142825;0.06769859893459795;0.035247285997243916;73.48484848484848;0.04824573611186489;0.06715115066729149;3106705;499.4024609195159;93.09462065238024;0.19477661701903443
3159704;43023.21428571393;0.22988634738084768;0.07985187514988601;98.07272727272729;0.04841628975762147;0.055976009575918084;3145604;176.57108351375499;93.09462065238024;0.35252131421636107
3159902;161340.06785714327;0.09467785616716573;0.0412663694894424;310.07272727272726;0.03901382666150921;0.04524698926070192;3145604;28.735923731261604;93.09462065238024;0.6939721654384885
3160603;-1994.6428571431816;-0.06979923061929516;-0.08094624516631921;29.06060606060605;0.04159104424801785;0.037181292574523184;3106705;185.71003904659403;93.09462065238024;0.3406152108472441
3160702;-109710.0285714244;0.010129391804406751;-0.0015834800405993832;593.3151515151519;0.016229619732703426;0.031389104401275514;3145604;157.64301031449534;93.09462065238024;0.3844120899760065
3162708;227782.1678571426;0.09249520807576528;0.05916565115948824;423.55151515151533;0.04164954117998154;0.04357088021466948;3106705;566.2571997631162;93.09462065238024;0.18429762211970813
3163706;303137.5571428565;0.04037325050171381;0.0548892123266469;632.4;0.02052241042723013;0.02404103758078091;3145604;159.37843976463535;93.09462065238024;0.3817947635390678
3164308;34698.514285714635;0.041014433249501936;0.03030863553890173;245.7515151515151;0.0497125488227701;0.04868956075100073;3145604;167.51131826315057;93.09462065238024;0.36993969864953197
3164472;27823.928571428223;-0.027017890751537155;0.023743361881292335;157.00606060606057;0.06745735512232542;0.058316233357967207;3106705;237.49264204992798;93.09462065238024;0.2979722256776335
3165206;-46574.72142857125;-0.02648041672040069;-0.031900765296609235;117.01818181818182;0.0498736680078431;0.057518739831733834;3145604;114.96069646570096;93.09462065238024;0.43638382144074395
3166105;-1442.5979274612794;-0.17681861810601374;-0.020517792854034766;36.95151515151514;0.021299147269474794;0.032844267105174074;3106705;167.7131436778453;93.09462065238024;0.3515443714658484
3166303;65001.785714285266;0.15417511987680443;0.05046089339186621;250.73939393939392;0.08466072534659719;0.0638970459705519;3106705;187.94683876536266;93.09462065238024;0.3384886966183177
3166402;-9231.83928571417;-0.015104355185809548;-0.0026306074611756047;41.806060606060605;0.041819393865883736;0.056042498080089986;3145604;138.91172018177377;93.09462065238024;0.40171611854638506
3167400;9078.571428571498;0.018173696523472227;0.006286798019361939;82.93333333333335;0.03377042574786682;0.031249816282058918;3145604;181.0318499961989;93.09462065238024;0.35156521467014934
3168309;-7632.1428571430715;0.08604738929091571;0.010573870899749593;171.79393939393947;0.21509480673061865;0.10347852292175341;3106705;62.89234872339026;93.09462065238024;0.5542761424025451
3169000;-245499.7571428592;0.07386716688590389;0.00941369900604383;285.15757575757584;0.02125584334436459;0.03310793251411015;3106705;182.80568493226255;93.09462065238024;0.3533560257156377
3169307;-571557.6964285752;0.0197471102584188;-0.0006944534917823209;1096.284848484848;0.021571692968914036;0.03263919813737215;3145604;118.86475339505105;93.09462065238024;0.44568538612168257
3169505;11422.000000000311;0.04772581105104057;-0.13491906590190894;93.94545454545454;0.030268848567972295;0.07392900473591002;3106705;288.5907353461404;93.09462065238024;0.26660408789050494
3169901;673749.0214285739;0.051184461928712066;0.026541490469601525;2091.6484848484843;0.024550200819119627;0.032076050270439804;3106705;183.84736012789187;93.09462065238024;0.3617425004024997
3171105;372.857142857173;0.00724194373489917;0.010223125088798302;22.333333333333336;0.04215054874737034;0.025422598148854725;3145604;381.17925581179156;93.09462065238024;0.237589660863
3171600;72116.4071428563;0.03632643152364046;0.023183681302862746;142.53939393939396;0.030396800838787597;0.040524340940587544;3106705;402.3188411771983;93.09462065238024;0.22296803384253985
3200102;147591.02142857056;0.10436049159210148;0.03462900090108145;878.1575757575757;0.05789267620331651;0.04588815877800623;3106705;321.4594016142215;93.09462065238024;0.25632523004809643
3200904;-98124.94642857506;-0.07301114947553877;-0.03823219089229213;1043.8545454545454;0.06454777448196403;0.04432780787602697;3106705;371.90652947570686;93.09462065238024;0.24609426286178332
3201704;361240.8035714297;-0.006591310866932432;0.042506953345597065;444.84242424242416;0.03620658113895536;0.05348300730212796;3106705;312.0028547399149;93.09462065238024;0.26346513584984543
3202207;-12032.657142858097;0.05856551449518288;-0.0017158251134801183;329.34545454545446;0.04743666112662037;0.04050278664228357;3106705;396.45334334863145;93.09462065238024;0.23568935166653995
3202454;470456.21071428416;0.06720172846877581;0.06555826850507529;1085.2727272727273;0.10167166679844142;0.07058132893854063;3106705;282.6850546474932;93.09462065238024;0.2745210236233757
3202900;-10827.742857142925;0.10337527581201011;0.016555425171330462;300.6060606060606;0.045617815627220226;0.04079157919781995;3106705;347.7967222282283;93.09462065238024;0.250119542289349
3204302;135651.70714285626;0.19887634584694225;0.07140021975875466;490.20606060606053;0.025002887734431045;0.05637180085742366;3106705;351.61865147465943;93.09462065238024;0.4104236107776599
3204351;162978.09642857104;0.018772087451417674;0.018062981281371737;654.9515151515152;0.06795884400705754;0.04581574390711207;3106705;412.0320353216273;93.09462065238024;0.22712594453531537
3204906;1921339.4321428542;0.09716699298146514;0.02748197045227152;2622.5636363636368;0.06084326318411204;0.04666267839086591;3106705;476.2025861893254;93.09462065238024;0.21707702804051526
3205309;-1623579.4678571508;4.9236354518811254e-05;-0.006854128907095358;2474.9212121212117;0.020786068658074308;0.012976706917670722;3106705;407.72564331593946;93.09462065238024;0.261817446500357
3300225;-142505.8285714295;-0.04748949975880079;-0.022409049337725695;308.4727272727272;0.05473680510740908;0.050101448038906815;3145604;246.01319612160955;93.09462065238024;0.3074231471341645
3300456;-578055.8071428639;0.11138366661921228;-0.018344798475434798;4788.163636363636;0.04178384242372335;0.043454356702083974;3145604;273.0806709778532;93.09462065238024;0.2846072371585041
3301009;383893.6857142409;0.06920225359354748;0.006217087685151057;5466.109090909088;0.029993225334236984;0.025344562532440218;3106705;359.93955943393075;93.09462065238024;0.28266367475714427
3301306;311951.83214285254;0.2888765163464777;0.05804198114783232;700.4909090909091;0.04611517625829609;0.041891314852847694;3145604;335.8773786175539;93.09462065238024;0.2716682631104265
3302254;-902207.4250000028;0.1214635530754351;0.00667635567278646;72.02424242424243;0.02653241159263464;0.010151957856838312;3145604;201.03186248223957;93.09462065238024;0.41175788115638734
3302502;251746.85714285442;0.09084083165281887;-0.003177036717361359;3370.0666666666666;0.04352522578788953;0.04702455712879372;3145604;286.76274573622;93.09462065238024;0.27809607434872147
3302858;-186836.35357142103;0.10838892546092227;-0.019642413092544442;2061.351515151513;0.035187839142480914;0.04268177718759136;3145604;273.4045437101224;93.09462065238024;0.28201513074880064
3303302;-5822183.485714281;0.17882945185574317;-0.02715473574533378;4136.993939393939;0.020352939516139923;0.015780686358967122;3145604;301.2767064915608;93.09462065238024;0.32233021304989656
3304128;-95860.34999999961;0.017035415485417094;-0.028874240881477387;106.21818181818188;0.03189297264674651;0.02274008940652572;3145604;198.65647223523203;93.09462065238024;0.3339398713566496
3304706;583.0071428571063;0.02150162798149058;0.004071621769293987;540.4545454545457;0.02941935244244953;0.02865906556426867;3106705;273.21616240226683;93.09462065238024;0.2924722923885093
3305109;-2242520.01428572;0.09554538917625499;-0.02041776666836803;5443.618181818179;0.026122374973910567;0.03572449148677448;3145604;278.4473136167761;93.09462065238024;0.28799407231514257
3305406;-451372.55357142835;0.02639535376010449;-0.009975844019830538;282.35151515151523;0.11021370033491196;0.06850187275132225;3145604;245.18014973183517;93.09462065238024;0.3431766780834369
3305554;661640.6785714253;0.053655873466427195;0.026440479322737298;1396.7818181818184;0.05195891890682591;0.05456709435655838;3145604;255.75757237142687;93.09462065238024;0.3099305013445357
3500204;24873.978571428634;0.11115907677895875;0.02721871172687651;102.14545454545467;0.028802857977200613;0.04140364510809613;3145604;503.5679787430733;93.09462065238024;0.20548295678668194
3500709;-79929.95714285714;0.013003151638241617;-0.008587379162957598;887.4606060606061;0.026381566139225265;0.03898580011466635;3145604;472.7924481456022;93.09462065238024;0.23844311469462617
3501004;365931.8178571416;-0.004793336323107966;0.009684967411076162;332.4181818181818;0.030880354433434398;0.034244694247465235;3145604;266.58166197964374;93.09462065238024;0.29297105588914973
3501152;-104391.08571428928;0.033738052528900164;0.055693405023686804;379.8060606060605;0.03629863180206683;0.04402097091018842;3145604;402.005659571372;93.09462065238024;0.28391116673413624
3501400;7889.003571428551;0.12956457403932276;0.012609590762015843;51.333333333333314;0.02719521350973797;0.03684647317110801;3145604;529.1831569945118;93.09462065238024;0.1910809812685564
3502002;240188.77857142757;0.15072046513922288;0.10242041522591894;124.06060606060599;0.039762994441828514;0.045975044716831226;3145604;333.6175081042181;93.09462065238024;0.26482927471772805
3503802;308030.19642856903;0.02713292718368976;0.006307528804981644;1460.521212121212;0.03541620503541054;0.03842877450165849;3145604;319.5623141549585;93.09462065238024;0.2677434766748066
3504602;1724257.6642857064;-0.0012610638783182582;0.024006094563770786;896.8060606060606;0.07143240154022523;0.06185001306741911;3145604;479.7352002494665;93.09462065238024;0.22566097870455382
3504800;253141.21071428506;0.7028976116383543;0.12213722797902937;264.16363636363633;0.036258396723679365;0.0407500540258825;3145604;494.8041757226941;93.09462065238024;0.21009251829269704
3505005;-15013.967857143352;0.04775698430295394;-0.015179042991447012;84.21818181818178;0.044663825559929204;0.06216206949324765;3145604;586.3130057873702;93.09462065238024;0.18471381710699625
3506003;925095.5714285135;0.03309810401698865;-0.0014286322007259766;5157.17575757577;0.017057010871656564;0.01873400875551745;3145604;476.1447530375926;93.09462065238024;0.24528135136986912
3506201;-31065.357142854795;0.007454846356867106;-0.02945831874685445;38.64848484848491;0.025855472039366223;0.025748988928216532;3145604;624.5572848852911;93.09462065238024;0.22045355937117592
3506508;862813.3107142893;0.08155643356526743;0.014504697667364397;2352.2060606060604;0.02228004594900601;0.024322959624839102;3145604;576.1972729875337;93.09462065238024;0.2030536451661276
3507001;4375124.7928571375;0.09446374349551734;0.08911937935510283;2232.527272727271;0.040485250146218954;0.04737356276545279;3145604;411.1756768232993;93.09462065238024;0.2512860609013738
3507209;-193576.3749999964;0.02962828657008254;-0.04024788717181593;21.630303030303043;0.05530998812681309;0.05074588189001328;3145604;616.2367720128799;93.09462065238024;0.23084881618405362
3508306;-91654.23214285792;0.032746126148339494;-0.05104369725006219;110.0121212121213;0.03456936379827802;0.04212085231812468;3145604;505.70633275815396;93.09462065238024;0.20308014900081595
3508603;-224560.8571428568;0.1669062862695161;-0.0037952513565457924;453.18787878787896;0.02141337392947351;0.028203085409619355;3145604;219.7106735154044;93.09462065238024;0.3223172561023005
3509106;-205209.14285714002;-0.04219669275673765;-0.08284675400958952;74.02424242424247;0.03545410635143553;0.04160152398943229;3145604;753.3123079283258;93.09462065238024;0.1580062485181838
3510005;80602.12142857103;0.021221047877544308;-0.020551812604430952;727.3151515151516;0.03227586199883459;0.03548496029941561;3145604;617.6428927581665;93.09462065238024;0.20391465535287584
3512407;1067000.4071428576;-0.0038806883102711076;0.030100552061826047;720.2303030303029;0.03700383274668817;0.039713176791789095;3145604;335.69873314691574;93.09462065238024;0.3120285438458627
3513108;750023.7357142708;-0.09121076168628017;-0.08450431879244158;798.2181818181809;0.03134550189381691;0.032964876575076296;3145604;309.640849265736;93.09462065238024;0.28191671365233634
3514205;-55927.85714285968;-0.019451475269490204;-0.19468407405985932;60.812121212121234;0.03140068061640333;0.03499812119984447;3145604;595.9445226042607;93.09462065238024;0.1866307637370432
3515806;-35903.57142857099;-0.09379349728076658;-0.12180632279663772;24.806060606060633;0.03666095971958594;0.029705814726271207;3145604;687.9518088255342;93.09462065238024;0.17016148303572223
3516200;6357299.932142833;0.04694466773436434;0.08978980788110325;6992.1272727272735;0.026152919563013022;0.026870085692587198;3145604;268.5885933653858;93.09462065238024;0.30889623735427046
3517208;206059.85357142857;0.01944149700895137;0.04659461365269579;222.57575757575756;0.03636692739044989;0.03766545689878176;3145604;525.6699353025016;93.09462065238024;0.20377976709631382
3517802;-7370.025000002081;-0.08257746713138736;0.014658466421982874;126.32727272727273;0.012409303718178721;0.02271977927087865;3145604;664.183954454226;93.09462065238024;0.17966830571539447
3518305;3678136.1392857037;0.16805465624486016;0.16077937903047812;759.9939393939396;0.040858247335447295;0.04150744404976647;3145604;326.34000442419625;93.09462065238024;0.27951250666880456
3518602;334918.38571428607;0.06363442641747552;-0.019740188829860283;771.6181818181819;0.030549259339415435;0.03544891397423444;3145604;360.71637917691265;93.09462065238024;0.2552039200333279
3518800;8282860.849999936;0.05721893513485399;0.048356651192268396;21951.024242424242;0.03357819182834776;0.03181077802755827;3145604;353.15441191370013;93.09462065238024;0.30551982244241077
3519055;177772.74285714066;0.1678195995930134;0.04550713881666635;508.29090909090905;0.04922209184007609;0.05015040662879322;3145604;315.0398080413061;93.09462065238024;0.2859227312839813
3520004;-35455.73571428661;-0.023039004401072094;0.007334834596306461;424.5151515151515;0.027861966432142227;0.03243624664407707;3145604;435.0599706667513;93.09462065238024;0.22003208272681624
3520608;2240.3714285711862;0.035450382174413875;-0.09255922869707123;86.52727272727273;0.020026682102365356;0.027224941234302857;3145604;685.0300608824707;93.09462065238024;0.16966288000022428
3520806;116961.28214285725;-0.07193692438373345;-0.005926953045005678;71.84242424242423;0.01592489127568575;0.03353600529373635;3145604;646.8058923098777;93.09462065238024;0.19464629482890305
3521309;379746.4285714275;0.019936236856022305;0.07825154759665387;277.59999999999997;0.030816648396045476;0.036639003580545726;3145604;332.6587416232449;93.09462065238024;0.25851734059928316
3522406;1884251.3214285714;0.10799328533171049;0.042836601233186666;2054.054545454544;0.02810705550883741;0.03252774392576385;3145604;553.4193041799073;93.09462065238024;0.20307706887026267
3522505;1875469.5464285614;0.07868859429463115;-0.0028240175208278373;4021.0787878787887;0.03909346735615182;0.03933384322375222;3145604;383.945662608716;93.09462065238024;0.2588991259763873
3523305;-218826.15714286666;0.06182214047130885;-0.15963019705436554;249.09696969696978;0.054584953576067186;0.05279945285939469;3145604;465.74587396778315;93.09462065238024;0.21078055723543082
3524006;2382234.1107142963;0.1389625365397844;0.06624787385196651;2199.8545454545456;0.05028486041362279;0.05457868583590941;3145604;356.9292503503403;93.09462065238024;0.2941321769628462
3524402;1488081.1785714459;0.06199681160556003;0.03280465531003873;4345.260606060607;0.029731196883137523;0.030920901091104902;3145604;311.96512861282565;93.09462065238024;0.2967818858517315
3525706;-797493.017857141;0.0017377880917630595;0.0027209484808898843;1021.0727272727273;0.03181558283231056;0.03556205433852355;3145604;506.48701001767256;93.09462065238024;0.2191613086004946
3526001;136583.16071429293;0.043299917032673774;0.017837542689178587;403.56363636363636;0.023267363516870976;0.03127206242486369;3145604;691.0695014519389;93.09462065238024;0.18889000097888026
3527504;-20475.417857145094;0.012791327695454768;-0.18504904890418672;56.22424242424243;0.04320974069411587;0.04608191864321465;3145604;522.0554114923711;93.09462065238024;0.200293710507996
3527702;-9976.785714285468;0.03120032375255577;0.05644590870813082;88.26060606060615;0.03511145977749264;0.04057793843510349;3145604;580.4652192523303;93.09462065238024;0.18468343113809196
3529500;156261.46428570678;0.06502573247391741;-0.07411540585548548;181.93333333333325;0.04453979409943787;0.04999385726963457;3145604;496.14219762673406;93.09462065238024;0.23823072043158083
3530003;-31890.021428572323;0.16808784145655165;-0.005284004808166154;68.92121212121208;0.02439192131582746;0.03613024982984481;3145604;559.352779015723;93.09462065238024;0.18997942943418888
3530102;197342.51071428525;0.09602216004765984;0.04099026256887317;472.8848484848478;0.020567929575605604;0.02579819424931684;3145604;653.4566596579435;93.09462065238024;0.18206989925999847
3531001;-1223787.5000000454;0.24355658659858115;-0.23137791243816508;41.181818181818166;0.017361555541985263;0.022388464464370372;3145604;547.9803127958247;93.09462065238024;0.21113964515130584
3531209;-8243.53214285646;-0.09050104015569704;0.021160134937921793;199.39393939393932;0.032811627110477914;0.03244448508356479;3145604;291.9837098325843;93.09462065238024;0.274310268185711
3532405;100505.02499999874;0.07547003524051488;0.011539570114692754;490.1151515151514;0.04240752133358261;0.0395510037163711;3145604;319.41310822550287;93.09462065238024;0.26388556758960824
3533106;-12916.071428571599;0.06206533116281543;-0.12509643409519888;43.27272727272727;0.025841610438812834;0.035337844463547485;3145604;710.9051578526445;93.09462065238024;0.1668643928960821
3533304;-23724.071428571322;-0.023800043528042547;-0.07593991601019623;52.67878787878788;0.029428498400178693;0.030634110330097775;3145604;565.0489032305259;93.09462065238024;0.18706231819728905
3537008;345852.53214285756;0.08256673061556374;0.08771834735080186;303.6242424242426;0.03181041926049999;0.03300829739938993;3145604;280.28555325457495;93.09462065238024;0.30171037725567723
3537602;294934.8392857143;0.06465101495518133;0.021335020269084515;1591.2666666666667;0.037594089568824485;0.04246396032071442;3145604;459.60793995929487;93.09462065238024;0.2224183147059936
3538105;260481.16785714217;-0.08774211422515765;-0.028042995646675783;255.63636363636363;0.030778959751255774;0.029750929181815433;3145604;427.10091696277806;93.09462065238024;0.22994253952533736
3539301;2209717.7285714224;0.061655203773028244;0.06363229444229579;1341.630303030302;0.019311558500920922;0.023187098061141942;3145604;305.19217743603053;93.09462065238024;0.28827322445638776
3540408;-21698.92857142856;0.04084668305775452;0.00870776802661588;75.54545454545466;0.008113944934304396;0.029572592860106717;3145604;601.1218987782103;93.09462065238024;0.18336101758175066
3541307;-1121362.1392857241;-0.006648646301212202;-0.018166529487465666;845.8242424242425;0.02784938604312348;0.02931154326478791;3145604;763.9559919563322;93.09462065238024;0.17998991292412117
3542602;-1183516.3071428635;0.1543472558015837;0.013835592242224859;1226.7393939393935;0.028735281355824815;0.03505077299393067;3145604;523.7474256039523;93.09462065238024;0.21783137593707644
3543238;-9812.500000000537;0.007936839915898553;-0.07301354012276462;39.066666666666706;0.021329928576675927;0.029137889884314205;3145604;713.9624719131056;93.09462065238024;0.1655956865376637
3546504;-39257.14285714978;0.02953656840035479;-0.14391461141156892;117.61818181818184;0.030586461691828326;0.03530154650162398;3145604;379.62238232133285;93.09462065238024;0.23505328276817444
3547106;218276.61785714122;0.005100963780735546;0.15797220433002246;77.26060606060605;0.05381400961335925;0.046280744980989;3145604;722.5906404208986;93.09462065238024;0.16840614111901991
3547601;-594684.6785714286;0.032879219641018365;-0.009627268646531517;444.1575757575761;0.01834085154659748;0.02633932940342576;3145604;276.730029866635;93.09462065238024;0.29123531481837006
3547650;-8666.071428571551;0.011268554122493724;-0.01960317193465666;49.624242424242425;0.021205118310625437;0.03918301536767177;3145604;612.484803295796;93.09462065238024;0.180870086917162
3547809;-218134.87500004796;0.02093436744301269;0.03498875797927803;10307.951515151512;0.023630701004764276;0.019251131820763323;3145604;374.9792644048389;93.09462065238024;0.272835211532324
3548203;-70902.79999999887;-0.11828372579101976;-0.053754255381365135;253.9454545454545;0.05272659960939663;0.053015079027610934;3145604;251.89094246109318;93.09462065238024;0.29655158090997813
3549102;1763529.332142816;0.044884142593100584;-0.04232137965214944;1942.2181818181816;0.024592724837199542;0.026586806388456896;3145604;247.9056977185573;93.09462065238024;0.32030521024125025
3549250;-284030.35714286007;0.07198805225038996;-0.36675821702331546;27.836363636363664;0.015227670781640779;0.026937504449676686;3145604;575.6191284861277;93.09462065238024;0.18869144293064433
3549904;-2282127.1249999544;0.047449125012022364;0.026954929117242843;10092.824242424243;0.02456281335709387;0.023351270934000024;3145604;297.63327450463396;93.09462065238024;0.3225184715675159
3549953;-1853123.0571429057;0.11373487259881832;-0.22673529036329543;293.50909090909107;0.030858093773618478;0.03359781590804811;3145604;412.38694067850827;93.09462065238024;0.23676092325925902
3551009;16623403.707142757;0.16523329277971732;0.16817429715825605;4110.91515151515;0.026430582073347697;0.028255912317549425;3145604;396.29747893055765;93.09462065238024;0.24673839555050747
3551702;2133127.124999992;0.0692271031692373;0.06332038555737318;3006.4909090909105;0.03821608286279199;0.03269369163028912;3145604;331.58293830685955;93.09462065238024;0.28185477232448014
3552403;3953317.8928571735;0.022731938002020335;-0.04973029896144687;6911.133333333333;0.03401047329462559;0.03919418727470014;3145604;345.4959350158052;93.09462065238024;0.2874163649221236
3552908;-41365.60357142843;-0.022740356627231284;-0.08551637202480622;125.96969696969697;0.029810623569846095;0.03992654121356498;3145604;693.8577706327021;93.09462065238024;0.17114879496224333
3553302;831519.6392857117;-0.016196640414009478;0.05578744075799347;504.8848484848484;0.03074202506902357;0.032285767663343234;3145604;276.6416707683379;93.09462065238024;0.29202202696408
3553401;3031608.7535714298;0.04610318237394684;0.1144681123684792;562.9030303030303;0.02790299149520936;0.03166051185197727;3145604;502.30158496771696;93.09462065238024;0.22754103907330048
3553609;919446.7428571376;-0.038690641216202803;0.0240600423919779;237.8121212121213;0.03040445301013661;0.035515178405970405;3145604;216.5550678175932;93.09462065238024;0.3271377405564577
3554201;-248011.17142856933;0.06881835959796612;-0.3391620693117916;62.09090909090911;0.04773744974084515;0.04440583135739362;3145604;552.912627384732;93.09462065238024;0.19324253835383448
3555356;4995.367857145168;0.063740272332373;0.016577365840972247;119.1757575757577;0.03520589378600758;0.039954520139873884;3145604;510.56693638518016;93.09462065238024;0.22859524417728222
3556602;73209.78928571015;-0.09443110652861153;-0.13183683279924907;218.71515151515126;0.021060279379345515;0.033570440984799665;3145604;543.4864681006924;93.09462065238024;0.1964934606458425
3556909;217348.00357141893;0.07184721460839238;-0.06644497870411492;178.9333333333334;0.03801708977967566;0.0345879689108588;3145604;398.0381414614748;93.09462065238024;0.25512100545902655
3121001;-513081.7000000018;0.075214504943234;;108.17575757575763;0.05707000191775058;0.06495042173336363;3106705;178.2250088835071;93.09462065238024;0.34132567484609994
3172202;62738.80597014896;;;24.587878787878783;0.02864138728074339;0.02670952710683472;3145604;211.75271259007687;93.09462065238024;0.3105757845401132
3100203;78694.97142857146;-0.02146845595194047;-0.001836758036213082;434.05454545455495;0.030089952912994766;0.032892982218514444;3106705;158.50629065088845;93.09462065238024;0.3779216526037628
3101003;3393958.182142865;-0.05994082072870943;0.4568374460527804;136.2242424242454;0.05086802025516435;0.052514443692325496;3106705;552.1325955738539;93.09462065238024;0.23185219040206714
3101706;233989.90357142792;0.04894851743001727;0.017732898516945372;647.0363636363778;0.0354076813846802;0.04570894428455996;3106705;561.0488356368093;93.09462065238024;0.1935144186084414
3102209;39448.21428571423;0.0482715035643988;0.047883214517509654;77.51515151515322;0.017730481189397684;0.042434161585922725;3106705;265.6119935929385;93.09462065238024;0.27910476457630484
3102308;57784.92499999936;0.1544752375631333;0.02887099413120775;241.84848484849036;0.03679799223607905;0.039046465570053535;3106705;120.90101809860656;93.09462065238024;0.43178901039470374
3103603;8708.92857142853;0.04917006371942145;0.0073055351575865846;49.472727272728335;0.028843738111339556;0.04476588368611689;3145604;147.28249624537293;93.09462065238024;0.3849155839393354
3103702;91383.92857142798;0.0893597882578574;0.048401466689905304;209.6909090909138;0.06996535601520826;0.0608021258498721;3106705;192.06316858851366;93.09462065238024;0.3322531450662703
3103751;-3578533.8321428625;0.06628990373014854;-0.052873169916879625;270.73939393939935;0.057214237559090275;0.08476599904223403;3145604;521.065655573198;93.09462065238024;0.29391495349068575
3103801;55870.714285714625;0.19139191482909768;0.05657582677496609;101.04848484848705;0.04765738289026333;0.05881618214957629;3106705;229.34421852571884;93.09462065238024;0.32831453090992957
3103900;768901.4821428558;-0.1223494736780506;-0.04935574729891212;165.70303030303396;0.0264367534864971;0.0359457048246854;3145604;91.33122550506582;93.09462065238024;0.5111855878795158
3104205;4969796.267857135;0.06147720895344877;0.07448989248516646;1022.5636363636596;0.037323637664020026;0.035848638765066054;3145604;86.83618249685944;93.09462065238024;0.518976208427425
3104908;151043.04642857128;0.03352272661719646;0.02823300309351895;420.1515151515151;0.02555412178283123;0.039851047048352184;3145604;140.1028137937643;93.09462065238024;0.39998598756318443
3106507;64182.164285714556;0.0634168529915029;0.041941190892784475;143.09696969696984;0.04177913455966853;0.04048256839820863;3106705;381.7155290944995;93.09462065238024;0.22835206090665558
3106804;4289.285714285705;0.010947424886257995;0.0;43.630303030303025;0.0245446490035226;0.03666266947233909;3145604;149.83084511952316;93.09462065238024;0.3775152096707991
3107307;1193657.7821428606;0.04793666953831255;0.03260910047791943;1284.7393939393949;0.012587360911544554;0.04979832995054978;3106705;319.9301540887854;93.09462065238024;0.2655724443587959
3107604;5084.82857142833;0.017291368803571405;-0.014798730905484447;179.87272727272727;0.06097287180558153;0.05655393636849393;3145604;178.93590590349194;93.09462065238024;0.3571454437942244
3108206;-14704.339285714437;-0.06748958345468337;-0.013203662470668509;135.5333333333333;0.05026123024936946;0.05014383377666354;3106705;422.2152162949745;93.09462065238024;0.2361103376366047
3111606;269547.9928571411;0.017883286433862722;0.026596192413669062;641.8060606060606;0.039408747078056194;0.05399804127535601;3145604;113.45389053527127;93.09462065238024;0.4406862202213166
3112307;422848.65357142745;-0.00537798605025952;0.014584335687148897;1308.939393939395;0.056649725738340484;0.057841302325700505;3106705;309.2668560842254;93.09462065238024;0.26689914169143464
3112505;159045.32857142788;0.04034530604276898;0.01505711450408942;224.46666666666658;0.0022791750639719055;0.045538099657071784;3106705;47.246449248269826;93.09462065238024;0.6096627039581256
3113909;-271147.8571428561;0.14152748677958749;0.007909347487606855;210.2848484848484;0.04030222060451627;0.04636965965441564;3145604;94.25668272525556;93.09462065238024;0.47925696663982287
3114204;235138.5714285721;0.04491441337103197;0.044678347525175965;528.8545454545455;0.03785309799535641;0.03906206596375039;3145604;56.751867668141145;93.09462065238024;0.5833985989474404
3114402;758402.5642857171;0.026499720935730275;0.06909960288914263;440.55757575757576;0.03502118014394884;0.03812502276929175;3145604;137.0980296804574;93.09462065238024;0.40852180972611035
3114501;898866.8285714288;0.07597917296239198;0.06995692571364098;466.5878787878789;0.040168938950220445;0.04261589737527305;3145604;26.91749758420211;93.09462065238024;0.7120847391712831
3115102;152832.8285714289;0.03267975018333269;0.06076833383458147;422.71515151515155;0.03076428344392057;0.04112317594744774;3145604;217.968714964608;93.09462065238024;0.3205401716578625
3117836;-13357.989285714586;0.04227152945951684;-0.04463278519267366;61.92121212121213;0.052792469125249264;0.04706823593106635;3106705;520.6345428291305;93.09462065238024;0.18873535718839524
3119005;9630.16071428594;0.10281046343000999;0.06303794454299738;68.0060606060606;0.01693419972372978;0.05119206992595182;3145604;151.19740516106222;93.09462065238024;0.3825898172859051
3120201;93536.56071428582;-0.018292767794779285;0.033198322050113305;373.47878787878784;0.05508968529828673;0.058138377070937386;3145604;74.09547988259848;93.09462065238024;0.5235128242188071
3120805;100355.46785714301;0.00013307605453527493;0.018018689363983542;357.73939393939395;0.03323275058664721;0.04178691955639269;3145604;126.9833926443954;93.09462065238024;0.4189274932154803
3121209;56870.17857142877;0.058483722719541165;0.043655797943964236;185.6060606060606;0.050157114256812685;0.05868416909174501;3145604;213.60686980031258;93.09462065238024;0.32220374089469084
3121308;-29798.928571428576;0.015023702678599982;-0.13586414758867904;77.32727272727273;0.02275418224537984;0.03666271894786721;3106705;210.1734044984479;93.09462065238024;0.3232911600904191
3121407;636405.8749999946;0.13003933281238367;0.1578934639305256;225.71515151515146;0.041254596642549046;0.04920448107552855;3145604;51.688873900921394;93.09462065238024;0.6050889538904133
3121605;95274.90714285783;0.05951830742932396;0.03166142740376365;869.8909090909084;0.03752732571041073;0.039445616840518616;3106705;201.88222177266164;93.09462065238024;0.3363231651401921
3122603;-98791.07142857218;0.12446149642073112;-0.03800754790741889;58.15757575757576;0.058389499239893006;0.041531861895890865;3106705;149.5077373230891;93.09462065238024;0.38123456018114976
3123528;67059.332142857;0.038041887361418114;0.033463230661535226;149.90909090909082;0.042229049191572;0.042266367584969045;3106705;252.36048745106382;93.09462065238024;0.28906577851720017
3123601;168937.1642857154;-0.055338193077077324;0.01529102838498786;524.4727272727272;0.03971470293213275;0.04168682964048043;3145604;127.05421442749743;93.09462065238024;0.42331596181999814
3123908;195302.07500000054;0.17894623590662562;0.07327574130147263;368.1818181818182;0.0326877402474115;0.03977030873003784;3145604;79.49445619532241;93.09462065238024;0.5129213141236516
3124807;149474.97142857042;0.06670648577507454;0.020999861390567087;86.65454545454548;0.02526932475437782;0.0316218775552235;3145604;370.7258756043359;93.09462065238024;0.24788162655180163
3125705;-252009.7142857135;0.03790560167532164;0.01648602805578525;306.83030303030307;0.062046064955365354;0.05200132531827828;3106705;153.8568375325;93.09462065238024;0.38119146271481363
3126000;298068.99285714416;0.06649429312078459;0.045538438439336915;328.8424242424242;0.13842447691670268;0.07575034384584867;3106705;25.688619313477453;93.09462065238024;0.7106428619972157
3126109;-2313883.6678571114;0.04118696520044818;0.029694858406106084;1644.3212121212118;0.03678328793204755;0.034438454877052216;3145604;67.55417574362131;93.09462065238024;0.5614092323296116
3126208;212035.14999999985;-0.01017042024459125;-0.06151746741381425;129.27272727272728;0.05292765511459252;0.08667970206273035;3106705;598.7279803816459;93.09462065238024;0.19149777430558046
3127057;17932.157142857075;0.13385413352782538;0.09543454999006351;45.824242424242435;0.04757513018462012;0.05891518180366817;3106705;486.4049188774695;93.09462065238024;0.19681475368495555
3127073;3154.4642857143454;0.11834808619738424;0.06666100749962012;45.084848484848486;0.04907274474097467;0.04150711682513508;3106705;462.55916871935506;93.09462065238024;0.20175692431369346
3128709;290009.96785714576;0.13429072305357348;0.055592980737739994;850.3696969696977;0.025321477596746744;0.026355860738332737;3145604;206.40366923195114;93.09462065238024;0.3466707006291163
3130309;172223.51785714237;0.0016312746435587222;0.0038898386910330984;118.62424242424238;0.02917362626834552;0.03192680886566057;3145604;108.62092618877081;93.09462065238024;0.47604861640773904
3133808;895913.5821428599;0.08485935624289764;0.0720480968535615;2312.7393939393937;0.026789959007551767;0.03499736843464296;3106705;41.63870957741973;93.09462065238024;0.6533501682250141
3134806;-30854.95714285612;0.046415101263672875;0.04672948500653673;220.1636363636364;0.04092340013526563;0.040534943659646716;3145604;201.224794534742;93.09462065238024;0.3290799096387241
3135050;401238.7071428553;0.11860003905977745;0.03414881619187171;851.8181818181821;0.05516316359330764;0.056126953793727896;3106705;517.1996977553832;93.09462065238024;0.19932496392163102
3135100;596569.8785714328;0.07033317525613958;0.03623921028513499;1323.0424242424237;0.04021822730108271;0.03808708330138533;3106705;472.5066491370444;93.09462065238024;0.2149128177853392
3135357;67668.81785714309;0.1513792611982241;0.02197841796011346;164.95151515151517;0.07053304505624913;0.07240710560941577;3106705;442.3711486701095;93.09462065238024;0.20975874433262462
3135605;54250.42857142879;-0.04870874083198817;0.019326500725399542;106.83636363636373;0.04112505176931247;0.04183964566862364;3106705;305.450394201482;93.09462065238024;0.26245610842095873
3136504;1053.571428571668;-0.006601799797681607;0.0056847387442351405;95.2969696969697;0.03729701080954251;0.048908233629402;3106705;620.3748291166788;93.09462065238024;0.1742748677658784
3136652;568544.0499999971;0.06806549597798983;0.009416623579276973;844.7757575757574;0.06501413990939708;0.07051486667406781;3106705;15.279103717023562;93.09462065238024;0.7947280618194571
3137205;1071198.807142856;0.032552957858975606;0.009609768721835943;1024.2545454545457;0.02741599224650826;0.02996049333501838;3145604;105.45308501910729;93.09462065238024;0.47218225499140737
3138302;-5220.589285714279;0.22419886078411877;0.05789055222098671;51.436363636363645;0.018342803060337864;0.02884523431558894;3106705;90.78062364012558;93.09462065238024;0.47968054769943674
3138708;19489.089285714294;0.08127469911728658;0.025210152739729486;155.09696969696975;0.0410407095917944;0.05152106986394012;3145604;91.09594060649817;93.09462065238024;0.4808683207826296
3141405;-51100.728571428066;0.11161613262886605;0.0019474989406038645;202.23030303030293;0.03228011545636722;0.038970957695213304;3106705;506.2184722790499;93.09462065238024;0.20231838508191355
3141603;204520.90000000093;0.16013801036857878;0.10784025370003114;295.23030303030305;0.05830658379678577;0.055109388428213;3106705;163.94266684936616;93.09462065238024;0.36629090862190566
3142205;188284.95714285586;0.12876028381648363;0.045568120697540904;230.07878787878778;0.022681198917098078;0.03488438076877176;3106705;214.96940362354948;93.09462065238024;0.3264265096467683
3143807;91683.26785714226;0.05825382943480939;0.05295721099623152;281.0060606060606;0.06410022061419207;0.061393187454426235;3145604;265.04852201750964;93.09462065238024;0.28613260720845063
3144003;22363.99285713821;0.09338051152740223;-0.05881207388769327;492.6727272727272;0.0367177765754505;0.04274712819116866;3106705;289.1110781958148;93.09462065238024;0.2737688265002151
3145059;4180.219780219243;-0.07129887978174043;-0.10710007925183651;76.36969696969695;0.056987027834612736;0.032850978298522904;3106705;473.228263549801;93.09462065238024;0.20775360144172572
3145208;2172018.842857146;0.06585101089669854;0.06585305029715416;2472.4060606060602;0.05526212204800518;0.05322220100040487;3106705;82.63606199650216;93.09462065238024;0.5188444142455707
3145505;25851.785714285616;0.046553753762104355;0.08258569557139128;48.16969696969697;0.032599212884869555;0.055958049221005224;3145604;158.93739458075646;93.09462065238024;0.3705172583289699
3145604;977881.496428571;0.08479987836774172;0.03073228235071568;808.7515151515148;0.030096001803818995;0.03426673583076667;3145604;0.0;93.09462065238024;0.8965639432917357
3148004;7058143.567857199;0.04454849095207214;0.03565813434027443;3348.387878787879;0.031214223479805403;0.03172500322540017;3106705;287.10983505279955;93.09462065238024;0.30161320447688744
3148103;2115065.989285713;0.02540239652569798;0.049197414561579;2482.1939393939406;0.04005810298081536;0.042807739166378145;3145604;299.2838355581027;93.09462065238024;0.2837370703875986
3151107;21471.428571428412;0.019099551345086452;0.05704581468189973;363.01212121212114;0.014484837273712747;0.04092223112699789;3106705;269.3001257597272;93.09462065238024;0.30290867917944597
3151800;-922962.3607142572;0.09741533606587494;0.017978987655005607;2944.054545454549;0.021418862922993886;0.026596246918157318;3145604;216.7883417664711;93.09462065238024;0.3420403002984877
3152808;-4639653.524999992;0.1091027103625517;-0.038817825096217895;531.30303030303;0.04022750583119361;0.036803647254948446;3145604;455.2486354114754;93.09462065238024;0.2480547136295836
3154150;-3032.1428571426864;0.0037958230681640615;-0.030961301942610042;245.58181818181816;0.10316567688583422;0.08305867042669335;3106705;233.3802315380264;93.09462065238024;0.3053180666761992
3154705;-60501.01785715274;0.17023481626217452;-0.03333039561978679;33.50909090909091;0.02713177377885878;0.027044653836232113;3145604;59.658127824807025;93.09462065238024;0.6297523339315558
3154903;126167.55714285366;0.06839580902361164;-0.005590209264898394;145.73939393939384;0.028740907871440458;0.02889538519302559;3106705;164.92440888190063;93.09462065238024;0.37121398065880934
3155702;-107152.48214285773;-0.40138318968589437;-0.08933126622267318;215.65454545454548;0.03401098701915317;0.03572296923342577;3106705;106.48024598389289;93.09462065238024;0.47833703034716873
3157807;313046.78928573;0.06253660470512812;-0.020708516743514593;1604.3818181818185;0.025400700024231337;0.020963968862799387;3106705;43.63419181814035;93.09462065238024;0.6407663868143811
3158102;1889.289285714253;0.06455597849233108;-0.09270609351701953;45.84848484848485;0.06376145481683104;0.047710162520104404;3106705;595.0530113958374;93.09462065238024;0.17720621920595722
3158201;72679.33571428573;0.014993411601478046;0.017161570429666595;195.67272727272717;0.049318860620203964;0.043569035978747284;3106705;272.59740157540824;93.09462065238024;0.2783228176842701
3159308;79889.28571428517;0.06398461944178169;0.09548843808684304;64.36969696969692;0.009852851244646521;0.02761011411721581;3145604;178.03686769819566;93.09462065238024;0.34889666452569856
3160108;40567.7107142856;-0.010204793680094526;0.04387417093231982;47.21818181818176;0.03707034701231393;0.036514570553722425;3106705;171.15015794022457;93.09462065238024;0.36025158809469915
3161809;186056.27857142792;0.10761296411547394;0.03917673916524711;411.70303030303035;0.038027309094042394;0.052680768667125566;3106705;68.83843709542681;93.09462065238024;0.5457202546113168
3162104;2024536.9999999888;0.01321028037637939;0.05278497264946913;1224.921212121213;0.046294505101627026;0.05230541933731758;3145604;200.1343985270391;93.09462065238024;0.3454716958641852
3162302;-28642.028571428255;0.02751049133627026;-0.03494742359034175;59.05454545454547;0.02735912982624189;0.03415087075278356;3145604;178.04503656868147;93.09462065238024;0.3500409693116905
3162559;447207.4071428596;0.24757587212255006;0.0014657449826798175;336.77575757575744;0.07708780666723714;0.06333809656953937;3106705;218.89271847600088;93.09462065238024;0.3211296990263559
3162609;185194.50000000116;0.23601891652369766;0.16038560698835913;116.90909090909088;0.039914690687252286;0.04025892402090547;3106705;225.087446377081;93.09462065238024;0.3111152471690879
3163003;10712.339285714133;0.06237830826298696;-0.06326118268144121;35.64242424242424;0.055157489157434014;0.04103869408972427;3106705;282.9709008339766;93.09462065238024;0.2716148903418103
3163409;-210.71428571433535;0.10336714479908937;0.026038236277172944;102.01818181818174;0.04641135106669747;0.047107696855745784;3106705;156.58781237222857;93.09462065238024;0.3702972053859248
3163904;29078.821428571366;0.1573033590104258;0.05560153513789734;125.49696969696969;0.031858006351654033;0.0358683603258132;3145604;191.37721119877457;93.09462065238024;0.3387344233958173
3164902;22130.357142857163;0.07396429612524869;0.07734404552148955;36.04242424242425;0.027197691195419926;0.03864720874521477;3145604;169.71147363171633;93.09462065238024;0.35797365009918664
3165008;50524.63928571254;0.04017979326050214;-0.11051093074270102;254.19999999999996;0.029360956802861216;0.04603159236904997;3145604;40.527971267375854;93.09462065238024;0.6388246128223123
3165602;20146.36071428545;-0.006097712584114068;0.048531848679058465;43.78787878787879;0.018390215844503288;0.05112546980454513;3145604;230.6452694748084;93.09462065238024;0.3047848344313766
3167004;11380.357142857114;0.0876530360968184;0.03616877727940948;48.03030303030303;0.02364860682231118;0.05374067421547557;3145604;136.05441493372996;93.09462065238024;0.3984916896591688
3167103;106006.73571428594;0.04358461406462055;0.01673003224338676;340.80000000000007;0.04694471462030503;0.04661702530325318;3106705;175.07543092834482;93.09462065238024;0.3548983589170972
3167202;7667454.253571461;0.026165418157578113;0.04509438075459182;4178.90303030303;0.03552292525325251;0.03195885494704864;3106705;56.85657067938916;93.09462065238024;0.6100038569360623
3167707;-25447.364285714546;0.07657230852759023;-0.020918425613919656;96.10909090909087;0.03791003281683669;0.0472790608711795;3106705;234.66053915931968;93.09462065238024;0.29893418727774207
3168903;189451.4285714283;0.0039847766351033265;0.03527212362273913;202.26060606060608;0.029844465490789895;0.04237118530192174;3106705;213.4834672834111;93.09462065238024;0.32931145947279267
3169406;395762.68214285537;-0.009894300622217855;0.009550500175958598;1235.0969696969696;0.04198071767802514;0.043948121254845596;3145604;102.85313386963881;93.09462065238024;0.4681204661175917
3170206;12809235.853571367;0.05574013719494553;0.03196186552970137;11810.490909090895;0.02983071632097034;0.02592534554736048;3145604;411.45720662008;93.09462065238024;0.2853781548107097
3170479;72365.27499999925;-0.06717263830814701;-0.050944720961940804;42.67272727272727;0.03799789325213965;0.04738505502971746;3106705;484.8283918956666;93.09462065238024;0.20469961793009517
3170651;41768.67142857094;0.030631102879690397;0.02665277601137639;77.68484848484849;0.05144883144633661;0.04292272134423958;3106705;546.0530430255756;93.09462065238024;0.1859655461331462
3170701;2658958.207142843;0.025828041594533557;0.04027338072548048;2007.490909090909;0.02988304105212891;0.026211224121594823;3145604;114.2730600356937;93.09462065238024;0.4660767306770176
3171071;263333.92857142905;0.15052138945317184;0.17824317413971413;138.56363636363636;0.06546343225328233;0.05265093824071854;3106705;324.963589714774;93.09462065238024;0.25416315323477295
3171204;2082185.6464285725;0.11840707640281134;0.10335850378143396;1850.6121212121216;0.005566916312085057;0.037654100362314535;3106705;42.40222194757938;93.09462065238024;0.6418718928043851
3171303;183086.45357142432;0.09130118340426874;0.003801993794164682;1156.6909090909087;0.023603772798039824;0.027440234962294863;3106705;163.77960707937947;93.09462065238024;0.3768402402922187
3200300;41379.292857142544;0.04821909990105033;0.0042102374466088666;348.3757575757577;0.03736721021774425;0.03441827290113442;3106705;367.1169204907626;93.09462065238024;0.2435732250953545
3200607;1768269.7071428555;0.01167743772630736;0.005173950642621827;2140.0909090909086;0.060421883114201824;0.046779379720957914;3106705;410.6489172214578;93.09462065238024;0.26048233367571155
3201159;156429.47857142793;0.06824156896530642;0.024347483690455585;482.26666666666665;0.08681454468529459;0.07109608250878652;3106705;304.08284549944045;93.09462065238024;0.262982694757383
3201308;536094.7535714381;0.03529497719532948;0.01893884449428085;7017.321212121213;0.04740190148627721;0.0414011522674127;3106705;396.4913329025662;93.09462065238024;0.24875540703839372
3202108;64091.871428572296;0.060413825342942706;-0.019459494211790718;387.5818181818184;0.056521172895681815;0.04167978453766752;3106705;395.47225998659434;93.09462065238024;0.22894839831855554
3202256;244513.98571427955;-0.254605061361041;0.001389116453131889;338.40000000000003;0.06828197880232989;0.04862207159145315;3106705;402.6926278731136;93.09462065238024;0.2284317811644655
3203403;2852362.528571423;-0.02486513065075502;0.05424578464139085;448.43636363636364;0.04233622545941218;0.036483258606343494;3106705;319.8138967388437;93.09462065238024;0.27635710194323826
3203502;194601.41428571416;0.1455012857967164;0.036178509135373016;434.7878787878788;0.09312381134566206;0.06098539977628703;3106705;451.73735710868414;93.09462065238024;0.21643463104898658
3204500;45934.74999999985;0.064283400461975;0.01848205464394681;232.8969696969697;0.03268620523683019;0.03340507889522226;3106705;384.06791575789845;93.09462065238024;0.23197304624265605
3204708;165603.96785714422;0.08044589127256829;0.03087291543778159;862.5999999999999;0.05652597495879963;0.03898054217031666;3106705;398.3056474769203;93.09462065238024;0.23278549356872943
3205010;437686.6678571446;-0.06100680747157239;0.020902333011604712;540.2909090909095;0.07565016765078125;0.055698460605978495;3106705;438.4810880171775;93.09462065238024;0.2217145940703971
3300159;323114.47142857267;0.045071056575947566;0.0813457279565395;217.1636363636364;0.025401594625157786;0.03710292958781025;3106705;285.6789498404273;93.09462065238024;0.27505907133183816
3300258;329760.11785714154;0.1840718048485499;0.04241297958078927;560.6242424242424;0.04379648055789298;0.05095759277877954;3145604;384.54045469088584;93.09462065238024;0.27335460942023865
3300506;543009.2821428602;0.0806893814545564;0.0462117537819553;578.6303030303025;0.04856187180020943;0.03925038698844552;3145604;296.8695014402746;93.09462065238024;0.2752048335348316
3301504;19193.89285714266;0.05970408094634516;-0.00055814040495894;288.9212121212122;0.02580150453617791;0.027014184830545185;3145604;294.84504806579866;93.09462065238024;0.2717693345011354
3302007;-4966665.796428587;0.12445332924787711;0.0004635794582492636;1631.9757575757576;0.036166088036900135;0.031604247464212865;3145604;264.0274620690901;93.09462065238024;0.315516010412932
3302106;53310.79285714265;0.15104308466716132;-0.0002721996994141662;433.79393939393987;0.027148917124969918;0.031484878056607046;3106705;291.27764116131937;93.09462065238024;0.2752772114579518
3302270;227089.43571428448;0.11322170584984526;0.0008971304680860381;957.8181818181815;0.052770404810829064;0.05245733040517497;3145604;247.7384020073989;93.09462065238024;0.29454370661171375
3302908;81856.85000000146;0.1569031415785529;0.05319431392715668;513.7454545454547;0.02960390927974821;0.030653444954695352;3145604;240.2135708681311;93.09462065238024;0.3064815831001159
3304003;298010.9535714311;0.15016116174626015;0.04818779879434176;369.03636363636366;0.0427382053926566;0.037207182438236286;3145604;234.07797500003758;93.09462065238024;0.34178842737589515
3304102;582.142857142865;0.06938642527129346;-0.004319781340786921;132.13939393939407;0.05058435304736175;0.03484378990023207;3106705;250.28193143694403;93.09462065238024;0.29618700908871765
3304300;3217.99642856983;0.0666768848843422;-0.013501234104839166;719.3393939393942;0.017123588045489635;0.01416570441214815;3145604;319.6238706777321;93.09462065238024;0.26682017086298504
3304904;-4412126.72142858;0.1045506750296683;-0.013879101899573087;10957.29090909091;0.03255942611499507;0.036053526680101644;3145604;298.7664174706924;93.09462065238024;0.28275354295289373
3306305;-503996.1999999993;0.07622802822777941;0.0026965107837728652;3417.521212121206;0.0232911947121488;0.02428601624511395;3145604;216.17318680567834;93.09462065238024;0.34292943654359254
3502309;9775.035714287147;0.6267464607609652;0.11369016228873408;115.15151515151518;0.037534568357664666;0.046818189140400035;3145604;413.18646248341025;93.09462065238024;0.22609089752515515
3503356;44123.21428571422;0.1779380734883631;0.09892389101913834;40.0;0.032601898555593145;0.04041228673641273;3145604;596.2968116275656;93.09462065238024;0.1859262009480579
3503505;-40307.085714285386;0.08697849534529656;0.005726947381379244;66.39999999999999;0.029070933766204066;0.04327182442043176;3145604;209.52084938867702;93.09462065238024;0.3196591456327817
3504107;3608732.39285714;-0.03963303106681915;0.0020642430267805434;4359.478787878791;0.03882081962719153;0.03643808716658281;3145604;322.6320331207735;93.09462065238024;0.2919263928241294
3504206;136902.97500000015;0.0483007614127422;0.014093174398921215;337.97575757575714;0.02812964050301492;0.031027852257613286;3145604;595.8350161907315;93.09462065238024;0.1912854441739933
3504305;352632.5214285708;-0.2229806463159668;-0.06250877815274203;100.98181818181823;0.03823973002818426;0.046581763072895965;3145604;493.6449679800339;93.09462065238024;0.2267268709788247
3505302;-985039.3642857154;0.044462374390028314;-0.015510079326896409;520.4242424242425;0.016392072868091745;0.017700864704863317;3145604;434.0254544923285;93.09462065238024;0.24124683624190643
3506102;2971899.1928571374;-0.02546941646832024;0.005511298688338551;1795.8909090909092;0.025955087727584703;0.028277019263673653;3145604;380.3765625736364;93.09462065238024;0.26298570948175193
3506904;576788.6071428633;-0.3746912888130749;-0.02636316874470146;253.15151515151516;0.03546407301910759;0.04298157873343622;3145604;443.605644919956;93.09462065238024;0.22290520031071884
3507159;-87522.02499999943;0.35087845130814865;-0.020136123762945934;103.26666666666662;0.050956225897855756;0.059652178008814394;3145604;598.5426275593901;93.09462065238024;0.18569361451276534
3508009;86644.30714285768;0.03224242983272685;0.023027032202082465;538.9878787878788;0.04085676633877289;0.053493984356175917;3145604;518.6578127502567;93.09462065238024;0.20150736135207237
3510104;5000.785714285659;0.11532579713573599;0.017480216857469477;56.61818181818175;0.030667767925441014;0.029939758776036607;3145604;400.96672312793606;93.09462065238024;0.2342622773286851
3510500;1274462.3678571354;0.002980773596207298;0.010802627704921797;3076.5333333333333;0.044585224009398905;0.04535998358580162;3145604;329.5780957174064;93.09462065238024;0.2698641634613854
3512902;-1087001.4821428584;0.028501390888074907;-0.10606099602312624;202.7757575757576;0.03815217148141681;0.03546524715215549;3145604;516.224633253761;93.09462065238024;0.21610860434373894
3514809;-55084.29642857122;0.06150384691968536;-0.05418725860532758;247.15151515151516;0.047589915296953667;0.04844814664880093;3145604;543.1380060385245;93.09462065238024;0.19044425873689425
3515004;-1777716.9821428237;-0.00865582228265549;-0.008160931386464565;3877.799999999998;0.04036466434000463;0.03375085024451696;3145604;388.4662855428151;93.09462065238024;0.26098306628517964
3515103;-566687.3285714283;-0.0021089791389512502;-0.09871940836220172;1113.5818181818179;0.029618126435969616;0.02819599890435831;3145604;403.65818893254146;93.09462065238024;0.23335342287333205
3515129;-40767.857142856854;-0.025902788249728248;-0.18887540152437687;67.6909090909091;0.0202978648695884;0.03839123699852709;3145604;700.8880821499903;93.09462065238024;0.16931010556063802
3515608;55831.94999999994;-0.0009420509976895142;-0.029137574589140236;170.53333333333333;0.03911192618244641;0.04274451522346312;3145604;405.5208602893099;93.09462065238024;0.23321246852420952
3516606;291223.007142855;-0.08583811163576727;-0.08152314883265899;131.06666666666666;0.026683496006296714;0.03592060857683843;3145604;519.5901662105924;93.09462065238024;0.20559547489505434
3517406;-1125893.1642857033;0.03146847416921905;0.003337656017761592;1000.1030303030299;0.030900097026935747;0.03348179057463119;3145604;365.1714627018212;93.09462065238024;0.2767798943306736
3517901;131214.85357142854;0.08398169310351489;-0.02736643730994337;275.630303030303;0.043056755763941634;0.04848690329707539;3145604;428.3746858126437;93.09462065238024;0.2313274085691846
3518206;832332.0571428608;0.047141321195287356;0.06195455916128667;639.7030303030301;0.02392936950556357;0.02885148997569309;3145604;607.0047378015051;93.09462065238024;0.1970798869041711
3519105;626327.2892857085;0.00024557023772375786;0.018319617795000465;267.2;0.030250423693947592;0.04038793186647438;3145604;455.02994688757127;93.09462065238024;0.23632819556270496
3519303;-669463.4357142762;0.13602133393649352;0.16059330753368983;727.3818181818183;0.04221631373639578;0.03906118372543044;3145604;355.95515153731355;93.09462065238024;0.2577728919357404
3520509;4551919.489285696;0.06163485489141696;0.07329654211057868;7255.775757575758;0.040542502641725875;0.03694752695795156;3145604;361.358235062895;93.09462065238024;0.28064512624988497
3520905;-416981.1857142848;-0.04283311918064825;-0.012260790257834553;269.14545454545447;0.025549888082563088;0.03782303689018707;3145604;560.3195521072467;93.09462065238024;0.2092531222886514
3521101;-22101.96428571411;-0.09686063824563262;-0.059875829467452624;175.06666666666672;0.03100737893938499;0.03899683190882741;3145604;355.49832066066074;93.09462065238024;0.2896338910708841
3522208;5218898.728571427;0.054069685828704195;0.05280900499072794;2492.6727272727244;0.04045678756296023;0.03179611106876368;3145604;395.2101243715269;93.09462065238024;0.25029436417689355
3523206;-488289.7928571363;-0.03590999426053343;-0.0010373642704144537;924.181818181818;0.028898043383813077;0.03649704531173259;3145604;598.5696782801248;93.09462065238024;0.19145562968213292
3523602;-253225.31785714938;0.017405861952635826;-0.10152915723035982;346.6363636363636;0.04287277458420524;0.03799994434429421;3145604;354.3555941955459;93.09462065238024;0.2634400079532464
3524600;2059693.0999999978;0.018893624079779903;-0.00781296810211718;335.73333333333323;0.03673337716752312;0.03863421544612167;3145604;551.193390593992;93.09462065238024;0.21463383791184149
3525607;-136987.7749999996;-0.03713477418501987;-0.053365595306612;68.10303030303031;0.02867938701759276;0.037009737272540644;3145604;638.3117889183147;93.09462065238024;0.17877768004111325
3526209;-477587.8071428589;0.03348255799558486;-0.010608909968343627;637.2727272727271;0.02813958376877923;0.038855016287539845;3145604;426.1370039374619;93.09462065238024;0.2334364462612455
3526407;114854.432142858;0.02683501207809269;0.012043391057516395;716.7030303030303;0.027362320829824593;0.03893856723484035;3145604;405.92390442097934;93.09462065238024;0.2446107935845338
3526506;35028.57142857151;-0.002238395845592711;0.02763151018028509;89.41818181818181;0.03335765289365078;0.033431931651670244;3145604;647.2142219436024;93.09462065238024;0.1717740996546152
3526803;4807272.2642857;0.18951519055751853;0.1464622418181838;1859.2969696969699;0.03785891985075329;0.03684661298061931;3145604;462.12594659144355;93.09462065238024;0.2403926488376969
3527801;-57674.99999999945;0.014232179667220679;-0.18774890969850422;55.27272727272731;0.02218332789016131;0.028797220868012063;3145604;550.0711009615587;93.09462065238024;0.19268748638495098
3528007;794474.7857142868;0.054040595802521185;0.12748202496124095;332.38787878787883;0.025809767012096252;0.03040659720234995;3145604;448.48152733103535;93.09462065238024;0.2297489486822908
3528106;-51669.642857142666;-0.04168882238774618;0.01904209995370154;150.51515151515147;0.02714098296645684;0.02818093819036771;3145604;534.5395669670469;93.09462065238024;0.19758034643781458
3528809;359735.42142856884;0.09370298055381854;0.06941523857599141;258.1454545454545;0.03134900435593235;0.029514856184168048;3145604;640.2173261845767;93.09462065238024;0.1941645664407562
3528908;-51130.71428571424;0.016172579538397125;-0.18173142445128498;57.812121212121234;0.028103503528830176;0.033402290606984186;3145604;669.6046135948368;93.09462065238024;0.16995295894502896
3529302;2197880.7535714433;0.04150610480813999;0.0721820576451806;1625.1757575757567;0.021423831096047508;0.024068617672729165;3145604;380.12310389350415;93.09462065238024;0.2653257782250982
3530805;2617733.414285718;0.024784321767635564;-0.032045656290826896;1810.6060606060612;0.027205657257108218;0.02460904266931796;3145604;292.3458810696327;93.09462065238024;0.30203741086416813
3531704;-37225.00000000174;0.022726255638298998;-0.13805118198333333;78.09090909090912;0.03468377501667819;0.025644311684437815;3145604;271.7418151992395;93.09462065238024;0.28327536650528773
3532702;-1064463.9285714226;0.11858968613587817;-0.015036474781710885;100.64848484848476;0.03279009659507448;0.03437101857683822;3145604;515.4972791181656;93.09462065238024;0.20052260099139227
3532801;12453.057142855756;0.05621585744621016;-0.05028646067475484;168.8727272727273;0.03943214565636022;0.042467122159814075;3145604;486.4756455976908;93.09462065238024;0.21500697062030588
3533403;2342979.80357143;0.061545478140913934;0.1151051618590011;1247.418181818182;0.03393162174100328;0.02946548109815672;3145604;344.3318363929081;93.09462065238024;0.27953231587664606
3534005;-1285555.2107142692;-0.053226853196203905;-0.04256010308813829;114.10303030303035;0.05315593350675196;0.05130497577784343;3145604;464.5720081516993;93.09462065238024;0.27335014281226283
3535200;-58106.01428571623;-0.007084168981758232;-0.020885821069596133;205.23030303030322;0.021540401604034587;0.028110644418489095;3145604;618.6059115142291;93.09462065238024;0.18371161973568229
3536406;266570.1571428575;0.033635977033352304;0.02050712312962566;231.95757575757577;0.040823047617646546;0.04311276370958894;3145604;730.1230781390134;93.09462065238024;0.18001852071758617
3537107;197859.0035714321;0.02751561618412457;0.04900987512987687;1010.5151515151515;0.021625459600691288;0.028323795311024247;3145604;311.6776152863149;93.09462065238024;0.2747321954311387
3537701;31279.739285713596;-0.00031264657344864943;-0.009238265192183626;127.79393939393938;0.03458611537697731;0.04020874018262832;3145604;606.6867437627398;93.09462065238024;0.1827301304985098
3537800;2289740.8392857136;0.028800351638429866;0.04097111612654247;1458.8303030303032;0.038388465854624076;0.040867688561361026;3145604;428.80859982987636;93.09462065238024;0.22725708292581462
3537909;1017242.4678571298;-0.07967713137476384;0.02007898612442749;959.8303030303031;0.03690436123663576;0.04107060629775483;3145604;456.2556675839903;93.09462065238024;0.22451612918628688
3538204;-365047.05357144616;0.01972526872636493;-0.1177796269625001;492.38181818181823;0.04022220469216564;0.04875591928908474;3145604;294.46255193444307;93.09462065238024;0.2743087506183307
3538907;-1245361.1250000154;0.06292284393336267;-0.21899821959384835;391.5878787878787;0.02015779354129399;0.030333572730106173;3145604;500.99433179906816;93.09462065238024;0.2107171816867231
3540903;328879.67857142776;0.0036256969270742623;-0.009906404771761967;394.1818181818182;0.03904164943114452;0.03856667751162779;3145604;344.17383141999096;93.09462065238024;0.2763422670698162
3541059;458072.6500000012;0.029835759714342158;-0.011376160569436133;229.6121212121212;0.053622986943195894;0.062487450203282835;3145604;460.4363098789423;93.09462065238024;0.21574813100110007
3541901;5049913.274999968;0.029681889824949792;0.06783256261670734;152.35151515151512;0.02658329523827052;0.037173422866260575;3145604;203.88820059029598;93.09462065238024;0.4047351285299883
3542107;2541.803571425164;0.11883362282483678;-0.035615783628736186;209.35151515151497;0.029921430240012592;0.03388524360317424;3145604;379.3388084614254;93.09462065238024;0.2561823510571731
3542503;-61579.70714286003;0.04973068285051574;-0.08038355104139683;125.15151515151507;0.03388696420292536;0.03771854350536463;3145604;474.5244194522573;93.09462065238024;0.2078776799429532
3543303;423893.10000000143;0.03204166012413934;0.04883807528862838;1594.787878787878;0.022141685440121295;0.02243409277897368;3145604;371.8234210381678;93.09462065238024;0.2521479547944119
3543907;6738268.317857194;0.05950749997919935;0.09323498828551169;4009.7757575757587;0.018544221528689064;0.023585564932339542;3145604;339.4009453921823;93.09462065238024;0.2828664323999345
3544301;385224.58928570914;0.035540428433437965;0.029985436074758454;181.4909090909091;0.03261613732713453;0.033830956609841145;3145604;249.07681866702617;93.09462065238024;0.33077843532442863
3544806;4543.271428569409;0.0689937292042655;0.06809585393404083;168.30303030303023;0.04027251949615396;0.048846469509407076;3145604;489.0170733851626;93.09462065238024;0.20763567192098753
3545704;196911.01071428382;0.09775311521455654;0.0148252872316601;137.2545454545455;0.02719061700597525;0.03380109487868577;3145604;619.5367592336344;93.09462065238024;0.2007772276487271
3546207;579758.107142851;-0.026231609688328272;0.013091256286074548;96.5757575757576;0.024450384913370593;0.03288961215406627;3145604;315.26374382548676;93.09462065238024;0.29139737005967387
3547205;-36696.428571428805;0.052039441059310576;-0.12509849102208404;29.818181818181884;0.025828891396848963;0.02646415162213378;3145604;624.0809249676264;93.09462065238024;0.17859187932284834
3547403;-49273.42857142958;-0.08742961248091818;-0.0382753169654757;66.29090909090908;0.030731573839858806;0.03905911815406471;3145604;628.9704724983122;93.09462065238024;0.1805185056314227
3549508;704028.7142857172;0.045030062021004236;0.11605129817220372;130.8242424242424;0.046487586776647216;0.0436573237877651;3145604;292.97245826633974;93.09462065238024;0.2790664916243235
3551405;27382.14285714279;-0.02027510372443453;0.037894265716713615;211.41818181818186;0.04665772648470612;0.04782740757720272;3145604;291.49380528682997;93.09462065238024;0.2667943639083666
3554607;-26687.500000000557;0.04045892917750615;-0.10289257433104348;48.448484848484846;0.03485243840531238;0.03646491953885311;3145604;566.348069097732;93.09462065238024;0.18740540324470623
3555208;-168935.60357142866;-0.014027458734818032;-0.31555465196269583;35.248484848484836;0.028468338017767048;0.030204079720498767;3145604;549.8856758837383;93.09462065238024;0.19370549106017
3555604;-133592.11428571574;0.10878228136625934;-0.12104610347256539;208.16969696969684;0.034736235687226724;0.03354378590171603;3145604;452.1601740283007;93.09462065238024;0.22386344981203404
3556305;1402422.9285714293;0.02332615683210104;0.03461012176960532;433.69090909090903;0.023979710447904923;0.03478120002088181;3145604;629.9351713221209;93.09462065238024;0.20320947896955116
3150109;9751.130952380598;-0.05354001255567542;;56.47878787878788;0.027422547862987923;0.041782846761916126;3145604;181.30600200417965;93.09462065238024;0.3431424611910457
3100708;-471065.02857143077;-0.23478027331010687;-0.14170516798119592;43.84242424242519;0.029701802851611614;0.04506905220262625;3145604;349.013106054807;93.09462065238024;0.2752735418550609
3100807;79289.24285714251;-0.10193058759936391;0.007961544830470624;74.16969696969865;0.05057719721497467;0.04618787782176015;3145604;64.53115076805364;93.09462065238024;0.5505662308763886
3101904;30811.075000000954;0.026994562976464076;-0.005581688244675087;590.5272727272857;0.04535846331816229;0.04888821369971308;3145604;163.0880540319814;93.09462065238024;0.37339470842456585
3102001;166501.6928571423;0.05606682160273291;0.020996323827491503;296.5939393939459;0.03696808216692249;0.03463993097237594;3145604;149.12920584745106;93.09462065238024;0.3859583519304336
3102050;55387.18214285738;0.12916297490569617;0.036308022424254904;118.9515151515178;0.03833031961448197;0.044291107423021;3106705;248.25961632479584;93.09462065238024;0.2932155033944661
3103207;-14696.071428571298;0.8420157493201932;-0.052545522987975546;28.115151515152167;0.03659593233174285;0.044026694941597055;3106705;85.91502411618953;93.09462065238024;0.49851277745433936
3105509;-6142.857142857139;-0.006770033476434789;-0.0063308103100337965;42.878787878787875;0.014287644623016904;0.024825719564270488;3106705;248.89260351250036;93.09462065238024;0.28829163680934106
3107505;142478.57142857093;0.03374349886665384;0.033608335486566165;121.92727272727271;0.02646034158974775;0.035658594120880904;3145604;153.9849299685641;93.09462065238024;0.3792410455813601
3107802;-20917.703571428065;0.052650104293315625;0.009428287389825263;241.26060606060608;0.05214799945870463;0.04787794284194469;3106705;197.54679904539333;93.09462065238024;0.3289030003454715
3108305;-56200.42499999989;0.04653511869075899;-0.0019735218523417863;377.109090909091;0.03470092079483922;0.035688738716504353;3145604;222.9110874860016;93.09462065238024;0.31939772153577617
3110004;37840.22500000024;-0.04338042597018743;-0.0193126819316376;1141.5333333333335;0.04442551849418952;0.05007333618455889;3106705;56.23233517485164;93.09462065238024;0.5853628418953565
3110301;18903.532142855485;0.01915437866010805;0.02639432036697631;305.8909090909092;0.033399479075712835;0.040128722411190365;3145604;210.62704557790744;93.09462065238024;0.32590028631938767
3111101;1640231.1642857096;0.05288198736467109;0.1249545728167396;317.3818181818178;0.03077368820846038;0.032821519432187696;3145604;503.0501505669416;93.09462065238024;0.21392004488023975
3111705;3703.5714285714935;0.03981136369604976;-0.055230265732664874;81.5636363636364;0.0256370409656157;0.03506584931050427;3106705;183.55767175148304;93.09462065238024;0.3406823019313704
3113701;51055.79642857101;0.03629526800137706;0.0030893812375971663;177.53333333333336;0.02150751131246209;0.029828057397048635;3106705;440.28509104361694;93.09462065238024;0.22079603025375913
3115201;19998.21428571163;0.13584638170416863;-0.11129356709879812;104.80000000000001;0.06277627615845005;0.059364921191912945;3145604;60.74971159274072;93.09462065238024;0.5587789508094398
3115508;123309.0249999985;0.03809776854542024;-0.020022935065075687;328.84242424242416;0.017991766086318917;0.030070573793583577;3145604;142.40638831104815;93.09462065238024;0.3999833075039458
3115706;4315.271428570215;0.12517235958312867;-0.043823922527888914;164.83636363636364;0.08027763800693988;0.05208168532607216;3106705;331.1447422295208;93.09462065238024;0.2511268729170628
3116159;641141.4035714241;0.159715942417334;0.0791180469929289;241.54545454545453;0.058417583363071124;0.06795795396618254;3106705;539.8665044639043;93.09462065238024;0.19671529451703557
3116308;34117.07142857101;0.011391963406661265;0.0093076726800978;142.31515151515154;0.055450695609352785;0.047305213021653136;3106705;135.83065638782912;93.09462065238024;0.3974998621852858
3117306;586851.1178571418;0.10923364845024475;0.028914657763991825;424.07272727272726;0.04088788063395343;0.035151273093795954;3145604;380.74180613177913;93.09462065238024;0.2508022411139237
3117702;51301.11428571467;0.053046560835449785;0.02649577637936784;224.4484848484849;0.0352096242184432;0.04502503829780169;3145604;133.86148461986193;93.09462065238024;0.4074411366592805
3117876;-173611.98928571568;-0.05166719646768503;0.06095324371214983;272.45454545454555;0.021572700725906335;0.05456880403101505;3106705;43.47143475357896;93.09462065238024;0.679653270114265
3118502;-1053.5714285715803;0.08849022870875034;-0.09636857730259107;25.266666666666673;0.05815821198339122;0.04746704212152286;3145604;234.97339455916884;93.09462065238024;0.2987576234819022
3120003;-3432.3285714284507;0.07721734501594191;-0.07285494236033763;55.07272727272728;0.05616444461487746;0.060458344720250246;3106705;188.96560816498686;93.09462065238024;0.33616312594437814
3120706;218094.2857142836;0.020355177792843016;0.06489374855658347;102.38787878787879;0.04002401987083881;0.05228460444608829;3145604;273.8728512539482;93.09462065238024;0.2851701512793763
3122306;538248.6428571461;0.019384744919015873;0.022220637636344076;3802.812121212122;0.027238749738934365;0.027482216218610134;3145604;61.89780668782123;93.09462065238024;0.5825472077591458
3122801;5667.25357142848;0.01842233057492848;-0.05642003287030606;68.75757575757575;0.040946851715111254;0.05296625922437048;3145604;176.12547059076292;93.09462065238024;0.34736007500175803
3124500;811448.8642857114;0.20226035761994443;0.07824692033053515;238.9696969696969;0.029084653686537898;0.0341387397704751;3145604;231.12682903422495;93.09462065238024;0.3312859268526754
3124609;51782.028571427734;-0.07450866790237543;-0.09496443237210583;24.16969696969697;0.00975142770237869;0.026750870653249548;3106705;267.8488868080098;93.09462065238024;0.2812635521487554
3125606;20836.910714285637;-0.025924175117726378;-0.015992549664359812;109.43636363636368;0.03198365360334443;0.054939767684196505;3106705;518.7763068626368;93.09462065238024;0.19195255346348866
3125952;253162.71428571403;0.05597483648849577;0.05532719119671747;310.06060606060623;0.07832062281480456;0.06940701951703665;3106705;217.4167707335317;93.09462065238024;0.31659210713016595
3126604;72999.99999999949;0.1874664466887861;0.10006610427053575;147.51515151515156;0.03791809864746232;0.07968114979034091;3106705;295.36278441629736;93.09462065238024;0.2624700753463192
3127602;246440.83214285818;0.023494742559110326;0.033686696277911654;235.8969696969697;0.04904524286290335;0.049930571952288005;3106705;175.19365763669578;93.09462065238024;0.3583918723525747
3127800;268076.5642857127;0.10891723330764003;-0.09660898478439117;188.0787878787879;0.05693755083540952;0.052638344327883946;3106705;402.57225605433007;93.09462065238024;0.23979083266364856
3128105;122471.07142857116;0.012280935545617933;-0.01696556639078517;375.63030303030297;0.05568465299989467;0.05293109798031215;3145604;113.19007261260228;93.09462065238024;0.43994252501451947
3129004;38314.99999999963;0.17193860375379222;0.03283205210358897;126.36969696969707;0.025335080158263024;0.025108275649623923;3106705;192.91828323447976;93.09462065238024;0.334976565965441
3129509;-582100.1607142854;-0.060549550506592054;0.003769744061712599;471.9151515151514;0.03475762356228551;0.03706036112745026;3145604;225.17738348570396;93.09462065238024;0.32964071543557005
3130556;19298.303571428478;0.07642892983251315;-0.03808728242757331;152.6060606060606;0.09809923797306674;0.059077333492540296;3106705;236.96555683845497;93.09462065238024;0.29595360902045614
3130903;-438935.8642857168;-0.035692569848929545;-0.037730169665298297;436.3090909090907;0.03383993595014445;0.03544876234322336;3106705;223.22773704441957;93.09462065238024;0.3163217830082321
3131307;1399484.9678571434;0.020256075966202047;0.028005630914687663;2854.199999999995;0.014920785499116018;0.01943311059595887;3106705;181.63999949501758;93.09462065238024;0.37855196447364386
3132008;-46187.34403669885;0.0591591193542087;-0.1923121679238481;14.006060606060604;0.10721121836436476;0.047198343251230845;3106705;336.41261493940544;93.09462065238024;0.24253228554516687
3134301;-127869.99642858011;0.051698133639886734;-0.2698859552485908;105.92727272727272;0.04530728578828658;0.04169620071258562;3145604;68.9658399396767;93.09462065238024;0.5341176080962751
3134400;270530.4535714294;0.07213825109133998;0.04000416213267233;945.5878787878795;0.02560460016979782;0.034648066423631496;3145604;570.3632417510335;93.09462065238024;0.21473774165711368
3134608;212286.38571428554;0.040966453462461194;0.03805099926588862;271.52121212121205;0.02711540924230249;0.03493068692919388;3106705;70.0844737494416;93.09462065238024;0.5360120843634671
3135803;179635.3571428577;0.03935149017938744;0.03420591412925611;237.62424242424245;0.048454425905369636;0.04274121046392532;3106705;517.1444656308744;93.09462065238024;0.19596358608791617
3136009;26115.900000000136;0.08336381274224092;0.02985649031863824;140.27878787878788;0.030999736172609316;0.0396551791796842;3106705;498.3386645790409;93.09462065238024;0.1972300679836833
3137502;703008.2714285705;0.006319025232118136;0.04300661330083644;517.0787878787877;0.04578040385869153;0.047232533995928305;3106705;266.34993748552466;93.09462065238024;0.2879461481336356
3138203;-4563409.3642857345;0.07023245384269572;0.007883820600880442;2045.1333333333337;0.026515331055906977;0.030954945535791367;3145604;63.68700036413053;93.09462065238024;0.5690427074866998
3138500;26746.428571428616;-0.0030316340214389115;0.01342164510559396;103.86666666666665;0.01319575295391573;0.03767360889348903;3145604;156.8999481280893;93.09462065238024;0.37422082737273127
3138658;90252.36071428614;0.014780952374732426;0.029720929891853043;179.5030303030303;0.07975424759652228;0.08364942051002644;3106705;452.1998744501571;93.09462065238024;0.20854878205372102
3139409;-598943.8535714285;0.010860102315057851;-0.01014988372769754;1847.58181818182;0.04625631129376706;0.04597906851819711;3106705;229.15641186005834;93.09462065238024;0.3244063336866782
3140159;172904.28571428705;0.2430942154338498;0.1560581050224874;376.46666666666664;0.05979352248741776;0.049917369029178094;3106705;10.246786107256971;93.09462065238024;0.8009506468928815
3140308;56248.6607142855;0.0473552258137917;0.05632694769464175;74.65454545454546;0.04075398232817973;0.045271670599090985;3106705;156.1973245585515;93.09462065238024;0.3718042006194449
3140407;35032.14285714295;0.0989902937061613;0.11637924930534571;63.53333333333333;0.024978246366098134;0.043181325500136536;3145604;197.52781759106693;93.09462065238024;0.32801342754715024
3140530;398591.4142857149;0.09287014818337935;0.024742799720403275;165.3030303030303;0.05028627791614659;0.04922252886376555;3106705;244.5737971340931;93.09462065238024;0.30650171155250266
3140902;-202907.53928571564;0.0793828295230139;0.0024374731351060053;384.5575757575757;0.0484616781950753;0.052744461861892855;3106705;197.50588492928742;93.09462065238024;0.34134095621801624
3141801;172128.73214285806;0.13801493693544353;0.04687910595024758;369.92727272727274;0.05907476573895387;0.04710578532838716;3106705;349.93850024378924;93.09462065238024;0.23965735427953794
3141900;10039.28571428564;-0.0018670693169082764;-0.02033939614573388;77.83636363636363;0.044209020890780826;0.045564311702840365;3145604;111.57914458193923;93.09462065238024;0.44706503089163974
3142601;9010.714285714392;7.090187204705778e-05;-0.036974843357068354;143.35757575757572;0.027356345476218236;0.035408292119921025;3145604;138.93047509304282;93.09462065238024;0.40559451105691086
3143302;12321996.117857115;0.03366050573962642;0.05422635892064798;5617.115151515153;0.03450102252305154;0.027458381965178358;3106705;361.93024569568365;93.09462065238024;0.2774389575196956
3143450;-437201.95000000764;0.10341226012983351;-0.32810106597307254;136.24848484848485;0.06296219260622715;0.057371807143533626;3106705;563.1864073788412;93.09462065238024;0.1829797348146328
3143609;-423980.71428571036;-0.15434837949351798;-0.14375060323003175;25.387878787878794;0.031148228457119842;0.031394201804629374;3106705;164.5937505394356;93.09462065238024;0.37295471673922287
3144409;41331.50714285692;0.05020622103164607;0.024805460103307864;85.04848484848483;0.02629452294769674;0.03392967864874574;3145604;172.7733899109435;93.09462065238024;0.35788959401028897
3149002;22680.357142856916;0.09088177173921808;0.0414636382188982;44.93939393939394;0.051361783991429766;0.05252032744475077;3106705;234.0021434097803;93.09462065238024;0.300582364155855
3149150;57808.482142857414;0.03246179995204068;0.07535222431537525;102.28484848484848;0.05406170135664645;0.05402872995030128;3106705;485.6276605866287;93.09462065238024;0.19786790341030625
3149200;16144.99999999987;0.054458889802432076;0.001510895247283317;64.52121212121212;0.05579603703571201;0.040134221900523404;3145604;319.92567727463336;93.09462065238024;0.2666055403631454
3150703;390744.7392857127;0.04528472265254768;0.016695430407264622;104.81212121212116;0.06291080241524605;0.04572061310933728;3145604;413.37615068051474;93.09462065238024;0.25428977831946786
3152006;450128.9035714238;0.05140670631818334;-0.03332076340955625;471.878787878788;0.022916848764555908;0.033534397187818143;3106705;118.52924350771468;93.09462065238024;0.4410150837287219
3152170;-90311.07142857296;0.06825255171222588;-0.03461636268361579;159.2787878787878;0.08722945275487426;0.0790151871738507;3106705;457.4077758691182;93.09462065238024;0.20502500030863652
3152402;119189.60714285719;0.2398402717107957;0.05086196707843227;205.28484848484837;0.04659917732854213;0.04621116644847678;3106705;349.5311480646216;93.09462065238024;0.24109377309285096
3153103;11341.071428571164;-0.011167186637398019;-0.10061414687760217;91.79393939393937;0.06268458731471704;0.040553757741173424;3106705;137.85102569238677;93.09462065238024;0.3945603757340058
3153509;72557.96428571419;0.0780597590373;0.040005159488130326;158.4363636363637;0.03823472337989986;0.03643473425921795;3106705;238.51983459582402;93.09462065238024;0.2987817831817003
3153608;243120.44642856915;0.0466461492432535;0.005643876628015132;390.83636363636367;0.004833190454557101;0.0767258858825004;3106705;54.94825827132225;93.09462065238024;0.5881516872777623
3154200;-51618.928571428456;0.0017211737921873915;-0.04006353157790432;265.9515151515152;0.022736956241289796;0.03823468532954588;3145604;65.81569419630995;93.09462065238024;0.547365825681562
3154606;734130.9285714211;0.04236880699317447;0.017871036501924564;3332.6666666666642;0.04404907957777304;0.0327211784426773;3106705;25.812232402945394;93.09462065238024;0.716163056155268
3155009;53167.85714285702;0.05336007555608213;0.09312120884709407;76.62424242424241;0.03643753086710344;0.06833207675022157;3106705;139.26459472904386;93.09462065238024;0.3986393409751581
3155504;1468806.2642857211;-0.05456445776824215;0.11429471756771914;422.8000000000001;0.03692319348257467;0.05266714244644222;3145604;224.03370406757924;93.09462065238024;0.3271552895433957
3156908;348440.46785714506;0.013957611837191353;0.0376819932264667;691.8363636363638;0.03469415203947879;0.041655875488600946;3145604;288.8208483091631;93.09462065238024;0.29522495218740824
3157500;6191.071428571435;0.07934441088761046;0.02475360425493367;101.00000000000003;0.0463073753753267;0.053473444371785694;3106705;224.30679998567766;93.09462065238024;0.30620825157258247
3157609;39938.653571428484;0.09523642336363536;0.07264201221563238;23.206060606060603;0.05518303608595465;0.04834134503090337;3106705;386.50217544031966;93.09462065238024;0.22893565327821655
3158003;-25008.474999999537;0.03864500030956508;0.0014673927919417462;189.072727272727;0.05377751641772055;0.0432619894085331;3106705;128.5152493620827;93.09462065238024;0.41895776664868634
3158805;18455.357142857272;0.03302360048371433;0.003176833463266693;77.52121212121206;0.04544712868174705;0.0475646719252647;3145604;38.42193348568291;93.09462065238024;0.6507773745899587
3161403;26439.285714285677;-0.0022294132587641347;-0.01545547350976928;84.03030303030303;0.018378346303793425;0.03949622356183169;3106705;221.4537986503652;93.09462065238024;0.30964530149933733
3162005;-690791.0857142583;0.14704221836395837;0.06221716880983896;501.9333333333332;0.01793021031768194;0.03683547950867072;3145604;154.46923120839466;93.09462065238024;0.402017792576639
3162955;-381533.2285714282;0.01683188811377434;-0.009919734839280547;1669.4424242424243;-0.006535122250988956;0.10527284378215662;3106705;39.2577904842177;93.09462065238024;0.6536808397950873
3164209;24820.596428571072;0.006822714366553795;-0.0019607614715677624;129.41212121212124;0.028713120478052856;0.05284725907531973;3106705;411.10455789836806;93.09462065238024;0.22292734204962755
3165503;121275.35714285653;0.1801012245559257;0.0389147241501826;148.6060606060606;0.05067888660102837;0.048532471025544144;3106705;233.45117965840726;93.09462065238024;0.3007509491138214
3165578;205107.14285714162;0.06524160941082813;0.15719425304064716;232.81818181818167;0.05802014389654797;0.06505253933577237;3145604;251.98036623828318;93.09462065238024;0.2895837850177817
3168051;5126.071428571272;0.06558952863517842;0.013147843467002707;54.70909090909086;0.04835970704124937;0.047887411696973414;3106705;272.10255052489475;93.09462065238024;0.2754138555410052
3168200;-23217.99999999969;-0.02280283890771606;0.008671714948916165;23.53939393939394;0.04696391479034934;0.03899918758166754;3145604;153.25401912747049;93.09462065238024;0.37752336583727053
3168408;8754.253571428875;-0.018207882837895206;-0.007553296333117632;244.12121212121207;0.04493964429184705;0.044959756543460516;3106705;241.73379373441142;93.09462065238024;0.29677831485221784
3170057;242537.27499999935;0.14598820488598885;0.12613370250560063;299.64242424242434;0.06918934404723687;0.05647165935193943;3106705;222.24960040822484;93.09462065238024;0.3098651373959876
3170107;4349702.178571442;0.06425908854257023;0.0448102282746774;5639.975757575763;0.02259336592762229;0.024426303126358517;3145604;341.19544201847333;93.09462065238024;0.288103382167177
3170529;181086.89285714377;0.04203282051314128;0.061697482348818555;103.87272727272725;0.04806467584867069;0.043743425082400034;3106705;457.0020961926592;93.09462065238024;0.20526537975320688
3170578;-22971.003571428315;0.026751821661951558;-0.022720016805084065;110.1090909090909;0.045653485034843566;0.04678665134189952;3106705;203.57249927834212;93.09462065238024;0.3251533211155157
3171808;153894.46428571414;0.041547781601285916;0.02041025440991584;235.13333333333333;0.04314996364992307;0.046254322338864506;3106705;202.78135418178712;93.09462065238024;0.33024467152103876
3172103;-155455.4357142846;0.0021668956150617813;-0.020842776309628386;57.04848484848485;0.012183016267042435;0.035413670203701564;3106705;264.45520569204956;93.09462065238024;0.289906178524697
3200136;-73374.7000000002;0.02528664180348028;-0.04489028869651446;266.6242424242424;0.07128279674928795;0.04651791637521829;3106705;378.5040810837607;93.09462065238024;0.23635691243879442
3200805;1095617.339285712;-0.003653094256998446;0.09026224652380632;1318.9454545454544;0.06624960513918032;0.06393728066359117;3106705;337.4974460278779;93.09462065238024;0.260110606651663
3203163;96893.23214285636;-0.047209181315173376;0.018517446042780827;292.8909090909091;0.04451279044953038;0.03892493482091264;3106705;328.1797311480158;93.09462065238024;0.24919768788002383
3203809;40308.89642857138;0.06941039611343736;0.014744545778742957;265.4303030303029;0.03919880183315638;0.03748532066477561;3106705;316.89965840249226;93.09462065238024;0.25672756649146483
3204054;384530.0464285779;-0.09508157629570801;0.02472123353252398;487.9939393939394;0.054069019831530785;0.048800335043209575;3106705;482.72543944562574;93.09462065238024;0.20744010698990356
3204203;29969.90357142826;0.09372043891234427;-0.0011465563039239068;666.2848484848486;0.08751358302126544;0.058468949150340954;3106705;374.6560057773036;93.09462065238024;0.2483863319889392
3204559;1920305.471428565;0.07963625985686917;0.05174233753205093;1748.2121212121217;0.05924940121561839;0.0517713352709559;3106705;361.26940353209676;93.09462065238024;0.24814457565955875
3204609;272535.7821428571;0.04664161921376886;0.023944780537465293;572.4666666666667;0.04496648091286626;0.03672908921601681;3106705;376.5873767300776;93.09462065238024;0.23910873225985313
3302056;191318.4892857148;-0.056650386376905004;-0.036141929741882795;174.09090909090907;0.026715587890026704;0.030702780055047896;3106705;306.6612830271411;93.09462065238024;0.2680961815759921
3302452;-39888.2500000001;0.06882634879210636;0.052396949555820305;137.5515151515151;0.04491280856267332;0.037570819477035444;3106705;301.75625819962613;93.09462065238024;0.27698368042088617
3302601;106295.02499999992;0.06326248478921581;0.019055408801545104;637.7636363636365;0.0474998748614579;0.04353941383405724;3145604;264.2640226768225;93.09462065238024;0.3169140989753143
3303609;-92407.00357143056;0.06285219329922453;-0.028373096802099096;752.7151515151519;0.027145644481625597;0.039937005034665685;3145604;241.74488004977525;93.09462065238024;0.3050573623678936
3304110;-319596.52142856934;0.13327563938427178;0.026135660641587233;-186.74545454545498;-0.03496671056057388;-0.005012905163263803;3145604;198.98725123878998;93.09462065238024;0.396011372555036
3304201;502832.6428571495;0.04714245125569905;0.02002266277696596;2767.327272727272;0.03644048330012373;0.03750558118069214;3145604;200.9106726779288;93.09462065238024;0.36496087284276746
3304409;166854.267857143;-0.05777700476614278;-0.03933120183509675;236.8363636363636;0.05100889566492528;0.042840192548081246;3145604;235.75223424367235;93.09462065238024;0.3035308346086316
3304557;-27875591.960714333;0.13711171244050901;-6.934054042950777e-05;59419.43636363638;0.02328445407224944;0.021084823941939446;3145604;298.1828374891563;93.09462065238024;0.4028831487397234
3305133;204610.6928571506;-0.0886295780504115;-0.012193340798174135;122.52727272727273;0.03638099733163491;0.04188642815528709;3106705;281.04836749446446;93.09462065238024;0.27789826151344604
3305307;-146675.757142856;0.13308850355572543;-0.07999836703632646;104.09696969696972;0.025988611362798952;0.026603245653801677;3106705;308.4082582840569;93.09462065238024;0.2605684897395869
3305505;1176286.367857154;0.22851857692526845;0.05428538280831385;1732.8303030303027;0.04902711175780006;0.04610644703442057;3145604;344.7403409610397;93.09462065238024;0.36344053974640034
3305901;-24317.857142856945;0.030139271834100256;-0.012544858240773116;134.3212121212121;0.03756551755104276;0.038576711383476514;3106705;321.78014999434106;93.09462065238024;0.2543597392250156
3306206;86462.16071428693;-0.012077755681414781;-0.020636942910042255;513.9454545454547;0.03045241634302065;0.03119979968090658;3145604;224.6283531601168;93.09462065238024;0.32360255164191715
3501509;-44739.28571428576;-0.17688986692786646;-0.09552301547827824;69.35151515151514;0.028331464401828432;0.04462009243407006;3145604;545.7591156398969;93.09462065238024;0.19101811795490684
3501806;-50257.14285714328;-0.0046180892960736575;-0.02442824345644934;125.93939393939394;0.03029707182551311;0.03247239052121187;3145604;512.9831377205386;93.09462065238024;0.19821811711846518
3502754;2442014.2071428522;0.12177772723429747;0.07659850052572459;606.6242424242424;0.058452720400205216;0.0523015807513969;3145604;381.56914108959865;93.09462065238024;0.3042784216913928
3503406;93430.72857142886;0.04679014882837018;0.021040450319445014;197.49696969696987;0.03644333650073306;0.04257024118030572;3145604;448.15305249082866;93.09462065238024;0.21824989452208066
3507753;-1464678.2142857127;0.04338329334489899;-0.21663326082764267;59.030303030303045;0.039328967847962915;0.04003707778981691;3145604;558.760679955248;93.09462065238024;0.2144707153371055
3508207;-73599.7392857158;0.001463213521009532;-0.030430032752112868;122.76363636363635;0.041172573867753304;0.0405757762040444;3145604;305.37764829401596;93.09462065238024;0.28863575998419
3511003;1070745.8357142976;-0.03283943636987985;0.012389028197659524;478.44848484848495;0.04332633594323565;0.04839987701973447;3145604;692.5166111802718;93.09462065238024;0.2242678292227111
3511409;327962.19285713625;0.06149586699808496;0.0014255803990856908;496.17575757575776;0.034240684050604875;0.041039277799936213;3145604;517.5827592542294;93.09462065238024;0.21606529282951714
3511508;-545112.3678571432;0.04576332808487571;0.025178575472626807;990.1575757575757;0.03026560229977271;0.032213110310437054;3145604;407.22104070035664;93.09462065238024;0.24705752315124657
3513850;-671497.9714286238;0.08792311348382809;-0.40992582484120876;31.751515151515157;0.024445707420824636;0.03125479593486813;3145604;602.03932427938;93.09462065238024;0.20311074937790619
3513900;240898.4607142844;-0.11802819500767059;-0.017370663188769786;328.3333333333334;0.03510623323874684;0.04000661403423744;3145604;224.99507368794508;93.09462065238024;0.3210017275166861
3514403;-196547.4071428505;-0.04907498354082418;0.013018176775019707;838.8363636363641;0.020966844817965624;0.023641105556740483;3145604;701.1301247748046;93.09462065238024;0.18368393636552266
3514502;48983.035714286765;-0.017716089885985165;-0.10491715554585956;243.46060606060598;0.02256074211459569;0.031212625413103767;3145604;510.5611131740883;93.09462065238024;0.20750458271851635
3515152;327999.2499999992;-0.01632730624554879;0.03476549979386756;505.49696969696976;0.04226471210905913;0.04931213224049191;3145604;316.3218943351824;93.09462065238024;0.2709920517215207
3520707;-598966.9928571451;0.005913738750925601;-0.326345251162095;80.54545454545463;0.025549945584240286;0.030698546769906132;3145604;575.0279987287937;93.09462065238024;0.19435845863093848
3521200;-12357.142857142791;0.034680775533341146;-0.08374996989467309;61.012121212121215;0.037403417481743695;0.051642373552563736;3145604;579.8319449047943;93.09462065238024;0.18320851461295196
3521507;-86588.8249999992;0.001979846781265948;-0.11516419217215457;151.75151515151515;0.03120032375255577;0.038166012841409414;3145604;480.5620981719538;93.09462065238024;0.20701417434170613
3521606;236176.12857142847;0.07009470151215536;-0.003865407284555311;90.32121212121221;0.028667984135008373;0.028296153874436403;3145604;682.8776941769022;93.09462065238024;0.1712506876718631
3521705;-20237.496428570405;0.025868673215442284;0.004018945702319421;524.4848484848486;0.054877432973355234;0.058206975627970836;3145604;566.1879746312777;93.09462065238024;0.2002133494756233
3521804;-170829.37499999878;0.02527777567290279;-0.002897742273166859;580.8727272727273;0.03491846926454545;0.040033850997606146;3145604;533.4995137219789;93.09462065238024;0.20219720764293914
3522901;-237977.92499999944;-0.09307916551712303;-0.14208997443324944;279.1515151515151;0.03717514424719104;0.03885547845368631;3145604;437.24384311185423;93.09462065238024;0.2435497471007087
3523701;127588.8785714275;-0.02129810619760808;0.002936330673983356;117.45454545454548;0.035519933058946185;0.04018285957097367;3145604;248.76803967298963;93.09462065238024;0.29603402085975544
3523909;-2402893.3035714575;0.0434524896625339;0.025362399537322666;3550.9636363636364;0.027584828504276127;0.02712496604535941;3145604;381.19819694134657;93.09462065238024;0.2684511950697458
3524105;15041.953571425132;0.011484636776704082;-0.09926722511626695;734.2000000000003;0.023855015815368086;0.026933546372372774;3145604;311.0056258876689;93.09462065238024;0.2798508385669372
3524303;2907058.996428579;0.1097994691226909;0.08695829392643772;1309.424242424243;0.020400369641735194;0.022408629812680436;3145604;368.17603437225245;93.09462065238024;0.2602337899209695
3525003;-16345.121428582395;-0.007369972328116314;-0.018025471975747442;1882.7151515151513;0.032857766371191754;0.03318340906622974;3145604;380.23496105839666;93.09462065238024;0.2529238491727166
3525201;1629708.210714282;-0.005860570160917455;0.04393949865336921;1063.2;0.052704179705234555;0.054512613471138005;3145604;331.56113321308635;93.09462065238024;0.28761923025975267
3525805;-2645.285714285737;-0.055112208120417505;-0.043121419433713504;67.59393939393938;0.03010459770027807;0.03950104583820235;3145604;533.8014941197766;93.09462065238024;0.19238869580721726
3525854;-224905.8107142903;0.11019682800308828;-0.20127560461280403;64.60000000000001;0.03262960091584999;0.036149424243879125;3145604;404.65465344066166;93.09462065238024;0.24763003633748504
3526605;1545977.2428571393;-0.02153881654922718;0.09980425558829076;153.26060606060597;0.03647398670426316;0.04616798758889917;3145604;208.27287350678847;93.09462065238024;0.3446100683027128
3527256;-205778.68214286258;0.0656810288038332;-0.33239170847597277;40.127272727272675;0.02746459682062774;0.03279425035225847;3145604;561.6812905184908;93.09462065238024;0.18958574050326268
3527405;-97292.1392857148;0.028060112785038838;0.017362011175275915;354.7151515151514;0.020678597918164954;0.02795556588416792;3145604;651.8289191357187;93.09462065238024;0.1845858736749695
3529401;3380679.353571416;0.02605776389484582;0.05533290762977128;6811.715151515153;0.02272334452336855;0.02981134972092936;3145604;370.49307878309145;93.09462065238024;0.26371716728805034
3530409;13528.635714284757;0.03860851998498771;-0.06950493641063415;136.66666666666654;0.017061323839584475;0.050292532614717445;3145604;482.07732191081317;93.09462065238024;0.2111006946304064
3531100;733013.724999998;0.07421234324459802;0.08957242528067466;1174.5151515151522;0.048038084434326445;0.04937270256483517;3145604;419.0684002567841;93.09462065238024;0.22904930186958813
3533205;608717.5214285702;0.08561045833965242;0.025908892657425575;188.8181818181818;0.03902425734230919;0.08429883798655902;3145604;693.3946605462302;93.09462065238024;0.20016003275940453
3533502;552449.0821428526;0.09801771292724348;-0.009767283169839991;838.0121212121212;0.02344047237447633;0.028864912384742203;3145604;463.81723281419676;93.09462065238024;0.2283439511736911
3533809;-27828.571428571482;0.0026542924767560816;-0.13583620641569893;45.52727272727274;0.02499369365124804;0.03298957256927504;3145604;528.4877320015053;93.09462065238024;0.19855810215911676
3534104;-178643.00714286565;-0.024768788818783083;-0.2329829520916431;100.27878787878787;0.0198227481808797;0.026832992337374684;3145604;568.8038652670593;93.09462065238024;0.19347651147370964
3534302;64299.867857139834;0.12360172697262706;0.06010175470325274;738.260606060606;0.020051039244079583;0.02168888911932787;3145604;317.8818800062493;93.09462065238024;0.28251969080898454
3535606;180114.32142856898;0.17391255085757917;0.026037131185282503;366.04242424242415;0.03234006900020381;0.03492003487251649;3145604;311.1359258856732;93.09462065238024;0.26696838894407793
3536109;12009.332142856098;0.08061919791625138;0.01879572621713188;187.86060606060607;0.05122356130088623;0.04522006893749597;3145604;451.3003234809844;93.09462065238024;0.24123957076590408
3536208;-1751951.035714281;0.13320565312498767;0.007870387416951674;400.94545454545477;0.034495051568827595;0.041644543441580195;3145604;544.952268732433;93.09462065238024;0.2267382248679015
3537156;-69813.93571428684;-0.21775992501282782;-0.18083175340790414;78.61212121212124;0.02906686396502489;0.03418069353600495;3145604;659.4051862182263;93.09462065238024;0.19093921745118664
3539004;-70547.70357142953;0.05621329382282303;-0.037652642462175256;228.7151515151517;0.02805043148883546;0.030220778093073664;3145604;400.39954651363036;93.09462065238024;0.23804772433463295
3539202;152894.79285714592;0.024141266449728915;0.045988880235053875;539.909090909091;0.028429223834340878;0.03348055923826343;3145604;711.7309401659833;93.09462065238024;0.18495587959082932
3540101;195830.3571428575;-0.015241575708985988;0.02656725844306629;70.21818181818182;0.0312905387491611;0.02926840150779486;3145604;483.7474370461857;93.09462065238024;0.21148991487150298
3540705;896814.7107142903;-0.04606948985654813;0.026314696898229073;1144.6606060606061;0.02206111733329541;0.026918675372100465;3145604;303.71969409655804;93.09462065238024;0.2867044236491522
3542701;173264.28928571477;0.13283000166361658;0.026715071154122416;169.0121212121212;0.05630076323401356;0.04839904197712919;3145604;276.3675897210389;93.09462065238024;0.2848837478493456
3542909;-108847.29999999987;0.04674700752512351;-0.12434664468848311;205.0787878787879;0.026483559300601645;0.029382593549069025;3145604;379.1195271752101;93.09462065238024;0.24052746955921803
3543105;-16206.071428571697;0.06812568688148812;-0.07189998020478494;104.79393939393938;0.04633178943788985;0.043267509413697613;3145604;288.6973351193509;93.09462065238024;0.2749816537248332
3544608;-3374.024999999748;-0.02440930869728075;0.021670116767442238;70.99393939393937;0.019506634874851825;0.023091992320596777;3145604;499.66670263029334;93.09462065238024;0.2032217504817268
3545100;-55879.84285714904;0.01758791283775718;-0.18724562732696137;84.23636363636363;0.03557815740166426;0.04391574629403605;3145604;633.9518018170104;93.09462065238024;0.17636399163564337
3546405;2327339.142857133;0.06053818370460884;0.047559589842821604;1068.4848484848485;0.030314887616458952;0.030619984574833614;3145604;553.2244733357752;93.09462065238024;0.22292209294893484
3547304;1169280.885714279;0.04110840917800829;0.03131543137894233;3027.054545454546;0.04462960528041093;0.03588933123552995;3145604;373.53533766555466;93.09462065238024;0.2688675925381562
3548054;135800.3321428578;0.07313705994337694;0.007226850321734091;163.50303030303027;0.040295605045509;0.0391107904902952;3145604;589.7670366234173;93.09462065238024;0.19437504375614495
3548104;120399.99285714157;-0.09604325408537961;-0.08699862575435557;132.95151515151514;0.04259841016639587;0.037331254598609975;3145604;248.2203296767577;93.09462065238024;0.30254240824355244
3548302;4797.178571428558;-0.08686116534240718;-0.06832580333805027;53.87878787878786;0.03561085108402007;0.03939805168489863;3145604;691.9643050115485;93.09462065238024;0.1690847068793398
3550407;-2443351.5785714425;0.01254255823448669;-0.07938391922519572;973.3939393939394;0.035454790989133844;0.037175800861024566;3145604;379.09080754466925;93.09462065238024;0.24522237754392096
3550803;4580.4464285608055;-0.12646707964524362;-0.13713645243477635;205.30909090909083;0.027079199506046425;0.0330549379417302;3145604;234.8310908725463;93.09462065238024;0.3133113688077317
3551603;145578.24642857234;0.06906667972084057;0.04058396752302307;694.5575757575756;0.035416765322491495;0.03388956204581928;3145604;287.90752306827545;93.09462065238024;0.2820442990646767
3552007;198788.60714285105;0.0056095003101934715;-0.04731641441813095;114.93333333333347;0.033069675827305245;0.03576927671369878;3145604;218.57789188314754;93.09462065238024;0.31981590241637403
3552700;-510966.89285718044;0.03087986405882015;-0.2070305163316718;339.85454545454536;0.027487635758033813;0.032311272881732744;3145604;416.1149638182224;93.09462065238024;0.22514026573751866
3553500;-177378.9321428584;0.04338194908541526;-0.09750122206349676;171.17575757575756;0.044773569290952775;0.047512791874113613;3145604;455.45540416052194;93.09462065238024;0.21187961429727561
3554003;1284478.775;-0.014576157985328186;0.03593218935416842;2831.3878787878757;0.03159625287010637;0.03221164199465898;3145604;428.43549993097;93.09462065238024;0.24080503786500204
3554300;-1289263.1678571557;0.022963337425619956;-0.16776676188611084;566.939393939394;0.03594695729024844;0.04559834025716181;3145604;785.4491674546742;93.09462065238024;0.1715117802379327
3554953;-32465.457142857285;0.024200159123708653;-0.0952676805207836;182.22424242424248;0.06024869808235378;0.05146354998369951;3145604;304.47542182806495;93.09462065238024;0.2668828997442789
3556354;-392242.72500000114;-0.05834194184585817;-0.22099059653651731;488.03636363636343;0.07051972278433616;0.06807705308843226;3145604;293.1846565298638;93.09462065238024;0.2726199827182582
3556503;1231572.8500000073;0.039365597999658775;0.04815778982928198;2342.6787878787877;0.032451785985025294;0.0334909665767642;3145604;347.16947766980246;93.09462065238024;0.2610763671207301
3556800;178972.1321428576;0.014217861218739358;0.07578220443038064;359.2121212121211;0.027945173212472696;0.030912212250912008;3145604;360.628789048176;93.09462065238024;0.24632438135139254
3159001;166558.07860261947;0.08410300822840133;;89.66060606060607;0.03215959037257177;0.05566927117573117;3106705;102.18401343472345;93.09462065238024;0.45834519563567067
3515301;2938.834440227606;;;51.842424242424244;0.034342618673106395;0.044051550352959934;3145604;733.9358236176719;93.09462065238024;0.11360471393514435
3104452;67944.64285714242;0.06411590104986842;0.0735041531352536;87.83030303030498;0.0823259886921075;0.06281075202660102;3106705;290.8005488155674;93.09462065238024;0.2637990512843351
3104809;661867.7857142781;-0.09815917174728572;0.16974349864169835;62.757575757575786;0.037758693324081216;0.047147833821303164;3106705;207.72339844321857;93.09462065238024;0.3384774369952296
3105202;1232.714285714213;-0.0056958110896789815;0.004202174253418622;45.83030303030303;0.040041911525952045;0.05269118316612209;3106705;595.6398431211076;93.09462065238024;0.17648120763045066
3106200;7877519.803571396;0.023842445675352986;0.002844904358696665;123232.10909090911;0.052694540775519716;0.055115214803280965;3106705;29.344915606989225;93.09462065238024;0.7861184634032532
3108503;57266.73928571424;0.07802573953495462;0.25090116508631266;80.11515151515147;0.06687369069403926;0.06460351252822405;3106705;367.04239792005893;93.09462065238024;0.23137378540325348
3108602;89102.78571428369;0.09319894224196057;0.014474708367014255;618.0909090909091;0.05063035058886767;0.052571809197847985;3106705;418.3936557181102;93.09462065238024;0.22055980044176274
3109303;1908328.1499999918;0.2723971741317821;0.11109356916815072;612.0545454545455;0.05499030784475756;0.06521095918219544;3106705;537.3088946177219;93.09462065238024;0.20554799360158174
3110806;-209216.0392857146;-0.12012069103512635;-0.08319916711373576;44.46060606060606;0.0410900397015197;0.05507364330360498;3106705;322.24507409427264;93.09462065238024;0.2653344664202033
3111507;573585.2214285707;0.12711843280709134;0.10421574580765514;308.8242424242424;0.04255556895673318;0.042075646766257746;3145604;179.41595852864742;93.09462065238024;0.3541155950321093
3112604;471613.6428571459;0.18061280765013477;0.10654535176333058;442.64242424242406;0.046117586258996646;0.05037793876371821;3145604;544.4458309146951;93.09462065238024;0.20109980710726796
3112703;68251.8428571422;-0.06694160942169236;0.06787602089222045;242.84242424242424;0.056069102145599015;0.06809046981757305;3106705;408.11152161281126;93.09462065238024;0.23434285702253263
3112901;25043.392857143055;0.08179493641414637;-0.00976270521358924;201.87272727272727;0.0416617893656277;0.03765909503702969;3106705;203.10022389804598;93.09462065238024;0.3225974329808774
3113404;1108042.9142857143;0.06535798281175298;0.043301089527876924;1667.7333333333333;0.041723732019351756;0.03904085060675211;3106705;217.54961282627832;93.09462065238024;0.32668286326822105
3114006;-36241.44642857157;0.009132206027921308;-0.02235084439687718;382.4848484848485;0.10023076329368252;0.06715041912103348;3145604;16.31611328251346;93.09462065238024;0.765449191045839
3114550;-35382.00000000057;0.020349588738604485;0.00989652816692721;179.35151515151517;0.036863179002253776;0.03650584783490607;3145604;621.5464836623405;93.09462065238024;0.19214651557100618
3115359;407176.8071428563;0.03193306636770821;0.004397623732484535;112.21212121212122;0.046914398961454884;0.04112262089139174;3106705;83.8686076202949;93.09462065238024;0.61722328141963
3116100;104107.84999999884;0.15870771942911532;0.035447091765421934;53.73333333333331;0.03367293919814052;0.027417630725106834;3106705;364.8878233905126;93.09462065238024;0.23311282927046623
3116506;445313.38571428374;0.21880112669580698;0.2260144689315562;68.19393939393942;0.02398611511275983;0.049653436129542206;3106705;320.77561096765334;93.09462065238024;0.25379517915522637
3116704;75348.57142857127;0.0489803171457579;0.043337298936136026;136.41818181818184;0.03374963578251311;0.038613653488638766;3106705;176.08888643807424;93.09462065238024;0.3542170528297286
3117009;-10151.785714285747;0.06405130808861914;-0.00913065776097155;77.84848484848486;0.04340447643894252;0.04471034855898526;3106705;480.8412415247502;93.09462065238024;0.1990654485843195
3117207;7735.714285714293;0.07105304257208456;0.01990139697361415;55.0242424242424;0.007947609934841893;0.033382401904261005;3145604;174.78123279526525;93.09462065238024;0.3533708303102708
3117504;5446719.007142852;0.10471363422206803;0.08313077981955042;471.40000000000003;0.060416505720069624;0.06103221095505451;3106705;131.95028101143376;93.09462065238024;0.48672560677210064
3118106;-4180.928571427945;0.08392497330521609;-0.1541107988401964;85.27272727272725;0.03909250283217158;0.05858910665050154;3106705;140.69282989208926;93.09462065238024;0.39089344799238335
3119104;62025.528571428666;0.05445369036773884;0.02142636919838803;449.2787878787878;0.03645288195942431;0.039989855914290384;3106705;179.64946957420554;93.09462065238024;0.35505931919745476
3119807;2144946.2142857066;-0.007898653989175553;0.0452930177834483;60.79999999999997;0.031224156777743817;0.04078829655815408;3145604;148.64846308515644;93.09462065238024;0.48126716759369426
3120102;-68110.20000000017;0.12098606261506806;-0.027107835801737146;77.23636363636365;0.040420951830828056;0.05016430598867028;3106705;224.37467703777088;93.09462065238024;0.3097318990783131
3120904;2560336.2142856563;0.036812144870435715;0.01827976905219897;1989.048484848485;0.041055932960409214;0.04226407340218441;3106705;137.13173335180363;93.09462065238024;0.4178353795166517
3123106;131585.71428571275;0.05601146425686876;0.049481286449952755;76.52727272727275;0.0260416389192355;0.04051660041484206;3106705;168.00264123277037;93.09462065238024;0.3774348909415348
3123205;-10418.89285714257;0.056900900224910345;0.021685332260709123;224.6121212121212;0.019707173912186127;0.027482797956363214;3106705;156.1054627427836;93.09462065238024;0.3810210403110729
3123304;27532.85714285703;0.05343156050286191;-0.043204662868442156;180.66060606060606;0.04111329205329972;0.06306499996123893;3106705;154.55602188837958;93.09462065238024;0.37335119386500676
3123809;-26897.003571430152;0.006640979237955591;-0.059479281561795605;126.41818181818182;0.02138803035073611;0.05494820907633069;3106705;299.6094788509507;93.09462065238024;0.26528615005355427
3125408;70864.67857142801;0.07776482436248444;0.03794865444413542;118.90909090909084;0.0584340055155963;0.057617545401777326;3106705;233.19719774854482;93.09462065238024;0.3002874729204135
3127388;-26216.535714285677;0.03633214987065925;-0.005486997500335211;87.96969696969694;0.03540723168260196;0.055828469264178615;3145604;193.33976788787703;93.09462065238024;0.3390014663361649
3128501;24348.74504623338;0.050717574498580165;0.1314880149267137;65.03636363636369;0.019756493864275138;0.03766356799474324;3145604;218.66984644848733;93.09462065238024;0.30882964480341085
3128907;4864.285714285691;-0.03475590683922147;-0.00224683883773813;187.93939393939405;0.038302023166272514;0.04608191864321465;3145604;291.00498877926486;93.09462065238024;0.2744722015377388
3130705;157503.9285714259;0.2531241061745244;0.049483536736173006;125.16969696969699;0.03398103800312979;0.04314374649936914;3145604;372.0385159368072;93.09462065238024;0.2821334103107626
3131158;-80838.21428571462;0.16123774401202318;0.0014423418329094773;391.5696969696971;0.1047655457590091;0.07791052333425497;3106705;196.85057039979523;93.09462065238024;0.33027137805662293
3131208;124996.52500000109;0.05654491088394065;0.023485603481143258;445.5030303030303;0.03791778731250095;0.044797084273993315;3106705;260.4501219467059;93.09462065238024;0.2899826955118296
3131901;3168426.9821428508;0.03804107168945414;0.05619252014532328;1374.5030303030305;0.04341051192015177;0.041099493825681455;3106705;52.06469989690319;93.09462065238024;0.6459962760118884
3132107;53589.53214285697;0.03336875219844582;0.022678241383908393;310.98181818181837;0.047584957274300566;0.05368681959418509;3106705;542.5025230593677;93.09462065238024;0.19074774819525186
3132206;-149012.9535714282;0.004983676127324088;-0.0010104781476190094;308.139393939394;0.03503748992957112;0.030714654694817156;3145604;49.022825082187886;93.09462065238024;0.6139839151712897
3133105;-10924.55714285699;-0.056895923443534224;-0.04553339045057703;291.0242424242425;0.026398905552903917;0.03301609904106617;3145604;177.82632694591464;93.09462065238024;0.35768675625768437
3134509;204897.60357142639;0.01010521403787612;-0.09365186684563276;113.96363636363637;0.03960233331994534;0.05711451399267853;3145604;69.2663026255742;93.09462065238024;0.550444117747628
3136900;50724.00000000012;-0.04646745561025323;-0.016239920574900202;338.1878787878788;0.039450792217285535;0.048353926743805786;3145604;191.21088955262687;93.09462065238024;0.34136196931496454
3136959;-24998.389285713307;0.06214275744712072;0.05461802373402325;56.581818181818186;0.04756757988302285;0.06713787500109203;3106705;633.8928303547864;93.09462065238024;0.1725674706593553
3137304;10578.571428571504;0.06785684197215236;0.056651286418158975;58.74545454545454;0.04670859503474545;0.06010626559550469;3106705;334.6787148486404;93.09462065238024;0.24539492798354712
3138906;33221.382142858005;0.008233856535396766;0.06572658790753927;96.72121212121213;0.04641110217246158;0.047787987164433776;3106705;487.74121602765814;93.09462065238024;0.2036650092171761
3139102;34748.92857142854;0.14588753061227377;0.02438657551241752;137.7090909090909;0.0471709269854621;0.05549045731419833;3145604;101.53474687445166;93.09462065238024;0.4699626105955782
3139805;28810.178571427947;0.06672874066748302;0.00437715898498503;293.9636363636364;0.025351852237620376;0.049359620978479235;3145604;229.48665896439684;93.09462065238024;0.31048693788306814
3140001;-1102392.70714286;0.09865594155844226;0.0022005838061995853;1349.933333333333;0.049556757156238085;0.04615225573142778;3106705;93.91147848639658;93.09462065238024;0.5115125308134911
3142700;103014.82857142841;0.09860559063540042;0.02802141984308837;253.64848484848483;0.04430280850294177;0.05773984169725832;3106705;617.0768317553478;93.09462065238024;0.1772777309595399
3143203;59293.65000000124;0.01566479859290304;0.02709863143720126;431.55151515151516;0.04078157098791402;0.033179800458193576;3145604;229.42800685205518;93.09462065238024;0.31140394618688205
3144201;-41007.142857143706;0.04100060226900282;-0.25032695255606174;26.29696969696971;0.04175363599618098;0.04886418243555535;3106705;265.17729465753536;93.09462065238024;0.2787489185064594
3144359;40204.92142857085;0.022159070400413983;-0.021811741936616835;179.2666666666667;0.07672741250507387;0.07552875431740369;3106705;212.32887082195649;93.09462065238024;0.32284031847762096
3145455;256821.16071428463;0.28840598086543756;0.12227466295555889;185.96363636363637;0.06523516741729019;0.08084859135608125;3106705;293.1954931609429;93.09462065238024;0.2675830266654791
3146701;24482.88928571402;-0.08964793864959675;-0.019012108709025366;53.6787878787879;-0.0004483802865418163;0.01981780351260487;3106705;251.21766884736178;93.09462065238024;0.29021173303260894
3146750;15063.714285714408;0.12430047388353849;0.012384195610527282;98.37575757575758;0.04834930747269239;0.06426784533834384;3106705;536.0778097064972;93.09462065238024;0.18827062278986298
3147709;489329.346428569;-0.0952142331308562;0.013941380162158401;247.98181818181823;0.03268866494761369;0.0514743064013663;3145604;35.34168367799323;93.09462065238024;0.6747977445733386
3147956;-22903.571428560983;-0.044000977269001984;-0.09279130185061213;77.21818181818182;-0.008994570122995094;0.06182788543459283;3106705;432.6852333474884;93.09462065238024;0.21063722623724612
3148400;31448.214285714323;0.05757400063230467;-0.006744790334921702;95.23636363636365;0.03652434037275798;0.06159302666181499;3106705;221.43361813532715;93.09462065238024;0.3087768956299537
3148509;5569.642857142887;0.01802894932192145;0.01940652138168497;62.527272727272674;0.015463792510109098;0.03573217872543677;3106705;439.49578452130885;93.09462065238024;0.20988806387385744
3149101;88953.57142857216;0.019813178651076013;0.038107038993722364;223.68484848484832;0.04528632265021315;0.04194209983196262;3145604;183.50722176721854;93.09462065238024;0.34424733698459026
3149309;421570.41428570985;0.07447678779340272;0.03036066280193328;1192.0606060606056;0.033288090901938405;0.034158182125571646;3106705;41.04773411013107;93.09462065238024;0.6499212180325862
3149507;-58005.07857142868;-0.05528801180992471;-0.23303592202863366;45.88484848484854;0.019511500592627407;0.03049431639831046;3145604;217.9799064242171;93.09462065238024;0.31685056167440256
3150307;33292.857142857254;0.06421809382873689;0.05898677031376165;92.29090909090904;0.042451017876765196;0.05006157968518932;3145604;108.11619151467694;93.09462065238024;0.447351226271948
3150802;42128.92857142851;0.040040904227290675;0.01498751010967836;325.47272727272735;0.05798946780396408;0.05048448442126707;3106705;123.43532199738162;93.09462065238024;0.4179150727233469
3155108;-81.06785714362547;0.11035625474073352;-0.09859229282564486;55.303030303030305;0.06423755897778793;0.05596028445217782;3106705;535.2218474897965;93.09462065238024;0.18838872760477907
3157401;-12944.285714285801;0.06574276366973297;0.02032924039606998;107.6787878787879;0.04609992562260734;0.05420795012854862;3106705;147.6026962017296;93.09462065238024;0.38214209679782335
3158409;19526.717857142772;-0.07179702464336313;0.021521800320961404;42.83030303030304;0.032084570819096214;0.028996987817310416;3106705;225.94221451211928;93.09462065238024;0.3050920610997989
3159605;216869.7035714295;0.08052589857783565;0.04514678048473253;626.9272727272736;0.020825098744176262;0.029641454774339104;3145604;194.45008288062135;93.09462065238024;0.3544159234178544
3160207;5173.214285714213;0.023233502599145917;-0.005234425428984446;59.29090909090905;0.021141353855648637;0.05013156728268009;3106705;192.2827376537223;93.09462065238024;0.3317751911851552
3160900;1468873.45714284;0.04037349625615794;0.4551514847964846;85.5818181818182;0.04171400751029397;0.04298498811701923;3106705;77.58560703262954;93.09462065238024;0.5874513160258995
3161304;21652.78214285745;0.10092489417790218;0.04922481588110661;74.29090909090907;0.023285979254168865;0.02461913395816029;3145604;523.9474353444397;93.09462065238024;0.1974137820283098
3162252;12139.199999999972;0.07335885061381608;0.021506573216335756;76.43636363636364;0.0479230996691673;0.06736271915069159;3106705;347.4327575256878;93.09462065238024;0.23722343724920958
3162948;-7506.060714285948;0.03926298460502453;-0.03133062885497473;142.04848484848483;0.040750635449639416;0.04155756935798194;3145604;154.3673790231759;93.09462065238024;0.4160024417142317
3163607;-3595.000000000173;0.08130686499933604;0.008153681859968787;75.68484848484843;0.06282356546958567;0.05303943429196201;3106705;256.2847457619293;93.09462065238024;0.2849879655166745
3164506;82651.32857142872;0.11024053005218537;0.04684516225776192;167.2969696969698;0.054366062884158683;0.06078956405896285;3106705;270.57224404308374;93.09462065238024;0.27448840486965703
3165107;-51909.14285714279;0.053226711593250764;-0.005358422832826948;120.70303030303039;0.02321087962367474;0.035734625979045864;3145604;235.93593589407948;93.09462065238024;0.3038367263434458
3165537;2035833.46785714;0.07818745772273128;0.12769491850853387;1428.969696969697;0.12225184663045408;0.08184560940703234;3106705;9.741411885461067;93.09462065238024;0.8247606135531584
3166006;3038.928571428424;0.015941267492435296;-0.0049824730616493396;146.6969696969697;0.07547600580918212;0.058693893455488144;3106705;128.79198683769673;93.09462065238024;0.4100887823830027
3166956;-10613.185714285737;0.029779240675495533;-0.008377139207824458;41.630303030303025;0.04362902980749017;0.03205961067859553;3106705;482.27199838351453;93.09462065238024;0.19687288875633008
3167905;315657.3964285723;0.11677442924307813;0.14587021638944164;50.15151515151516;0.025475780914081092;0.02757068479133218;3145604;180.91590267231592;93.09462065238024;0.35126283854670476
3168804;-29685.714285713806;0.03425486372073561;-0.12584536161917625;179.96969696969703;0.02914998331261609;0.03556225169646088;3145604;81.98991473024184;93.09462065238024;0.5120566577973564
3170602;40394.64285714275;-0.0013989945519077285;0.04134786857416528;42.92727272727272;0.05267631652756566;0.04825300860275794;3145604;165.41130685134726;93.09462065238024;0.36730470233965007
3171154;48871.42857142812;0.056407491794236986;0.024280675276300956;128.44242424242427;0.042028814648770174;0.04441958830641379;3106705;202.03369234415953;93.09462065238024;0.3222197242758979
3200359;-6221.428571428431;0.09060097501829834;0.009460461553720823;170.50909090909093;0.06861477851242159;0.046423257817081565;3106705;348.1300245013225;93.09462065238024;0.24067336902520842
3202306;221051.6571428591;0.005451946949474706;0.010461722591499578;989.0424242424241;0.06216649034574129;0.05577335550990381;3106705;278.0718336966638;93.09462065238024;0.28263607042623407
3203130;126405.1749999993;0.013105891815708093;-0.026780541028329607;264.5393939393939;0.03340401017402783;0.03086032560481189;3106705;399.62063416672186;93.09462065238024;0.24038013710860204
3203304;108431.38571428503;0.06792145345530454;0.027039483053162394;367.93333333333334;0.09384140523384765;0.0631160222836944;3106705;345.3604595825171;93.09462065238024;0.24163637517504702
3203320;663925.1749999946;0.13294790646249388;0.11531845616574099;876.0848484848484;0.05764177808809001;0.04435159285856871;3106705;369.9513960531107;93.09462065238024;0.27977971257290885
3204104;470698.5071428596;-0.05508857933568745;0.04589124900561048;413.9575757575758;0.06038665096937157;0.04648157415715426;3106705;452.5539273658001;93.09462065238024;0.2192376418882548
3204658;97437.62857142669;0.04504814845577787;-0.009757532903597821;230.4;0.05765038377278309;0.043825372226459436;3106705;385.3252667854169;93.09462065238024;0.24454983005994027
3300209;796902.4392857151;0.07202494263450321;0.004550747834614954;2406.454545454546;0.037407440537790215;0.03698615245056458;3145604;353.1743750813274;93.09462065238024;0.25873885345540004
3301405;-279344.3250000018;0.05294112137504037;-0.051276004940351005;231.96363636363628;0.02531781973476077;0.025192134784871145;3106705;337.35811998638655;93.09462065238024;0.2489506952006031
3301603;-164203.57142856976;0.07738384118507824;-0.02983928702448302;177.34545454545471;0.03913749896015073;0.041239177304798647;3145604;282.3366852283657;93.09462065238024;0.27331000359098206
3301702;2784645.142856966;0.08095469411771927;0.007283139983060849;10514.709090909093;0.04066510943178914;0.037513469755582785;3145604;280.4642183988718;93.09462065238024;0.326622908118676
3301876;386065.93571428605;0.1424656890011351;0.029161033109678103;541.4363636363638;0.04598138056418999;0.04567747464250549;3145604;359.50085500314486;93.09462065238024;0.2427122457526523
3302809;-116139.92857142857;0.27348835431015317;0.019964106909494017;255.36969696969715;0.03650935415635659;0.03566367785034874;3145604;232.6319123576208;93.09462065238024;0.3066913617704318
3303104;44149.58928571431;0.07609932610816461;0.007452316815219184;184.03030303030306;0.03395851547951323;0.03266093026264327;3106705;261.1661333736923;93.09462065238024;0.2873467435216106
3303203;-423025.9535714295;0.08463671924098515;-0.03373403543239939;1456.3575757575761;0.027657486571399215;0.027407602945165088;3145604;275.66201501414093;93.09462065238024;0.2826738645095202
3303500;-1542080.1250000594;0.11296850737929676;-0.0011938278249636891;10551.103030303033;0.038920058797911716;0.041061288951617314;3145604;268.92748913795276;93.09462065238024;0.29787632759544863
3304524;227804.23928571137;0.12424886269311974;-0.00817551599027444;2744.4060606060602;0.05224260754102472;0.04667830666629569;3145604;360.06339855971754;93.09462065238024;0.264385130905309
3304805;-38038.80000000003;0.1921725728057504;0.008243287692539347;494.4121212121214;0.025752761399379098;0.028631914254841684;3106705;315.92457676290866;93.09462065238024;0.2605234124021245
3305000;1378800.9142857315;0.12754225471212877;0.12327290576521732;576.8181818181816;0.07202468357835046;0.043481242685008636;3106705;377.02954049950546;93.09462065238024;0.3274269132631892
3500303;343059.88928572414;-0.07393109269434905;0.02747260447559685;754.4545454545456;0.030243883306429797;0.03565131483448569;3145604;268.5851219225261;93.09462065238024;0.3008788934114453
3500758;845810.71428572;0.08160871044814288;0.0863180508940804;145.64242424242425;0.06498221980927577;0.057218812945124764;3145604;447.7513071037148;93.09462065238024;0.22687002090919497
3501103;2933.9285714274192;0.04687894638510115;-0.01027564257086333;70.34545454545454;0.03310234524820288;0.028449067102843895;3145604;562.320498252492;93.09462065238024;0.19260308301277773
3501905;375457.31428571424;-0.0005090437490804511;0.00327073309902981;1370.4727272727253;0.02193752683378558;0.025242329667638064;3145604;300.4515400798755;93.09462065238024;0.2979854625374758
3502903;466817.15357142646;0.04298757020805288;0.024854951538807235;997.4060606060609;0.051683725244153766;0.04614564040587377;3145604;423.9272557012121;93.09462065238024;0.2334813749012111
3503901;4160813.1821428803;0.0714683851800808;0.0825572625619897;1607.3333333333337;0.03619201209194145;0.02889479931966399;3145604;337.0897539031444;93.09462065238024;0.2865614342598722
3503950;3714.2857142855323;0.005336992333072832;0.0016639241966991403;42.7939393939394;0.04070946107478268;0.03738605301580522;3145604;617.5537151025483;93.09462065238024;0.17862696761922245
3505807;-8449.096428574068;0.009246019791177229;-0.01888928228854203;543.9454545454543;0.02708129939177817;0.034244509413557056;3145604;626.7636910569323;93.09462065238024;0.19016246428039238
3505906;329234.049999989;0.013454156246710758;0.0017121858535207313;1178.9818181818182;0.02708399836090658;0.027941354714624556;3145604;288.03790590298047;93.09462065238024;0.2905955679001664
3506300;-5096.2571428577685;0.033784570615600584;-0.017164630274463577;244.169696969697;0.02944329711928595;0.03385060423613928;3145604;543.6693523429768;93.09462065238024;0.20210407791630103
3506359;163818.90357142995;0.025892405107405647;0.011427477990714863;1527.509090909091;0.06289549010547457;0.05763660142365912;3145604;375.3609256285117;93.09462065238024;0.2480627253331151
3506607;145424.43214285618;0.02927178832036348;0.0257495881929255;584.9454545454546;0.051682564518298335;0.044945009725220864;3145604;342.8245453803756;93.09462065238024;0.24825258656960875
3506805;-422588.21428571315;0.06014708003296443;-0.008927260303630224;228.7878787878786;0.02150883083151567;0.031146036720313575;3145604;414.46583394913125;93.09462065238024;0.23771459076151005
3507308;50168.39285714358;-0.11295047758678822;-0.013941814567546174;93.38787878787876;0.034362737724661585;0.030671578149455758;3145604;441.4391936317862;93.09462065238024;0.2531261440312579
3507704;-17602.500000000204;-0.03786937596909645;-0.010276005166345081;124.50909090909092;0.03768156834848124;0.04336904333389491;3145604;576.266954893416;93.09462065238024;0.18747299949132235
3508108;-26448.96428571498;-0.034100729884676606;-0.01610362587211256;425.11515151515135;0.031631276511562945;0.03622141559357739;3145604;554.0308717203186;93.09462065238024;0.20727867008621217
3509700;402959.24642856524;0.01079933911431219;0.0031140545949848164;1417.3151515151512;0.03726979684443443;0.04011875804801246;3145604;238.94228338541257;93.09462065238024;0.31379864539591684
3509809;-478659.07142857416;-0.1116965811986953;-0.11389311238274336;123.85454545454544;0.0434800916129825;0.052091139424656374;3145604;574.6445034483049;93.09462065238024;0.19588375807142153
3509908;-115638.78571428508;0.06236473386407293;0.005004660777352177;174.53939393939396;0.0439114894302699;0.04690934526931323;3145604;575.7529373491775;93.09462065238024;0.19378148097506714
3510401;-4100.132142856015;0.07780423305873407;0.025552141871191703;1049.769696969697;0.025227317246674374;0.02861369945519132;3145604;376.31567110578186;93.09462065238024;0.2570907860083659
3510609;-1697809.0714285388;0.02721095665461326;-0.009390275276910054;5339.478787878787;0.026000041720982026;0.027958344334443774;3145604;376.3385198735327;93.09462065238024;0.25473838877488314
3510708;-89949.82857142769;0.08955989271218745;-0.011219890253659104;270.9575757575758;0.02766386747191185;0.0355403549675366;3145604;534.8603417024328;93.09462065238024;0.19822466122915508
3511102;700066.0285714306;0.08311762517076304;0.013905842287852188;2115.1515151515155;0.018607786231577883;0.019766375893508936;3145604;433.5177242585902;93.09462065238024;0.24469249995218625
3513207;-19998.746428569015;0.18522470597930107;0.014176342471756698;216.0363636363636;0.05377038020776115;0.05161226418635034;3145604;271.8425853477696;93.09462065238024;0.28740763550399884
3514700;6655.257142857219;-0.04420553839456365;-0.0076742561894066474;150.60000000000002;0.027415679385706104;0.0452324658094323;3145604;588.2666834047893;93.09462065238024;0.1885437096726391
3515202;57787.021428571476;0.032163179897982896;0.030908283432381056;243.54545454545476;0.028048905454894246;0.03686897242141596;3145604;582.5378256208223;93.09462065238024;0.2239341822708022
3515509;1482936.4571428637;0.12285795607935368;0.07688594180288866;1643.7454545454552;0.02322959375260525;0.026949261106709255;3145604;566.2311087020585;93.09462065238024;0.2067751037634788
3515905;-92328.57142857224;-0.0672433095777969;-0.165402235776981;38.4;0.017048729495132697;0.01873490161507818;3145604;553.6372987599393;93.09462065238024;0.19374250262281933
3516002;-474749.02142856806;0.08924337585720199;0.043726067117257905;207.89696969696993;0.02725492376755212;0.030772638421035614;3145604;665.5763041994794;93.09462065238024;0.17421397555235701
3516507;106130.4642857114;-0.014216047825057476;-0.11130552917196201;49.7454545454545;0.03025539639630237;0.02590070383213683;3145604;601.3029128133363;93.09462065238024;0.19096594561480215
3518008;-30505.325000000845;0.6744084278445923;-0.1933310659299875;47.49696969696973;0.038586287634204686;0.04153316182832123;3145604;578.6659369681558;93.09462065238024;0.18887029915397133
3518404;2648972.178571439;0.04079261571668824;0.028293828919626174;1938.4424242424243;0.01950089450960424;0.02693005828956796;3145604;237.5496414701402;93.09462065238024;0.3370434649360856
3519402;77527.98928571385;0.026008071229061125;0.010045106723348018;232.02424242424243;0.033328755059443216;0.03263000572311503;3145604;460.71226759835344;93.09462065238024;0.2161005708947279
3519600;570132.0607142863;0.04390615619989502;0.0832517690333825;1548.1636363636367;0.03107102230338854;0.03551926714520781;3145604;431.24040203427637;93.09462065238024;0.23127333843707099
3519808;-59010.57857142816;0.06857720756238828;-0.11900129455733877;163.169696969697;0.03746962360918382;0.035312115808100675;3145604;456.0498795902408;93.09462065238024;0.22336579366703951
3520426;-63867.43571428693;-0.0067235750910124015;-0.09214681516956857;302.5030303030302;0.06037432753583594;0.0515780934991541;3145604;527.4765764457413;93.09462065238024;0.2455279111242072
3521408;968700.9535714248;0.03827461413954758;0.04454801917292084;503.53333333333353;0.03690473129695038;0.0326226776375822;3145604;348.50015188528204;93.09462065238024;0.2919188360569953
3522000;-31117.635714286305;0.025344018972556892;-0.068412862071628;67.06666666666668;0.03995211339810756;0.04328906492981455;3145604;436.59294547281786;93.09462065238024;0.2328835394407781
3522109;1121616.378571431;0.09886507207186912;0.047710953603227635;2546.278787878787;0.03411494480657429;0.05158726864163854;3145604;435.7300161046678;93.09462065238024;0.22475662008868985
3522307;2378916.082142864;0.02761701463936772;0.051255734438687695;3278.357575757576;0.02905380144798575;0.03285142541467101;3145604;461.72972659025737;93.09462065238024;0.23267194711813197
3522802;123783.59285714285;-0.0017337310792050475;0.042402134684887516;290.93939393939405;0.02700897633937438;0.03728562510834843;3145604;584.0347034421444;93.09462065238024;0.1910195472415126
3523404;2079767.7107143032;0.022983131795008216;0.04703535682047999;2595.387878787878;0.032296191983774314;0.029913021232460313;3145604;330.227765738674;93.09462065238024;0.28149151512577464
3523503;-18405.8642857162;0.09146511681783442;0.020551568566789413;452.2;0.04344273593754311;0.04738813598664726;3145604;473.4856250056266;93.09462065238024;0.21085342549918856
3523800;12180.357142856807;0.026748181458158493;-0.037413264607442764;195.36363636363615;0.039118502704861724;0.04273257460222357;3145604;250.27306847652352;93.09462065238024;0.29594734509636056
3524709;1442172.3035714251;-0.043715652547205885;0.03710076066658052;1349.478787878788;0.033692083221814384;0.03271833592862072;3145604;315.1847591922134;93.09462065238024;0.34263713027084775
3526308;-42086.86785714339;0.028275721961785516;-0.12004138245912;114.70303030303022;0.020204248926293467;0.02949936439734757;3145604;268.0198274468393;93.09462065238024;0.2813042579015755
3528858;446285.1642857137;0.21658244828563955;0.06464871445580833;137.92727272727276;0.08545233855125423;0.06301371068382622;3145604;450.86118580054045;93.09462065238024;0.24385305576647143
3530508;258541.3999999976;0.015197317732960292;0.0010706610495834212;1377.2606060606058;0.02773672913095071;0.030110377088691465;3145604;241.06197840915343;93.09462065238024;0.3197454510368483
3530706;539952.3464285623;0.011490723956445903;0.01536105119721376;3518.4181818181805;0.029396561800548504;0.030456401319646664;3145604;286.7951561466352;93.09462065238024;0.29831280319061065
3530904;-424787.21428572375;-0.19404325729128236;-0.3943500491308085;105.28484848484848;0.04648351368356307;0.05129370405076905;3145604;375.38312988913793;93.09462065238024;0.24380640776021606
3532843;-31180.35714285708;-0.06312018954075516;-0.16776190202784425;49.139393939393926;0.0392752353093162;0.04408296130575651;3145604;638.0955430276836;93.09462065238024;0.17517868679247584
3533908;1641872.8892857202;0.07754286491885765;0.09190411149371513;1412.2000000000005;0.03257903465358192;0.03523700225694948;3145604;424.5157646680354;93.09462065238024;0.24208218903720347
3535903;4808.078571428236;0.03255094641457368;-0.0429975645895192;108.75151515151506;0.03236459528287572;0.03873246923684248;3145604;603.8467533454508;93.09462065238024;0.1846954022094918
3536257;-44082.33571429074;-0.007067373967917012;-0.21789797525820886;88.54545454545455;0.047486591222909214;0.055545522925809276;3145604;542.0275683889588;93.09462065238024;0.19264063356320324
3536505;-1124338.1357142953;0.029674418349409093;-0.026936913110662486;2790.8303030303036;0.04044403171697608;0.036464715626676636;3145604;331.1738555404825;93.09462065238024;0.4437468602614214
3536703;1231177.2892857178;-0.06014228670892163;0.05835867290408947;985.9878787878788;0.026153160517510043;0.029257723686195503;3145604;447.90962725659676;93.09462065238024;0.24132806119476266
3536901;-199650.35714286202;-0.19255175046224893;-0.3341944425182205;57.6;0.023370520751412105;0.03164945538231301;3145604;552.6846508725166;93.09462065238024;0.1918591410144171
3539707;-109280.9642857161;-0.33626016562544536;-0.2883169650575115;52.848484848484865;0.040404497635205594;0.035640913526880036;3145604;596.370589369319;93.09462065238024;0.1882769500833713
3542206;282844.7071428592;0.028026437890324107;0.04427041352184036;580.3757575757579;0.023718495049834365;0.03103212295239599;3145604;650.0796860911929;93.09462065238024;0.1916576950823741
3542404;-632680.7428571532;0.13420987610587587;0.036303006948076755;450.1818181818182;0.03389490772367876;0.03595115195352072;3145604;691.1418470450875;93.09462065238024;0.1897484168457932
3543006;114198.10357142743;-0.0120809379750344;0.005133898659102298;523.1757575757575;0.07638261601446916;0.09114123967531329;3145604;562.8402069030973;93.09462065238024;0.18880177014016594
3543253;-315177.5392857122;0.09767571076041248;-0.10001317020178235;185.35151515151517;0.04366544263165384;0.05245222682273587;3145604;524.8554688976999;93.09462065238024;0.2047695223370469
3543402;11542746.482142901;0.04107314041913446;0.06673019687978488;11153.97575757576;0.02321496596986372;0.020871910054915732;3145604;313.9881133459279;93.09462065238024;0.31650072258314377
3543501;-103366.85714286125;0.2315381539912622;-0.24169917042001143;109.0060606060606;0.03639953231545734;0.04358438276920018;3145604;587.509218837325;93.09462065238024;0.18223311619611904
3544400;-7918.071428572227;-0.155790889992949;-0.14650920258972178;45.2909090909091;0.030219454146160674;0.03463311534195923;3145604;616.1532121439343;93.09462065238024;0.18145584100886591
3544509;1962755.8892856834;-0.008667995728176003;0.2477166716183128;132.6181818181818;0.05041277465464011;0.059174982217480965;3145604;646.2958921459737;93.09462065238024;0.2279770262052337
3545159;-54493.857142857356;0.0022253984030455864;-0.027893282666626384;198.0787878787879;0.039676340983485936;0.03313419702231335;3145604;378.57474290804043;93.09462065238024;0.2482830879500952
3545209;2849392.764285704;0.08374288364306381;0.08347210153702123;2832.951515151515;0.03892932602634591;0.03632648625833945;3145604;376.7383192875331;93.09462065238024;0.2673393956694612
3545407;70786.82499999368;0.4876554028671376;-0.10873253812110295;198.8060606060605;0.036153732664176985;0.0441742067504427;3145604;585.208372162061;93.09462065238024;0.19756225640932015
3546009;-34304.29285714292;0.05478271147313163;-0.007091626178109545;259.12121212121224;0.03230473282492774;0.037072532663051216;3145604;318.9156300485341;93.09462065238024;0.26354729777746355
3546306;-1301343.4535714132;-0.08499039673559605;-0.07683577468928504;586.0909090909095;0.026845890061578892;0.03182005099333285;3145604;280.1606128589764;93.09462065238024;0.2830521263752388
3547007;-229325.00000000017;-0.03941458603945269;-0.11799332164100829;115.89090909090906;0.024452472019512728;0.028227889021005925;3145604;402.0135491266993;93.09462065238024;0.23126569639963945
3549201;8251.157142856846;0.0008845648132738138;-0.01152203494497328;48.70303030303029;0.02889428527964677;0.03566151109927573;3145604;578.9088098548909;93.09462065238024;0.18452488085727495
3549607;-120907.28571429005;0.04484399156771879;-0.2881520029340424;68.64242424242424;0.032827997417522736;0.04477808086025381;3145604;217.63235449097417;93.09462065238024;0.31477885125487215
3550100;341939.77142857516;0.018079183270290233;0.008767651584265623;659.2727272727273;0.020022145655238743;0.023594327299682805;3145604;447.94273882698184;93.09462065238024;0.23310092818667996
3550209;78509.43214285796;0.07213498762349957;0.03082577697766542;727.2666666666667;0.0408863285842076;0.04264953436967667;3145604;480.619274219507;93.09462065238024;0.20805954234712726
3550308;-14308236.049999584;0.02832169263716322;0.03440268627515208;233667.72727272726;0.031239273511157295;0.028196146774219777;3145604;366.2341549409755;93.09462065238024;0.5988625736317787
3551108;-57764.82857143075;0.07918216658706845;-0.10546426070087267;245.44242424242404;0.04158649009948645;0.03901632314697934;3145604;449.5782096744852;93.09462065238024;0.2148226239303857
3551504;302879.9892857105;0.0751381109452145;0.04798434226216752;976.8484848484851;0.03615495114152911;0.0419701200761633;3145604;292.7070688665905;93.09462065238024;0.2829799806841808
3551900;-354046.2071428632;-0.09275059748019798;-0.12123662973428029;300.30303030303025;0.03245745788043819;0.035395222529289505;3145604;413.64189408610594;93.09462065238024;0.23114938740807003
3552205;8215246.842857174;0.04116209149981054;0.07951890271196893;12454.751515151498;0.03035721560874083;0.02590631803394894;3145604;411.6658642472305;93.09462065238024;0.2727954234191751
3552809;1186966.1642857294;0.03144923053982018;0.05990266895452234;3919.4121212121213;0.03518100164267057;0.02965806578050656;3145604;378.7921173585754;93.09462065238024;0.25411623676950496
3553203;-107151.26428571444;-0.021199831476694575;-0.022197966495510202;110.68484848484844;0.03382204161915525;0.03158864980140019;3145604;379.3436372991313;93.09462065238024;0.23680401383953262
3553807;3616573.850000005;0.022034518963403693;0.0383075074414676;624.2060606060605;0.03215030155717957;0.039442770648742576;3145604;552.8953931938897;93.09462065238024;0.22356002802608593
3556206;2920276.8285714253;0.05672186202964391;0.06246038088415751;2760.4727272727273;0.030987804262432306;0.027890204632811555;3145604;337.470286710477;93.09462065238024;0.28131363356396366
3557006;1164012.7964285917;0.05084005696438898;0.060243933445256914;2707.8909090909087;0.038523658029143926;0.03722602035754474;3145604;415.2392008398751;93.09462065238024;0.24158281981406052
3123403;56499.999999997555;-0.13016885378553134;;17.387878787878776;0.013304311664084079;0.026023854159707538;3145604;120.63582051090154;93.09462065238024;0.3951680260651456
3145406;16363.157894736842;;;38.07878787878787;0.028273414657080886;0.04637377804320075;3145604;158.90843669435904;93.09462065238024;0.21788109646277048
3544707;10900.22675736961;0.4727879699613686;;42.54545454545453;0.02842417727633828;0.04022356899864454;3145604;648.5958510445529;93.09462065238024;0.1514215738699218
3100609;13958.999999999813;0.09047825126391906;0.005038357206739619;231.63030303030817;0.056975089206041885;0.058215849439709366;3106705;291.3323874639021;93.09462065238024;0.26553470885734665
3100906;124726.81785714132;0.014331196081291964;-0.0032920881971807425;293.24848484849133;0.04285053340013989;0.052193672976305505;3106705;470.42854521474777;93.09462065238024;0.21048247858956837
3102100;116413.67857142753;0.041088327045558426;0.05837876677645326;155.9696969697003;0.0298673534770173;0.03093138530861861;3106705;144.10827918592;93.09462065238024;0.3876383709327365
3102407;14737.499999997704;0.14097331965757287;0.013265633855605419;85.50909090909278;0.0619899581886687;0.06266854581684322;3106705;162.8501902578467;93.09462065238024;0.3638372353665671
3102803;193383.92857142913;0.025717476651245796;0.03475529275146427;214.60606060606523;0.026931447046711687;0.04433636560186094;3145604;127.76164870114576;93.09462065238024;0.4187963379815687
3104502;378441.9535714286;0.19036562886331532;0.07840463333405956;216.87878787878788;0.04162283039928094;0.035386676457927146;3106705;493.0931861564087;93.09462065238024;0.20216545031312527
3104601;-27302.075000000328;-0.03475066746408684;-0.027221516433392545;239.0969696969699;0.022673178007268202;0.03710552066988537;3106705;205.26255997662582;93.09462065238024;0.3341940461017726
3105301;-12818.678571428229;0.021463488798667996;-3.736641541396413e-05;154.3333333333332;0.04958984068477146;0.051293375469016134;3145604;197.84178593848515;93.09462065238024;0.33434643934839053
3106705;7375284.103571559;0.013413087203066887;0.028428967763263424;6768.460606060607;0.04546604681407618;0.03329248086823511;3106705;0.0;93.09462065238024;0.9553784432675201
3107000;107168.9071428573;0.015141299984343881;0.061273349140700484;53.37575757575763;0.0379729517862486;0.03523529920858759;3106705;189.86579262689136;93.09462065238024;0.3395403417585501
3107208;9503.571428571346;-0.0019216035051372593;0.005145345666270007;135.01818181818183;0.00583577737709895;0.048382172834894766;3145604;169.61699372349173;93.09462065238024;0.35775385433347195
3107406;842023.0285714233;-0.02490155243795611;-0.0018073744723143825;1146.7757575757578;0.02990412193945846;0.03624478527554742;3106705;113.87101039652153;93.09462065238024;0.45477125527760415
3107703;1837885.635714287;-0.006331121614771562;0.05936179243548567;137.1090909090909;0.041157809007579704;0.049202394180321685;3106705;80.97828790820736;93.09462065238024;0.5435032842850097
3108909;57038.539285714054;0.07165091588595329;0.015244276895561182;294.1636363636366;0.03148176359486521;0.03914759130293999;3145604;213.6222206095473;93.09462065238024;0.3189294715159281
3109105;42709.028571428855;0.03832248980899622;0.012663412263396845;291.969696969697;0.03428879625759573;0.03673352962895238;3145604;249.28875717837658;93.09462065238024;0.2943864083906866
3109501;56726.332142856874;0.005661392042669355;0.023989013975841855;257.0060606060606;0.02969165820979147;0.045130730286592424;3145604;183.4550404309629;93.09462065238024;0.346655006016722
3109808;-9037.500000000176;0.07163920822653269;-0.09814179443549609;58.66666666666668;0.042912475303445996;0.05092395030159347;3145604;546.4505830204978;93.09462065238024;0.19608577895576482
3110103;213823.77499999874;0.05793375380961252;-0.002241535757248947;89.72727272727272;0.04525642942569208;0.047206897785367685;3106705;250.33008371603935;93.09462065238024;0.2931517845937382
3110202;185786.2249999995;0.04743702931575933;0.2406883368686048;72.16363636363639;0.03892742083999856;0.043952334878189614;3106705;173.01144829749157;93.09462065238024;0.36122264853324104
3110905;-61231.78571428752;-0.014369934570995668;-0.020203887389938058;262.54545454545456;0.022424787096251952;0.03022967260973841;3145604;139.68658258357954;93.09462065238024;0.40965251069149733
3111150;-17471.435714286315;0.1206584689329877;-0.1350829448250892;52.24848484848485;0.046795619671746724;0.07303200254156517;3106705;390.5065072871041;93.09462065238024;0.2248342305822504
3111408;280605.5392857152;0.08083735141595305;0.017287387341299087;117.51515151515149;0.03588047768341229;0.03258296514810799;3145604;404.0772923986081;93.09462065238024;0.2546789037659537
3112059;37826.78571428592;0.30532223523211055;0.0225997878277584;85.76363636363635;0.0540748677319105;0.05831998051161702;3106705;230.582221041563;93.09462065238024;0.3016423574962542
3112109;-20764.285714285295;0.11693962110071654;0.02850955863383975;119.28484848484848;0.038333273842360516;0.04449016867680733;3106705;247.41301757907468;93.09462065238024;0.2924383699697482
3112406;-44183.03571428574;0.039419475834983286;-0.0474981873640985;138.9878787878788;0.03224549203097915;0.04161717676798471;3145604;232.0016920168639;93.09462065238024;0.3060707530539859
3112653;-50027.72142857205;0.0436538402529405;-0.1321988030796486;148.21212121212122;0.05754378947154781;0.06460800281170243;3106705;264.4751609944276;93.09462065238024;0.27860299051140197
3113107;7527.71428571405;-0.28044972812038493;-0.0028820041853095946;41.9272727272727;0.024379287251770965;0.04143691072203448;3106705;111.31428367561658;93.09462065238024;0.43569844115588974
3114105;-40067.742857142504;0.026182677075172744;-0.033256369726571755;217.30909090909097;0.03757410914980164;0.04625600112473682;3145604;161.1958840697739;93.09462065238024;0.3700039953300356
3114303;-2001260.4678571476;0.020203600478654105;-0.0957572221587154;695.9636363636355;0.035224343559100646;0.03516300901966107;3145604;245.4491386061494;93.09462065238024;0.3071796995371349
3114808;5408.753571428437;0.08124543880617563;0.03465292859767888;103.44848484848485;0.03774754727700946;0.04991356137777969;3145604;149.62852577142672;93.09462065238024;0.38124624842238297
3115300;7850.603571429229;-0.0017567226139749703;-0.0027099776811140286;997.6242424242424;0.01151881617650341;0.026133954377855373;3106705;223.25265866308402;93.09462065238024;0.3218196835476356
3115409;17516.071428571544;-0.1176455432440544;-0.026458299208055314;46.38181818181823;0.03137449263176317;0.03478705408274685;3106705;109.09310625081673;93.09462065238024;0.4406389670887814
3116001;83537.35714285706;-0.003193209606992764;0.012939631157799392;189.93333333333337;0.042982733958168984;0.05299733627704484;3106705;262.51504560537506;93.09462065238024;0.2849940382552104
3117405;-12996.250000000293;-0.030936879450594867;-0.022162197579737253;51.145454545454534;0.039821750234123376;0.02575699863131642;3106705;262.37633446777886;93.09462065238024;0.2821495186972509
3118403;13719.528571421599;0.03273030615342587;-0.10126354676445026;379.9939393939395;0.042907178744189256;0.043271609222425234;3106705;298.85196499658565;93.09462065238024;0.2676155968598611
3118809;108437.84285714259;0.03195427996008626;0.03541413978328456;363.3333333333333;0.03983856220238202;0.047667302933749545;3106705;365.42322637698715;93.09462065238024;0.23379687778006675
3120409;1670068.6857142914;0.18057349402015332;0.101508851247615;129.52727272727284;0.0343690165338979;0.044858457511853134;3106705;104.24695987520144;93.09462065238024;0.47092843582444766
3120508;55326.453571426406;0.04722234190724084;-0.05072202595378472;176.77575757575767;0.036566111432379866;0.04596010272533291;3145604;173.9015947633689;93.09462065238024;0.3599641739405202
3121100;32603.299999997154;0.09686836341689675;-0.18121248912964205;101.83636363636367;0.03338226007891465;0.038120756225242136;3145604;206.07570861463205;93.09462065238024;0.3229039195426129
3121902;106213.57142857122;0.08029354549682588;0.11307328507442871;79.26666666666667;0.035847587939906944;0.05395161955179195;3106705;169.19004113834117;93.09462065238024;0.36076688385943584
3122355;2470713.892857128;-0.01587330364007211;0.14367639005238497;87.04848484848485;0.06194731279168142;0.07049126033047237;3106705;560.3601010944775;93.09462065238024;0.24506113995640608
3124005;134106.51071428522;0.16646492338795937;0.04219828815784732;555.0787878787878;0.05031305207909953;0.04986725030595207;3106705;188.16698465941133;93.09462065238024;0.3414224119820201
3124104;448767.42857142753;0.011350108933627201;0.04376547065417258;1489.2666666666667;0.057332418254695705;0.07435620185292735;3106705;25.1138624378897;93.09462065238024;0.7182908023677087
3124708;11440.714285714343;-0.0444753072273103;-0.010197731752199957;42.69696969696968;0.02061381739300505;0.027886441863288036;3145604;165.03612685903167;93.09462065238024;0.37019637545000933
3125309;6619.642857142849;1.584400601373913;0.11462703233839266;32.33939393939395;0.017287364597004418;0.027812166945936134;3106705;245.73842253489042;93.09462065238024;0.2940751455220385
3125804;-28004.28571428566;0.200793126470163;-0.16424428177659112;44.084848484848486;0.03656414288887366;0.039723798756568396;3106705;239.85224805147286;93.09462065238024;0.2973445993167833
3126406;-39271.42857142869;0.03217618068769679;-0.09983963883461289;56.53939393939394;0.06241852883805832;0.05183166582001819;3106705;52.279671815528616;93.09462065238024;0.5886822678374986
3126505;50887.50357142874;0.08168029054761905;0.056218329520068444;77.37575757575755;0.038480954338590445;0.032087048848266964;3106705;384.0541412426913;93.09462065238024;0.22456864861812287
3126901;1134131.3928571425;0.04365937135607911;0.10496819996452222;143.58181818181816;0.048813254209709056;0.04857346746729263;3106705;286.94411006899026;93.09462065238024;0.28592641143210124
3126950;36901.78571428581;0.16333265441378186;0.15418488450455814;38.854545454545445;-0.011261667389696028;0.03273992903347134;3106705;250.12396766770672;93.09462065238024;0.2858850022517611
3127008;-145334.6714285703;0.17722732731255486;0.011674903187518071;230.20000000000002;0.015467376725041282;0.02845913902625541;3145604;457.54072102654214;93.09462065238024;0.23688770287754768
3127305;204578.32142857157;0.18848952702392552;0.08561043870871554;106.15151515151516;0.04422886301639384;0.05363917459450929;3106705;299.0253528094921;93.09462065238024;0.26847249437946713
3127370;37650.00000000004;0.07392164198207185;0.03285165268836865;70.92727272727272;0.03020368433014098;0.048147788516507584;3106705;330.81329867634304;93.09462065238024;0.2491313438594361
3127404;54823.21428571419;0.09975551630390256;0.03763828213428533;88.74545454545456;0.029550381955473437;0.034899108655008115;3145604;242.0144193975882;93.09462065238024;0.2999879057437947
3127701;577831.9142857173;0.028718380685200273;0.013342451113958376;3992.1939393939383;0.026238305448489374;0.0289250061053814;3106705;265.9749092694153;93.09462065238024;0.3039976774505615
3128204;27979.285714285703;-0.0036363957513840806;-0.028875108267724214;165.46666666666658;0.0378365868005508;0.039962151148789316;3106705;141.3025587984061;93.09462065238024;0.3901936837480399
3128600;111832.98571428555;0.08799833271673707;0.020787621997202965;213.63636363636363;0.04942840925442393;0.061946674808133206;3106705;390.9534492621762;93.09462065238024;0.25184126927912664
3128808;44762.49999999544;-0.13942327121850662;-0.14411134007356252;118.63636363636364;0.029070503334147846;0.03167345650119291;3106705;197.6580342597367;93.09462065238024;0.3358260817068335
3129103;-33422.000000000015;-0.002898566983340567;-0.034878695637592494;53.539393939393875;0.026759105566891872;0.022609380433653126;3145604;543.8584543881245;93.09462065238024;0.19169180599156838
3131703;652944.6928571338;0.03411180742882447;0.03242952277206412;1830.3757575757577;0.034180200028921304;0.0279539123607071;3106705;108.37224634940905;93.09462065238024;0.4853134559276099
3133501;104132.1928571423;0.06214284749481491;0.021226664447445254;358.5636363636364;0.02948871191064284;0.03629528726270337;3145604;40.04861265815339;93.09462065238024;0.646346792604078
3133907;-155875.47142857398;0.05434774034108458;-0.1434523338288417;80.2727272727273;0.027864521535247322;0.0374204943353833;3106705;99.88598897380241;93.09462065238024;0.4612162981815333
3134004;352803.4500000003;1.0501803821910984;0.1688580714228547;168.35151515151506;0.06471917740680366;0.06117845255173138;3106705;453.1138699970722;93.09462065238024;0.20962209753159483
3135407;-76291.07142857388;0.1880722482192969;0.02680082979576026;136.78787878787878;0.06378299438407731;0.052782364051943365;3106705;66.80381784667323;93.09462065238024;0.6318759451112537
3138401;-869478.2642857098;-0.08355828542335841;-0.030927627240264766;759.0666666666664;0.025892271145632417;0.03253901405349957;3106705;237.6236737632754;93.09462065238024;0.3146471108539916
3138807;1557669.4821428487;0.09435338900812806;0.03517088561985093;476.8242424242425;0.033038616858279024;0.044385676999050494;3145604;134.3297062682648;93.09462065238024;0.4310093303219787
3139003;245093.93928571313;0.019768570942120478;0.009954505446724937;683.3272727272736;0.02869941077250293;0.03071784747759021;3145604;157.1737812796227;93.09462065238024;0.3851409869066023
3139904;34607.142857142615;0.024399807259133155;0.006502782655785522;221.28484848484868;0.037329676495318376;0.039593074498965874;3145604;187.39230295769545;93.09462065238024;0.34236246937148185
3140605;1664.2857142856162;0.24512195032514006;0.03218578416516338;92.88484848484849;0.05962808730901692;0.06569992912496359;3106705;205.1931615421477;93.09462065238024;0.3208117122074609
3141009;94517.63571428528;0.15104932997193687;0.020096577279950845;244.1636363636365;0.03510521945977052;0.03142103005898145;3106705;527.8846675245239;93.09462065238024;0.19752552823617314
3141504;14430.332142857153;0.029931161010932072;-0.020536495369105956;109.36969696969699;0.04269672848372075;0.044383077041374897;3106705;327.2122678006706;93.09462065238024;0.24932529827773614
3143005;395883.28571428533;0.025428224892169782;0.040433849036244585;380.00606060606066;0.033157039871158034;0.04596911162948181;3145604;173.95538561827595;93.09462065238024;0.3646691465561584
3143500;165091.6821428577;0.06480647003830509;0.07735742060605566;230.5090909090909;0.06599984330966202;0.05912821125761303;3106705;194.59121933129438;93.09462065238024;0.34128260659062104
3145372;19191.07857142864;0.22311379501903406;0.0721490096164421;96.47878787878788;0.046680333809617114;0.053954859181491566;3106705;478.58886723709315;93.09462065238024;0.20287315088651334
3145877;-74683.9000000011;0.07323887568739029;0.12771746163659947;221.5212121212121;0.07305670285648524;0.06621285537639698;3106705;217.52175608868086;93.09462065238024;0.3112559806611937
3146206;-15166.085714286739;-0.0309375397977385;-0.1417562241678786;104.0848484848485;0.059944726654787894;0.05308783881340173;3106705;372.94372349759146;93.09462065238024;0.2299462674505833
3146255;81660.56785714255;-0.10712923741529046;-0.10659758797799768;53.854545454545466;0.07947905573947578;0.05413186698862815;3106705;438.6114720330323;93.09462065238024;0.22076413610849793
3146305;257307.74999999936;0.013091788804644233;0.03582403595244732;339.2242424242424;0.03619888200082744;0.04640316007769596;3106705;430.67576274794584;93.09462065238024;0.2163148215415074
3146404;67239.89285714278;0.09876982242939158;0.05869752351259505;73.64242424242423;0.021823308987967582;0.027519350724373393;3106705;183.24094487792453;93.09462065238024;0.3446296828757965
3147105;950881.0249999994;0.0281974534293159;0.042872257439150685;2043.7151515151509;0.027890217513528937;0.030902276497908998;3106705;44.741270495622224;93.09462065238024;0.6392440108658862
3147303;-64937.86071428568;0.18056777853464556;-0.058134174666701455;343.2181818181817;0.025821751051612107;0.03312433545486004;3145604;228.57445823051975;93.09462065238024;0.3184726092981374
3147808;8342.85714285715;0.1848778413819221;0.10123177489823121;144.15757575757584;-0.025294830752775832;0.06303848855632377;3145604;178.9809663664492;93.09462065238024;0.3460074178185384
3147907;1285913.5178571364;0.10312298373720474;0.05795813428615526;1929.072727272728;0.02783042191417251;0.026114501197558315;3145604;185.15284891496992;93.09462065238024;0.3569396689879103
3149408;-10314.285714286481;-0.013588640501920879;-0.028637978574697964;50.14545454545454;0.04101995462273633;0.06464669976286275;3145604;158.97255376386562;93.09462065238024;0.36800710355197885
3149903;124493.32142857416;-0.028872087494339116;-0.00604182461059799;541.0242424242423;0.035997221231267584;0.042780872431263495;3145604;51.594654895695484;93.09462065238024;0.607354445599833
3150406;5251.603571428207;0.092043296137025;-0.002353028128997958;139.03636363636363;0.046466213907028875;0.0462402192512974;3106705;56.17362233534054;93.09462065238024;0.5759906828570428
3150604;60026.55357142832;0.04634241228977465;0.015883341132774786;173.27272727272722;0.029526799473941434;0.04255342824936892;3145604;42.13605137304917;93.09462065238024;0.6398180606396938
3151909;64710.49999999422;0.07155942519469205;-0.0047049378641654815;136.16363636363636;0.03624125476676032;0.039533720448951426;3106705;271.353006633928;93.09462065238024;0.27770069402055525
3152105;488691.1214285729;0.05513134035320855;0.03867714815330703;905.6727272727273;0.020223957288784122;0.029084384192730184;3106705;144.6805490768872;93.09462065238024;0.40524025773248323
3152501;1976444.854868338;0.041447619602489105;0.039862787479207684;3038.60606060606;0.0300688017673032;0.03347496057800847;3145604;205.11979277973947;93.09462065238024;0.3620216368549227
3153004;36778.81785714187;0.05957553873288668;-0.12169504328406833;104.9151515151515;0.0534836848035416;0.050536589024097855;3145604;193.4273735650892;93.09462065238024;0.34190971868324893
3154101;-261192.94999999445;0.0364273774039221;-0.04769018897065924;90.37575757575753;0.025090569307467003;0.024689766798108304;3106705;250.29701677136092;93.09462065238024;0.2896577495462569
3154804;181034.9607142855;0.016537354509767566;0.016161090915991272;128.66060606060609;0.039713645051776325;0.03074961327402903;3106705;45.18902503002779;93.09462065238024;0.6257682301274965
3155306;474470.0821428572;0.04649926024939299;0.03924928188554411;119.15151515151518;0.04016234808170083;0.04103840966753225;3106705;35.12872834195528;93.09462065238024;0.6711486146759149
3157906;169800.79285714196;0.3084634607672856;-0.04620931680669005;444.65454545454537;0.058384809449918196;0.05249061703415614;3106705;208.6296297710135;93.09462065238024;0.32131598015531515
3158607;-1742.8999999999464;0.040675973116620856;0.009480869209790299;50.72121212121212;-0.006486669031954939;0.03370286456014626;3145604;222.16627459607201;93.09462065238024;0.3087508060409898
3160009;22553.571428571417;-0.0005076143004189015;-0.06804985080612957;55.951515151515174;0.026038314855869382;0.033760520484100276;3145604;240.16848866542674;93.09462065238024;0.29589645423809174
3161106;227458.5321428577;0.055978692667624896;0.028355297778478672;764.2666666666665;0.04228499801984853;0.046436372525959335;3106705;451.88970089233646;93.09462065238024;0.21073241720482827
3161205;-29455.000000000484;0.02525894908874049;-0.04957237960386873;147.67878787878786;0.04254003758179459;0.0461109152593584;3145604;16.11287013002117;93.09462065238024;0.7640693426123498
3161502;247313.52500000034;-0.002770680487919841;0.03118157977400804;162.43636363636367;0.060349689405937434;0.0447587072972635;3106705;177.66463331484866;93.09462065238024;0.35959839769711727
3162807;439191.0714285709;0.0125057155598709;0.03186049735786356;305.97575757575754;0.04495102978980259;0.04638600855210173;3106705;218.14767821689804;93.09462065238024;0.3192095025498828
3164431;151743.33571428328;-0.4737283490239468;-0.13746526759622257;79.64848484848483;0.03622512723847393;0.05057501739386128;3106705;90.45025558208103;93.09462065238024;0.4859623068248957
3165404;87671.42857142881;0.2840005542589661;0.09601956198514561;91.9151515151515;0.016142225948700073;0.024278900843521578;3145604;245.77937304553046;93.09462065238024;0.2980211402615484
3165701;65125.00000000003;0.036189667488389476;0.018053341298002845;272.3030303030303;0.04730969451350009;0.051079160293659776;3106705;156.58984360863565;93.09462065238024;0.37452974481740187
3166204;22306.428571428278;-0.0033829155531543975;-0.015617401076215454;225.46666666666658;0.04261854237966678;0.04705139879235554;3145604;134.95189717362388;93.09462065238024;0.3991506874435234
3166501;23799.99999999992;0.12237614389669704;0.04757683454494699;49.57575757575759;0.026006264465144868;0.047587348083185654;3106705;209.0266640602438;93.09462065238024;0.3162644600392092
3166808;1046951.2928571429;0.11187633535032071;0.10279392532947873;318.0363636363635;0.04995409478973323;0.05473820969615839;3145604;263.3588310140746;93.09462065238024;0.3002212245900205
3168002;232298.56071428518;0.05031986946950573;0.025498979056936655;1172.2424242424238;0.0412935328657873;0.04851244240507069;3106705;507.17765763787213;93.09462065238024;0.2014393522929129
3168606;602132.374999979;0.05104052074938448;0.018576862384970028;1717.0848484848482;0.031162944220111566;0.03150500755836383;3106705;367.5419796419047;93.09462065238024;0.25053746027195406
3168705;88838.13571428673;0.050942413598901615;-0.010788754752269925;1312.1272727272712;0.03306657383381362;0.028063029264346673;3106705;168.13733900521552;93.09462065238024;0.38464337455010095
3170909;92587.76071428575;0.11138254434563977;0.0004126213176753879;297.5818181818182;0.04610619070876676;0.04610945218685347;3106705;474.88846501330244;93.09462065238024;0.20317506632239146
3201209;1526357.7107142664;0.0167614937244136;0.0037942332481781804;3431.727272727272;0.03426307482512225;0.03016387715886082;3106705;335.6421384353452;93.09462065238024;0.26821783130069676
3201506;6603535.649999995;0.02601825923838308;0.05224007157665511;2787.066666666667;0.049912912917235985;0.041788104622910716;3106705;376.866242640547;93.09462065238024;0.26059252815126704
3202603;-823946.8035714271;0.03934567035299952;-0.016826377164013806;173.4484848484849;0.02414444443593111;0.013503234371017525;3106705;364.80461145334255;93.09462065238024;0.24645005294054034
3202652;291098.64999999997;-0.030177035871329916;0.007716244721437171;573.6545454545454;0.08107777048905551;0.07367515915701217;3106705;270.22494908875694;93.09462065238024;0.28321732206254446
3203106;48101.07142857162;0.13519472068492022;0.045009399654713844;219.3939393939394;0.04122786305557513;0.03807071892735148;3106705;306.77246567513504;93.09462065238024;0.26089475543640583
3203205;3798688.8035714114;-0.049562516524904066;0.020194439060871705;3832.3151515151512;0.057644790132992174;0.046412837610288804;3106705;437.72463993859856;93.09462065238024;0.2415617849270414
3203908;489723.97142856964;0.03442511495097089;0.015016204867268845;1029.0666666666666;0.05670406773386083;0.03988066718694383;3106705;421.8305290084981;93.09462065238024;0.22925112268951497
3204005;110524.12142857145;0.05011131012825598;0.037917418734567;328.24848484848485;0.06217874915423738;0.037947729137178365;3106705;360.27355500746944;93.09462065238024;0.2378100374877613
3204401;-120326.97857142726;0.4334686456643806;-0.03330585551157439;241.6969696969697;0.037828531249241015;0.03378488927949008;3106705;354.00897100368667;93.09462065238024;0.24679381387170288
3301108;-208134.91071428638;0.07411221200656781;-0.013811321649515707;244.06666666666663;0.03401135026809121;0.030883229486996067;3145604;292.15322005169105;93.09462065238024;0.2882328535358549
3301157;157328.6035714286;-0.12629038088423128;-0.016855186183452053;166.4545454545454;0.040201029712215064;0.03570579287429143;3106705;317.3494992164144;93.09462065238024;0.2645267436227232
3301207;171617.3428571436;0.2468190053461201;0.011637319101127641;271.3878787878788;0.04617565623449771;0.05058543909565305;3145604;268.1088160595697;93.09462065238024;0.29107323998761925
3302403;-1294331.7928571538;0.02661351012551383;-0.03156929659930874;2818.0484848484843;0.03711747656139619;0.024168777441036182;3145604;366.0124714452391;93.09462065238024;0.27275317027241225
3303955;-177020.2464285706;0.08979576026979519;0.0030454868321927453;340.5818181818182;0.05426120607056517;0.043118850749537696;3145604;219.5806642219253;93.09462065238024;0.32426938252295145
3304151;-198877.74999999988;0.0924309872535849;-0.04986947313749701;288.94545454545454;0.03146897775020241;0.03328414740474739;3106705;369.8358406118712;93.09462065238024;0.3032147674623316
3305208;1314272.7999999903;0.04249176878557992;0.023391386140625192;1638.8606060606062;0.03928175247672239;0.04441187676996572;3145604;368.9461150482427;93.09462065238024;0.24622638317985254
3305604;26726.146428575936;-0.1452795552818742;-0.03248667672883032;311.551515151515;0.04937963194809947;0.04204245202087553;3145604;332.6382910898253;93.09462065238024;0.25446808754633893
3305703;20364.317857143207;0.0879838363450367;0.010281284653432587;389.81818181818204;0.05844969892017149;0.04833419229529046;3145604;268.7685126108104;93.09462065238024;0.2830893632532727
3305752;1963766.1321428544;0.1501447327309644;0.05324031196914247;455.0;0.04973574974871586;0.04674457760491513;3145604;314.8147207628199;93.09462065238024;0.2731388603339508
3500105;863141.1642857109;0.06393040808723671;0.030931994855036615;625.5939393939392;0.02074821247172065;0.023428182755510507;3145604;656.5535609969473;93.09462065238024;0.1915565080355592
3500402;1334499.967857141;0.060977477082880815;0.13320537841064573;147.4606060606061;0.03056566750608547;0.03176408585433599;3145604;238.93547276340414;93.09462065238024;0.31417700490263845
3500550;295681.7857142837;0.03351555677616158;0.05764040751979893;189.33333333333337;0.03910806118020482;0.04447012507721615;3145604;516.2279477745293;93.09462065238024;0.20380235533663826
3500907;68885.57142857101;0.17849915786568982;0.03488076046695321;60.212121212121254;0.03139354525347837;0.0396104758087239;3145604;440.4622743908515;93.09462065238024;0.2235057256762683
3502101;932723.724999996;0.016596344574676847;0.010775326612154412;1282.0787878787883;0.026493775255644225;0.029360303679926147;3145604;681.136422959312;93.09462065238024;0.20602876854637492
3502507;-1397229.5500000026;0.08220397477178487;-0.032681655527700304;313.9333333333333;0.017382917141584908;0.016328212486873772;3145604;242.81460193090564;93.09462065238024;0.3183129937949967
3504008;1572005.425000001;-0.002786758400219913;-0.0028805125639781437;2144.066666666666;0.027114467271224463;0.0273868335013725;3145604;617.297226602004;93.09462065238024;0.20157134379598468
3504404;181830.27142857385;0.06911117566747316;0.022351461858439503;192.71515151515146;0.031753456764624044;0.0342041631305634;3145604;538.0746949186696;93.09462065238024;0.2046435973759025
3506409;-110451.78571428606;0.01648548311808251;-0.09546942252205781;170.3333333333333;0.029268126299375252;0.03028186404195976;3145604;591.0631060411912;93.09462065238024;0.1886665138037406
3506706;325637.68571428605;-0.07593319768326323;0.020013903220849505;274.0363636363637;0.03291344438718502;0.03499289568033026;3145604;395.90221512726936;93.09462065238024;0.2352993163800542
3507100;1562482.9178571394;0.04296377415570962;0.051099531666543685;674.1757575757572;0.043022632619876156;0.042881164545293116;3145604;319.4028615520581;93.09462065238024;0.28212220793418324
3508702;167524.26071428496;0.014540103064336618;0.011466096986761043;379.0909090909087;0.03563699472066917;0.03619542419855515;3145604;209.63448856727703;93.09462065238024;0.3267931346041061
3509601;-460333.00000000326;0.06497157093947137;-0.008224342044994892;1574.484848484848;0.027617219528967007;0.034109337782213256;3145604;344.5539322496326;93.09462065238024;0.2621958571201708
3510153;-222985.96982248448;-0.2871425334581663;-0.27071618007310105;127.78181818181818;0.07664149814301391;0.0631039922163632;3145604;571.9856749798156;93.09462065238024;0.2250511610403428
3510807;-493719.55;0.020340736760769973;-0.00829032528808149;564.0909090909082;0.025243263448667452;0.03019739161018742;3145604;262.4975186110377;93.09462065238024;0.2979527780152951
3511201;-234150.91071428682;0.09958293137828278;0.0009204737552599429;130.5939393939394;0.030774298837568992;0.033872532684923184;3145604;441.4920657301026;93.09462065238024;0.22965878937840317
3511300;632077.8964285717;0.10939670775851895;0.08217879546949014;369.3818181818182;0.06609848231665794;0.05510125472027605;3145604;461.795150136556;93.09462065238024;0.2281140727304648
3511607;-131327.03214285808;0.06169301078693756;-0.01636689072073161;572.7696969696971;0.03377109214757357;0.047069785599378466;3145604;427.62856071164464;93.09462065238024;0.23214480942425483
3512308;-130188.32500000077;-0.002618753965249243;-0.022723605814966574;344.65454545454554;0.023374883932519186;0.032099925699618836;3145604;417.57060225727105;93.09462065238024;0.22811655978527895
3512605;-76530.70714285904;0.008667794020728925;-0.17724099419674555;104.02424242424243;0.04073097720628427;0.05549610919673409;3145604;564.6662594244948;93.09462065238024;0.1878458722097296
3512704;244778.3678571391;0.0021017760946644426;-0.009559960739125128;96.89090909090912;0.028863994833153717;0.03331570095633474;3145604;334.9423474707361;93.09462065238024;0.2752726988905507
3513405;-547674.8285714213;-0.08090213894046128;-0.006158751886604863;1196.327272727273;0.019029571098452713;0.02697621745233736;3145604;208.94762041138338;93.09462065238024;0.34731742867198695
3513603;322345.8678571408;0.05865353389695782;-0.010127187179294839;582.0666666666667;0.03827588977405827;0.045135638308354986;3145604;264.40991665545255;93.09462065238024;0.2854149150696346
3513801;930141.3714285867;0.024578037805197406;0.034473619026084146;5792.872727272726;0.030058843141564928;0.02759064359111174;3145604;379.5250721250227;93.09462065238024;0.26099973219639977
3514601;14274.982142856832;0.05528594702177703;-0.01748261061921319;258.61212121212117;0.045485281115847265;0.05120299906660297;3145604;332.0714983855717;93.09462065238024;0.2628873873851429
3514908;323590.9321428579;-0.016571861705369173;0.03932230054427266;450.52727272727265;0.048450882265050677;0.05129064454949206;3145604;369.60775489417114;93.09462065238024;0.2638974776243632
3514924;398854.0214285697;-0.07206230824389559;0.03557933157924609;58.5878787878788;0.03468344862285022;0.03654772973563536;3145604;448.1226254711165;93.09462065238024;0.2212958884382904
3514957;-74368.31428571547;0.27858925870442053;-0.1592872041834945;38.54545454545453;0.020985115898534135;0.028503748403416296;3145604;417.2115845719471;93.09462065238024;0.22467270749913323
3516804;-72583.8964285712;0.460994054664827;-0.11327652506961094;67.8545454545454;0.02894045230679354;0.03092444741734046;3145604;557.6645537316625;93.09462065238024;0.1892223602852088
3516903;1372150.0892857194;0.11437413287496279;0.17566072005874633;185.94545454545457;0.0247341121112008;0.024705240108304993;3145604;575.8317402993233;93.09462065238024;0.19963894687139183
3517703;3948631.54642857;0.07641643437239476;0.14265397570673266;376.345454545455;0.03717450664874322;0.03610977788609704;3145604;313.1825280590098;93.09462065238024;0.2799908646669833
3518701;1550300.3714285726;0.04179273147235518;0.03638631739471054;4305.89696969697;0.02839628007343098;0.030381896144738185;3145604;394.29908990058516;93.09462065238024;0.24919468342015103
3518859;-110370.60714285698;-0.005127794370583194;-0.13638999262756402;130.86060606060605;0.03287959093340742;0.03915467648468729;3145604;344.2303386378165;93.09462065238024;0.2552409035454104
3521002;-21784.582142857857;0.06073925986353945;-0.033250832858981894;658.6666666666666;0.05558419938447301;0.06064574771428899;3145604;417.3048762254948;93.09462065238024;0.2303645039511797
3522604;-74731.62857143163;0.015468262766341834;-0.021851085049784613;1533.8848484848484;0.023936847356596624;0.02715040259710877;3145604;282.5137533716279;93.09462065238024;0.3036945148077979
3523008;-23150.00000000122;0.03897603710575459;-0.12647554637082248;76.16363636363637;0.03677793994408529;0.04636648949051092;3145604;694.6664684765021;93.09462065238024;0.17081155196706535
3524907;-198828.23214285698;0.10386742297373686;-0.19335088615495488;126.02424242424243;0.05318601505609477;0.04680792834032155;3145604;297.6724651214698;93.09462065238024;0.2872829811976349
3525102;2953776.8857143;-0.015900181643111355;0.09042024536937188;1048.842424242424;0.03725270516275203;0.041944340645278855;3145604;306.67512352393584;93.09462065238024;0.2800020947226142
3525904;5846953.314285777;0.04057953417591054;0.058051121477152856;7477.799999999997;0.025600565401452835;0.02301840330883964;3145604;349.25089041710794;93.09462065238024;0.31583787573296596
3528601;-107305.3571428584;0.05330098987220455;-0.07931006883417901;237.4363636363637;0.03090740091752031;0.03599664809606562;3145604;529.7338069197501;93.09462065238024;0.2003811618097791
3529005;3325661.46071432;0.055691546193894714;0.06035350047765031;4436.836363636363;0.02137510386764485;0.02615910085014206;3145604;556.1885964155296;93.09462065238024;0.2177600830795749
3529104;-185480.3571428554;-0.004264444134511436;-0.05504213604429886;42.87272727272729;0.026981888089867567;0.033735577769882674;3145604;624.8939767515342;93.09462065238024;0.17811186600905804
3529708;-52503.29285714543;-0.00962379916981937;0.011930579638032235;349.4121212121215;0.0285323190418596;0.02899581234691584;3145604;338.5713705001152;93.09462065238024;0.2638279663008305
3530607;2711453.953571407;0.019343748024532648;0.050346553158848506;8628.01818181818;0.03316089857268989;0.03390897846181651;3145604;343.5504715909645;93.09462065238024;0.27723777110602826
3531506;-163648.3607142851;0.011048894565041767;-0.06221817093215787;443.8121212121213;0.02596186646424581;0.031426319458180085;3145604;396.6713194382881;93.09462065238024;0.24049063154052666
3531803;1186024.7928571377;0.027556766366914287;0.06099648559516879;1882.1454545454546;0.05243013344189684;0.057142848409300395;3145604;357.92415493138435;93.09462065238024;0.27140042621543126
3532157;-3968.064285714355;0.11508235832755487;0.0027917699734485435;48.46060606060606;0.03351994383445711;0.04279187694177877;3145604;695.9205468983696;93.09462065238024;0.18096610206141905
3532827;-33070.55000000082;-0.09138238116760034;-0.04276755916895847;221.83636363636364;0.06930070459449467;0.07984328160311471;3145604;565.8664756412423;93.09462065238024;0.1938769989719871
3532900;381188.0071428554;0.025831845168841294;0.021283291128343373;205.87272727272727;0.026151773349603724;0.036807738756984065;3145604;405.8789656035967;93.09462065238024;0.24675630595404907
3533254;40693.5928571428;-0.08474410247247366;0.04259555036761564;112.4969696969697;0.04682592468072877;0.047290075466974724;3145604;425.7344112962869;93.09462065238024;0.2156919168332363
3533601;23637.310714284435;-0.0012468840861925568;0.026785830990944337;180.51515151515156;0.03955326180568375;0.0416512856873783;3145604;303.0822848867296;93.09462065238024;0.30153575379161945
3534401;-3280793.010714258;0.03221424111488713;0.029317047732618784;8567.145454545453;0.023393642006069193;0.020308500532204787;3145604;374.4069645106717;93.09462065238024;0.3035098857341949
3534609;-682470.2714285916;0.041344659714848575;-0.16305064997513863;575.2303030303028;0.020639751850420218;0.023006331871729735;3145604;638.7681615895576;93.09462065238024;0.19554288484481008
3534906;313306.9142857156;-0.012878247238032547;0.08532956950894666;177.4848484848485;0.017385400184334765;0.024546134036790068;3145604;674.4044289560375;93.09462065238024;0.1757558552244602
3535101;-22307.142857142837;0.022916826849393557;-0.06226330725502527;195.6969696969697;0.04679383206207888;0.04515473275545623;3145604;415.1366371292888;93.09462065238024;0.2209576804202855
3535408;-38766.764285713965;0.07378711079766687;0.015320540771163849;358.369696969697;0.029739815869769037;0.03477460757200457;3145604;732.9337668294626;93.09462065238024;0.17077144872684336
3536604;-342645.1357142858;0.0648003186999968;-0.2255704764146983;135.58181818181816;0.030126755655311088;0.0322072154684514;3145604;482.2516459529908;93.09462065238024;0.20975099380338574
3537305;1054048.5535714324;0.1675795740084831;0.10027466792583417;1390.7454545454543;0.026221067003212806;0.027404387257989216;3145604;550.3441880290711;93.09462065238024;0.20560767441833128
3537404;307670.8321428579;0.03346310898915017;0.05159245039015126;474.8787878787876;0.02358438446774125;0.028838363405061296;3145604;653.702435693381;93.09462065238024;0.1917558904033012
3538006;3238928.9285713984;0.0479862987100419;0.02705235359923175;3001.369696969697;0.028825733655757357;0.03184854441172136;3145604;256.0238061090951;93.09462065238024;0.32614347249004577
3538600;206232.27857142803;0.07475716881838523;0.07233370892984348;730.4606060606061;0.03663837161449646;0.03801057989649648;3145604;305.7208609665993;93.09462065238024;0.27052623400852926
3539608;1190192.6160440838;0.08982985314371739;-0.0013897040170600672;134.27272727272725;0.055381799373669605;0.0488857931574902;3145604;531.6078884296675;93.09462065238024;0.220033576610739
3539806;1824118.0249999901;0.07482930531827803;0.07354311351077314;1497.8848484848481;0.02944952203934803;0.028196420363535646;3145604;351.90464465830615;93.09462065238024;0.26133093484517755
3539905;-48814.40714285676;-0.10433011304104467;0.0008259380928710147;96.26666666666675;0.027972824946247643;0.02526093904720539;3145604;519.6757908806;93.09462065238024;0.20259759077281098
3540507;123059.32857142831;0.05523696266411737;0.046011177682907745;271.52121212121216;0.04358683383826567;0.05193662877475047;3145604;437.120459919846;93.09462065238024;0.2185984739095261
3540754;-11191.785714284732;0.1216003122485032;-0.16007181644557988;344.9878787878787;0.04480400985367994;0.05220301150620199;3145604;241.5660802868012;93.09462065238024;0.29932362147818375
3541505;1551426.1964285674;0.06318667541893319;0.01963997516125593;609.581818181818;0.017121243989893342;0.021389521713623516;3145604;738.46410194833;93.09462065238024;0.1782167583057402
3541653;442801.3249999985;0.07820106564012441;-0.03688342891579177;81.9939393939394;0.0550916947770872;0.05144494769087804;3145604;440.7058331498059;93.09462065238024;0.2371531161382052
3541703;-208048.27857142728;-0.02098628833136862;-0.051049330230340306;264.7757575757576;0.027296345234896213;0.03472088283648733;3145604;631.0149171748394;93.09462065238024;0.20341421025893142
3541802;-450880.7392857161;-0.038378505583149924;-0.03628251307039576;83.94545454545454;0.050933194774384516;0.06544121865020136;3145604;574.0423688655868;93.09462065238024;0.31396304014866894
3543204;47333.16428571391;0.032974926590474185;-0.02623566759562368;117.6969696969697;0.03549838217583767;0.03825488961725343;3145604;576.0865935769988;93.09462065238024;0.19849878898390885
3544004;-649067.9392857178;-0.09217571418745607;-0.1453021862988242;695.2545454545452;0.029849463728198744;0.03282848556345286;3145604;372.7602023473069;93.09462065238024;0.25717837101082053
3544905;1274066.2892857087;0.02642669896262606;0.06390730054057703;246.8121212121212;0.03360680102218194;0.03376019196548885;3145604;312.8978267018058;93.09462065238024;0.2866097387442259
3545506;-188383.78571428912;0.057573525718030094;-0.05726740053866497;79.85454545454544;0.047228815618877595;0.038869233532027314;3145604;743.2176012369139;93.09462065238024;0.21690317612240456
3545605;1228946.864285714;0.07204291316274025;0.0447880460817327;265.5393939393939;0.022118104166613195;0.024366838147356296;3145604;417.36489735233243;93.09462065238024;0.23614336694284693
3545803;1882528.2678571239;0.05241084625169634;0.0675379155444289;2926.145454545455;0.022879672118411243;0.020981800408093276;3145604;351.6026060853036;93.09462065238024;0.26697854998054404
3546108;-541965.5071428607;0.03834471217963342;-0.3785675262750249;77.92121212121214;0.053833636933417583;0.05434122789114437;3145604;641.4015990029848;93.09462065238024;0.18749573762430807
3546603;30394.53928568284;-0.027452167933840976;-0.05564713625689188;1003.8909090909092;0.03201746830937546;0.03728732938737367;3145604;638.1305389123231;93.09462065238024;0.20919067959521814
3547908;163734.69642857055;0.15194626080307705;0.020690971174743833;165.1090909090909;0.0446374484907206;0.04857105561552166;3145604;244.5776677379252;93.09462065238024;0.30166909382281115
3548500;-187204.57142859208;0.02977626034186387;0.027556277953862285;1905.9151515151525;0.01260028540006597;0.007274142406159978;3145604;393.71366639636767;93.09462065238024;0.26735988992718246
3548807;-503468.5285714268;0.021189899316408134;0.035447122559900235;1063.509090909091;0.013866253452685218;0.008120643992158172;3145604;370.5916212089371;93.09462065238024;0.279846211489171
3548906;3963082.089285728;0.10068190444489455;0.0003313346037225884;4356.2181818181825;0.01892618241041344;0.023884392077118344;3145604;348.8979406961592;93.09462065238024;0.27995320934853674
3550605;-118221.00000001119;0.06593635589901403;0.008716198942955833;1769.7030303030301;0.035003180723726324;0.034619189564412345;3145604;393.8061574739147;93.09462065238024;0.25181355018514534
3551306;845948.4392857134;0.04979645980356917;0.16211879109187666;82.86060606060596;0.01786090690515918;0.027811115105930595;3145604;530.1579701827719;93.09462065238024;0.25029653873336805
3553856;50170.428571430275;0.34536140948117033;-0.06995977398494735;173.0;0.08051276756963577;0.08493410037698057;3145604;535.2641189313824;93.09462065238024;0.21130242344058828
3554102;1769620.8107142865;0.06471623716060204;0.056658725767166684;4331.527272727272;0.018201998993267354;0.020326853944575785;3145604;267.9223212319835;93.09462065238024;0.31735922964460456
3554706;476329.2250000012;0.1705500048022246;0.017295969193903193;226.58787878787882;0.02666144285711014;0.03107660390496636;3145604;395.464121624848;93.09462065238024;0.2372037466724651
3555703;-4226.785714285705;0.02146574918873223;-0.11699166176165554;25.77575757575757;0.012216643881550748;0.021800674715963364;3145604;527.7988824639257;93.09462065238024;0.1968558568660607
3555802;1077579.321428562;0.04994649881544122;0.10960929361269756;225.1757575757576;0.02845838480874696;0.03148353228842149;3145604;607.9716671567376;93.09462065238024;0.1918333011341538
3555901;-10145.696428571402;0.03219683828425901;-0.013464074631565404;23.187878787878784;0.02013451608512873;0.027533717555474402;3145604;477.36933231638227;93.09462065238024;0.20966721133881194
3556107;807160.2892857188;0.24864338526845953;0.19716649941058595;408.0545454545454;0.03643949266794433;0.04292786376861146;3145604;548.4587247519657;93.09462065238024;0.20491779977070837
3556453;1103170.3035714268;0.03652806227093186;0.04044486262378166;1352.3939393939393;0.04293456769943549;0.04329241472800538;3145604;393.7723051697325;93.09462065238024;0.2512361349510622
3556701;1298288.7107142792;0.03264597209566933;0.028458163445718387;1326.8303030303032;0.02485329320278984;0.020437693456110573;3145604;341.5458182687669;93.09462065238024;0.30574212419087154
3557105;2797076.217857151;0.026062851090317363;0.04703596172697222;2230.3393939393936;0.023336093274413106;0.02522276897911735;3145604;536.9268999470063;93.09462065238024;0.21603820834898552
3557303;265468.6892857133;0.1925543654074784;0.05448033093694016;328.030303030303;0.042864173037625575;0.04442633254737416;3145604;280.47664635350355;93.09462065238024;0.28721924234014584
3142502;113836.03333333295;0.8018163971614036;;4.684848484848484;0.016931866058721434;0.01927793830530833;3106705;182.82241990675658;93.09462065238024;0.34231933173216067
3153202;320046.0;;;37.12727272727273;0.01742773999085201;0.03366353040361236;3106705;148.2604145814284;93.09462065238024;0.2291401693388417
3542800;-351447.7304469249;0.02316608490056149;;56.47272727272727;0.045837317697531965;0.05871667490651422;3145604;613.7242084460403;93.09462065238024;0.16606183184781048
3100302;415750.7928571409;0.08853237757878496;0.02813866856632341;268.68484848485423;0.04251373345844578;0.042238042253667896;3106705;184.0055946445673;93.09462065238024;0.34935679854174295
3100401;233683.07142857302;-0.0010379604137453757;0.10818312768302252;62.88484848484986;0.052537396406254544;0.03500435448078587;3106705;118.62642630339718;93.09462065238024;0.43263458555345985
3101409;-13750.000000000011;0.193963853756155;0.029972697441855267;95.44848484848694;0.03214202393833809;0.053380777549830505;3145604;249.14557342350125;93.09462065238024;0.30296714450113293
3101508;-1282255.7249999952;-0.005208746313142609;-0.05131832263995406;452.7878787878884;-0.0013662540590642092;0.017262358387391874;3145604;255.168390804109;93.09462065238024;0.303187967668939
3101607;271290.4035714262;-0.012491641848439983;-0.009726663510695732;1522.860606060641;0.0336773104087722;0.03277970729158075;3145604;141.48186749260415;93.09462065238024;0.4116730010813565
3101805;-136710.57142857247;0.08269598837288883;-0.05584216283772414;96.84242424242642;0.05300425400697617;0.04951561746820765;3106705;258.609137808301;93.09462065238024;0.29247460593347313
3102506;7809.7428571427645;0.027309446029768036;0.0093076726800978;61.57575757575889;0.01867843941584968;0.034883694870461834;3106705;157.84205668563513;93.09462065238024;0.36908847053039184
3102605;199236.9535714263;0.12468136475285974;0.0429630887403607;810.696969696987;0.02377329310433618;0.03022972333194751;3145604;236.2891390381016;93.09462065238024;0.31158000339714603
3105103;439975.3464285715;0.05842579519661606;0.017183090155391767;553.8969696969697;0.029556213173385304;0.03884886704345991;3145604;141.51680891008527;93.09462065238024;0.4036895817705761
3105400;450084.6107142757;0.26572046044887365;0.09765796171302266;641.969696969697;0.042753793163821996;0.03994623568682054;3106705;75.8719756185711;93.09462065238024;0.5370873746747147
3108404;36867.87857142768;0.06692446791609696;-0.006082752287082438;329.1333333333333;0.026983108683716006;0.03833702008855133;3145604;192.94200272489329;93.09462065238024;0.3386480625824161
3108552;125253.44285714347;0.05151334599526547;0.03595035102288291;382.9151515151513;0.04273833958407902;0.05471573328807677;3106705;380.988885818611;93.09462065238024;0.23521027150184404
3109600;-212.50000000020407;0.018343247925773465;0.06593079089208209;54.04848484848486;0.030392254411605535;0.035039315521266046;3106705;56.22888928945467;93.09462065238024;0.5760017328344103
3110509;172750.47857142863;0.046344933276152966;0.052458071414791974;580.1999999999999;0.03273974911515021;0.039869970451533954;3145604;265.9483691508639;93.09462065238024;0.2987946604022794
3111903;-68603.92857142907;0.051538754764656636;-0.005953955136490441;118.90909090909093;0.042541270879305815;0.043558659740350114;3145604;51.35042951069457;93.09462065238024;0.5929874287710751
3112000;305276.9999999966;0.022332457104041747;0.05688140249326201;356.38787878787883;0.04124191576410108;0.04192710870462113;3145604;47.20198456411082;93.09462065238024;0.6131480591220653
3112208;42110.71428571391;0.014049894943728436;0.04913523128816899;90.49696969696983;0.02335520255775858;0.042012641753863544;3106705;121.74317907729522;93.09462065238024;0.4209783224813917
3113008;30693.039285714127;0.03842162155155315;0.019728468170025604;185.67878787878786;0.06550872115958883;0.05405297080523197;3106705;406.24472184518584;93.09462065238024;0.21854935989735363
3114907;1157.2178571428256;-0.09180038655014366;-0.04781686394999485;34.28484848484848;0.03888160655319717;0.034461698721401035;3145604;93.62471749157712;93.09462065238024;0.47518076630891215
3116407;-32617.857142857072;-0.02338090540060056;-0.08361891731619531;67.97575757575763;0.03430117499225416;0.030990507045186577;3145604;257.0552895305506;93.09462065238024;0.29896898082244877
3116605;284866.4428571437;0.036526396829681174;0.027262855218516124;886.6666666666666;0.05040943501923989;0.04684559115026499;3145604;29.01892290200707;93.09462065238024;0.7033227496712495
3117108;168650.46428571382;0.06032767994728072;0.04594520338744901;271.4363636363636;0.04194570103081929;0.04512565118405476;3145604;149.61689860350373;93.09462065238024;0.38609353713605893
3117801;29315.35714285607;0.08141282071944311;0.01127447672360904;192.45454545454533;0.031923817436141366;0.03740141773397587;3145604;214.97085910542904;93.09462065238024;0.32321695735728423
3118304;1171761.407142851;0.11576031015261834;0.051840449910056874;2127.9454545454546;0.0280450326636843;0.027633374077950412;3106705;88.78841763651533;93.09462065238024;0.4982051574035101
3118908;279956.2857142855;-0.09320205697455197;0.10394396005760198;129.90303030303033;0.03430062090095376;0.04349813110655942;3106705;94.75365389236121;93.09462065238024;0.47227562159083053
3119401;-66619.5428571464;0.0542488288470937;0.010063637160886207;1165.6545454545455;0.03484724369879255;0.024979699911843234;3106705;172.04836134369364;93.09462065238024;0.36542307751257175
3120870;43582.592857142576;0.1594691185738235;0.07356055994267652;131.32121212121214;0.0594708641131132;0.05952176881387272;3106705;512.5635465485384;93.09462065238024;0.1923542391542416
3122405;-182133.0178571442;0.07533244642325809;-0.22920463469774321;135.23030303030305;0.055113066488793994;0.054173174715332895;3145604;167.5617183288638;93.09462065238024;0.36233878936110525
3123007;104537.27499999956;0.02974252090101781;0.012544987395331386;240.8121212121212;0.027262938831946526;0.04451350638256635;3145604;95.8444865217002;93.09462065238024;0.48579489568718376
3123502;10558.571428571617;-0.06494529392536919;-0.010423268185942192;30.14545454545454;0.030820028478681927;0.03479977922203603;3145604;384.22589870781815;93.09462065238024;0.23788311731192074
3125101;380318.8285714281;0.11252528665738337;0.07049303819640396;1436.830303030303;0.04445268553926085;0.0633139443994224;3145604;284.7675384764119;93.09462065238024;0.37961019382720784
3125903;-20713.392857142513;0.09638892511087938;-0.007116860565002159;157.71515151515152;0.03299682373515589;0.037559624548017645;3106705;148.16861708514816;93.09462065238024;0.38375392688657894
3126752;20536.607142857105;0.008725148500979163;-0.012874939693394927;56.46666666666671;0.05412181073718414;0.05614739675942615;3106705;320.93938906387535;93.09462065238024;0.25712877392148586
3128006;317989.0857142865;0.0045659797802495294;0.018666533428415955;602.1999999999999;0.03776929444493593;0.03239595937851436;3106705;188.17030278191757;93.09462065238024;0.3533996232224553
3129301;144198.89999999988;0.14108450501493475;0.05157352572626728;202.52727272727276;0.05659520471555646;0.04781232579679662;3106705;216.04609876601688;93.09462065238024;0.3171951399055222
3130101;2062056.8107142847;0.06848724122245153;0.14923540432079907;1625.230303030303;0.03424473002763939;0.0714049098081806;3106705;15.478823994052053;93.09462065238024;0.7767038828761413
3130408;-289867.93214286683;0.027584522619247487;0.016279940577903718;196.46060606060604;0.05080913488634087;0.05881254405882985;3145604;53.78345644758374;93.09462065238024;0.6158777709497992
3130804;11017.85714285719;0.26049767288150405;0.07045902509859636;38.72727272727274;0.04325611483552172;0.04818860108160461;3145604;78.81275824040121;93.09462065238024;0.5157287834143793
3131802;-17843.46071429061;0.03815320149732737;-0.11517965970107125;357.47878787878784;0.06400503103265875;0.059939083007023664;3106705;347.9234359690727;93.09462065238024;0.24400976848476283
3132305;108448.21428571394;0.0038363547044053536;0.02238176433505168;220.1030303030303;0.06977335458766598;0.06243633182789754;3106705;390.4335529622208;93.09462065238024;0.22358168310430862
3132800;9195.178571428562;0.058147532470133934;0.0609479017209118;25.848484848484848;0.015412667492993304;0.03582552435198716;3106705;110.86817802628127;93.09462065238024;0.4395900463904888
3133600;-1320462.2928571417;0.13800926386507495;-0.023970175036273855;268.99393939393934;0.03505692628658341;0.042014808705582274;3145604;271.3941819079203;93.09462065238024;0.3192467606206373
3133709;1607257.575000007;0.11871114749766876;0.07157280375222808;335.060606060606;0.06401117046889904;0.05399517565961931;3106705;34.52455695760866;93.09462065238024;0.751893141945907
3134202;1132971.6214285784;0.05428359779528025;0.032013954579848125;1855.787878787878;0.022899900878169177;0.026176902984518913;3145604;521.1589891228655;93.09462065238024;0.218813401934926
3137809;203603.3035714285;0.07197948495017714;0.031329283137163655;509.04848484848503;0.0437878527032205;0.04329584482320192;3145604;151.05458927000217;93.09462065238024;0.3865870757280555
3138351;27487.360714284718;0.08071029210908587;-0.06428958921568084;106.87272727272727;0.05481837566860692;0.05844937183461352;3106705;358.2384575494202;93.09462065238024;0.23889727669730768
3138682;67436.27499999976;0.0743757269160441;0.11772763543896891;80.5030303030303;0.0759967998763329;0.0746676540502007;3106705;430.8665610831795;93.09462065238024;0.2118978726419926
3139250;40216.6571428571;0.0683412441162472;0.055334801782682685;125.49696969696971;0.038689878937749445;0.03933380668130981;3106705;562.8749387384789;93.09462065238024;0.18217011494098723
3142007;289394.0928571436;0.05072604173910178;0.11325120519726051;523.3636363636364;-0.01909075275179406;0.08541057887540981;3106705;412.64443299206704;93.09462065238024;0.2199493571726491
3142254;35446.460714285706;0.07061646763608564;-0.0163979724953075;44.5272727272727;0.045836136439626696;0.05406274811791789;3106705;582.1917934506343;93.09462065238024;0.17916910222792404
3142908;100871.87142857054;0.042963593214526474;-0.030082350274162728;378.7333333333331;0.028148217894318206;0.03563275846883429;3106705;553.6605808717126;93.09462065238024;0.19141488151529615
3145000;-14663.067857143082;0.10900388049449572;0.09487277573403174;537.8484848484849;0.05458043189619044;0.06724875700570165;3145604;344.20390392838493;93.09462065238024;0.2734605455725625
3145802;16717.857142855955;0.057119667421787534;0.0486046151930688;17.75757575757578;0.010719606152355343;0.016874976316296753;3106705;68.63972847849925;93.09462065238024;0.5357371766045715
3147402;1342788.814285703;-0.04433249421142216;-0.0031566329954045846;659.1818181818181;0.047850807921379745;0.04965170527946783;3106705;80.01860248497916;93.09462065238024;0.533442247294833
3149705;227803.64642857166;0.11885048267689857;0.07761370562292891;264.75151515151515;0.043031603439547705;0.04301576856236222;3145604;88.09864826105752;93.09462065238024;0.49680841576434925
3149804;1098373.3107142826;0.19116063005353623;0.10827351980748356;453.26666666666665;0.054397876261633726;0.0552375000846177;3145604;298.5552376695898;93.09462065238024;0.28936813697395103
3150505;282193.77857142605;0.05202989086875753;0.06292943098324;188.44242424242415;0.029461863988585524;0.03334349030905792;3145604;104.37076272943933;93.09462065238024;0.4612923213016002
3151008;126802.69642857024;0.08507203271786445;0.027380087967327382;216.35151515151517;0.028579291859408107;0.04903377352619276;3145604;202.21344516917293;93.09462065238024;0.33092275723866654
3151602;55469.94285714318;0.027344933672865945;0.028381726124929285;216.8121212121212;0.032083752485022154;0.042121368349438804;3145604;408.16905959646505;93.09462065238024;0.24143010884231492
3152131;50221.42857142905;0.07021399844457576;-0.06132568106661562;60.2060606060606;0.09405158512115541;0.0718695468837951;3106705;382.1225127196391;93.09462065238024;0.23039855670740625
3152600;229882.12142856908;0.09004955624336453;0.09082489099343638;98.73333333333333;0.034238981809464164;0.03390712887487091;3145604;167.274178998401;93.09462065238024;0.3795951377582176
3152709;-219196.55000001125;-0.04811086901834838;-0.24743441589688364;231.55151515151533;0.05805271660606781;0.04871554951337309;3145604;87.78798577027445;93.09462065238024;0.4958147379681447
3153301;9830.357142857161;0.07981305949747108;0.004914794275056034;45.07878787878787;0.047372023358845716;0.0461259883205547;3106705;164.11491199791914;93.09462065238024;0.36058075341352464
3153707;60667.67857142791;0.08649222470655404;-0.008755699793082106;49.43636363636358;0.019863327875673242;0.03690435922772162;3106705;161.77877128280934;93.09462065238024;0.36810092101789543
3153905;-47834.83214285789;0.18916504520257726;-0.031155196678920638;309.3272727272727;0.04734635701096157;0.043546121107932656;3106705;41.064348824115605;93.09462065238024;0.6379615490527555
3154507;908772.6428571413;-0.14982324144271553;-0.022366389858049618;131.16363636363636;0.0484015377128304;0.041983706586594005;3106705;456.6213653111426;93.09462065238024;0.2516011308552177
3155207;24007.14285714292;0.0030769424677421497;-0.0016846680198632225;91.0060606060606;0.026913821622263745;0.03708546642177435;3106705;124.58321766877685;93.09462065238024;0.41317287151620863
3156700;3998980.2392857354;0.08959567763950238;0.0752875176312151;1904.9333333333325;0.03817330985524703;0.03929148412655925;3106705;40.21769117200233;93.09462065238024;0.6591798332877256
3157252;144959.84285714215;0.10856726314660214;0.02813000798018117;214.42424242424238;0.06412785355535022;0.05106665078580708;3106705;214.7756503984085;93.09462065238024;0.31507294565683
3157302;95052.56785714203;-0.2230361143466818;-0.03870255553259827;83.54545454545458;0.022741689544316213;0.03960935900145879;3145604;144.95668113592754;93.09462065238024;0.39355635638774117
3158508;75171.42857142843;0.011494445209091264;0.035964904642022066;86.95151515151517;0.030600969229509944;0.036598390886551924;3106705;109.2196762341199;93.09462065238024;0.44116569723710997
3158953;880729.8071428603;0.09943442570021777;0.0976771886574268;1016.4181818181819;0.09365652651992318;0.11115473282023247;3106705;185.83569902640792;93.09462065238024;0.35444425325216067
3159209;538312.5000000012;0.2862168757976027;0.09564533658994234;202.3696969696971;0.02844296971136573;0.032558985668981855;3145604;215.2598894209455;93.09462065238024;0.3225808816025063
3159357;156514.12857142856;0.1418783920215254;0.008895362102446125;124.78787878787878;0.06382912121744111;0.04825179045877559;3106705;216.05980086406691;93.09462065238024;0.31988504218176605
3159506;46804.33928571466;0.1508224210618856;0.018816644902240443;530.9333333333333;0.3404938768987422;0.14377653139847202;3106705;302.8187623241504;93.09462065238024;0.26432220307090337
3160405;127614.74642857052;0.03059151493819101;0.023204273825169652;605.8303030303028;0.03835783327353415;0.03338195823325796;3145604;83.69645693692742;93.09462065238024;0.5027405618445681
3161056;9148.985714285722;0.10989378475689526;-0.027763976069549834;75.5030303030303;0.0381793495085061;0.05740452806431118;3106705;322.8735245736865;93.09462065238024;0.2506195237730761
3162203;-31770.042857143675;0.042943122451242655;-0.07178396444866442;196.85454545454542;0.04839634172914864;0.04530177685464243;3145604;174.8228741678402;93.09462065238024;0.3566175416855201
3162401;168870.396428571;-0.03411638911046633;-0.03516464185361756;352.11515151515147;0.054868960254545796;0.05530153468153309;3106705;449.64902708155523;93.09462065238024;0.21071157898608595
3162500;1395456.7321428508;0.05711143545166841;0.04800457616654219;1433.6242424242428;0.02669989685372176;0.027948614299675878;3145604;76.82107319949995;93.09462065238024;0.530455594130495
3162575;-6565.914285714404;0.09773831906823927;-0.04866338242463086;186.44848484848498;0.12671290533353674;0.07137704135070755;3106705;347.4390438171623;93.09462065238024;0.24371000397866605
3163805;-4752.971428571481;0.07974924619651746;-0.09716367577036289;92.89090909090909;0.031978703284419874;0.03078776261529903;3106705;175.18401816652468;93.09462065238024;0.35037393542771583
3164100;44483.18928571413;0.07909294258150923;0.0450019983873986;92.33939393939393;0.04759073317925089;0.056839935664020125;3106705;245.39941489492887;93.09462065238024;0.2968115966760626
3164704;262502.8571428605;0.13310403523688707;0.05206617136121472;1499.5393939393944;0.02982936688916693;0.03131589496849285;3145604;225.2775499913778;93.09462065238024;0.3237914894927583
3165305;44864.28571428582;0.029821519544311226;0.019780122593783034;131.1939393939393;0.02916993538032453;0.04545230623606611;3145604;118.80038885044888;93.09462065238024;0.4343207885831522
3166709;44329.307142857295;0.0929234463396087;-0.017346238144186565;60.70909090909093;0.014613664989180819;0.027090405781996285;3106705;481.56523744054124;93.09462065238024;0.2074874736534224
3167509;-23171.428571428492;0.040041911525952045;-0.07164293108532671;16.030303030303045;-0.01802339233543948;0.01336874183370318;3145604;211.19229856678672;93.09462065238024;0.3327152153810714
3168101;1524518.4821428524;0.005077042526848485;0.04955211189043718;106.59393939393944;0.04005755078359363;0.0476242425967226;3145604;225.6967761443599;93.09462065238024;0.3906928470601058
3168507;265579.8321428556;0.036414283698146255;0.04406519097331918;241.8666666666667;0.03453053874082235;0.03587796728469339;3106705;159.77774677143097;93.09462065238024;0.372694584657457
3169703;586655.3035714253;0.36029437121036767;0.06771201042558439;652.2969696969697;0.060783415226853155;0.053439691179383964;3106705;336.35205840713627;93.09462065238024;0.2514827864996432
3169802;68516.42857142774;0.05162297570012808;0.0018209431836162526;157.3636363636365;0.05224355990061014;0.059964827015812405;3145604;164.01935336746047;93.09462065238024;0.36680643036769633
3171006;450614.6071428544;0.0029061248202781886;0.025548279890839964;577.2727272727273;0.02779125042703523;0.04417982818551791;3106705;360.20294861839295;93.09462065238024;0.2577221413490354
3171402;-2203.571428571557;0.37277555249936856;0.04731447901412844;92.22424242424236;0.03435754423971438;0.04612980082077911;3106705;227.52143736303444;93.09462065238024;0.30322223351092126
3171501;41337.84285714202;0.02053074927984566;-0.09702095085050866;44.89696969696968;0.045937779703800974;0.052449324771782324;3106705;284.45121560636306;93.09462065238024;0.2722062561162022
3200409;319350.0000000003;0.07101489132714489;0.03609994382195891;678.8242424242425;0.06698280426714365;0.05204202349873377;3106705;382.15889109328896;93.09462065238024;0.25886918943594994
3200508;-14339.925000000254;-0.16680890448062624;-0.030109192816281882;173.08484848484844;0.04400117349532051;0.04275998156650651;3106705;304.0269961221239;93.09462065238024;0.2608484753678128
3201605;309048.31785714376;0.09038560637424564;0.02920740396208732;580.7696969696971;0.07800241906463068;0.06544397294502513;3106705;493.01122020781895;93.09462065238024;0.21077079608789773
3202405;2173941.8321428373;0.019580402549548293;0.053213691252911755;3162.733333333333;0.06086943184713278;0.04545736766024722;3106705;392.93667865829457;93.09462065238024;0.23964318747265187
3202504;-174014.05357143018;0.14480093705855235;0.006906302996011249;210.78787878787884;0.04388452496098494;0.035604419693051614;3106705;400.4444990098168;93.09462065238024;0.23666950947803458
3202553;470632.56428570655;-0.45570070766221926;0.007346095235464922;294.68484848484843;0.07786393421382765;0.06263139034508258;3106705;272.0953405966032;93.09462065238024;0.2780747673520113
3203353;240932.09999999605;-0.16097003086889927;0.01905461690458332;368.58181818181816;0.06057227259606934;0.04451034790577668;3106705;387.61903181850425;93.09462065238024;0.2346188232848293
3203601;4503.078571428509;-0.03480327842447051;-0.04516510600661905;108.56363636363636;0.09356135741026561;0.056703310298366505;3106705;439.237583260985;93.09462065238024;0.2106995970589474
3203700;146572.32142857055;0.11596941603856004;0.06136748661374858;437.3454545454545;0.06036354893094176;0.047425216763247846;3106705;295.85377732983727;93.09462065238024;0.26690840944299
3204252;167645.61785714419;-0.010385865362391056;0.03468418950931973;148.15757575757576;0.03358610311804733;0.05389458676508618;3106705;435.3067504940036;93.09462065238024;0.214168150144795
3205036;406115.94642856857;0.03938000541301423;0.02540259477051854;483.2787878787878;0.039690886808660286;0.04167909394569369;3106705;340.9543554764278;93.09462065238024;0.25292672461661314
3205069;-168017.83571428858;0.025587997949543695;-0.010556859059427492;656.721212121212;0.05411938339410716;0.0394602400033226;3106705;322.4820131481515;93.09462065238024;0.26566290817659
3205200;2094735.8964285634;0.03808505165156739;0.01136581146581861;7186.545454545455;0.03848330461779037;0.031858077320445544;3106705;410.60603390562306;93.09462065238024;0.24692702514299888
3300704;127700.40357141914;0.1121402526883033;-0.001017321696575313;3609.254545454545;0.03419041573207626;0.034023422569464;3145604;378.0827402741444;93.09462065238024;0.25909369247417746
3300803;-8826.71071428391;0.08337973475587535;-0.015888648654255322;925.8787878787876;0.03756842529212712;0.03723290791461631;3145604;298.79859594234483;93.09462065238024;0.2702383186842423
3302304;7719.921428571506;0.22102707476724492;0.03949024992431527;77.6909090909091;0.04047679561811934;0.03816464104047523;3106705;256.2684583063264;93.09462065238024;0.2901715932226863
3303005;97125.0357142861;0.1970287877268193;0.03321685039936595;305.8181818181823;0.02708805387527491;0.030129195898416006;3106705;263.6418646209902;93.09462065238024;0.2888786347343524
3303401;242014.28571428198;0.05855144064246387;-0.00041241450851436934;3093.00606060606;0.018755056998913666;0.02511370350008013;3145604;296.05080509765884;93.09462065238024;0.2821073379293888
3303708;-776329.3250000004;0.0029012377660213584;-0.01649287465461391;620.4303030303031;0.035370603552363766;0.037024101902950024;3145604;226.4536264522989;93.09462065238024;0.31807841593554564
3303856;101892.9142857146;0.09447890220314425;0.00826675830197443;619.8242424242425;0.045513185395671174;0.04244381464955471;3145604;241.0258197912347;93.09462065238024;0.302829815962812
3304144;693139.1749999982;0.050898541658617624;0.01200518858673627;1653.4424242424243;0.040523959498932394;0.04381340823016;3145604;259.73166656482255;93.09462065238024;0.29945128431969764
3306107;137620.75357142853;0.05550057309832779;-0.010366549801422376;895.2666666666667;0.0319353787015515;0.034870469926024494;3145604;207.1249446346515;93.09462065238024;0.3387321565097629
3500600;182925.47857142778;0.013059347775070007;-0.018837251505517516;79.33939393939393;0.03258930039669017;0.02936441079759211;3145604;378.9416560936273;93.09462065238024;0.26682021883863366
3501301;563702.4071428578;-0.010474510581135799;0.01305017296340405;647.9696969696969;0.04073122357933934;0.041670114014118464;3145604;704.6131643342583;93.09462065238024;0.1818745732204662
3501707;8075703.874999992;0.5306312734000367;0.20572260862254366;693.0606060606061;0.020311326979674194;0.0273611605747639;3145604;359.34625474216955;93.09462065238024;0.2615132674498086
3502200;507499.03571428923;0.052046197170318775;0.04658341971315827;526.5454545454546;0.03242546969177229;0.039328552271915784;3145604;482.5539660706161;93.09462065238024;0.22496415021380786
3502705;56183.62499999736;0.0753130474536905;0.03471659270667726;583.1151515151515;0.04306093099485975;0.05050883605627998;3145604;591.1982005785638;93.09462065238024;0.19442897799595102
3503208;-8365913.989285749;-0.028057455943768628;-0.017239965210963826;4185.68484848485;0.024558461050218527;0.023122878545850156;3145604;367.4968178599059;93.09462065238024;0.27121750297503583
3503604;-261403.5714285715;0.04325700806072219;-0.047678950656359964;214.09090909090904;0.03702846074990873;0.041540524322689176;3145604;453.0595511492614;93.09462065238024;0.21168019106332514
3504503;5823408.139285746;0.035025836586894954;0.03919010615145213;1954.8606060606073;0.02529589959540557;0.030246966308514756;3145604;500.25653872759335;93.09462065238024;0.23689510597504038
3504701;11304.545454545527;0.030069658766028073;0.01934022993665252;23.64848484848486;0.02668962945246589;0.028829269613347197;3145604;488.1177202907323;93.09462065238024;0.19785664779281298
3505401;765828.9571428433;-0.126134509020994;0.04902971954941138;96.31515151515153;0.058676311116717006;0.05462451728170814;3145604;587.9133415358968;93.09462065238024;0.20144745674857728
3505500;4516070.9964285735;0.03902882867546453;0.025613319398446466;2945.7393939393937;0.031261317976709835;0.03148935270437514;3145604;389.6213558655084;93.09462065238024;0.25780404439066085
3505708;5881410.803571408;0.011246712142858328;0.0202248242059917;7161.060606060608;0.039164100399214474;0.034660622680643405;3145604;376.8914500056407;93.09462065238024;0.3252065281764132
3507803;651839.6714285723;0.16423197516210553;0.033862973105021954;621.339393939394;0.03353762392604276;0.03879342729230095;3145604;295.6196361568175;93.09462065238024;0.2809480736189338
3508504;2119917.5178571357;0.16219416498129946;0.04969917190215711;1715.8666666666663;0.02600645027071491;0.03013661626784958;3145604;281.94466291696097;93.09462065238024;0.30291722638553337
3509957;1683791.2464285728;0.14138565180617668;0.34053669924285934;105.21818181818182;0.03237860741247833;0.049609553158677766;3145604;223.81324469002547;93.09462065238024;0.3338727231305618
3510302;68402.49999999967;-0.010563380588045845;-0.012660534586976246;610.8606060606061;0.04757616952836541;0.04850140807533654;3145604;429.82881905631405;93.09462065238024;0.2199953077364606
3511904;-600561.9999999928;0.14099879922255476;-0.034622322692104746;147.41818181818186;0.027709505550272295;0.0285735916759553;3145604;591.0539316061991;93.09462065238024;0.19679634971104223
3512001;125853.00000000167;0.07759047426224774;0.0019872970611181096;413.9454545454549;0.030228716900837727;0.0339391156067792;3145604;385.85263985004724;93.09462065238024;0.26558561482666154
3514304;23008.164285714047;0.00685164117795134;0.024622398970960857;191.37575757575763;0.02597954968349936;0.03329739058927528;3145604;393.56163357945337;93.09462065238024;0.2617568564592575
3515400;12978.7321428583;0.051858561836260364;0.012060571123728048;384.7090909090909;0.026745067680237433;0.0394959711819427;3145604;567.9873232047569;93.09462065238024;0.19541403603429838
3516309;432521.6357142866;0.016925723470710308;0.04379552686840604;2353.569696969697;0.04482374609371442;0.04712679472988168;3145604;348.38748060307864;93.09462065238024;0.246652612633249
3517109;-54035.971428572266;0.021536991046208875;-0.15113860688180825;79.63030303030301;0.038910925090255954;0.03476682775011897;3145604;563.7957055080716;93.09462065238024;0.19284647241523178
3517307;-21920.360714285725;0.007054409281286755;0.04217790949861944;93.3333333333333;0.030432697059990632;0.03596905675780704;3145604;542.1436240151786;93.09462065238024;0.2072200536114296
3517505;220656.54642857084;0.0072198529648683785;0.06604986955384362;518.0545454545453;0.04198487747429924;0.04067143404511486;3145604;456.4192170293061;93.09462065238024;0.2239175591670538
3518503;31170.63928571455;0.06099866374976126;-0.0510209966482803;340.82424242424247;0.038930129632118504;0.05420238874274785;3145604;455.9395656278601;93.09462065238024;0.21167360221426015
3519006;16910.63571428553;0.06074067092273805;0.020765382054320547;270.55151515151533;0.03873866417362093;0.04844161484876408;3145604;593.9554358120811;93.09462065238024;0.19448083249410333
3519204;-530505.5571428591;0.03132857938799072;-0.25019235496568126;136.50303030303033;0.03635585062828062;0.04002061783622901;3145604;621.0871557943037;93.09462065238024;0.18948952490072915
3519253;96058.27857142373;0.12311140390999276;0.02339513244734004;157.0;0.06370346520404624;0.07362157464395302;3145604;508.4028197924871;93.09462065238024;0.21261852851896063
3520400;337026.9285714299;0.01740689613862534;0.02478567694091449;1220.618181818182;0.0419979670870565;0.058580838992822404;3145604;346.7675679217378;93.09462065238024;0.3842020651657204
3522653;-141211.74999999872;-0.018426979238727714;-0.27993666276203744;100.06060606060606;0.056230679553150864;0.06508258721923044;3145604;619.3085925871628;93.09462065238024;0.1779732165049995
3524204;-160304.46785714646;0.01824435425991089;-0.20719139462265612;156.84242424242416;0.03495484703510199;0.03930612944831968;3145604;372.6188472810192;93.09462065238024;0.23664992885197897
3524501;-346846.928571423;-0.0062807045033023146;-0.15314296543950523;238.04848484848486;0.0419540116675996;0.05029006143934289;3145604;494.25774219939365;93.09462065238024;0.23768968836024518
3525409;42424.999999997926;-0.059198463082992925;-0.08108064876861809;102.10303030303031;0.04286575724523689;0.05590617801758491;3145604;290.9344881958863;93.09462065238024;0.2797844879737953
3527009;168757.19642856542;0.1897968524553617;-0.07072261971848748;188.93939393939394;0.03343534596603992;0.03658107769032215;3145604;276.7458270826113;93.09462065238024;0.2920716806589749
3527207;1200313.8071428444;0.03472644132250946;0.037713157190725655;1253.4969696969708;0.02219790611861483;0.026423656699771536;3145604;228.28741079829607;93.09462065238024;0.33081327858731796
3527603;182552.6678571476;0.09502022851014225;0.00692458680054675;288.0424242424242;0.0337339529571381;0.041224297778979624;3145604;320.4075142595033;93.09462065238024;0.3092060516149398
3528700;-59709.59285714423;0.03234747245964553;-0.21876833439995236;76.27272727272725;0.04300281431003872;0.04122088016868952;3145604;754.7663426969827;93.09462065238024;0.16257513364338813
3531407;1294471.2035714216;0.09603695386784827;0.06681417802627387;436.09090909090895;0.02161659039986641;0.026198891357639864;3145604;508.50764911338797;93.09462065238024;0.2146032739118366
3531605;64141.10357142953;-0.01789760060966239;-0.13386834017184512;102.44242424242424;0.03286557390507161;0.042432679670889595;3145604;702.686782986202;93.09462065238024;0.1721613075545925
3532058;-74514.21428571493;-0.016079964150575776;-0.2169226522539296;69.35757575757573;0.033172393926859556;0.03038701920609288;3145604;356.5190306052754;93.09462065238024;0.24207037477748317
3532108;-32243.714285714326;0.09888095183149304;-0.09822288589437334;79.14545454545457;0.02103912263288321;0.03415232351891562;3145604;670.8430753532414;93.09462065238024;0.1709358049310706
3532504;-33063.17857142912;-0.004713612914378995;0.024102808656104813;187.4909090909089;0.027301195052347405;0.0324810319761204;3145604;499.9946403426417;93.09462065238024;0.2093796481907084
3532868;628.2142857143959;0.07786393421382765;0.022674401841097813;29.836363636363636;0.03699323682354172;0.04088714198916765;3145604;573.9387956971642;93.09462065238024;0.19208489735635806
3534203;-389528.8535714296;-0.021184178530999742;-0.04013844522750454;217.61212121212128;0.08756879775375737;0.05652033012663549;3145604;474.09402011659506;93.09462065238024;0.24920357242771674
3537503;32744.692857142134;0.037029181583843274;-0.10656273017294893;134.309090909091;0.04020803285566821;0.0314526576096561;3145604;418.6928041731928;93.09462065238024;0.23459115299736893
3538303;-82105.35714285861;-0.05480004065487254;-0.2354048143149623;65.43636363636361;0.026319125914906483;0.03609139927808003;3145604;726.6167359851003;93.09462065238024;0.1653786356889192
3539509;911242.5214285654;0.04608826979350811;-0.014989210481036852;636.2969696969699;0.029451658167524375;0.031567177101728294;3145604;354.1898113050481;93.09462065238024;0.2637349504329261
3540002;258480.19642857058;-0.06490432271079105;-0.04925595920386161;431.8484848484849;0.027487249741115827;0.030600073087805546;3145604;575.2512115344994;93.09462065238024;0.22053097409209055
3540200;687492.7607142857;0.050759275270660265;0.009126792138618;725.0909090909084;0.03613225645931384;0.03644340899870446;3145604;335.8076717113292;93.09462065238024;0.26843578969096754
3540853;5876.785714285629;0.06458673593148645;0.03550630852850167;27.206060606060586;0.034662789530668814;0.03885213421122402;3145604;660.8806144227732;93.09462065238024;0.16802977220029353
3541109;-483321.6964286005;-0.03007977244971205;-0.36889941653577074;78.17575757575759;0.02640060639586239;0.03418111965698056;3145604;501.95421206478477;93.09462065238024;0.2025769227294617
3541604;-2390671.1107142833;0.003565643111538064;-0.1420969624710574;653.6969696969702;0.02243598824379145;0.026470133874289203;3145604;530.0588769942844;93.09462065238024;0.22583998097134175
3544202;-47432.646428571345;0.03276950243649979;0.031867060416930215;201.9878787878788;0.042095035827731664;0.04886104009764347;3145604;512.2614810223563;93.09462065238024;0.19838680604803552
3544251;28288.32500000189;0.08275611885754808;0.009283921030764475;308.3818181818185;0.029020665458701744;0.03320856667085503;3145604;875.9347065712715;93.09462065238024;0.19255075614297004
3546900;-19812.50000000059;0.08974425081854953;-0.10284037971492177;114.33333333333337;0.022574271439096405;0.025801394237404685;3145604;355.287158280862;93.09462065238024;0.2396074780490577
3548005;-203804.1357143781;0.029058760767394665;-0.13870237872223712;597.1757575757576;0.03352853408715828;0.037404031832937834;3145604;302.5145550226565;93.09462065238024;0.2945468575271938
3548609;568959.7999999966;-0.07970418873485963;0.010719588649253486;331.7696969696969;0.048171126793315366;0.05132241320868758;3145604;239.54674361811323;93.09462065238024;0.3099776976598459
3548708;-2657929.1571428427;0.061122634841588086;0.023619307919467536;9682.890909090907;0.01883802458645345;0.015602079314037232;3145604;377.7484605619699;93.09462065238024;0.2885234074970093
3549409;670267.4249999999;0.037112157736789;0.03782482295541301;828.3939393939387;0.022826187743941295;0.02315647592293324;3145604;315.5903950136534;93.09462065238024;0.2802149142480603
3550506;-21593422.810714558;-0.10832113556731782;-0.5035999371882874;170.46060606060607;0.045453872409072504;0.04419169947988544;3145604;556.2385372244997;93.09462065238024;0.2999985506771384
3552502;4302672.421428545;0.04231502315885738;0.07123214934626598;5682.8424242424235;0.037774838103535435;0.041197342992842056;3145604;351.4167223586781;93.09462065238024;0.26993338253273935
3553005;-432532.38214286487;-0.016558581403180783;-0.2390380096618957;290.6727272727273;0.04169612561968794;0.05697039270783888;3145604;561.5306550731544;93.09462065238024;0.1964459398452649
3553906;-129127.97500000088;-4.1378127037861034e-05;-0.060590186517707645;141.4787878787879;0.028229783836132283;0.03837354262464565;3145604;718.9615121685691;93.09462065238024;0.17299055651181958
3554409;84997.61428571452;0.18023298176152713;0.10573950156181522;171.0787878787877;0.030367104803125988;0.036337340767339965;3145604;364.3320547070739;93.09462065238024;0.2392201344035844
3554904;7558.250000000416;-0.003278712060317046;0.0464910678694348;174.61212121212122;0.04410071266442728;0.04346692155638032;3145604;633.5274394916773;93.09462065238024;0.17887924253929469
3555000;245183.49285713994;0.01856876091321391;0.02419129334377068;1305.709090909091;0.01979576293661567;0.023661472096978775;3145604;605.1729704711411;93.09462065238024;0.2003149596627561
3555406;2091841.9607142902;0.05742304437296397;0.07169351727009654;3014.0242424242424;0.06390790646991618;0.06253268305799464;3145604;305.2456668637028;93.09462065238024;0.27790404651364303
3556404;1018325.899999994;0.03349938732812818;0.05323308624457512;778.4969696969697;0.02602747361777924;0.027034468080898932;3145604;248.1256062872804;93.09462065238024;0.30773975070891485
3557154;-361015.00357143395;0.05375919134505747;-0.3404689493490679;59.5030303030303;0.03210434836367004;0.03717804424759619;3145604;544.3709498977307;93.09462065238024;0.20073186234185314
3128253;7597.292307692526;0.0341647719780771;;205.0848484848485;0.2507713644424381;0.12360666163163958;3106705;333.0946674711278;93.09462065238024;0.1570779998917118
3542305;nan;;;85.3212121212122;0.042480857630699864;0.03749270951805017;3145604;294.6054051873509;93.09462065238024;
3147501;nan;;;13.672727272727272;0.00947923811322493;0.02163139718227014;3106705;130.6460143565793;93.09462065238024;
