ano;id_municipio;vab_agropecuaria;vab_industria;vab_servicos;vab_adm_publica;vab_total;pib;pib_per_capita;atividade_1;atividade_2;atividade_3
2022;1100015;;;;;;919520.273;42778.33;;;
2022;1100023;;;;;;3809355.08;39339.43;;;
2022;1100031;;;;;;289782.675;54033.69;;;
2022;1100049;;;;;;3195489.49;36774.15;;;
2022;1100056;;;;;;903098.536;56834.39;;;
2022;1100064;;;;;;514218.546;32830.14;;;
2022;1100072;;;;;;473844.806;63019.66;;;
2022;1100080;;;;;;349795.626;27702.2;;;
2022;1100098;;;;;;921381.731;31342.71;;;
2022;1100106;;;;;;1057883.463;26859.38;;;
2022;1100114;;;;;;2113514.91;41776.5;;;
2022;1100122;;;;;;4934531.717;39688.03;;;
2022;1100130;;;;;;909026.718;29603.24;;;
2022;1100148;;;;;;641839.015;40936.22;;;
2022;1100155;;;;;;1089382.241;31086.13;;;
2022;1100189;;;;;;1714399.696;48985.65;;;
2022;1100205;;;;;;22537532.735;48950.69;;;
2022;1100254;;;;;;653357.021;33805.4;;;
2022;1100262;;;;;;265661.176;76537.36;;;
2022;1100288;;;;;;1906485.406;33799.34;;;
2022;1100296;;;;;;262242.618;35347.43;;;
2022;1100304;;;;;;4515119.507;47114.95;;;
2022;1100320;;;;;;1383948.43;63968.03;;;
2022;1100338;;;;;;928841.773;36505.34;;;
2022;1100346;;;;;;435099.488;33170.66;;;
2022;1100379;;;;;;570359.834;49687.24;;;
2022;1100403;;;;;;605617.061;37108.89;;;
2022;1100452;;;;;;1104420.348;39454.86;;;
2022;1100502;;;;;;268863.485;35067.63;;;
2022;1100601;;;;;;219344.748;52854.16;;;
2022;1100700;;;;;;398840.84;45097.34;;;
2022;1100809;;;;;;791506.956;35592.54;;;
2022;1100908;;;;;;121873.13;37696.61;;;
2022;1100924;;;;;;638874.936;68519.41;;;
2022;1100940;;;;;;519136.46;34928.11;;;
2022;1101005;;;;;;283464.509;35428.63;;;
2022;1101104;;;;;;289966.669;33949.97;;;
2022;1101203;;;;;;414489.956;64102.99;;;
2022;1101302;;;;;;310402.138;33611.49;;;
2022;1101401;;;;;;452939.399;39222.32;;;
2022;1101435;;;;;;168139.394;27119.26;;;
2022;1101450;;;;;;164072.904;39775.25;;;
2022;1101468;;;;;;327047.972;151692.01;;;
2022;1101476;;;;;;130972.784;42606.63;;;
2022;1101484;;;;;;157329.706;29921.97;;;
2022;1101492;;;;;;573985.305;35244.09;;;
2022;1101500;;;;;;381162.739;34120.74;;;
2022;1101559;;;;;;141105.264;33154.43;;;
2022;1101609;;;;;;284565.237;35075.22;;;
2022;1101708;;;;;;317567.823;29610.05;;;
2022;1101757;;;;;;234964.744;30170.1;;;
2022;1101807;;;;;;199086.492;30727.97;;;
2022;1200013;;;;;;445829.309;31797.25;;;
2022;1200054;;;;;;164920.809;20360.59;;;
2022;1200104;;;;;;820792.843;31568.96;;;
2022;1200138;;;;;;344752.47;26689.83;;;
2022;1200179;;;;;;717612.049;69054.28;;;
2022;1200203;;;;;;2313075.195;25172.77;;;
2022;1200252;;;;;;776867.616;41417.48;;;
2022;1200302;;;;;;639843.594;18061.41;;;
2022;1200328;;;;;;136531.072;14804.93;;;
2022;1200336;;;;;;289345.138;14991.98;;;
2022;1200344;;;;;;231081.957;19263.25;;;
2022;1200351;;;;;;256481.015;15005.03;;;
2022;1200385;;;;;;829047.04;50063.23;;;
2022;1200393;;;;;;177517.447;16536.32;;;
2022;1200401;;;;;;11266899.134;30888.87;;;
2022;1200427;;;;;;253224.62;16951.71;;;
2022;1200435;;;;;;114984.05;17103.09;;;
2022;1200450;;;;;;1037716.235;48371.61;;;
2022;1200500;;;;;;841620.646;20354.07;;;
2022;1200609;;;;;;800495.573;18417.44;;;
2022;1200708;;;;;;632359.642;34663.14;;;
2022;1200807;;;;;;585138.606;35052.93;;;
2022;1300029;;;;;;222261.723;14008.68;;;
2022;1300060;;;;;;124174.907;11477.48;;;
2022;1300086;;;;;;135488.422;13600.52;;;
2022;1300102;;;;;;252603.104;14691.35;;;
2022;1300144;;;;;;321020.398;15548.04;;;
2022;1300201;;;;;;177564.771;11594.93;;;
2022;1300300;;;;;;567927.776;13658.02;;;
2022;1300409;;;;;;207958.551;11043.42;;;
2022;1300508;;;;;;377493.439;12151.73;;;
2022;1300607;;;;;;390615.591;10375.47;;;
2022;1300631;;;;;;239687.419;11569.04;;;
2022;1300680;;;;;;216113.413;9086.12;;;
2022;1300706;;;;;;576050.778;16251.04;;;
2022;1300805;;;;;;415320.888;12564.16;;;
2022;1300839;;;;;;195341.464;14498.74;;;
2022;1300904;;;;;;177302.877;10510.57;;;
2022;1301001;;;;;;406023.367;14126.48;;;
2022;1301100;;;;;;398453.007;12940.15;;;
2022;1301159;;;;;;355856.708;18120.82;;;
2022;1301209;;;;;;4861890.601;68966.9;;;
2022;1301308;;;;;;522890.697;22204.37;;;
2022;1301407;;;;;;578742.455;17447.77;;;
2022;1301506;;;;;;209889.247;12212.8;;;
2022;1301605;;;;;;297891.453;11514.49;;;
2022;1301654;;;;;;166381.42;12043.53;;;
2022;1301704;;;;;;960741.496;16716.4;;;
2022;1301803;;;;;;214596.599;8827.14;;;
2022;1301852;;;;;;1044311.832;17121.83;;;
2022;1301902;;;;;;2775137.65;26787.56;;;
2022;1301951;;;;;;161303.702;14748.44;;;
2022;1302009;;;;;;173993.998;17122.02;;;
2022;1302108;;;;;;127519.935;14396.02;;;
2022;1302207;;;;;;130664.012;12163.84;;;
2022;1302306;;;;;;351354.618;13958.15;;;
2022;1302405;;;;;;665442.354;14641.84;;;
2022;1302504;;;;;;1776202.542;17433.75;;;
2022;1302553;;;;;;264184.612;15443.07;;;
2022;1302603;;;;;;113465434.867;54985.63;;;
2022;1302702;;;;;;781078.121;14487.48;;;
2022;1302801;;;;;;181102.31;11668.96;;;
2022;1302900;;;;;;649736.207;10615.91;;;
2022;1303007;;;;;;220804.34;10966.2;;;
2022;1303106;;;;;;325557.794;12030.07;;;
2022;1303205;;;;;;201709.714;12798.03;;;
2022;1303304;;;;;;264809.634;11118.51;;;
2022;1303403;;;;;;1511650.23;15685.57;;;
2022;1303502;;;;;;221857.54;11451.89;;;
2022;1303536;;;;;;592973.429;19335.25;;;
2022;1303569;;;;;;406486.826;16301.2;;;
2022;1303601;;;;;;197124.045;13917.26;;;
2022;1303700;;;;;;305336.401;10823.31;;;
2022;1303809;;;;;;511306.56;9871.74;;;
2022;1303908;;;;;;328403.683;9961.59;;;
2022;1303957;;;;;;129935.098;11134.11;;;
2022;1304005;;;;;;378318.389;32729.34;;;
2022;1304062;;;;;;824248.547;12345.7;;;
2022;1304104;;;;;;279445.267;14258.14;;;
2022;1304203;;;;;;1386544.502;18821.27;;;
2022;1304237;;;;;;202743.118;10533.75;;;
2022;1304260;;;;;;250157.428;17334.73;;;
2022;1304302;;;;;;220397.594;11832.79;;;
2022;1304401;;;;;;262905.638;10979.56;;;
2022;1400027;;;;;;300390.24;21568.91;;;
2022;1400050;;;;;;700057.799;33231.64;;;
2022;1400100;;;;;;15213965.661;36794.39;;;
2022;1400159;;;;;;705964.546;50799.78;;;
2022;1400175;;;;;;405867.99;21725.08;;;
2022;1400209;;;;;;530515.04;25314.46;;;
2022;1400233;;;;;;276635.064;25960.5;;;
2022;1400282;;;;;;235247.048;23470.72;;;
2022;1400308;;;;;;481025.356;26628.95;;;
2022;1400407;;;;;;270719.777;19805.38;;;
2022;1400456;;;;;;393277.711;20371.81;;;
2022;1400472;;;;;;828529.325;25378.42;;;
2022;1400506;;;;;;343559.231;38785.19;;;
2022;1400605;;;;;;192540.478;26321.32;;;
2022;1400704;;;;;;217046.557;15784.06;;;
2022;1500107;;;;;;2193299.951;13865.15;;;
2022;1500131;;;;;;126585.01;18006.4;;;
2022;1500206;;;;;;1242612.023;21653.95;;;
2022;1500305;;;;;;539302.779;14280.49;;;
2022;1500347;;;;;;848598.193;46935.74;;;
2022;1500404;;;;;;919275.51;13250.44;;;
2022;1500503;;;;;;687485.189;20054.99;;;
2022;1500602;;;;;;3457956.969;27383.47;;;
2022;1500701;;;;;;304791.32;10881.13;;;
2022;1500800;;;;;;9983644.977;20852.35;;;
2022;1500859;;;;;;687042.972;21571.21;;;
2022;1500909;;;;;;405344.847;9093.95;;;
2022;1500958;;;;;;340026.93;14388.41;;;
2022;1501006;;;;;;186421.617;10192.54;;;
2022;1501105;;;;;;277457.603;7993.36;;;
2022;1501204;;;;;;694648.006;13451.48;;;
2022;1501253;;;;;;138929.403;34465.25;;;
2022;1501303;;;;;;8408789.119;66393.91;;;
2022;1501402;;;;;;37604333.497;28851.2;;;
2022;1501451;;;;;;340703.452;18824.44;;;
2022;1501501;;;;;;2700819.234;42487.76;;;
2022;1501576;;;;;;292674.992;16255.21;;;
2022;1501600;;;;;;232988.609;18458.93;;;
2022;1501709;;;;;;1737012.228;14112.64;;;
2022;1501725;;;;;;440739.481;17830.71;;;
2022;1501758;;;;;;129481.336;19089.1;;;
2022;1501782;;;;;;767219.193;16783.76;;;
2022;1501808;;;;;;1227011.447;11470.83;;;
2022;1501907;;;;;;544690.343;22338.94;;;
2022;1501956;;;;;;214722.019;10938.46;;;
2022;1502004;;;;;;293835.055;12252.83;;;
2022;1502103;;;;;;1640809.294;12228.05;;;
2022;1502152;;;;;;16061772.934;208380.66;;;
2022;1502202;;;;;;1598656.137;22710.12;;;
2022;1502301;;;;;;691741.243;12279.72;;;
2022;1502400;;;;;;5688912.361;29589.37;;;
2022;1502509;;;;;;293848.397;14156.59;;;
2022;1502608;;;;;;120634.997;9374.81;;;
2022;1502707;;;;;;765891.565;17165.91;;;
2022;1502756;;;;;;452741.152;16842.42;;;
2022;1502764;;;;;;431267.678;30725.82;;;
2022;1502772;;;;;;1503196.58;75348.2;;;
2022;1502806;;;;;;328648.47;9693.79;;;
2022;1502855;;;;;;171988.947;12183.11;;;
2022;1502905;;;;;;443370.953;10990.31;;;
2022;1502939;;;;;;1261537.918;21570.65;;;
2022;1502954;;;;;;605964.372;21494.2;;;
2022;1503002;;;;;;89800.522;10288.79;;;
2022;1503044;;;;;;566641.307;31659.48;;;
2022;1503077;;;;;;314532.524;12732.56;;;
2022;1503093;;;;;;522757.144;19891.82;;;
2022;1503101;;;;;;398198.92;12526.71;;;
2022;1503200;;;;;;499454.6;13952.42;;;
2022;1503309;;;;;;818860.302;12630.69;;;
2022;1503408;;;;;;201526.406;19518.3;;;
2022;1503457;;;;;;607746.914;20038.48;;;
2022;1503507;;;;;;317600.194;10260.06;;;
2022;1503606;;;;;;3757069.625;30468.0;;;
2022;1503705;;;;;;889870.271;17886.12;;;
2022;1503754;;;;;;657774.713;27359.4;;;
2022;1503804;;;;;;658641.88;17467.36;;;
2022;1503903;;;;;;1294172.457;25435.28;;;
2022;1504000;;;;;;525619.392;17776.03;;;
2022;1504059;;;;;;422738.486;12305.72;;;
2022;1504109;;;;;;110100.87;13567.57;;;
2022;1504208;;;;;;12233452.981;45897.94;;;
2022;1504307;;;;;;310995.114;12048.47;;;
2022;1504406;;;;;;297449.537;11236.81;;;
2022;1504422;;;;;;2475912.639;22403.41;;;
2022;1504455;;;;;;979332.762;36168.44;;;
2022;1504505;;;;;;270905.325;9718.23;;;
2022;1504604;;;;;;381652.993;14032.39;;;
2022;1504703;;;;;;1537609.026;18516.71;;;
2022;1504752;;;;;;464580.102;19768.52;;;
2022;1504802;;;;;;1063686.202;17723.38;;;
2022;1504901;;;;;;395395.804;8715.3;;;
2022;1504950;;;;;;274260.463;13392.93;;;
2022;1504976;;;;;;202161.283;14486.66;;;
2022;1505007;;;;;;167479.425;13078.2;;;
2022;1505031;;;;;;1280246.935;38059.54;;;
2022;1505064;;;;;;1233474.12;20310.12;;;
2022;1505106;;;;;;982930.187;18819.62;;;
2022;1505205;;;;;;454247.038;13421.79;;;
2022;1505304;;;;;;1802512.13;26393.42;;;
2022;1505403;;;;;;231548.936;12968.3;;;
2022;1505437;;;;;;1778205.427;54769.63;;;
2022;1505486;;;;;;1071885.402;26081.84;;;
2022;1505494;;;;;;117612.945;17082.49;;;
2022;1505502;;;;;;5020674.301;47572.19;;;
2022;1505536;;;;;;25317042.044;95025.38;;;
2022;1505551;;;;;;120432.253;17375.88;;;
2022;1505601;;;;;;81669.42;9857.5;;;
2022;1505635;;;;;;324867.536;25316.98;;;
2022;1505650;;;;;;379126.261;20308.88;;;
2022;1505700;;;;;;277170.891;11093.94;;;
2022;1505809;;;;;;870234.522;13936.02;;;
2022;1505908;;;;;;452978.341;11157.93;;;
2022;1506005;;;;;;494695.747;13904.93;;;
2022;1506104;;;;;;486676.889;45581.8;;;
2022;1506112;;;;;;123175.91;10688.64;;;
2022;1506138;;;;;;3292754.145;38468.1;;;
2022;1506161;;;;;;872543.062;47462.09;;;
2022;1506187;;;;;;938381.503;17657.67;;;
2022;1506195;;;;;;516465.045;14438.9;;;
2022;1506203;;;;;;732524.492;16361.22;;;
2022;1506302;;;;;;235242.521;9749.37;;;
2022;1506351;;;;;;278332.523;13198.0;;;
2022;1506401;;;;;;98542.6;13236.08;;;
2022;1506500;;;;;;1505978.487;20624.47;;;
2022;1506559;;;;;;233057.745;11441.22;;;
2022;1506583;;;;;;696577.213;42094.34;;;
2022;1506609;;;;;;499868.396;20300.05;;;
2022;1506708;;;;;;1764088.482;54425.34;;;
2022;1506807;;;;;;7764936.389;23392.8;;;
2022;1506906;;;;;;67380.442;11017.08;;;
2022;1507003;;;;;;582208.797;21201.3;;;
2022;1507102;;;;;;200863.859;12052.31;;;
2022;1507151;;;;;;425974.407;20196.02;;;
2022;1507201;;;;;;589309.639;19259.11;;;
2022;1507300;;;;;;2020084.663;30879.65;;;
2022;1507409;;;;;;326142.724;21897.59;;;
2022;1507458;;;;;;937038.138;38632.78;;;
2022;1507466;;;;;;66007.645;14900.15;;;
2022;1507474;;;;;;203685.408;9845.11;;;
2022;1507508;;;;;;214553.545;15934.17;;;
2022;1507607;;;;;;938620.655;17744.98;;;
2022;1507706;;;;;;264513.835;10315.25;;;
2022;1507755;;;;;;160507.213;27451.21;;;
2022;1507805;;;;;;327336.372;14499.31;;;
2022;1507904;;;;;;277731.78;11474.62;;;
2022;1507953;;;;;;1738043.04;23975.32;;;
2022;1507961;;;;;;101759.842;9784.6;;;
2022;1507979;;;;;;875905.194;46635.35;;;
2022;1508001;;;;;;1297601.649;19279.42;;;
2022;1508035;;;;;;339249.012;11863.93;;;
2022;1508050;;;;;;373497.336;24504.48;;;
2022;1508084;;;;;;1174447.701;29695.26;;;
2022;1508100;;;;;;5999822.793;65711.16;;;
2022;1508126;;;;;;2302813.236;60645.03;;;
2022;1508159;;;;;;870209.199;19978.17;;;
2022;1508209;;;;;;520317.365;10236.02;;;
2022;1508308;;;;;;700430.649;11934.01;;;
2022;1508357;;;;;;4086688.117;261983.98;;;
2022;1508407;;;;;;2091023.256;39533.08;;;
2022;1600055;;;;;;99725.003;21340.68;;;
2022;1600105;;;;;;184055.672;23172.06;;;
2022;1600154;;;;;;391427.154;30468.37;;;
2022;1600204;;;;;;231683.745;21832.24;;;
2022;1600212;;;;;;94530.609;21190.45;;;
2022;1600238;;;;;;478972.318;71853.03;;;
2022;1600253;;;;;;108364.672;19354.29;;;
2022;1600279;;;;;;1168830.466;33286.74;;;
2022;1600303;;;;;;15571144.823;35154.63;;;
2022;1600402;;;;;;468715.056;21384.94;;;
2022;1600501;;;;;;696943.905;25360.01;;;
2022;1600535;;;;;;426170.002;23877.75;;;
2022;1600550;;;;;;82806.514;21774.0;;;
2022;1600600;;;;;;3091307.067;28790.36;;;
2022;1600709;;;;;;266853.974;20614.44;;;
2022;1600808;;;;;;252760.49;22386.01;;;
2022;1700251;;;;;;109870.948;42651.77;;;
2022;1700301;;;;;;224319.851;49882.11;;;
2022;1700350;;;;;;233447.077;45355.95;;;
2022;1700400;;;;;;273731.679;42119.05;;;
2022;1700707;;;;;;628959.278;71456.41;;;
2022;1701002;;;;;;173648.609;16818.27;;;
2022;1701051;;;;;;49246.946;17123.42;;;
2022;1701101;;;;;;288442.148;59399.12;;;
2022;1701309;;;;;;93577.024;17689.42;;;
2022;1701903;;;;;;347916.932;58700.34;;;
2022;1702000;;;;;;388687.821;47791.44;;;
2022;1702109;;;;;;6165264.538;35990.83;;;
2022;1702158;;;;;;90228.162;20934.61;;;
2022;1702208;;;;;;785528.889;24610.84;;;
2022;1702307;;;;;;153137.545;27592.35;;;
2022;1702406;;;;;;205200.247;19947.53;;;
2022;1702554;;;;;;346878.18;19839.75;;;
2022;1702703;;;;;;61532.514;18411.88;;;
2022;1702901;;;;;;167496.207;16321.98;;;
2022;1703008;;;;;;149213.191;18935.68;;;
2022;1703057;;;;;;219237.669;64349.18;;;
2022;1703073;;;;;;122562.663;27382.19;;;
2022;1703107;;;;;;124496.341;25690.54;;;
2022;1703206;;;;;;117016.915;27670.11;;;
2022;1703305;;;;;;157713.394;39105.73;;;
2022;1703602;;;;;;120747.576;61168.98;;;
2022;1703701;;;;;;264926.791;56069.16;;;
2022;1703800;;;;;;147595.0;14319.88;;;
2022;1703826;;;;;;44838.129;22864.93;;;
2022;1703842;;;;;;1241420.136;143467.02;;;
2022;1703867;;;;;;925418.871;230950.55;;;
2022;1703883;;;;;;60121.345;27315.47;;;
2022;1703891;;;;;;75057.448;22621.29;;;
2022;1703909;;;;;;447727.273;92372.04;;;
2022;1704105;;;;;;79763.643;37430.15;;;
2022;1704600;;;;;;44846.35;29877.65;;;
2022;1705102;;;;;;165621.906;53135.04;;;
2022;1705508;;;;;;1119263.67;32695.46;;;
2022;1705557;;;;;;82898.837;17430.37;;;
2022;1705607;;;;;;75126.423;19327.61;;;
2022;1706001;;;;;;234431.598;43975.16;;;
2022;1706100;;;;;;187366.051;29409.21;;;
2022;1706258;;;;;;82922.998;56410.2;;;
2022;1706506;;;;;;247899.058;42543.17;;;
2022;1707009;;;;;;777790.451;43846.35;;;
2022;1707108;;;;;;481319.126;68524.93;;;
2022;1707207;;;;;;199598.685;31547.13;;;
2022;1707306;;;;;;248721.244;58550.2;;;
2022;1707405;;;;;;109800.496;14581.74;;;
2022;1707553;;;;;;102788.401;29647.65;;;
2022;1707652;;;;;;317328.478;60895.89;;;
2022;1707702;;;;;;131905.734;17103.96;;;
2022;1708205;;;;;;857600.241;45421.34;;;
2022;1708254;;;;;;221095.884;63993.02;;;
2022;1708304;;;;;;211187.516;44573.14;;;
2022;1709005;;;;;;257057.354;20675.41;;;
2022;1709302;;;;;;1021436.593;41228.52;;;
2022;1709500;;;;;;3307378.513;38852.74;;;
2022;1709807;;;;;;49268.539;30986.5;;;
2022;1710508;;;;;;155966.907;22872.4;;;
2022;1710706;;;;;;88498.566;17111.09;;;
2022;1710904;;;;;;156514.464;43755.79;;;
2022;1711100;;;;;;69210.741;28789.83;;;
2022;1711506;;;;;;95141.427;28536.72;;;
2022;1711803;;;;;;48217.594;21496.92;;;
2022;1711902;;;;;;941717.785;61598.49;;;
2022;1711951;;;;;;82842.604;23561.61;;;
2022;1712009;;;;;;95998.522;28596.52;;;
2022;1712157;;;;;;35046.441;21553.78;;;
2022;1712405;;;;;;63168.968;21063.34;;;
2022;1712454;;;;;;56666.384;20856.23;;;
2022;1712504;;;;;;336342.299;72880.24;;;
2022;1712702;;;;;;320676.87;116694.64;;;
2022;1712801;;;;;;54949.493;17754.28;;;
2022;1713205;;;;;;716542.884;38594.36;;;
2022;1713304;;;;;;423866.142;33372.66;;;
2022;1713601;;;;;;330390.483;58024.32;;;
2022;1713700;;;;;;74642.641;31153.02;;;
2022;1713809;;;;;;94882.985;19475.16;;;
2022;1713957;;;;;;70558.638;20955.94;;;
2022;1714203;;;;;;285990.486;32669.69;;;
2022;1714302;;;;;;70455.239;15583.99;;;
2022;1714880;;;;;;392347.39;37845.8;;;
2022;1715002;;;;;;111315.282;33109.84;;;
2022;1715101;;;;;;163934.581;41303.75;;;
2022;1715150;;;;;;34679.349;18786.21;;;
2022;1715259;;;;;;46606.286;20899.68;;;
2022;1715507;;;;;;34139.198;29329.21;;;
2022;1715705;;;;;;236266.903;49242.79;;;
2022;1715754;;;;;;195734.727;28062.33;;;
2022;1716109;;;;;;2046928.653;39093.37;;;
2022;1716208;;;;;;329731.657;31277.9;;;
2022;1716307;;;;;;93067.413;23019.39;;;
2022;1716505;;;;;;944174.913;67177.15;;;
2022;1716604;;;;;;942483.911;101157.44;;;
2022;1716653;;;;;;136571.317;27752.76;;;
2022;1716703;;;;;;204685.974;22892.96;;;
2022;1717008;;;;;;108191.507;24160.68;;;
2022;1717206;;;;;;102183.155;44777.89;;;
2022;1717503;;;;;;383001.221;53731.93;;;
2022;1717800;;;;;;71274.704;16889.74;;;
2022;1717909;;;;;;125340.746;16522.64;;;
2022;1718006;;;;;;51166.372;17852.89;;;
2022;1718204;;;;;;3850165.156;59768.47;;;
2022;1718303;;;;;;132429.217;14642.77;;;
2022;1718402;;;;;;71875.989;23589.1;;;
2022;1718451;;;;;;101396.93;46236.63;;;
2022;1718501;;;;;;164680.181;48138.02;;;
2022;1718550;;;;;;66631.43;16826.12;;;
2022;1718659;;;;;;29757.58;16831.21;;;
2022;1718709;;;;;;94635.026;34563.56;;;
2022;1718758;;;;;;105483.088;21789.52;;;
2022;1718808;;;;;;87893.354;20852.52;;;
2022;1718840;;;;;;119920.648;32210.76;;;
2022;1718865;;;;;;195531.995;27097.01;;;
2022;1718881;;;;;;112561.78;42000.66;;;
2022;1718899;;;;;;222462.878;100253.66;;;
2022;1718907;;;;;;464796.61;99827.45;;;
2022;1719004;;;;;;47243.988;16988.13;;;
2022;1720002;;;;;;42844.64;17807.41;;;
2022;1720101;;;;;;79930.023;14136.9;;;
2022;1720150;;;;;;33019.384;18519.0;;;
2022;1720200;;;;;;233758.434;17654.14;;;
2022;1720259;;;;;;49679.838;20830.12;;;
2022;1720309;;;;;;61444.097;14986.37;;;
2022;1720499;;;;;;178992.814;40477.8;;;
2022;1720655;;;;;;286765.15;56140.4;;;
2022;1720804;;;;;;160124.367;14785.26;;;
2022;1720853;;;;;;160087.978;101514.25;;;
2022;1720903;;;;;;314405.168;22439.88;;;
2022;1720937;;;;;;35214.062;17424.08;;;
2022;1720978;;;;;;162121.482;66010.38;;;
2022;1721000;;;;;;11951579.262;39484.29;;;
2022;1721109;;;;;;159208.868;21344.53;;;
2022;1721208;;;;;;448286.06;19822.51;;;
2022;1721257;;;;;;111988.042;58663.2;;;
2022;1721307;;;;;;38382.804;20481.75;;;
2022;1722081;;;;;;192953.934;18338.14;;;
2022;1722107;;;;;;598803.994;56936.77;;;
2022;2100055;;;;;;4148952.591;38939.02;;;
2022;2100105;;;;;;117492.738;19123.17;;;
2022;2100154;;;;;;120773.934;9946.79;;;
2022;2100204;;;;;;153680.475;8322.35;;;
2022;2100303;;;;;;369369.725;15862.31;;;
2022;2100402;;;;;;79335.962;12305.87;;;
2022;2100436;;;;;;359926.42;14967.0;;;
2022;2100477;;;;;;282348.467;10982.05;;;
2022;2100501;;;;;;787087.276;70851.32;;;
2022;2100550;;;;;;77337.043;10786.2;;;
2022;2100600;;;;;;435131.53;11731.46;;;
2022;2100709;;;;;;236141.823;9325.56;;;
2022;2100808;;;;;;178126.335;12914.26;;;
2022;2100832;;;;;;152577.866;8709.28;;;
2022;2100873;;;;;;112188.411;10032.95;;;
2022;2100907;;;;;;311060.571;7965.29;;;
2022;2100956;;;;;;296103.505;11602.8;;;
2022;2101004;;;;;;363216.594;12324.12;;;
2022;2101103;;;;;;106711.893;9051.05;;;
2022;2101202;;;;;;1748315.383;16857.57;;;
2022;2101251;;;;;;450355.125;26544.57;;;
2022;2101301;;;;;;138556.108;8505.59;;;
2022;2101350;;;;;;45480.38;8654.69;;;
2022;2101400;;;;;;8010408.203;78830.19;;;
2022;2101509;;;;;;293767.556;15474.48;;;
2022;2101608;;;;;;1034428.506;12237.12;;;
2022;2101707;;;;;;753456.182;11488.59;;;
2022;2101731;;;;;;91671.896;10835.92;;;
2022;2101772;;;;;;124651.082;10608.6;;;
2022;2101806;;;;;;95654.509;17490.31;;;
2022;2101905;;;;;;158757.742;8108.16;;;
2022;2101939;;;;;;105329.244;18035.83;;;
2022;2101970;;;;;;80574.272;10638.27;;;
2022;2102002;;;;;;502148.553;15150.05;;;
2022;2102036;;;;;;425063.798;14862.89;;;
2022;2102077;;;;;;128771.002;10544.63;;;
2022;2102101;;;;;;386372.93;11323.94;;;
2022;2102150;;;;;;82005.432;8896.23;;;
2022;2102200;;;;;;317302.097;10688.97;;;
2022;2102309;;;;;;302954.131;13491.61;;;
2022;2102325;;;;;;995133.988;17928.08;;;
2022;2102358;;;;;;139628.565;10808.84;;;
2022;2102374;;;;;;75802.015;7788.95;;;
2022;2102408;;;;;;73804.989;7292.26;;;
2022;2102507;;;;;;134712.227;8208.15;;;
2022;2102556;;;;;;279970.005;22759.94;;;
2022;2102606;;;;;;177499.432;8905.25;;;
2022;2102705;;;;;;189289.41;7788.73;;;
2022;2102754;;;;;;310504.286;27299.48;;;
2022;2102804;;;;;;652287.83;27108.63;;;
2022;2102903;;;;;;235574.477;9719.22;;;
2022;2103000;;;;;;2440068.243;15544.81;;;
2022;2103109;;;;;;84024.317;8231.22;;;
2022;2103125;;;;;;68881.824;9709.87;;;
2022;2103158;;;;;;126887.251;10280.93;;;
2022;2103174;;;;;;213797.585;13143.02;;;
2022;2103208;;;;;;1042455.769;12808.78;;;
2022;2103257;;;;;;232142.517;18026.29;;;
2022;2103307;;;;;;1633740.738;14297.32;;;
2022;2103406;;;;;;531448.979;12757.43;;;
2022;2103505;;;;;;687286.808;17051.72;;;
2022;2103554;;;;;;164032.619;10997.83;;;
2022;2103604;;;;;;595188.038;9992.08;;;
2022;2103703;;;;;;302878.512;9597.52;;;
2022;2103752;;;;;;218594.844;15175.98;;;
2022;2103802;;;;;;296095.889;12844.14;;;
2022;2103901;;;;;;109869.612;10747.3;;;
2022;2104008;;;;;;185078.505;10107.5;;;
2022;2104057;;;;;;1105184.607;33194.71;;;
2022;2104073;;;;;;133185.398;16548.88;;;
2022;2104081;;;;;;141250.075;12990.9;;;
2022;2104099;;;;;;222175.707;12538.84;;;
2022;2104107;;;;;;423550.438;33508.74;;;
2022;2104206;;;;;;206608.383;12170.62;;;
2022;2104305;;;;;;977589.599;95973.85;;;
2022;2104404;;;;;;171046.011;9941.07;;;
2022;2104503;;;;;;97467.507;9529.48;;;
2022;2104552;;;;;;382611.205;20781.66;;;
2022;2104602;;;;;;171337.009;12299.86;;;
2022;2104628;;;;;;99981.237;14155.63;;;
2022;2104651;;;;;;103325.777;9644.9;;;
2022;2104677;;;;;;300655.974;12999.65;;;
2022;2104701;;;;;;57513.175;9548.92;;;
2022;2104800;;;;;;1267468.614;17157.63;;;
2022;2104909;;;;;;100951.896;9810.68;;;
2022;2105005;;;;;;208096.971;8106.94;;;
2022;2105104;;;;;;188044.376;7584.27;;;
2022;2105153;;;;;;442682.174;31678.99;;;
2022;2105203;;;;;;119170.665;11648.0;;;
2022;2105302;;;;;;8773106.648;32122.98;;;
2022;2105351;;;;;;121516.192;8787.69;;;
2022;2105401;;;;;;836920.771;13851.95;;;
2022;2105427;;;;;;637759.214;28328.49;;;
2022;2105450;;;;;;78619.349;10523.27;;;
2022;2105476;;;;;;139195.271;8151.52;;;
2022;2105500;;;;;;315181.082;12755.72;;;
2022;2105609;;;;;;140781.719;9433.24;;;
2022;2105658;;;;;;67825.871;13180.31;;;
2022;2105708;;;;;;553461.905;12464.52;;;
2022;2105807;;;;;;98654.352;10378.11;;;
2022;2105906;;;;;;148282.848;10040.14;;;
2022;2105922;;;;;;172304.153;16298.16;;;
2022;2105948;;;;;;91323.787;10427.47;;;
2022;2105963;;;;;;116771.91;10233.28;;;
2022;2105989;;;;;;115529.616;16363.97;;;
2022;2106003;;;;;;275398.294;24378.0;;;
2022;2106102;;;;;;527370.355;45498.26;;;
2022;2106201;;;;;;66411.063;9273.99;;;
2022;2106300;;;;;;169829.643;12300.26;;;
2022;2106326;;;;;;250129.838;11827.03;;;
2022;2106359;;;;;;90904.298;12923.56;;;
2022;2106375;;;;;;143227.788;10408.24;;;
2022;2106409;;;;;;203945.659;11933.63;;;
2022;2106508;;;;;;211634.8;9604.92;;;
2022;2106607;;;;;;317187.559;9858.51;;;
2022;2106631;;;;;;117796.387;6757.48;;;
2022;2106672;;;;;;82048.277;9304.64;;;
2022;2106706;;;;;;381899.584;18159.75;;;
2022;2106755;;;;;;538577.26;22568.61;;;
2022;2106805;;;;;;121873.48;8718.95;;;
2022;2106904;;;;;;290603.915;10471.84;;;
2022;2107001;;;;;;104605.029;11486.22;;;
2022;2107100;;;;;;168263.143;9068.83;;;
2022;2107209;;;;;;103301.334;7347.18;;;
2022;2107258;;;;;;100921.89;20099.96;;;
2022;2107308;;;;;;52127.641;12066.58;;;
2022;2107357;;;;;;177467.858;12398.2;;;
2022;2107407;;;;;;206604.242;11529.9;;;
2022;2107456;;;;;;128664.408;9476.64;;;
2022;2107506;;;;;;1540541.831;10577.52;;;
2022;2107605;;;;;;166373.351;7900.34;;;
2022;2107704;;;;;;199976.265;10943.21;;;
2022;2107803;;;;;;396200.439;12678.41;;;
2022;2107902;;;;;;200601.714;11649.34;;;
2022;2108009;;;;;;341451.101;18160.36;;;
2022;2108058;;;;;;147290.399;8635.69;;;
2022;2108108;;;;;;233124.502;11460.82;;;
2022;2108207;;;;;;873113.351;23565.81;;;
2022;2108256;;;;;;206963.949;8510.03;;;
2022;2108306;;;;;;286030.661;8797.97;;;
2022;2108405;;;;;;103427.262;9312.74;;;
2022;2108454;;;;;;253047.357;12356.43;;;
2022;2108504;;;;;;344863.425;10978.02;;;
2022;2108603;;;;;;1185383.166;14009.3;;;
2022;2108702;;;;;;242199.361;11066.41;;;
2022;2108801;;;;;;156608.822;8840.96;;;
2022;2108900;;;;;;181008.383;10547.66;;;
2022;2109007;;;;;;1127831.528;47183.68;;;
2022;2109056;;;;;;56998.715;9573.18;;;
2022;2109106;;;;;;907199.388;20090.78;;;
2022;2109205;;;;;;96643.761;8510.37;;;
2022;2109239;;;;;;70166.86;14941.84;;;
2022;2109270;;;;;;179657.227;10283.76;;;
2022;2109304;;;;;;93347.495;8891.93;;;
2022;2109403;;;;;;106239.913;7803.73;;;
2022;2109452;;;;;;327263.822;10612.01;;;
2022;2109502;;;;;;855713.999;38641.41;;;
2022;2109551;;;;;;133864.767;18041.07;;;
2022;2109601;;;;;;481118.865;12504.71;;;
2022;2109700;;;;;;630539.234;113243.4;;;
2022;2109759;;;;;;64531.869;9635.94;;;
2022;2109809;;;;;;394235.165;9485.7;;;
2022;2109908;;;;;;1716444.946;20190.14;;;
2022;2110005;;;;;;888803.415;15421.24;;;
2022;2110039;;;;;;339198.983;13954.79;;;
2022;2110104;;;;;;311348.953;12996.16;;;
2022;2110203;;;;;;341522.864;9221.62;;;
2022;2110237;;;;;;105332.786;9968.09;;;
2022;2110278;;;;;;114431.567;8370.39;;;
2022;2110302;;;;;;3117474.143;217944.22;;;
2022;2110401;;;;;;158301.578;8620.21;;;
2022;2110500;;;;;;372912.087;8037.42;;;
2022;2110609;;;;;;330314.934;12259.77;;;
2022;2110658;;;;;;472476.108;59118.63;;;
2022;2110708;;;;;;445024.416;13075.88;;;
2022;2110807;;;;;;104127.349;23654.55;;;
2022;2110856;;;;;;123480.111;13642.7;;;
2022;2110906;;;;;;108323.123;8979.04;;;
2022;2111003;;;;;;145858.202;7865.52;;;
2022;2111029;;;;;;138136.914;11275.56;;;
2022;2111052;;;;;;171923.256;17358.97;;;
2022;2111078;;;;;;217961.653;12905.54;;;
2022;2111102;;;;;;396337.225;15840.82;;;
2022;2111201;;;;;;2872682.91;11745.42;;;
2022;2111250;;;;;;69266.6;9956.39;;;
2022;2111300;;;;;;39578221.934;38137.58;;;
2022;2111409;;;;;;187079.208;10499.45;;;
2022;2111508;;;;;;464927.054;11973.71;;;
2022;2111532;;;;;;142979.195;10635.17;;;
2022;2111573;;;;;;101116.152;17485.07;;;
2022;2111607;;;;;;863569.831;46249.46;;;
2022;2111631;;;;;;53237.635;9422.59;;;
2022;2111672;;;;;;49972.139;10997.39;;;
2022;2111706;;;;;;163913.069;8406.66;;;
2022;2111722;;;;;;100254.068;11413.26;;;
2022;2111748;;;;;;179371.725;17573.4;;;
2022;2111763;;;;;;197143.699;13411.14;;;
2022;2111789;;;;;;101872.499;9985.54;;;
2022;2111805;;;;;;249392.429;14606.56;;;
2022;2111904;;;;;;154316.24;15072.89;;;
2022;2111953;;;;;;59316.468;11898.99;;;
2022;2112001;;;;;;3322534.121;374919.22;;;
2022;2112100;;;;;;214654.888;8105.08;;;
2022;2112209;;;;;;2619876.119;15016.63;;;
2022;2112233;;;;;;493378.329;21943.53;;;
2022;2112274;;;;;;64355.716;11686.17;;;
2022;2112308;;;;;;379878.713;10479.12;;;
2022;2112407;;;;;;331393.591;8839.28;;;
2022;2112456;;;;;;262626.13;8300.97;;;
2022;2112506;;;;;;611978.059;11469.71;;;
2022;2112605;;;;;;303701.369;9255.8;;;
2022;2112704;;;;;;448144.709;10359.09;;;
2022;2112803;;;;;;570707.693;11094.2;;;
2022;2112852;;;;;;179480.531;17321.03;;;
2022;2112902;;;;;;366775.142;11906.35;;;
2022;2113009;;;;;;368451.744;11945.27;;;
2022;2114007;;;;;;641091.929;15712.65;;;
2022;2200053;;;;;;69703.234;10857.2;;;
2022;2200103;;;;;;51901.68;10506.41;;;
2022;2200202;;;;;;267272.929;15209.29;;;
2022;2200251;;;;;;75805.535;11116.81;;;
2022;2200277;;;;;;54723.972;11809.23;;;
2022;2200301;;;;;;128594.608;9540.37;;;
2022;2200400;;;;;;660824.303;13936.74;;;
2022;2200459;;;;;;95670.499;17976.42;;;
2022;2200509;;;;;;220119.299;12771.64;;;
2022;2200608;;;;;;75215.065;11017.29;;;
2022;2200707;;;;;;111663.346;11870.24;;;
2022;2200806;;;;;;218386.155;69284.95;;;
2022;2200905;;;;;;58914.075;10973.01;;;
2022;2200954;;;;;;27965.773;10396.2;;;
2022;2201002;;;;;;49462.662;10943.07;;;
2022;2201051;;;;;;68897.385;9245.49;;;
2022;2201101;;;;;;104500.897;9617.24;;;
2022;2201150;;;;;;2332225.702;175725.26;;;
2022;2201176;;;;;;42721.179;10693.66;;;
2022;2201200;;;;;;575074.623;11996.22;;;
2022;2201309;;;;;;124724.046;38212.02;;;
2022;2201408;;;;;;102783.912;15479.5;;;
2022;2201507;;;;;;272161.201;10348.33;;;
2022;2201556;;;;;;51937.402;12695.53;;;
2022;2201572;;;;;;43967.537;12844.74;;;
2022;2201606;;;;;;97628.019;9888.38;;;
2022;2201705;;;;;;78169.238;14054.16;;;
2022;2201739;;;;;;232079.87;37311.88;;;
2022;2201770;;;;;;71473.268;10355.44;;;
2022;2201804;;;;;;51900.728;12727.01;;;
2022;2201903;;;;;;1931867.069;67081.05;;;
2022;2201919;;;;;;69422.836;12317.75;;;
2022;2201929;;;;;;61162.835;10343.79;;;
2022;2201945;;;;;;57203.3;8740.0;;;
2022;2201960;;;;;;76412.936;9057.96;;;
2022;2201988;;;;;;45922.17;11762.85;;;
2022;2202000;;;;;;236634.032;12039.99;;;
2022;2202026;;;;;;82158.706;11051.75;;;
2022;2202059;;;;;;88954.321;8710.76;;;
2022;2202075;;;;;;35141.634;11306.83;;;
2022;2202083;;;;;;133053.46;16721.56;;;
2022;2202091;;;;;;247290.973;44937.48;;;
2022;2202109;;;;;;63550.678;12872.33;;;
2022;2202117;;;;;;56512.273;12242.69;;;
2022;2202133;;;;;;68258.731;11338.66;;;
2022;2202174;;;;;;63333.042;8536.6;;;
2022;2202208;;;;;;769318.316;16799.91;;;
2022;2202251;;;;;;43651.955;12786.16;;;
2022;2202307;;;;;;288516.465;14898.86;;;
2022;2202406;;;;;;121311.316;10928.95;;;
2022;2202455;;;;;;49633.91;12489.66;;;
2022;2202505;;;;;;109248.908;10588.19;;;
2022;2202539;;;;;;59424.104;10554.9;;;
2022;2202554;;;;;;58151.282;11554.0;;;
2022;2202604;;;;;;213046.183;11045.53;;;
2022;2202653;;;;;;60407.723;10991.22;;;
2022;2202703;;;;;;306564.181;10866.45;;;
2022;2202711;;;;;;51048.949;10394.82;;;
2022;2202729;;;;;;66999.914;10491.69;;;
2022;2202737;;;;;;44160.662;10922.75;;;
2022;2202752;;;;;;79557.589;12936.19;;;
2022;2202778;;;;;;73244.29;10476.94;;;
2022;2202802;;;;;;62905.48;12754.56;;;
2022;2202851;;;;;;48787.853;11479.49;;;
2022;2202901;;;;;;781393.127;28638.19;;;
2022;2203008;;;;;;75395.563;10352.27;;;
2022;2203107;;;;;;131510.475;12521.23;;;
2022;2203206;;;;;;166600.067;14782.61;;;
2022;2203230;;;;;;616191.331;127207.13;;;
2022;2203255;;;;;;45190.392;10240.29;;;
2022;2203271;;;;;;370813.965;73095.6;;;
2022;2203305;;;;;;292740.313;18465.93;;;
2022;2203354;;;;;;74932.826;10622.74;;;
2022;2203404;;;;;;88388.858;13985.58;;;
2022;2203420;;;;;;49241.613;12083.83;;;
2022;2203453;;;;;;156531.384;17090.44;;;
2022;2203503;;;;;;173676.347;12763.75;;;
2022;2203602;;;;;;57179.004;13063.51;;;
2022;2203701;;;;;;538674.19;13148.02;;;
2022;2203750;;;;;;53212.693;10070.53;;;
2022;2203800;;;;;;49842.037;11291.81;;;
2022;2203859;;;;;;27972.775;11990.04;;;
2022;2203909;;;;;;1510317.344;24345.82;;;
2022;2204006;;;;;;49002.728;10877.41;;;
2022;2204105;;;;;;58490.16;13257.06;;;
2022;2204154;;;;;;33190.808;11331.79;;;
2022;2204204;;;;;;93402.782;11339.42;;;
2022;2204303;;;;;;129708.514;12643.39;;;
2022;2204352;;;;;;63986.188;11751.37;;;
2022;2204402;;;;;;517713.251;47531.51;;;
2022;2204501;;;;;;561165.893;54641.27;;;
2022;2204550;;;;;;51221.649;11978.87;;;
2022;2204600;;;;;;36113.171;10265.26;;;
2022;2204659;;;;;;119887.821;12927.3;;;
2022;2204709;;;;;;168787.038;11284.06;;;
2022;2204808;;;;;;87654.3;9305.13;;;
2022;2204907;;;;;;81559.311;10491.29;;;
2022;2205003;;;;;;111035.019;10290.55;;;
2022;2205102;;;;;;151816.675;14706.64;;;
2022;2205151;;;;;;77917.924;13881.69;;;
2022;2205201;;;;;;199386.07;11375.94;;;
2022;2205250;;;;;;44071.154;10543.34;;;
2022;2205276;;;;;;65517.388;14578.86;;;
2022;2205300;;;;;;61916.869;13768.48;;;
2022;2205359;;;;;;71554.826;24092.53;;;
2022;2205409;;;;;;125267.939;9021.17;;;
2022;2205458;;;;;;53159.256;9855.26;;;
2022;2205508;;;;;;458096.63;10763.8;;;
2022;2205516;;;;;;60019.551;11511.23;;;
2022;2205524;;;;;;112304.479;20843.44;;;
2022;2205532;;;;;;51630.263;11667.86;;;
2022;2205540;;;;;;49901.461;16979.06;;;
2022;2205557;;;;;;82593.305;10004.03;;;
2022;2205565;;;;;;378789.791;75833.79;;;
2022;2205573;;;;;;60414.782;9542.69;;;
2022;2205581;;;;;;98557.714;20490.17;;;
2022;2205599;;;;;;47233.349;10449.86;;;
2022;2205607;;;;;;121521.406;23311.22;;;
2022;2205706;;;;;;419366.904;13686.46;;;
2022;2205805;;;;;;272272.482;10729.95;;;
2022;2205854;;;;;;78153.921;9730.32;;;
2022;2205904;;;;;;60167.04;11550.59;;;
2022;2205953;;;;;;238023.734;27894.5;;;
2022;2206001;;;;;;59887.795;12677.35;;;
2022;2206050;;;;;;53999.315;10348.66;;;
2022;2206100;;;;;;106731.327;10030.2;;;
2022;2206209;;;;;;342933.75;10666.68;;;
2022;2206308;;;;;;33055.909;25080.36;;;
2022;2206357;;;;;;62177.308;9504.33;;;
2022;2206407;;;;;;146652.581;14300.59;;;
2022;2206506;;;;;;83185.807;10978.73;;;
2022;2206605;;;;;;348508.485;32693.1;;;
2022;2206654;;;;;;43848.771;10018.0;;;
2022;2206670;;;;;;67850.547;10560.4;;;
2022;2206696;;;;;;87472.881;9714.89;;;
2022;2206704;;;;;;71018.288;10655.41;;;
2022;2206720;;;;;;113043.16;11015.7;;;
2022;2206753;;;;;;63188.741;12086.6;;;
2022;2206803;;;;;;98187.073;11517.55;;;
2022;2206902;;;;;;61165.037;10031.99;;;
2022;2206951;;;;;;33260.782;11765.4;;;
2022;2207009;;;;;;668469.376;17517.08;;;
2022;2207108;;;;;;31361.606;11892.91;;;
2022;2207207;;;;;;76715.253;12020.57;;;
2022;2207306;;;;;;45800.514;11203.65;;;
2022;2207355;;;;;;44277.813;14759.27;;;
2022;2207405;;;;;;147783.743;29843.24;;;
2022;2207504;;;;;;148985.542;11233.17;;;
2022;2207553;;;;;;50376.769;13211.85;;;
2022;2207603;;;;;;117191.05;11599.63;;;
2022;2207702;;;;;;3273603.619;20187.62;;;
2022;2207751;;;;;;51808.175;12529.18;;;
2022;2207777;;;;;;59641.714;10993.86;;;
2022;2207793;;;;;;37201.371;9587.98;;;
2022;2207801;;;;;;294110.67;13968.69;;;
2022;2207850;;;;;;41355.817;11399.07;;;
2022;2207900;;;;;;425039.612;11216.54;;;
2022;2207934;;;;;;33800.713;13751.31;;;
2022;2207959;;;;;;46224.278;11340.6;;;
2022;2208007;;;;;;2168531.844;26098.59;;;
2022;2208106;;;;;;111831.529;9860.82;;;
2022;2208205;;;;;;219870.726;12483.43;;;
2022;2208304;;;;;;408400.423;14353.51;;;
2022;2208403;;;;;;1033833.13;15795.77;;;
2022;2208502;;;;;;139204.519;11550.33;;;
2022;2208551;;;;;;49545.426;20958.3;;;
2022;2208601;;;;;;34283.411;11270.02;;;
2022;2208650;;;;;;256472.641;29351.41;;;
2022;2208700;;;;;;112570.826;13410.87;;;
2022;2208809;;;;;;300295.148;17527.3;;;
2022;2208858;;;;;;48446.93;11631.92;;;
2022;2208874;;;;;;233945.816;57693.17;;;
2022;2208908;;;;;;886993.778;143899.06;;;
2022;2209005;;;;;;60569.461;10441.21;;;
2022;2209104;;;;;;66206.953;11354.31;;;
2022;2209153;;;;;;46884.394;13649.02;;;
2022;2209203;;;;;;849997.291;139641.41;;;
2022;2209302;;;;;;73650.47;13802.56;;;
2022;2209351;;;;;;44359.954;10753.93;;;
2022;2209377;;;;;;54217.367;11659.65;;;
2022;2209401;;;;;;86075.447;14741.47;;;
2022;2209450;;;;;;21017.664;9830.53;;;
2022;2209500;;;;;;44443.709;12189.72;;;
2022;2209559;;;;;;42999.796;9866.86;;;
2022;2209609;;;;;;33366.947;11740.66;;;
2022;2209658;;;;;;60351.009;10821.41;;;
2022;2209708;;;;;;58609.95;10869.8;;;
2022;2209757;;;;;;60001.033;20360.04;;;
2022;2209807;;;;;;74940.892;15493.26;;;
2022;2209856;;;;;;48417.484;11413.83;;;
2022;2209872;;;;;;64032.897;11595.96;;;
2022;2209906;;;;;;66616.777;10895.78;;;
2022;2209955;;;;;;39664.522;9049.63;;;
2022;2209971;;;;;;81968.676;10013.28;;;
2022;2210003;;;;;;389746.454;18194.6;;;
2022;2210052;;;;;;66797.684;13798.32;;;
2022;2210102;;;;;;44547.555;13511.54;;;
2022;2210201;;;;;;70489.507;10685.09;;;
2022;2210300;;;;;;62242.802;10330.76;;;
2022;2210359;;;;;;49852.054;11304.32;;;
2022;2210375;;;;;;24473.734;10599.28;;;
2022;2210383;;;;;;31222.41;13760.43;;;
2022;2210391;;;;;;32902.313;11630.37;;;
2022;2210409;;;;;;173924.561;9907.97;;;
2022;2210508;;;;;;143275.698;10416.26;;;
2022;2210607;;;;;;653625.836;16788.05;;;
2022;2210623;;;;;;53028.94;16561.19;;;
2022;2210631;;;;;;686686.946;154450.51;;;
2022;2210656;;;;;;82609.703;8732.53;;;
2022;2210706;;;;;;412377.638;28737.12;;;
2022;2210805;;;;;;207880.633;14975.91;;;
2022;2210904;;;;;;43637.017;10537.8;;;
2022;2210938;;;;;;71571.624;11506.69;;;
2022;2210953;;;;;;33718.466;11433.86;;;
2022;2210979;;;;;;36928.978;15945.15;;;
2022;2211001;;;;;;25943687.979;29947.69;;;
2022;2211100;;;;;;516520.882;11199.74;;;
2022;2211209;;;;;;3903796.402;154894.12;;;
2022;2211308;;;;;;327235.226;14686.74;;;
2022;2211357;;;;;;52620.086;10409.51;;;
2022;2211407;;;;;;46140.946;10446.22;;;
2022;2211506;;;;;;37034.048;11627.64;;;
2022;2211605;;;;;;37315.568;12713.99;;;
2022;2211704;;;;;;44373.773;10932.19;;;
2022;2300101;;;;;;126793.548;12631.36;;;
2022;2300150;;;;;;183506.602;13082.38;;;
2022;2300200;;;;;;1184672.454;18280.29;;;
2022;2300309;;;;;;604192.176;13437.84;;;
2022;2300408;;;;;;146744.374;10425.15;;;
2022;2300507;;;;;;105769.787;9303.35;;;
2022;2300606;;;;;;82200.933;12120.46;;;
2022;2300705;;;;;;240389.488;16982.66;;;
2022;2300754;;;;;;684585.969;16239.35;;;
2022;2300804;;;;;;89237.596;12317.13;;;
2022;2300903;;;;;;134458.491;10428.8;;;
2022;2301000;;;;;;4429049.626;55195.46;;;
2022;2301109;;;;;;1791174.448;23846.71;;;
2022;2301208;;;;;;285456.949;11171.17;;;
2022;2301257;;;;;;117633.625;10601.44;;;
2022;2301307;;;;;;219194.164;11079.93;;;
2022;2301406;;;;;;159277.477;14190.79;;;
2022;2301505;;;;;;81650.575;10990.79;;;
2022;2301604;;;;;;273041.388;12584.29;;;
2022;2301703;;;;;;250837.151;10577.6;;;
2022;2301802;;;;;;69658.036;12212.14;;;
2022;2301851;;;;;;296956.345;17269.92;;;
2022;2301901;;;;;;1599702.713;21319.99;;;
2022;2301950;;;;;;267357.236;11940.39;;;
2022;2302008;;;;;;262523.274;13545.39;;;
2022;2302057;;;;;;150759.389;10349.38;;;
2022;2302107;;;;;;503467.575;14295.75;;;
2022;2302206;;;;;;1208892.201;22760.33;;;
2022;2302305;;;;;;353476.082;10784.93;;;
2022;2302404;;;;;;584404.233;11592.79;;;
2022;2302503;;;;;;1009687.68;19762.92;;;
2022;2302602;;;;;;855906.236;13732.73;;;
2022;2302701;;;;;;314915.201;12528.95;;;
2022;2302800;;;;;;1021411.253;13770.48;;;
2022;2302909;;;;;;190139.595;11020.03;;;
2022;2303006;;;;;;187436.704;11445.12;;;
2022;2303105;;;;;;208196.217;11807.86;;;
2022;2303204;;;;;;271670.488;10321.83;;;
2022;2303303;;;;;;193985.459;11400.85;;;
2022;2303402;;;;;;185439.73;10775.12;;;
2022;2303501;;;;;;1182739.788;16285.35;;;
2022;2303600;;;;;;132472.821;12933.01;;;
2022;2303659;;;;;;117229.645;11224.59;;;
2022;2303709;;;;;;9891543.843;27810.31;;;
2022;2303808;;;;;;260564.064;11661.48;;;
2022;2303907;;;;;;125251.397;10050.67;;;
2022;2303931;;;;;;192950.799;15929.23;;;
2022;2303956;;;;;;255376.788;12665.61;;;
2022;2304004;;;;;;236193.128;11273.06;;;
2022;2304103;;;;;;1088879.321;14254.21;;;
2022;2304202;;;;;;2178406.136;16622.71;;;
2022;2304236;;;;;;233557.224;13360.63;;;
2022;2304251;;;;;;470272.471;15872.57;;;
2022;2304269;;;;;;111391.679;12471.08;;;
2022;2304277;;;;;;93228.398;14400.43;;;
2022;2304285;;;;;;4557315.794;61444.19;;;
2022;2304301;;;;;;225754.906;12392.54;;;
2022;2304350;;;;;;310509.811;12845.32;;;
2022;2304400;;;;;;81362332.6;33500.67;;;
2022;2304459;;;;;;331346.283;19159.61;;;
2022;2304509;;;;;;356850.653;22853.07;;;
2022;2304608;;;;;;89926.02;13354.03;;;
2022;2304657;;;;;;136808.006;9912.91;;;
2022;2304707;;;;;;514903.195;9652.5;;;
2022;2304806;;;;;;55419.389;11447.92;;;
2022;2304905;;;;;;123686.539;11336.99;;;
2022;2304954;;;;;;272367.891;11246.97;;;
2022;2305001;;;;;;728027.376;17312.14;;;
2022;2305100;;;;;;94082.977;16640.07;;;
2022;2305209;;;;;;204119.458;11432.06;;;
2022;2305233;;;;;;2501482.951;33462.86;;;
2022;2305266;;;;;;144293.473;12068.71;;;
2022;2305308;;;;;;380747.298;15887.64;;;
2022;2305332;;;;;;125308.196;10792.2;;;
2022;2305357;;;;;;400632.237;18692.31;;;
2022;2305407;;;;;;796420.424;12717.9;;;
2022;2305506;;;;;;2054538.747;20951.0;;;
2022;2305605;;;;;;347467.539;14463.35;;;
2022;2305654;;;;;;116772.271;10088.32;;;
2022;2305704;;;;;;167158.432;13834.18;;;
2022;2305803;;;;;;575071.932;13998.49;;;
2022;2305902;;;;;;385582.053;10478.34;;;
2022;2306009;;;;;;211261.79;15089.05;;;
2022;2306108;;;;;;251621.013;10521.47;;;
2022;2306207;;;;;;89380.301;11860.44;;;
2022;2306256;;;;;;1588814.092;24576.38;;;
2022;2306306;;;;;;702418.074;15129.84;;;
2022;2306405;;;;;;2129865.957;16243.27;;;
2022;2306504;;;;;;182346.811;10220.66;;;
2022;2306553;;;;;;722769.139;16916.38;;;
2022;2306603;;;;;;190134.738;9309.38;;;
2022;2306702;;;;;;257163.179;14923.58;;;
2022;2306801;;;;;;165067.345;15939.3;;;
2022;2306900;;;;;;637710.516;18908.57;;;
2022;2307007;;;;;;598756.605;18887.63;;;
2022;2307106;;;;;;310207.84;11316.91;;;
2022;2307205;;;;;;140333.592;17851.88;;;
2022;2307254;;;;;;696532.382;27256.21;;;
2022;2307304;;;;;;5783730.209;20214.35;;;
2022;2307403;;;;;;347056.825;14507.85;;;
2022;2307502;;;;;;390628.132;12681.91;;;
2022;2307601;;;;;;1651935.909;27735.66;;;
2022;2307635;;;;;;208237.599;12324.67;;;
2022;2307650;;;;;;14004933.697;59750.05;;;
2022;2307700;;;;;;1793354.361;17064.45;;;
2022;2307809;;;;;;410770.953;15921.97;;;
2022;2307908;;;;;;109551.587;10100.64;;;
2022;2308005;;;;;;441702.224;11717.17;;;
2022;2308104;;;;;;640788.718;14064.41;;;
2022;2308203;;;;;;143854.607;9487.84;;;
2022;2308302;;;;;;317938.331;12275.61;;;
2022;2308351;;;;;;226109.392;16151.82;;;
2022;2308377;;;;;;127318.172;8968.59;;;
2022;2308401;;;;;;586551.421;15929.37;;;
2022;2308500;;;;;;531261.618;14078.75;;;
2022;2308609;;;;;;179307.253;10455.84;;;
2022;2308708;;;;;;1570710.149;25656.39;;;
2022;2308807;;;;;;80171.533;9710.7;;;
2022;2308906;;;;;;220951.362;9710.87;;;
2022;2309003;;;;;;144254.054;10555.69;;;
2022;2309102;;;;;;134731.514;12747.8;;;
2022;2309201;;;;;;179076.907;11629.13;;;
2022;2309300;;;;;;381139.284;12415.36;;;
2022;2309409;;;;;;302449.863;10980.21;;;
2022;2309458;;;;;;304031.83;12413.01;;;
2022;2309508;;;;;;234968.243;11942.48;;;
2022;2309607;;;;;;1534458.017;21754.87;;;
2022;2309706;;;;;;1460732.763;17980.91;;;
2022;2309805;;;;;;153002.353;13678.02;;;
2022;2309904;;;;;;68377.24;11073.24;;;
2022;2310001;;;;;;116455.42;12460.46;;;
2022;2310100;;;;;;120067.472;11723.05;;;
2022;2310209;;;;;;595518.256;15391.65;;;
2022;2310258;;;;;;643387.6;19971.06;;;
2022;2310308;;;;;;309634.82;9846.87;;;
2022;2310407;;;;;;121523.672;11702.97;;;
2022;2310506;;;;;;411066.109;10228.83;;;
2022;2310605;;;;;;142781.357;15914.11;;;
2022;2310704;;;;;;537432.863;14212.91;;;
2022;2310803;;;;;;530451.963;34729.08;;;
2022;2310852;;;;;;320047.054;13709.45;;;
2022;2310902;;;;;;181463.397;10921.0;;;
2022;2310951;;;;;;91197.825;8598.7;;;
2022;2311009;;;;;;128390.129;10641.54;;;
2022;2311108;;;;;;207091.311;12146.12;;;
2022;2311207;;;;;;115651.102;13093.07;;;
2022;2311231;;;;;;92923.527;15554.66;;;
2022;2311264;;;;;;211390.927;10458.17;;;
2022;2311306;;;;;;1283066.102;15244.65;;;
2022;2311355;;;;;;214522.434;13483.5;;;
2022;2311405;;;;;;1725839.515;21015.56;;;
2022;2311504;;;;;;682149.845;32679.4;;;
2022;2311603;;;;;;450867.27;16567.48;;;
2022;2311702;;;;;;213295.065;11463.78;;;
2022;2311801;;;;;;1332637.817;18273.34;;;
2022;2311900;;;;;;164969.817;11907.74;;;
2022;2311959;;;;;;187866.778;11294.82;;;
2022;2312007;;;;;;313119.938;10223.32;;;
2022;2312106;;;;;;164590.849;9708.08;;;
2022;2312205;;;;;;715964.541;17817.6;;;
2022;2312304;;;;;;709999.963;14903.44;;;
2022;2312403;;;;;;6894155.463;127619.92;;;
2022;2312502;;;;;;114371.151;19533.93;;;
2022;2312601;;;;;;147888.404;13665.53;;;
2022;2312700;;;;;;432507.646;17823.61;;;
2022;2312809;;;;;;71512.363;9847.47;;;
2022;2312908;;;;;;6016969.546;29636.89;;;
2022;2313005;;;;;;318203.016;17503.88;;;
2022;2313104;;;;;;563949.824;18398.47;;;
2022;2313203;;;;;;316962.482;12773.02;;;
2022;2313252;;;;;;88539.026;11759.73;;;
2022;2313302;;;;;;802394.877;13106.1;;;
2022;2313351;;;;;;153336.616;8938.83;;;
2022;2313401;;;;;;1913963.727;23482.49;;;
2022;2313500;;;;;;947832.554;16225.84;;;
2022;2313559;;;;;;154601.535;10031.24;;;
2022;2313609;;;;;;714256.125;21798.03;;;
2022;2313708;;;;;;75947.819;11053.39;;;
2022;2313757;;;;;;194960.739;11159.74;;;
2022;2313807;;;;;;460849.822;22826.78;;;
2022;2313906;;;;;;238457.395;17347.4;;;
2022;2313955;;;;;;404964.336;22367.54;;;
2022;2314003;;;;;;502913.913;12900.52;;;
2022;2314102;;;;;;642464.794;10759.39;;;
2022;2400109;;;;;;173700.041;16391.44;;;
2022;2400208;;;;;;2146108.39;37982.87;;;
2022;2400307;;;;;;193262.64;17830.3;;;
2022;2400406;;;;;;37808.694;12833.91;;;
2022;2400505;;;;;;178559.142;13090.85;;;
2022;2400604;;;;;;61041.514;13023.58;;;
2022;2400703;;;;;;792175.921;63455.3;;;
2022;2400802;;;;;;214392.795;18431.29;;;
2022;2400901;;;;;;70796.769;10764.3;;;
2022;2401008;;;;;;895177.54;24801.28;;;
2022;2401107;;;;;;1218377.47;50569.77;;;
2022;2401206;;;;;;440357.608;33232.03;;;
2022;2401305;;;;;;119802.037;12296.22;;;
2022;2401404;;;;;;276105.191;31290.25;;;
2022;2401453;;;;;;783898.839;29147.72;;;
2022;2401503;;;;;;55407.707;13900.58;;;
2022;2401602;;;;;;120352.733;25036.97;;;
2022;2401651;;;;;;229572.112;99554.25;;;
2022;2401701;;;;;;130762.865;13139.36;;;
2022;2401800;;;;;;165970.233;13601.89;;;
2022;2401859;;;;;;115654.94;18378.35;;;
2022;2401909;;;;;;197691.974;60493.26;;;
2022;2402006;;;;;;1598738.702;26146.25;;;
2022;2402105;;;;;;120903.453;11835.87;;;
2022;2402204;;;;;;639754.569;21563.79;;;
2022;2402303;;;;;;538285.186;27495.8;;;
2022;2402402;;;;;;142819.83;17874.82;;;
2022;2402501;;;;;;302477.902;31138.35;;;
2022;2402600;;;;;;1186373.576;14995.56;;;
2022;2402709;;;;;;171108.267;15555.3;;;
2022;2402808;;;;;;58595.523;11451.15;;;
2022;2402907;;;;;;46989.109;11090.18;;;
2022;2403004;;;;;;141939.998;17731.42;;;
2022;2403103;;;;;;930341.595;22516.62;;;
2022;2403202;;;;;;91968.58;13056.3;;;
2022;2403251;;;;;;7490687.894;29640.73;;;
2022;2403301;;;;;;70242.212;11675.9;;;
2022;2403400;;;;;;85665.852;15982.43;;;
2022;2403509;;;;;;113843.928;10728.86;;;
2022;2403608;;;;;;844764.589;13720.17;;;
2022;2403707;;;;;;396782.042;66798.32;;;
2022;2403756;;;;;;43861.617;14929.07;;;
2022;2403806;;;;;;137719.042;13507.16;;;
2022;2403905;;;;;;36903.574;13667.99;;;
2022;2404002;;;;;;52613.892;12764.17;;;
2022;2404101;;;;;;124331.886;59093.1;;;
2022;2404200;;;;;;658982.86;24643.16;;;
2022;2404309;;;;;;600065.858;50265.19;;;
2022;2404408;;;;;;164487.638;16574.73;;;
2022;2404507;;;;;;2748777.481;179717.39;;;
2022;2404606;;;;;;157087.929;13524.57;;;
2022;2404705;;;;;;215667.32;15262.0;;;
2022;2404804;;;;;;37971.338;18659.13;;;
2022;2404853;;;;;;145395.32;19939.02;;;
2022;2404903;;;;;;84154.825;15818.58;;;
2022;2405009;;;;;;91187.893;11640.02;;;
2022;2405108;;;;;;234017.45;35662.52;;;
2022;2405207;;;;;;84487.825;17801.9;;;
2022;2405306;;;;;;96939.134;10710.32;;;
2022;2405405;;;;;;58421.372;11417.11;;;
2022;2405504;;;;;;62530.257;25658.7;;;
2022;2405603;;;;;;243966.448;17454.85;;;
2022;2405702;;;;;;237956.457;20416.68;;;
2022;2405801;;;;;;1419595.638;42643.31;;;
2022;2405900;;;;;;28716.646;13832.68;;;
2022;2406007;;;;;;77868.343;13418.64;;;
2022;2406106;;;;;;391756.56;22017.45;;;
2022;2406155;;;;;;47189.315;12593.89;;;
2022;2406205;;;;;;81851.211;12301.05;;;
2022;2406304;;;;;;90590.528;12345.4;;;
2022;2406403;;;;;;42744.071;16651.37;;;
2022;2406502;;;;;;291874.418;18742.34;;;
2022;2406601;;;;;;113113.727;13597.03;;;
2022;2406700;;;;;;230308.553;23343.66;;;
2022;2406809;;;;;;62555.854;13067.86;;;
2022;2406908;;;;;;53827.379;15423.32;;;
2022;2407005;;;;;;97477.302;10747.22;;;
2022;2407104;;;;;;2109144.646;25654.95;;;
2022;2407203;;;;;;1493270.989;54560.67;;;
2022;2407252;;;;;;56006.993;14272.93;;;
2022;2407302;;;;;;92507.911;11715.79;;;
2022;2407401;;;;;;125502.607;15344.49;;;
2022;2407500;;;;;;145542.137;14192.31;;;
2022;2407609;;;;;;59492.917;13919.73;;;
2022;2407708;;;;;;151805.541;13265.08;;;
2022;2407807;;;;;;325278.239;14123.5;;;
2022;2407906;;;;;;37848.77;16629.51;;;
2022;2408003;;;;;;9582884.77;36219.64;;;
2022;2408102;;;;;;27497422.462;36599.79;;;
2022;2408201;;;;;;573064.842;17940.79;;;
2022;2408300;;;;;;631949.815;18440.86;;;
2022;2408409;;;;;;48871.067;12508.59;;;
2022;2408508;;;;;;72851.998;14828.41;;;
2022;2408607;;;;;;50385.48;12807.7;;;
2022;2408706;;;;;;59380.034;16554.23;;;
2022;2408805;;;;;;510446.133;106320.79;;;
2022;2408904;;;;;;423937.489;19718.94;;;
2022;2408953;;;;;;211825.095;20464.22;;;
2022;2409100;;;;;;171298.979;15721.27;;;
2022;2409209;;;;;;52291.552;16787.02;;;
2022;2409308;;;;;;182565.375;16583.28;;;
2022;2409332;;;;;;86696.008;17886.53;;;
2022;2409407;;;;;;798632.228;26202.7;;;
2022;2409506;;;;;;243846.273;67398.09;;;
2022;2409605;;;;;;43026.181;17626.46;;;
2022;2409704;;;;;;98424.136;15768.04;;;
2022;2409803;;;;;;178730.213;12928.98;;;
2022;2409902;;;;;;695059.202;56610.13;;;
2022;2410009;;;;;;43979.336;14832.83;;;
2022;2410108;;;;;;143410.716;11574.71;;;
2022;2410207;;;;;;91230.225;12002.4;;;
2022;2410256;;;;;;172748.491;33042.94;;;
2022;2410306;;;;;;137082.301;13538.99;;;
2022;2410405;;;;;;136763.971;14608.41;;;
2022;2410504;;;;;;57950.328;10668.32;;;
2022;2410603;;;;;;45689.578;15572.45;;;
2022;2410702;;;;;;37690.452;13954.26;;;
2022;2410801;;;;;;48437.479;11736.73;;;
2022;2410900;;;;;;345299.54;46731.57;;;
2022;2411007;;;;;;64939.493;15308.7;;;
2022;2411056;;;;;;137774.105;25599.05;;;
2022;2411106;;;;;;203594.402;63504.18;;;
2022;2411205;;;;;;675849.609;18112.98;;;
2022;2411403;;;;;;179802.954;14435.05;;;
2022;2411429;;;;;;44372.929;16458.8;;;
2022;2411502;;;;;;328015.318;14790.79;;;
2022;2411601;;;;;;421480.938;127566.87;;;
2022;2411700;;;;;;55558.093;14651.4;;;
2022;2411809;;;;;;68978.857;19753.4;;;
2022;2411908;;;;;;65016.102;15625.11;;;
2022;2412005;;;;;;2307193.721;19917.42;;;
2022;2412104;;;;;;94944.396;15940.97;;;
2022;2412203;;;;;;1359847.713;28757.93;;;
2022;2412302;;;;;;141196.03;12696.34;;;
2022;2412401;;;;;;95605.549;20975.33;;;
2022;2412500;;;;;;386805.121;16433.92;;;
2022;2412559;;;;;;722955.05;70732.32;;;
2022;2412609;;;;;;273441.605;16289.86;;;
2022;2412708;;;;;;68282.583;11821.78;;;
2022;2412807;;;;;;97419.352;12633.82;;;
2022;2412906;;;;;;120593.5;12093.21;;;
2022;2413003;;;;;;90507.349;14343.48;;;
2022;2413102;;;;;;73626.903;12343.15;;;
2022;2413201;;;;;;105581.036;25973.19;;;
2022;2413300;;;;;;73394.146;12869.39;;;
2022;2413359;;;;;;976555.113;74597.44;;;
2022;2413409;;;;;;134899.808;17756.98;;;
2022;2413508;;;;;;81783.076;12707.13;;;
2022;2413557;;;;;;56137.582;12049.28;;;
2022;2413607;;;;;;92737.758;16901.36;;;
2022;2413706;;;;;;58723.173;12617.79;;;
2022;2413805;;;;;;37504.823;16041.41;;;
2022;2413904;;;;;;174534.536;15280.56;;;
2022;2414001;;;;;;213678.016;16089.0;;;
2022;2414100;;;;;;128347.034;12507.02;;;
2022;2414159;;;;;;117559.762;19955.82;;;
2022;2414209;;;;;;578303.647;34160.53;;;
2022;2414308;;;;;;44946.817;19142.6;;;
2022;2414407;;;;;;979897.517;29662.4;;;
2022;2414456;;;;;;52838.743;15735.18;;;
2022;2414506;;;;;;167033.623;16574.08;;;
2022;2414605;;;;;;330522.859;24353.29;;;
2022;2414704;;;;;;65328.033;12483.86;;;
2022;2414753;;;;;;42293.538;14032.36;;;
2022;2414803;;;;;;149591.111;14011.91;;;
2022;2414902;;;;;;25574.834;14036.68;;;
2022;2415008;;;;;;47193.778;14868.87;;;
2022;2500106;;;;;;95192.995;10197.43;;;
2022;2500205;;;;;;61115.323;12215.74;;;
2022;2500304;;;;;;320351.096;12291.88;;;
2022;2500403;;;;;;377884.689;17983.38;;;
2022;2500502;;;;;;152279.608;11095.05;;;
2022;2500536;;;;;;62649.179;11231.48;;;
2022;2500577;;;;;;33767.792;11435.08;;;
2022;2500601;;;;;;3639169.052;167603.24;;;
2022;2500700;;;;;;248471.599;13831.64;;;
2022;2500734;;;;;;33047.789;14793.1;;;
2022;2500775;;;;;;125775.725;15800.97;;;
2022;2500809;;;;;;200370.315;12037.14;;;
2022;2500908;;;;;;119681.467;9800.32;;;
2022;2501005;;;;;;210531.419;12248.03;;;
2022;2501104;;;;;;303548.942;13411.79;;;
2022;2501153;;;;;;48609.08;24243.93;;;
2022;2501203;;;;;;71784.626;10070.79;;;
2022;2501302;;;;;;314453.446;16811.2;;;
2022;2501351;;;;;;53156.437;12802.61;;;
2022;2501401;;;;;;117261.962;12712.7;;;
2022;2501500;;;;;;320676.568;13861.7;;;
2022;2501534;;;;;;54869.45;11522.35;;;
2022;2501575;;;;;;101341.461;12574.94;;;
2022;2501609;;;;;;156128.695;12099.25;;;
2022;2501708;;;;;;86302.789;14612.73;;;
2022;2501807;;;;;;1492127.116;18033.49;;;
2022;2501906;;;;;;241955.495;14752.48;;;
2022;2502003;;;;;;82367.039;13140.88;;;
2022;2502052;;;;;;45715.686;13046.71;;;
2022;2502102;;;;;;56351.142;10822.19;;;
2022;2502151;;;;;;305885.498;47966.99;;;
2022;2502201;;;;;;35756.027;15641.31;;;
2022;2502300;;;;;;57235.092;12279.57;;;
2022;2502409;;;;;;98917.581;9648.61;;;
2022;2502508;;;;;;265029.516;15060.21;;;
2022;2502607;;;;;;64888.786;11488.81;;;
2022;2502706;;;;;;73307.952;17396.29;;;
2022;2502805;;;;;;169245.167;12432.61;;;
2022;2502904;;;;;;71212.473;12402.03;;;
2022;2503001;;;;;;456330.217;21532.12;;;
2022;2503100;;;;;;143538.256;26905.02;;;
2022;2503209;;;;;;3605029.086;54195.48;;;
2022;2503308;;;;;;134515.298;14699.52;;;
2022;2503407;;;;;;41057.647;12475.74;;;
2022;2503506;;;;;;160536.653;9993.57;;;
2022;2503555;;;;;;76001.076;10522.09;;;
2022;2503605;;;;;;75520.96;11439.1;;;
2022;2503704;;;;;;1425034.486;22534.11;;;
2022;2503753;;;;;;44211.564;16135.61;;;
2022;2503803;;;;;;81716.29;14204.12;;;
2022;2503902;;;;;;76257.286;12532.01;;;
2022;2504009;;;;;;11505703.722;27435.1;;;
2022;2504033;;;;;;87593.068;12567.15;;;
2022;2504074;;;;;;47319.853;11997.93;;;
2022;2504108;;;;;;34001.012;14706.32;;;
2022;2504157;;;;;;75140.165;10907.27;;;
2022;2504207;;;;;;57035.829;12700.03;;;
2022;2504306;;;;;;568709.117;18548.29;;;
2022;2504355;;;;;;75914.273;14448.85;;;
2022;2504405;;;;;;234852.664;12861.59;;;
2022;2504504;;;;;;77145.862;11958.74;;;
2022;2504603;;;;;;1418528.766;51386.66;;;
2022;2504702;;;;;;68739.727;13934.67;;;
2022;2504801;;;;;;229337.843;15619.28;;;
2022;2504850;;;;;;26735.999;14657.89;;;
2022;2504900;;;;;;209446.964;12251.94;;;
2022;2505006;;;;;;86843.128;11456.88;;;
2022;2505105;;;;;;242714.682;12308.67;;;
2022;2505204;;;;;;77090.657;11454.78;;;
2022;2505238;;;;;;78110.478;12495.68;;;
2022;2505279;;;;;;61995.174;11799.61;;;
2022;2505303;;;;;;29807.346;13004.95;;;
2022;2505352;;;;;;54716.316;10982.8;;;
2022;2505402;;;;;;82416.081;10216.45;;;
2022;2505501;;;;;;43723.222;12008.58;;;
2022;2505600;;;;;;71581.439;11363.94;;;
2022;2505709;;;;;;104756.728;10092.17;;;
2022;2505808;;;;;;52063.326;15648.73;;;
2022;2505907;;;;;;43294.729;14378.85;;;
2022;2506004;;;;;;793127.052;25395.51;;;
2022;2506103;;;;;;120961.36;10947.72;;;
2022;2506202;;;;;;33078.95;11622.96;;;
2022;2506251;;;;;;85089.093;10403.36;;;
2022;2506301;;;;;;1325438.835;23057.53;;;
2022;2506400;;;;;;170587.528;12391.95;;;
2022;2506509;;;;;;43684.307;13474.49;;;
2022;2506608;;;;;;60876.553;10810.97;;;
2022;2506707;;;;;;102541.83;9867.38;;;
2022;2506806;;;;;;236604.378;13373.52;;;
2022;2506905;;;;;;370500.295;15982.24;;;
2022;2507002;;;;;;377082.371;15751.14;;;
2022;2507101;;;;;;234764.234;12771.42;;;
2022;2507200;;;;;;180344.142;17177.27;;;
2022;2507309;;;;;;192521.022;13461.13;;;
2022;2507408;;;;;;86264.332;11477.43;;;
2022;2507507;;;;;;24669918.566;29582.65;;;
2022;2507606;;;;;;84468.702;10834.88;;;
2022;2507705;;;;;;220993.173;12994.25;;;
2022;2507804;;;;;;105293.839;15500.34;;;
2022;2507903;;;;;;130971.465;13081.45;;;
2022;2508000;;;;;;96436.92;10443.68;;;
2022;2508109;;;;;;57360.452;12992.17;;;
2022;2508208;;;;;;93702.718;11983.98;;;
2022;2508307;;;;;;357094.226;12877.54;;;
2022;2508406;;;;;;34151.03;10800.45;;;
2022;2508505;;;;;;75589.026;10991.57;;;
2022;2508554;;;;;;54880.1;11440.5;;;
2022;2508604;;;;;;249895.642;19896.15;;;
2022;2508703;;;;;;41425.092;11561.57;;;
2022;2508802;;;;;;68216.087;11282.85;;;
2022;2508901;;;;;;893543.787;20035.06;;;
2022;2509008;;;;;;105530.852;10114.13;;;
2022;2509057;;;;;;109424.792;12159.66;;;
2022;2509107;;;;;;257312.119;11961.33;;;
2022;2509156;;;;;;87286.15;13018.07;;;
2022;2509206;;;;;;161375.886;11413.53;;;
2022;2509305;;;;;;196941.583;23889.08;;;
2022;2509339;;;;;;64161.517;14036.65;;;
2022;2509370;;;;;;34675.51;13635.67;;;
2022;2509396;;;;;;68504.965;10648.99;;;
2022;2509404;;;;;;189354.602;13623.61;;;
2022;2509503;;;;;;64384.531;11077.86;;;
2022;2509602;;;;;;53561.127;12346.96;;;
2022;2509701;;;;;;753020.962;23329.96;;;
2022;2509800;;;;;;100809.904;11467.4;;;
2022;2509909;;;;;;110578.193;12362.01;;;
2022;2510006;;;;;;69768.481;9686.03;;;
2022;2510105;;;;;;102651.046;10556.46;;;
2022;2510204;;;;;;63671.677;11002.54;;;
2022;2510303;;;;;;49123.756;11534.11;;;
2022;2510402;;;;;;67369.953;11117.15;;;
2022;2510501;;;;;;46787.028;13069.0;;;
2022;2510600;;;;;;42297.458;14495.36;;;
2022;2510659;;;;;;24668.857;14342.36;;;
2022;2510709;;;;;;32130.164;13045.13;;;
2022;2510808;;;;;;2210177.422;21423.71;;;
2022;2510907;;;;;;178361.668;15071.97;;;
2022;2511004;;;;;;42759.031;11435.95;;;
2022;2511103;;;;;;84890.254;12376.48;;;
2022;2511202;;;;;;695261.283;23439.46;;;
2022;2511301;;;;;;224955.781;13682.61;;;
2022;2511400;;;;;;245332.058;13381.99;;;
2022;2511509;;;;;;139093.773;11298.33;;;
2022;2511608;;;;;;108635.551;15940.65;;;
2022;2511707;;;;;;58975.258;11066.85;;;
2022;2511806;;;;;;106136.201;11363.62;;;
2022;2511905;;;;;;427279.64;25507.71;;;
2022;2512002;;;;;;295224.444;16899.91;;;
2022;2512036;;;;;;46463.977;12131.59;;;
2022;2512077;;;;;;52955.053;13218.93;;;
2022;2512101;;;;;;514593.778;15846.82;;;
2022;2512200;;;;;;65920.02;16837.81;;;
2022;2512309;;;;;;299712.316;14194.96;;;
2022;2512408;;;;;;168481.513;11800.9;;;
2022;2512507;;;;;;688425.869;14445.13;;;
2022;2512606;;;;;;29630.553;16999.74;;;
2022;2512705;;;;;;194545.203;10877.56;;;
2022;2512721;;;;;;60802.48;10545.0;;;
2022;2512747;;;;;;38501.549;13153.93;;;
2022;2512754;;;;;;57921.164;12349.93;;;
2022;2512762;;;;;;62938.634;13283.8;;;
2022;2512788;;;;;;32621.434;16686.16;;;
2022;2512804;;;;;;103303.525;12163.37;;;
2022;2512903;;;;;;357814.735;14556.56;;;
2022;2513000;;;;;;34736.743;10353.72;;;
2022;2513109;;;;;;140789.584;12237.25;;;
2022;2513158;;;;;;81960.763;10685.89;;;
2022;2513208;;;;;;64858.56;10906.1;;;
2022;2513307;;;;;;67435.971;11498.03;;;
2022;2513356;;;;;;37776.306;11706.32;;;
2022;2513406;;;;;;794095.905;53084.83;;;
2022;2513505;;;;;;54851.174;10948.34;;;
2022;2513604;;;;;;75269.182;11458.24;;;
2022;2513653;;;;;;35228.395;13874.91;;;
2022;2513703;;;;;;2846355.201;18987.09;;;
2022;2513802;;;;;;62606.928;14222.38;;;
2022;2513851;;;;;;34481.858;13150.98;;;
2022;2513901;;;;;;627756.992;19474.39;;;
2022;2513927;;;;;;58645.74;13553.44;;;
2022;2513943;;;;;;33208.054;12846.44;;;
2022;2513968;;;;;;39036.43;15042.94;;;
2022;2513984;;;;;;42733.037;13622.26;;;
2022;2514008;;;;;;61607.599;14578.23;;;
2022;2514107;;;;;;45782.117;10739.41;;;
2022;2514206;;;;;;78660.671;11038.54;;;
2022;2514305;;;;;;55327.566;10990.78;;;
2022;2514404;;;;;;58222.661;14259.77;;;
2022;2514453;;;;;;69570.837;11809.68;;;
2022;2514503;;;;;;255978.31;13425.2;;;
2022;2514552;;;;;;37035.925;10841.9;;;
2022;2514602;;;;;;35043.273;10809.15;;;
2022;2514651;;;;;;32475.56;19114.51;;;
2022;2514701;;;;;;279771.8;67610.39;;;
2022;2514800;;;;;;40204.106;11786.6;;;
2022;2514909;;;;;;130821.271;17512.89;;;
2022;2515005;;;;;;98866.982;13991.93;;;
2022;2515104;;;;;;114293.838;10352.7;;;
2022;2515203;;;;;;40190.926;12257.07;;;
2022;2515302;;;;;;766290.394;14935.69;;;
2022;2515401;;;;;;98023.67;9525.18;;;
2022;2515500;;;;;;160559.51;11793.71;;;
2022;2515609;;;;;;41752.965;13494.82;;;
2022;2515708;;;;;;36499.753;12406.44;;;
2022;2515807;;;;;;65848.029;9643.82;;;
2022;2515906;;;;;;70089.019;14347.8;;;
2022;2515930;;;;;;60561.467;11982.88;;;
2022;2515971;;;;;;121745.338;14782.1;;;
2022;2516003;;;;;;381992.668;14267.3;;;
2022;2516102;;;;;;299841.398;21466.31;;;
2022;2516151;;;;;;42450.018;12690.59;;;
2022;2516201;;;;;;1466568.229;21804.79;;;
2022;2516300;;;;;;226700.088;13206.34;;;
2022;2516409;;;;;;94201.532;11760.49;;;
2022;2516508;;;;;;150681.798;10710.96;;;
2022;2516607;;;;;;154106.12;10928.74;;;
2022;2516706;;;;;;188082.159;12855.04;;;
2022;2516755;;;;;;36698.682;12373.12;;;
2022;2516805;;;;;;102133.639;10324.87;;;
2022;2516904;;;;;;219080.488;14673.84;;;
2022;2517001;;;;;;95803.915;10500.21;;;
2022;2517100;;;;;;41254.581;15462.74;;;
2022;2517209;;;;;;49371.042;10150.3;;;
2022;2517407;;;;;;30160.835;13537.18;;;
2022;2600054;;;;;;1942161.222;19724.98;;;
2022;2600104;;;;;;601793.56;14954.74;;;
2022;2600203;;;;;;248783.937;13322.48;;;
2022;2600302;;;;;;339884.546;14293.48;;;
2022;2600401;;;;;;253239.882;9570.31;;;
2022;2600500;;;;;;451412.101;10864.83;;;
2022;2600609;;;;;;166384.223;12286.53;;;
2022;2600708;;;;;;435530.762;12185.75;;;
2022;2600807;;;;;;256376.194;12400.9;;;
2022;2600906;;;;;;248291.721;13638.66;;;
2022;2601003;;;;;;151341.422;14777.99;;;
2022;2601052;;;;;;177209.134;9209.02;;;
2022;2601102;;;;;;1539413.474;18092.02;;;
2022;2601201;;;;;;1360081.823;17529.99;;;
2022;2601300;;;;;;173697.842;14164.38;;;
2022;2601409;;;;;;563603.695;14047.6;;;
2022;2601508;;;;;;100935.14;9725.88;;;
2022;2601607;;;;;;612707.771;33479.47;;;
2022;2601706;;;;;;3276283.659;41207.49;;;
2022;2601805;;;;;;113173.52;10075.99;;;
2022;2601904;;;;;;1200901.039;19467.97;;;
2022;2602001;;;;;;338010.303;9803.65;;;
2022;2602100;;;;;;728908.1;16468.78;;;
2022;2602209;;;;;;387052.793;10286.02;;;
2022;2602308;;;;;;624055.374;16652.13;;;
2022;2602407;;;;;;201664.741;22212.22;;;
2022;2602506;;;;;;93476.921;12108.41;;;
2022;2602605;;;;;;490436.317;10080.91;;;
2022;2602704;;;;;;149124.071;11643.04;;;
2022;2602803;;;;;;578158.729;11097.74;;;
2022;2602902;;;;;;14474713.758;71228.22;;;
2022;2603009;;;;;;482236.856;15918.56;;;
2022;2603108;;;;;;267051.45;13420.35;;;
2022;2603207;;;;;;411349.972;14269.61;;;
2022;2603306;;;;;;111556.084;10056.44;;;
2022;2603405;;;;;;56926.285;10888.73;;;
2022;2603454;;;;;;2277081.371;15409.53;;;
2022;2603504;;;;;;188598.686;10827.18;;;
2022;2603603;;;;;;391183.595;50475.3;;;
2022;2603702;;;;;;276706.966;11373.54;;;
2022;2603801;;;;;;238706.65;13014.92;;;
2022;2603900;;;;;;198851.737;10665.72;;;
2022;2603926;;;;;;102753.008;8395.54;;;
2022;2604007;;;;;;1877611.873;23679.42;;;
2022;2604106;;;;;;9587869.481;25361.25;;;
2022;2604155;;;;;;111258.825;8580.15;;;
2022;2604205;;;;;;376204.655;11699.36;;;
2022;2604304;;;;;;123537.485;11745.34;;;
2022;2604403;;;;;;190073.862;14643.59;;;
2022;2604502;;;;;;259385.606;12624.63;;;
2022;2604601;;;;;;289545.953;11776.38;;;
2022;2604700;;;;;;200065.725;11678.58;;;
2022;2604809;;;;;;131068.924;12852.41;;;
2022;2604908;;;;;;145927.694;9166.31;;;
2022;2605004;;;;;;301381.049;12814.91;;;
2022;2605103;;;;;;754985.188;20026.66;;;
2022;2605152;;;;;;285811.616;16628.56;;;
2022;2605202;;;;;;1604330.575;26812.13;;;
2022;2605301;;;;;;362060.413;11370.17;;;
2022;2605400;;;;;;255594.938;11928.64;;;
2022;2605459;;;;;;301151.993;95090.62;;;
2022;2605509;;;;;;152316.863;10136.89;;;
2022;2605608;;;;;;204658.58;10058.42;;;
2022;2605707;;;;;;550801.555;18272.34;;;
2022;2605806;;;;;;136979.242;10045.41;;;
2022;2605905;;;;;;239836.894;13167.72;;;
2022;2606002;;;;;;3537056.744;24820.41;;;
2022;2606101;;;;;;601948.025;20511.4;;;
2022;2606200;;;;;;12768634.678;157555.77;;;
2022;2606309;;;;;;83022.384;11916.52;;;
2022;2606408;;;;;;1398192.355;16161.08;;;
2022;2606507;;;;;;213964.667;12465.17;;;
2022;2606606;;;;;;365085.245;13727.59;;;
2022;2606705;;;;;;90588.305;12687.44;;;
2022;2606804;;;;;;3582882.186;31102.49;;;
2022;2606903;;;;;;117172.834;10573.26;;;
2022;2607000;;;;;;241060.346;9416.79;;;
2022;2607109;;;;;;59766.201;12534.86;;;
2022;2607208;;;;;;17815112.422;180074.32;;;
2022;2607307;;;;;;364184.285;12554.18;;;
2022;2607406;;;;;;81087.778;18928.05;;;
2022;2607505;;;;;;341185.469;10449.78;;;
2022;2607604;;;;;;297782.55;12134.58;;;
2022;2607653;;;;;;529257.386;15149.77;;;
2022;2607703;;;;;;160416.149;11634.48;;;
2022;2607752;;;;;;2732811.892;98483.26;;;
2022;2607802;;;;;;189703.803;11459.7;;;
2022;2607901;;;;;;18514597.836;28760.14;;;
2022;2607950;;;;;;124767.421;12176.0;;;
2022;2608008;;;;;;166513.411;10510.22;;;
2022;2608057;;;;;;161439.386;11514.93;;;
2022;2608107;;;;;;333326.014;12022.58;;;
2022;2608206;;;;;;167790.389;12645.29;;;
2022;2608255;;;;;;128676.645;11172.76;;;
2022;2608305;;;;;;205887.697;13431.25;;;
2022;2608404;;;;;;135761.839;9947.38;;;
2022;2608453;;;;;;296864.18;16509.88;;;
2022;2608503;;;;;;444479.875;23389.98;;;
2022;2608602;;;;;;137606.447;11531.59;;;
2022;2608701;;;;;;150140.414;10668.69;;;
2022;2608750;;;;;;514910.825;21376.24;;;
2022;2608800;;;;;;692122.253;17485.78;;;
2022;2608909;;;;;;879346.786;15560.91;;;
2022;2609006;;;;;;316671.363;13261.5;;;
2022;2609105;;;;;;239370.895;21121.58;;;
2022;2609154;;;;;;162688.335;6846.29;;;
2022;2609204;;;;;;98381.704;10511.99;;;
2022;2609303;;;;;;202095.496;14266.24;;;
2022;2609402;;;;;;973954.725;17622.4;;;
2022;2609501;;;;;;707307.807;23078.43;;;
2022;2609600;;;;;;6430541.96;18374.24;;;
2022;2609709;;;;;;470896.546;21592.84;;;
2022;2609808;;;;;;186876.509;13727.8;;;
2022;2609907;;;;;;856598.565;13128.95;;;
2022;2610004;;;;;;1061834.76;19453.22;;;
2022;2610103;;;;;;84019.59;11949.88;;;
2022;2610202;;;;;;249257.628;10841.53;;;
2022;2610301;;;;;;264237.428;21660.58;;;
2022;2610400;;;;;;249781.456;13420.45;;;
2022;2610509;;;;;;284208.43;10028.53;;;
2022;2610608;;;;;;1042984.948;18408.11;;;
2022;2610707;;;;;;6393105.798;18684.17;;;
2022;2610806;;;;;;353678.794;15515.63;;;
2022;2610905;;;;;;967516.873;15425.48;;;
2022;2611002;;;;;;1499748.457;43902.36;;;
2022;2611101;;;;;;8834261.314;22840.18;;;
2022;2611200;;;;;;121515.652;11572.92;;;
2022;2611309;;;;;;583029.572;21161.06;;;
2022;2611408;;;;;;275307.934;19895.07;;;
2022;2611507;;;;;;195626.412;10911.17;;;
2022;2611533;;;;;;72508.707;11063.28;;;
2022;2611606;;;;;;60078763.548;40350.57;;;
2022;2611705;;;;;;286997.696;13908.3;;;
2022;2611804;;;;;;562387.589;16784.18;;;
2022;2611903;;;;;;369563.457;18469.86;;;
2022;2612000;;;;;;214022.365;19658.53;;;
2022;2612109;;;;;;69834.156;12193.85;;;
2022;2612208;;;;;;1380862.302;22139.14;;;
2022;2612307;;;;;;195909.886;14159.43;;;
2022;2612406;;;;;;248472.363;13341.51;;;
2022;2612455;;;;;;155452.162;11231.28;;;
2022;2612471;;;;;;130227.038;11258.5;;;
2022;2612505;;;;;;1924163.542;19583.56;;;
2022;2612554;;;;;;119282.576;9853.18;;;
2022;2612604;;;;;;610413.46;15042.97;;;
2022;2612703;;;;;;137960.95;9845.21;;;
2022;2612802;;;;;;114030.771;11131.47;;;
2022;2612901;;;;;;125362.25;9560.15;;;
2022;2613008;;;;;;1589736.056;32149.65;;;
2022;2613107;;;;;;542553.059;14613.83;;;
2022;2613206;;;;;;293432.443;12310.99;;;
2022;2613305;;;;;;193748.226;9669.52;;;
2022;2613404;;;;;;358490.521;19043.32;;;
2022;2613503;;;;;;397691.133;11413.8;;;
2022;2613602;;;;;;457226.842;14747.35;;;
2022;2613701;;;;;;1549069.721;13925.1;;;
2022;2613800;;;;;;302255.821;18124.11;;;
2022;2613909;;;;;;1903947.2;20643.92;;;
2022;2614006;;;;;;175837.284;9657.67;;;
2022;2614105;;;;;;372221.828;11344.42;;;
2022;2614204;;;;;;732786.54;19491.08;;;
2022;2614303;;;;;;93144.446;8837.23;;;
2022;2614402;;;;;;61668.934;11836.65;;;
2022;2614501;;;;;;968590.913;15105.91;;;
2022;2614600;;;;;;319694.14;11549.23;;;
2022;2614709;;;;;;198366.475;14439.25;;;
2022;2614808;;;;;;240651.656;10068.26;;;
2022;2614857;;;;;;408347.883;17331.52;;;
2022;2615003;;;;;;366125.589;14801.33;;;
2022;2615102;;;;;;76191.267;11698.34;;;
2022;2615201;;;;;;115451.225;12942.96;;;
2022;2615300;;;;;;901619.553;19537.99;;;
2022;2615409;;;;;;768526.556;18682.12;;;
2022;2615508;;;;;;184770.183;13324.45;;;
2022;2615607;;;;;;640191.534;21113.8;;;
2022;2615706;;;;;;177202.722;12050.51;;;
2022;2615805;;;;;;272240.555;10105.44;;;
2022;2615904;;;;;;91119.499;11382.82;;;
2022;2616001;;;;;;248461.287;14402.72;;;
2022;2616100;;;;;;89660.713;9778.68;;;
2022;2616183;;;;;;92447.612;12231.76;;;
2022;2616209;;;;;;212447.864;9674.75;;;
2022;2616308;;;;;;557087.235;21134.61;;;
2022;2616407;;;;;;5429995.111;40489.11;;;
2022;2616506;;;;;;193886.798;16698.54;;;
2022;2700102;;;;;;218171.81;11477.89;;;
2022;2700201;;;;;;234236.944;16960.17;;;
2022;2700300;;;;;;5859831.25;24967.75;;;
2022;2700409;;;;;;1135583.114;30272.53;;;
2022;2700508;;;;;;268712.346;16419.94;;;
2022;2700607;;;;;;259441.556;32658.81;;;
2022;2700706;;;;;;247802.949;15065.84;;;
2022;2700805;;;;;;145721.211;30860.06;;;
2022;2700904;;;;;;111702.348;18817.78;;;
2022;2701001;;;;;;425181.351;20068.03;;;
2022;2701100;;;;;;643725.072;67033.75;;;
2022;2701209;;;;;;171398.818;16361.09;;;
2022;2701308;;;;;;207396.563;12942.87;;;
2022;2701357;;;;;;91713.199;13760.42;;;
2022;2701407;;;;;;669688.755;20858.68;;;
2022;2701506;;;;;;105162.664;12916.07;;;
2022;2701605;;;;;;204471.092;13141.66;;;
2022;2701704;;;;;;233253.701;15517.14;;;
2022;2701803;;;;;;87643.831;9739.29;;;
2022;2701902;;;;;;255386.15;43212.55;;;
2022;2702009;;;;;;199719.563;18475.45;;;
2022;2702108;;;;;;342422.597;21650.39;;;
2022;2702207;;;;;;95555.564;17121.58;;;
2022;2702306;;;;;;1773231.491;35173.39;;;
2022;2702355;;;;;;496516.891;19550.22;;;
2022;2702405;;;;;;783771.5;15272.54;;;
2022;2702504;;;;;;126223.471;12873.38;;;
2022;2702553;;;;;;161951.816;10496.59;;;
2022;2702603;;;;;;403888.013;17783.02;;;
2022;2702702;;;;;;176508.454;44539.1;;;
2022;2702801;;;;;;214145.979;22265.13;;;
2022;2702900;;;;;;489079.455;13547.16;;;
2022;2703007;;;;;;195194.171;14215.58;;;
2022;2703106;;;;;;282346.887;11766.91;;;
2022;2703205;;;;;;514258.69;24062.26;;;
2022;2703304;;;;;;183087.837;12071.46;;;
2022;2703403;;;;;;78946.395;15531.46;;;
2022;2703502;;;;;;155769.797;29104.97;;;
2022;2703601;;;;;;312410.095;33887.63;;;
2022;2703700;;;;;;69404.746;13922.72;;;
2022;2703759;;;;;;341153.61;36024.67;;;
2022;2703809;;;;;;393912.823;22966.0;;;
2022;2703908;;;;;;63236.637;15449.95;;;
2022;2704005;;;;;;594025.725;24847.36;;;
2022;2704104;;;;;;231718.835;12554.52;;;
2022;2704203;;;;;;577870.642;23357.75;;;
2022;2704302;;;;;;29381840.386;30672.67;;;
2022;2704401;;;;;;283337.633;16007.78;;;
2022;2704500;;;;;;1141443.919;35477.22;;;
2022;2704609;;;;;;104088.192;10917.58;;;
2022;2704708;;;;;;2862078.355;47408.95;;;
2022;2704807;;;;;;194281.284;14202.89;;;
2022;2704906;;;;;;49138.121;15574.68;;;
2022;2705002;;;;;;303389.235;13888.9;;;
2022;2705101;;;;;;371511.131;15572.42;;;
2022;2705200;;;;;;274868.64;17842.82;;;
2022;2705309;;;;;;77725.472;16042.41;;;
2022;2705408;;;;;;162517.482;22622.14;;;
2022;2705507;;;;;;666677.871;26469.13;;;
2022;2705606;;;;;;199091.096;19861.44;;;
2022;2705705;;;;;;290123.031;14018.99;;;
2022;2705804;;;;;;93247.537;11168.71;;;
2022;2705903;;;;;;67755.787;15647.99;;;
2022;2706000;;;;;;121166.275;11206.65;;;
2022;2706109;;;;;;134314.676;11734.64;;;
2022;2706208;;;;;;51599.893;11930.61;;;
2022;2706307;;;;;;1240873.615;17336.93;;;
2022;2706406;;;;;;248373.842;10425.8;;;
2022;2706422;;;;;;126222.37;11938.18;;;
2022;2706448;;;;;;252605.707;18258.45;;;
2022;2706505;;;;;;323343.637;23423.91;;;
2022;2706604;;;;;;89081.741;13546.49;;;
2022;2706703;;;;;;992394.234;16921.48;;;
2022;2706802;;;;;;401870.654;25279.65;;;
2022;2706901;;;;;;889362.159;25144.53;;;
2022;2707008;;;;;;50767.047;18589.18;;;
2022;2707107;;;;;;333005.134;14728.87;;;
2022;2707206;;;;;;121598.48;9713.89;;;
2022;2707305;;;;;;423604.496;17598.13;;;
2022;2707404;;;;;;418368.397;45010.05;;;
2022;2707503;;;;;;254627.335;12681.28;;;
2022;2707602;;;;;;172004.337;15523.86;;;
2022;2707701;;;;;;1612079.947;17163.12;;;
2022;2707800;;;;;;175267.223;27072.48;;;
2022;2707909;;;;;;233337.162;33724.12;;;
2022;2708006;;;;;;718308.152;15541.07;;;
2022;2708105;;;;;;1540873.596;136083.51;;;
2022;2708204;;;;;;104202.239;15896.6;;;
2022;2708303;;;;;;462589.976;22226.01;;;
2022;2708402;;;;;;347514.314;11355.19;;;
2022;2708501;;;;;;782973.67;25361.11;;;
2022;2708600;;;;;;1272245.087;24470.96;;;
2022;2708709;;;;;;282989.06;33363.48;;;
2022;2708808;;;;;;611062.122;19224.25;;;
2022;2708907;;;;;;299423.673;12333.13;;;
2022;2708956;;;;;;121207.87;9852.7;;;
2022;2709004;;;;;;87853.122;15157.54;;;
2022;2709103;;;;;;392585.101;20627.63;;;
2022;2709152;;;;;;807896.815;21230.83;;;
2022;2709202;;;;;;276306.112;11725.28;;;
2022;2709301;;;;;;1432363.158;24162.67;;;
2022;2709400;;;;;;503851.836;20913.66;;;
2022;2800100;;;;;;39348.389;18132.9;;;
2022;2800209;;;;;;293234.442;14566.31;;;
2022;2800308;;;;;;20604498.178;34183.76;;;
2022;2800407;;;;;;153674.521;14893.83;;;
2022;2800506;;;;;;282928.543;15647.84;;;
2022;2800605;;;;;;2283499.222;55009.5;;;
2022;2800670;;;;;;365383.428;14830.08;;;
2022;2800704;;;;;;108239.831;13804.34;;;
2022;2801009;;;;;;277079.53;15266.93;;;
2022;2801108;;;;;;77113.345;20341.16;;;
2022;2801207;;;;;;2954227.833;110092.71;;;
2022;2801306;;;;;;439115.131;13876.29;;;
2022;2801405;;;;;;458583.778;22999.34;;;
2022;2801504;;;;;;362970.624;26201.59;;;
2022;2801603;;;;;;71098.781;13188.42;;;
2022;2801702;;;;;;283845.507;16599.15;;;
2022;2801900;;;;;;63883.967;16706.06;;;
2022;2802007;;;;;;191830.439;44200.56;;;
2022;2802106;;;;;;2383397.393;36623.7;;;
2022;2802205;;;;;;112341.295;18801.89;;;
2022;2802304;;;;;;442101.752;30426.82;;;
2022;2802403;;;;;;176744.446;15928.66;;;
2022;2802502;;;;;;47625.36;15681.71;;;
2022;2802601;;;;;;99164.183;16997.63;;;
2022;2802700;;;;;;102803.931;12354.76;;;
2022;2802809;;;;;;254736.158;15392.84;;;
2022;2802908;;;;;;2510210.092;24267.54;;;
2022;2803005;;;;;;588847.115;14475.81;;;
2022;2803104;;;;;;83596.026;17617.71;;;
2022;2803203;;;;;;1099233.031;31944.23;;;
2022;2803302;;;;;;453870.645;28001.15;;;
2022;2803401;;;;;;230263.65;17174.88;;;
2022;2803500;;;;;;2127213.67;20941.47;;;
2022;2803609;;;;;;1415005.935;59020.06;;;
2022;2803708;;;;;;101487.733;14841.73;;;
2022;2803807;;;;;;58964.078;16475.01;;;
2022;2803906;;;;;;185938.151;16122.27;;;
2022;2804003;;;;;;468340.82;29794.57;;;
2022;2804102;;;;;;202404.894;18317.18;;;
2022;2804201;;;;;;238046.607;16604.81;;;
2022;2804300;;;;;;105508.242;13488.65;;;
2022;2804409;;;;;;318547.717;19392.9;;;
2022;2804458;;;;;;126196.514;13669.47;;;
2022;2804508;;;;;;943165.567;22891.26;;;
2022;2804607;;;;;;467048.624;18684.93;;;
2022;2804706;;;;;;89604.346;14295.52;;;
2022;2804805;;;;;;3804226.31;19779.68;;;
2022;2804904;;;;;;281548.972;22520.31;;;
2022;2805000;;;;;;58162.017;20936.65;;;
2022;2805109;;;;;;103298.226;13966.77;;;
2022;2805208;;;;;;132055.486;23261.49;;;
2022;2805307;;;;;;159527.605;20160.19;;;
2022;2805406;;;;;;462181.826;13821.64;;;
2022;2805505;;;;;;392809.604;18023.75;;;
2022;2805604;;;;;;405211.523;15247.27;;;
2022;2805703;;;;;;573817.043;21557.48;;;
2022;2805802;;;;;;365972.168;19984.28;;;
2022;2805901;;;;;;225681.737;27154.58;;;
2022;2806008;;;;;;356224.016;20913.76;;;
2022;2806107;;;;;;513849.286;55282.33;;;
2022;2806206;;;;;;286738.504;14139.68;;;
2022;2806305;;;;;;217036.18;15939.79;;;
2022;2806404;;;;;;119178.518;16223.59;;;
2022;2806503;;;;;;58257.966;14797.55;;;
2022;2806602;;;;;;201708.619;18185.05;;;
2022;2806701;;;;;;1175116.605;12290.47;;;
2022;2806800;;;;;;139978.019;13554.57;;;
2022;2806909;;;;;;52946.475;16326.39;;;
2022;2807006;;;;;;52286.512;15226.12;;;
2022;2807105;;;;;;897435.447;21077.44;;;
2022;2807204;;;;;;181479.639;23165.64;;;
2022;2807303;;;;;;44599.772;13622.41;;;
2022;2807402;;;;;;717304.905;14091.05;;;
2022;2807501;;;;;;157899.255;13145.13;;;
2022;2807600;;;;;;492745.672;20602.32;;;
2022;2900108;;;;;;79219.551;10850.51;;;
2022;2900207;;;;;;206161.515;11687.82;;;
2022;2900306;;;;;;157503.769;11417.45;;;
2022;2900355;;;;;;368395.122;25943.32;;;
2022;2900405;;;;;;159896.355;11029.62;;;
2022;2900504;;;;;;89979.906;8485.47;;;
2022;2900603;;;;;;63586.611;14301.98;;;
2022;2900702;;;;;;5150945.94;34097.55;;;
2022;2900801;;;;;;365754.053;14910.48;;;
2022;2900900;;;;;;71248.189;13654.31;;;
2022;2901007;;;;;;534104.124;14624.18;;;
2022;2901106;;;;;;483418.635;20027.29;;;
2022;2901155;;;;;;172892.166;11421.83;;;
2022;2901205;;;;;;260324.664;10233.69;;;
2022;2901304;;;;;;163054.191;12465.92;;;
2022;2901353;;;;;;222631.378;14830.23;;;
2022;2901403;;;;;;203278.039;14803.24;;;
2022;2901502;;;;;;92255.89;8363.33;;;
2022;2901601;;;;;;172127.932;12116.57;;;
2022;2901700;;;;;;133060.18;11937.93;;;
2022;2901809;;;;;;93416.325;8600.29;;;
2022;2901908;;;;;;168038.88;10548.58;;;
2022;2901957;;;;;;84490.352;12221.95;;;
2022;2902005;;;;;;164867.856;11830.36;;;
2022;2902054;;;;;;418583.587;36219.05;;;
2022;2902104;;;;;;549715.944;11444.07;;;
2022;2902203;;;;;;127076.061;12923.43;;;
2022;2902252;;;;;;115193.706;11303.47;;;
2022;2902302;;;;;;91212.922;10512.03;;;
2022;2902401;;;;;;152785.576;13667.2;;;
2022;2902500;;;;;;353299.767;25951.21;;;
2022;2902609;;;;;;215808.984;11844.62;;;
2022;2902658;;;;;;126552.49;10583.08;;;
2022;2902708;;;;;;489346.279;9577.75;;;
2022;2902807;;;;;;427686.984;16433.07;;;
2022;2902906;;;;;;495488.312;13560.53;;;
2022;2903003;;;;;;132407.348;9569.77;;;
2022;2903102;;;;;;88764.729;15373.18;;;
2022;2903201;;;;;;8761076.551;54844.82;;;
2022;2903235;;;;;;122266.99;9088.46;;;
2022;2903276;;;;;;278897.72;18344.91;;;
2022;2903300;;;;;;93134.594;16681.82;;;
2022;2903409;;;;;;375199.726;18647.17;;;
2022;2903508;;;;;;195500.036;10618.08;;;
2022;2903607;;;;;;161989.031;10695.17;;;
2022;2903706;;;;;;130837.547;9557.16;;;
2022;2903805;;;;;;163553.722;9693.22;;;
2022;2903904;;;;;;1478785.707;22559.66;;;
2022;2903953;;;;;;81010.757;8325.87;;;
2022;2904001;;;;;;131798.115;9675.39;;;
2022;2904050;;;;;;250498.628;15810.31;;;
2022;2904100;;;;;;200438.36;10373.58;;;
2022;2904209;;;;;;120411.564;10922.67;;;
2022;2904308;;;;;;149394.318;11542.48;;;
2022;2904407;;;;;;128957.77;14158.74;;;
2022;2904506;;;;;;106716.084;9070.64;;;
2022;2904605;;;;;;1916461.319;27179.22;;;
2022;2904704;;;;;;212174.036;14332.21;;;
2022;2904753;;;;;;175031.921;8935.21;;;
2022;2904803;;;;;;84896.397;13681.93;;;
2022;2904852;;;;;;157530.779;9513.3;;;
2022;2904902;;;;;;518096.387;17712.09;;;
2022;2905008;;;;;;380459.97;16937.94;;;
2022;2905107;;;;;;102600.362;9880.62;;;
2022;2905156;;;;;;102401.187;9089.4;;;
2022;2905206;;;;;;1154744.631;22201.5;;;
2022;2905305;;;;;;235496.524;13483.14;;;
2022;2905404;;;;;;2228400.586;125465.94;;;
2022;2905503;;;;;;119189.775;9112.37;;;
2022;2905602;;;;;;391543.043;17341.79;;;
2022;2905701;;;;;;30465888.591;101695.67;;;
2022;2905800;;;;;;496817.436;16329.25;;;
2022;2905909;;;;;;336862.03;10983.08;;;
2022;2906006;;;;;;1675839.237;23478.7;;;
2022;2906105;;;;;;95083.942;9299.16;;;
2022;2906204;;;;;;270466.717;11173.54;;;
2022;2906303;;;;;;438491.71;13416.51;;;
2022;2906402;;;;;;73428.729;9447.86;;;
2022;2906501;;;;;;7207729.223;99579.03;;;
2022;2906600;;;;;;152302.24;11701.16;;;
2022;2906709;;;;;;262985.637;10416.51;;;
2022;2906808;;;;;;442763.39;11826.26;;;
2022;2906824;;;;;;185457.815;11515.54;;;
2022;2906857;;;;;;134755.949;12542.44;;;
2022;2906873;;;;;;704240.331;21189.72;;;
2022;2906899;;;;;;98638.879;9923.43;;;
2022;2906907;;;;;;373367.359;18136.96;;;
2022;2907004;;;;;;145418.362;17522.4;;;
2022;2907103;;;;;;337539.267;11692.1;;;
2022;2907202;;;;;;930298.774;12905.58;;;
2022;2907301;;;;;;367434.434;14868.66;;;
2022;2907400;;;;;;90210.025;26269.66;;;
2022;2907509;;;;;;871419.463;18081.12;;;
2022;2907558;;;;;;87384.767;9884.04;;;
2022;2907608;;;;;;177929.488;10883.87;;;
2022;2907707;;;;;;119313.133;11278.3;;;
2022;2907806;;;;;;445985.023;14430.37;;;
2022;2907905;;;;;;179187.97;10399.77;;;
2022;2908002;;;;;;221184.986;12747.68;;;
2022;2908101;;;;;;664816.478;34714.45;;;
2022;2908200;;;;;;415483.119;19975.15;;;
2022;2908309;;;;;;219702.032;13910.47;;;
2022;2908408;;;;;;1009568.473;14884.9;;;
2022;2908507;;;;;;2886973.785;81765.43;;;
2022;2908606;;;;;;331196.89;14003.5;;;
2022;2908705;;;;;;191635.081;11237.62;;;
2022;2908804;;;;;;57759.352;13330.11;;;
2022;2908903;;;;;;278464.168;10432.5;;;
2022;2909000;;;;;;74074.03;9816.33;;;
2022;2909109;;;;;;182548.154;13048.47;;;
2022;2909208;;;;;;209198.056;12265.36;;;
2022;2909307;;;;;;4110432.171;126634.59;;;
2022;2909406;;;;;;185362.884;14189.92;;;
2022;2909505;;;;;;48367.746;10955.32;;;
2022;2909604;;;;;;218506.516;11075.4;;;
2022;2909703;;;;;;188180.071;13448.16;;;
2022;2909802;;;;;;1163111.974;19274.05;;;
2022;2909901;;;;;;411633.813;12043.12;;;
2022;2910008;;;;;;144586.287;13366.58;;;
2022;2910057;;;;;;2208895.654;30900.13;;;
2022;2910107;;;;;;157646.521;13265.44;;;
2022;2910206;;;;;;48993.169;11117.12;;;
2022;2910305;;;;;;88469.19;11329.13;;;
2022;2910404;;;;;;248726.171;13017.54;;;
2022;2910503;;;;;;843516.188;22140.69;;;
2022;2910602;;;;;;864600.03;26557.32;;;
2022;2910701;;;;;;858571.212;13970.5;;;
2022;2910727;;;;;;3948115.733;34721.22;;;
2022;2910750;;;;;;276559.573;15453.71;;;
2022;2910776;;;;;;71637.581;12722.0;;;
2022;2910800;;;;;;19625071.607;31844.46;;;
2022;2910859;;;;;;170964.523;9552.69;;;
2022;2910909;;;;;;76622.84;15723.96;;;
2022;2911006;;;;;;116438.526;10532.66;;;
2022;2911105;;;;;;5987521.106;231187.35;;;
2022;2911204;;;;;;512869.389;15938.51;;;
2022;2911253;;;;;;55139.664;12646.71;;;
2022;2911303;;;;;;137667.013;12648.57;;;
2022;2911402;;;;;;223389.496;14389.94;;;
2022;2911501;;;;;;79733.476;14368.98;;;
2022;2911600;;;;;;240625.346;11678.01;;;
2022;2911659;;;;;;78556.486;9758.57;;;
2022;2911709;;;;;;1848370.175;21047.98;;;
2022;2911808;;;;;;284896.788;14956.0;;;
2022;2911857;;;;;;151762.464;12329.39;;;
2022;2911907;;;;;;286123.852;11627.74;;;
2022;2912004;;;;;;108316.949;10386.13;;;
2022;2912103;;;;;;230352.464;10632.47;;;
2022;2912202;;;;;;496149.439;23870.55;;;
2022;2912301;;;;;;199377.783;14308.73;;;
2022;2912400;;;;;;183117.875;11029.2;;;
2022;2912509;;;;;;133688.678;9643.56;;;
2022;2912608;;;;;;42163.749;11319.13;;;
2022;2912707;;;;;;314018.313;12391.71;;;
2022;2912806;;;;;;440051.693;49466.24;;;
2022;2912905;;;;;;245793.801;13079.7;;;
2022;2913002;;;;;;124077.119;8478.69;;;
2022;2913101;;;;;;165480.161;9751.91;;;
2022;2913200;;;;;;482520.087;18340.5;;;
2022;2913309;;;;;;64299.049;10387.57;;;
2022;2913408;;;;;;213020.349;13719.35;;;
2022;2913457;;;;;;225550.229;17150.8;;;
2022;2913507;;;;;;247343.188;11580.82;;;
2022;2913606;;;;;;6704943.081;37520.04;;;
2022;2913705;;;;;;668474.686;19783.21;;;
2022;2913804;;;;;;125727.01;9171.13;;;
2022;2913903;;;;;;640794.737;15742.02;;;
2022;2914000;;;;;;765627.791;13462.06;;;
2022;2914109;;;;;;120660.454;12144.99;;;
2022;2914208;;;;;;76989.028;12619.08;;;
2022;2914307;;;;;;117391.973;10918.15;;;
2022;2914406;;;;;;766674.818;32106.66;;;
2022;2914505;;;;;;332675.251;11863.04;;;
2022;2914604;;;;;;1779885.113;23888.83;;;
2022;2914653;;;;;;549081.144;19495.16;;;
2022;2914703;;;;;;1160119.406;17827.97;;;
2022;2914802;;;;;;4780912.091;25606.36;;;
2022;2914901;;;;;;482599.132;17406.64;;;
2022;2915007;;;;;;129630.219;9622.2;;;
2022;2915106;;;;;;144578.909;10474.46;;;
2022;2915205;;;;;;876118.692;57225.26;;;
2022;2915304;;;;;;139384.678;21960.72;;;
2022;2915353;;;;;;150049.117;12188.22;;;
2022;2915403;;;;;;117698.546;19496.2;;;
2022;2915502;;;;;;339263.017;18064.16;;;
2022;2915601;;;;;;1258909.045;21121.57;;;
2022;2915700;;;;;;101927.407;14455.74;;;
2022;2915809;;;;;;352106.729;14434.15;;;
2022;2915908;;;;;;102243.575;17288.4;;;
2022;2916005;;;;;;305819.399;17168.33;;;
2022;2916104;;;;;;285799.687;14442.35;;;
2022;2916203;;;;;;125798.46;12165.02;;;
2022;2916302;;;;;;297356.349;32412.94;;;
2022;2916401;;;;;;1707485.451;25911.43;;;
2022;2916500;;;;;;453942.931;14329.46;;;
2022;2916609;;;;;;110954.6;10794.3;;;
2022;2916708;;;;;;95765.449;11746.04;;;
2022;2916807;;;;;;356225.539;20890.54;;;
2022;2916856;;;;;;520384.842;33067.6;;;
2022;2916906;;;;;;127757.604;11615.38;;;
2022;2917003;;;;;;388107.125;11458.05;;;
2022;2917102;;;;;;263958.401;15884.84;;;
2022;2917201;;;;;;277476.818;15489.38;;;
2022;2917300;;;;;;386726.265;17648.26;;;
2022;2917334;;;;;;149731.32;13467.47;;;
2022;2917359;;;;;;1665178.44;179592.15;;;
2022;2917409;;;;;;136009.315;9421.54;;;
2022;2917508;;;;;;1816304.179;21991.82;;;
2022;2917607;;;;;;750298.9;16323.62;;;
2022;2917706;;;;;;865035.463;26451.26;;;
2022;2917805;;;;;;221946.741;12568.48;;;
2022;2917904;;;;;;183483.276;19761.26;;;
2022;2918001;;;;;;3613954.068;22756.18;;;
2022;2918100;;;;;;611471.292;16251.3;;;
2022;2918209;;;;;;162566.214;11927.96;;;
2022;2918308;;;;;;207889.4;14482.02;;;
2022;2918357;;;;;;309355.953;12446.93;;;
2022;2918407;;;;;;5505938.994;23348.45;;;
2022;2918456;;;;;;138907.662;14387.12;;;
2022;2918506;;;;;;133627.031;8170.91;;;
2022;2918555;;;;;;78885.935;13397.75;;;
2022;2918605;;;;;;79497.926;10773.54;;;
2022;2918704;;;;;;64057.65;15719.67;;;
2022;2918753;;;;;;132847.831;9418.49;;;
2022;2918803;;;;;;314683.396;14947.91;;;
2022;2918902;;;;;;124139.741;32286.02;;;
2022;2919009;;;;;;74608.168;21153.44;;;
2022;2919058;;;;;;84400.531;11262.41;;;
2022;2919108;;;;;;75343.356;8614.61;;;
2022;2919157;;;;;;334842.912;13009.17;;;
2022;2919207;;;;;;8004189.893;39364.74;;;
2022;2919306;;;;;;184445.983;17119.55;;;
2022;2919405;;;;;;155601.188;13148.66;;;
2022;2919504;;;;;;623588.212;14201.18;;;
2022;2919553;;;;;;11938895.148;110638.55;;;
2022;2919603;;;;;;100246.493;9583.79;;;
2022;2919702;;;;;;251739.499;11655.15;;;
2022;2919801;;;;;;466083.391;11134.6;;;
2022;2919900;;;;;;74830.33;10312.89;;;
2022;2919926;;;;;;580018.499;31345.57;;;
2022;2919959;;;;;;68888.286;9879.29;;;
2022;2920007;;;;;;178234.996;20414.04;;;
2022;2920106;;;;;;177569.754;10046.95;;;
2022;2920205;;;;;;208455.916;13537.86;;;
2022;2920304;;;;;;92034.575;10615.29;;;
2022;2920403;;;;;;147474.695;10640.31;;;
2022;2920452;;;;;;106246.677;7633.21;;;
2022;2920502;;;;;;621278.232;22493.78;;;
2022;2920601;;;;;;430082.056;11993.7;;;
2022;2920700;;;;;;396613.016;16135.6;;;
2022;2920809;;;;;;100169.474;10809.27;;;
2022;2920908;;;;;;180089.629;13296.64;;;
2022;2921005;;;;;;1657803.492;38946.66;;;
2022;2921054;;;;;;98504.667;9535.79;;;
2022;2921104;;;;;;486192.404;21906.48;;;
2022;2921203;;;;;;308661.087;12516.16;;;
2022;2921302;;;;;;174737.23;15783.33;;;
2022;2921401;;;;;;151436.448;9624.79;;;
2022;2921450;;;;;;92560.008;9086.09;;;
2022;2921500;;;;;;514352.832;10765.02;;;
2022;2921609;;;;;;87064.242;10907.57;;;
2022;2921708;;;;;;737034.137;21939.46;;;
2022;2921807;;;;;;114248.288;10252.92;;;
2022;2921906;;;;;;560967.652;46219.63;;;
2022;2922003;;;;;;2968295.698;78164.47;;;
2022;2922052;;;;;;254974.904;19386.78;;;
2022;2922102;;;;;;190073.569;10987.55;;;
2022;2922201;;;;;;77665.487;10783.88;;;
2022;2922250;;;;;;234871.846;22490.84;;;
2022;2922300;;;;;;320964.957;11180.72;;;
2022;2922409;;;;;;554458.768;27671.75;;;
2022;2922508;;;;;;411315.594;15206.31;;;
2022;2922607;;;;;;200143.941;16606.7;;;
2022;2922656;;;;;;171364.245;9312.26;;;
2022;2922706;;;;;;196101.976;14298.36;;;
2022;2922730;;;;;;102026.101;12806.09;;;
2022;2922755;;;;;;106668.975;16408.09;;;
2022;2922805;;;;;;81200.875;10437.13;;;
2022;2922854;;;;;;83312.172;11052.29;;;
2022;2922904;;;;;;291499.719;12027.55;;;
2022;2923001;;;;;;646041.254;16351.75;;;
2022;2923035;;;;;;115005.761;10303.33;;;
2022;2923050;;;;;;114668.634;10756.91;;;
2022;2923100;;;;;;270816.672;11965.57;;;
2022;2923209;;;;;;371571.07;17937.3;;;
2022;2923308;;;;;;106666.142;13824.02;;;
2022;2923357;;;;;;281119.406;14608.92;;;
2022;2923407;;;;;;259686.202;12933.87;;;
2022;2923506;;;;;;135574.715;13112.94;;;
2022;2923605;;;;;;284095.672;13962.53;;;
2022;2923704;;;;;;287939.909;9843.43;;;
2022;2923803;;;;;;572979.576;21537.35;;;
2022;2923902;;;;;;118827.796;12681.73;;;
2022;2924009;;;;;;4009274.093;35521.17;;;
2022;2924058;;;;;;162950.215;12304.63;;;
2022;2924108;;;;;;56137.59;9003.62;;;
2022;2924207;;;;;;169733.382;12163.78;;;
2022;2924306;;;;;;213258.271;10617.26;;;
2022;2924405;;;;;;313744.417;8873.62;;;
2022;2924504;;;;;;247172.244;16779.05;;;
2022;2924603;;;;;;187999.484;9851.67;;;
2022;2924652;;;;;;121618.604;11779.04;;;
2022;2924678;;;;;;138883.522;12655.69;;;
2022;2924702;;;;;;83834.148;9160.2;;;
2022;2924801;;;;;;197757.957;11258.0;;;
2022;2924900;;;;;;80129.285;9988.69;;;
2022;2925006;;;;;;311911.939;13482.25;;;
2022;2925105;;;;;;622824.638;12896.79;;;
2022;2925204;;;;;;2808750.021;87421.02;;;
2022;2925253;;;;;;176483.355;9838.52;;;
2022;2925303;;;;;;4440532.258;26438.82;;;
2022;2925402;;;;;;130208.826;12673.63;;;
2022;2925501;;;;;;719701.44;20561.14;;;
2022;2925600;;;;;;145533.347;9618.86;;;
2022;2925709;;;;;;111215.086;8811.91;;;
2022;2925758;;;;;;365592.507;13185.91;;;
2022;2925808;;;;;;282522.134;10875.44;;;
2022;2925907;;;;;;271168.229;10729.99;;;
2022;2925931;;;;;;95437.806;10087.5;;;
2022;2925956;;;;;;423684.375;21548.39;;;
2022;2926004;;;;;;523253.976;12892.47;;;
2022;2926103;;;;;;174335.656;12770.91;;;
2022;2926202;;;;;;2108395.232;97421.46;;;
2022;2926301;;;;;;506570.599;15173.14;;;
2022;2926400;;;;;;355432.066;11573.44;;;
2022;2926509;;;;;;172530.972;12465.21;;;
2022;2926608;;;;;;805348.897;14911.11;;;
2022;2926657;;;;;;117926.608;12107.45;;;
2022;2926707;;;;;;171464.792;13005.52;;;
2022;2926806;;;;;;129869.213;9878.99;;;
2022;2926905;;;;;;105611.014;10061.07;;;
2022;2927002;;;;;;1106436.979;31288.87;;;
2022;2927101;;;;;;151146.966;14663.07;;;
2022;2927200;;;;;;472125.501;16693.5;;;
2022;2927309;;;;;;212067.298;14150.08;;;
2022;2927408;;;;;;68764217.807;28438.41;;;
2022;2927507;;;;;;199497.566;9521.65;;;
2022;2927606;;;;;;143420.051;9583.7;;;
2022;2927705;;;;;;600433.153;20573.35;;;
2022;2927804;;;;;;77134.84;16478.28;;;
2022;2927903;;;;;;91139.36;8848.48;;;
2022;2928000;;;;;;619028.846;16361.71;;;
2022;2928059;;;;;;143634.912;10431.76;;;
2022;2928109;;;;;;648376.902;16795.59;;;
2022;2928208;;;;;;400246.881;16168.32;;;
2022;2928307;;;;;;73340.795;8414.5;;;
2022;2928406;;;;;;328351.702;11988.01;;;
2022;2928505;;;;;;146455.43;14026.95;;;
2022;2928604;;;;;;1223555.44;21844.52;;;
2022;2928703;;;;;;2737851.983;26566.9;;;
2022;2928802;;;;;;1130712.06;21630.49;;;
2022;2928901;;;;;;9514922.146;289841.66;;;
2022;2928950;;;;;;97825.395;11609.94;;;
2022;2929008;;;;;;191035.762;17325.94;;;
2022;2929057;;;;;;250117.849;16461.62;;;
2022;2929107;;;;;;255642.436;12603.78;;;
2022;2929206;;;;;;25361788.952;672155.97;;;
2022;2929255;;;;;;179236.233;9636.36;;;
2022;2929305;;;;;;1361891.765;34466.93;;;
2022;2929354;;;;;;65330.537;12291.73;;;
2022;2929370;;;;;;136118.707;13362.0;;;
2022;2929404;;;;;;168437.31;16299.33;;;
2022;2929503;;;;;;1057958.716;25830.33;;;
2022;2929602;;;;;;269295.784;14991.69;;;
2022;2929701;;;;;;317794.193;19852.21;;;
2022;2929750;;;;;;155655.32;13608.61;;;
2022;2929800;;;;;;109732.593;10472.67;;;
2022;2929909;;;;;;730433.135;15823.94;;;
2022;2930006;;;;;;111668.902;11930.44;;;
2022;2930105;;;;;;1153019.795;15478.85;;;
2022;2930154;;;;;;477400.47;13950.1;;;
2022;2930204;;;;;;1493924.303;39151.01;;;
2022;2930303;;;;;;215873.896;12649.36;;;
2022;2930402;;;;;;163469.182;9083.64;;;
2022;2930501;;;;;;1252947.009;15577.14;;;
2022;2930600;;;;;;132635.468;9946.42;;;
2022;2930709;;;;;;7423430.777;64866.88;;;
2022;2930758;;;;;;132587.524;9888.69;;;
2022;2930766;;;;;;150091.036;10159.82;;;
2022;2930774;;;;;;952518.159;37390.31;;;
2022;2930808;;;;;;157653.141;9242.18;;;
2022;2930907;;;;;;341746.887;28528.83;;;
2022;2931004;;;;;;278871.553;13275.8;;;
2022;2931053;;;;;;216305.287;12606.67;;;
2022;2931103;;;;;;72090.147;9341.73;;;
2022;2931202;;;;;;227007.05;12580.75;;;
2022;2931301;;;;;;163287.549;10322.89;;;
2022;2931350;;;;;;3328070.428;22916.97;;;
2022;2931400;;;;;;114574.094;16114.5;;;
2022;2931509;;;;;;207926.804;9818.98;;;
2022;2931608;;;;;;233156.191;15207.16;;;
2022;2931707;;;;;;174605.428;16170.16;;;
2022;2931806;;;;;;150401.153;9229.33;;;
2022;2931905;;;;;;633447.114;12996.99;;;
2022;2932002;;;;;;277058.021;11232.84;;;
2022;2932101;;;;;;253803.909;13626.32;;;
2022;2932200;;;;;;289446.493;16436.48;;;
2022;2932309;;;;;;233221.265;14475.9;;;
2022;2932408;;;;;;307867.376;22920.44;;;
2022;2932457;;;;;;260968.706;19129.8;;;
2022;2932507;;;;;;380359.84;20978.43;;;
2022;2932606;;;;;;203527.036;13254.77;;;
2022;2932705;;;;;;317768.432;14835.13;;;
2022;2932804;;;;;;195562.713;12014.67;;;
2022;2932903;;;;;;2010351.263;23470.33;;;
2022;2933000;;;;;;311921.523;12803.61;;;
2022;2933059;;;;;;129466.669;9383.68;;;
2022;2933109;;;;;;132771.221;16389.49;;;
2022;2933158;;;;;;247161.948;18476.64;;;
2022;2933174;;;;;;149543.146;15085.56;;;
2022;2933208;;;;;;658721.583;15471.3;;;
2022;2933257;;;;;;100788.513;16789.69;;;
2022;2933307;;;;;;9324322.408;25141.89;;;
2022;2933406;;;;;;98206.011;10334.21;;;
2022;2933455;;;;;;194369.287;14988.38;;;
2022;2933505;;;;;;354804.755;14497.21;;;
2022;2933604;;;;;;560495.211;12523.07;;;
2022;3100104;;;;;;179485.464;28616.94;;;
2022;3100203;;;;;;569165.637;25101.02;;;
2022;3100302;;;;;;301984.737;21683.4;;;
2022;3100401;;;;;;75588.102;19336.94;;;
2022;3100500;;;;;;158448.9;17717.65;;;
2022;3100609;;;;;;223378.515;17743.94;;;
2022;3100708;;;;;;238190.686;112993.68;;;
2022;3100807;;;;;;110897.644;25452.75;;;
2022;3100906;;;;;;310640.891;16836.9;;;
2022;3101003;;;;;;290803.105;20716.9;;;
2022;3101102;;;;;;723559.561;28634.28;;;
2022;3101201;;;;;;133881.725;21479.5;;;
2022;3101300;;;;;;51305.672;18663.39;;;
2022;3101409;;;;;;176971.584;60092.22;;;
2022;3101508;;;;;;915497.548;29804.26;;;
2022;3101607;;;;;;3891810.992;49282.15;;;
2022;3101631;;;;;;154407.974;22277.88;;;
2022;3101706;;;;;;739398.014;18318.25;;;
2022;3101805;;;;;;100344.872;14536.41;;;
2022;3101904;;;;;;625970.619;34206.04;;;
2022;3102001;;;;;;326887.085;23491.71;;;
2022;3102050;;;;;;139707.422;24108.27;;;
2022;3102100;;;;;;184430.173;16934.18;;;
2022;3102209;;;;;;65157.768;16400.14;;;
2022;3102308;;;;;;361982.498;24037.62;;;
2022;3102407;;;;;;77831.238;18713.93;;;
2022;3102506;;;;;;68128.747;15003.03;;;
2022;3102605;;;;;;1339764.026;33041.43;;;
2022;3102704;;;;;;142155.921;15604.38;;;
2022;3102803;;;;;;314293.813;26351.46;;;
2022;3102852;;;;;;202643.966;26256.02;;;
2022;3102902;;;;;;189737.885;17101.21;;;
2022;3103009;;;;;;500279.639;54266.15;;;
2022;3103108;;;;;;32949.311;21423.48;;;
2022;3103207;;;;;;69331.142;31788.69;;;
2022;3103306;;;;;;35111.069;17135.71;;;
2022;3103405;;;;;;744397.862;21704.46;;;
2022;3103504;;;;;;6767656.191;57446.49;;;
2022;3103603;;;;;;79151.843;27153.29;;;
2022;3103702;;;;;;164341.126;20420.12;;;
2022;3103751;;;;;;1345479.39;158683.74;;;
2022;3103801;;;;;;219252.34;83334.22;;;
2022;3103900;;;;;;414182.292;45024.71;;;
2022;3104007;;;;;;8637092.254;77330.24;;;
2022;3104106;;;;;;402855.057;43898.34;;;
2022;3104205;;;;;;2735328.504;66043.62;;;
2022;3104304;;;;;;336757.526;24260.32;;;
2022;3104403;;;;;;44690.182;16625.81;;;
2022;3104452;;;;;;80185.07;16991.96;;;
2022;3104502;;;;;;384516.105;22262.4;;;
2022;3104601;;;;;;352823.47;24955.68;;;
2022;3104700;;;;;;202342.795;14730.84;;;
2022;3104809;;;;;;86684.669;19101.95;;;
2022;3104908;;;;;;399929.504;21775.54;;;
2022;3105004;;;;;;113009.505;15084.02;;;
2022;3105103;;;;;;849035.556;36058.59;;;
2022;3105202;;;;;;60502.299;12761.51;;;
2022;3105301;;;;;;98245.017;16531.22;;;
2022;3105400;;;;;;1727167.208;56116.94;;;
2022;3105509;;;;;;64635.492;13020.85;;;
2022;3105608;;;;;;3873292.712;30907.96;;;
2022;3105707;;;;;;91642.243;16174.06;;;
2022;3105905;;;;;;759640.758;37830.72;;;
2022;3106002;;;;;;395453.331;38895.77;;;
2022;3106101;;;;;;67229.338;20724.21;;;
2022;3106200;;;;;;115381697.805;49828.85;;;
2022;3106309;;;;;;2547424.817;106462.09;;;
2022;3106408;;;;;;234548.437;27187.72;;;
2022;3106507;;;;;;123979.261;12617.47;;;
2022;3106606;;;;;;54639.569;12275.8;;;
2022;3106655;;;;;;69610.835;16570.06;;;
2022;3106705;;;;;;47777093.753;116003.52;;;
2022;3106804;;;;;;44847.977;13343.64;;;
2022;3106903;;;;;;324334.497;23203.21;;;
2022;3107000;;;;;;72270.877;30327.69;;;
2022;3107109;;;;;;1317318.945;33058.6;;;
2022;3107208;;;;;;90620.557;16944.76;;;
2022;3107307;;;;;;1462198.585;30442.18;;;
2022;3107406;;;;;;2041159.4;39452.6;;;
2022;3107505;;;;;;136882.763;20180.27;;;
2022;3107604;;;;;;230719.958;51569.06;;;
2022;3107703;;;;;;180460.127;32047.62;;;
2022;3107802;;;;;;200948.842;13823.27;;;
2022;3107901;;;;;;185409.6;14658.04;;;
2022;3108008;;;;;;460604.6;26855.85;;;
2022;3108107;;;;;;173878.442;23389.62;;;
2022;3108206;;;;;;481770.844;87151.02;;;
2022;3108255;;;;;;107762.252;10560.79;;;
2022;3108305;;;;;;407585.417;23419.07;;;
2022;3108404;;;;;;342299.683;23084.68;;;
2022;3108503;;;;;;76590.394;13228.05;;;
2022;3108552;;;;;;424706.83;28276.09;;;
2022;3108602;;;;;;443175.632;13838.43;;;
2022;3108701;;;;;;53895.81;12651.6;;;
2022;3108800;;;;;;157987.494;35574.76;;;
2022;3108909;;;;;;235936.583;16561.6;;;
2022;3109006;;;;;;2704306.756;69492.66;;;
2022;3109105;;;;;;240323.525;22025.8;;;
2022;3109204;;;;;;184692.309;20184.95;;;
2022;3109253;;;;;;47893.298;11851.84;;;
2022;3109303;;;;;;1440540.483;59937.61;;;
2022;3109402;;;;;;796395.256;33308.04;;;
2022;3109451;;;;;;399518.003;60286.4;;;
2022;3109501;;;;;;383533.18;33613.78;;;
2022;3109600;;;;;;59241.152;16041.47;;;
2022;3109709;;;;;;562165.946;47304.44;;;
2022;3109808;;;;;;158178.689;68327.73;;;
2022;3109907;;;;;;364668.968;31890.6;;;
2022;3110004;;;;;;981110.751;25302.01;;;
2022;3110103;;;;;;110448.482;20823.62;;;
2022;3110202;;;;;;116040.22;28385.57;;;
2022;3110301;;;;;;350443.422;24649.6;;;
2022;3110400;;;;;;87991.951;31004.92;;;
2022;3110509;;;;;;1203932.7;46132.99;;;
2022;3110608;;;;;;2137683.143;72375.51;;;
2022;3110707;;;;;;377194.915;30633.88;;;
2022;3110806;;;;;;52824.637;18072.06;;;
2022;3110905;;;;;;503353.006;31587.89;;;
2022;3111002;;;;;;548000.841;26478.59;;;
2022;3111101;;;;;;589743.17;32743.5;;;
2022;3111150;;;;;;46710.972;12577.0;;;
2022;3111200;;;;;;1406838.448;26911.23;;;
2022;3111309;;;;;;262698.72;23090.33;;;
2022;3111408;;;;;;810468.941;95732.22;;;
2022;3111507;;;;;;583445.596;44953.05;;;
2022;3111606;;;;;;924910.369;35430.39;;;
2022;3111705;;;;;;86362.762;18316.6;;;
2022;3111804;;;;;;853757.751;80482.44;;;
2022;3111903;;;;;;87296.33;16558.48;;;
2022;3112000;;;;;;440351.227;31451.41;;;
2022;3112059;;;;;;60320.118;15178.69;;;
2022;3112109;;;;;;157695.984;31239.3;;;
2022;3112208;;;;;;69779.46;15997.13;;;
2022;3112307;;;;;;1025592.041;25883.1;;;
2022;3112406;;;;;;228950.08;34890.29;;;
2022;3112505;;;;;;139813.094;13111.98;;;
2022;3112604;;;;;;821467.012;56053.7;;;
2022;3112653;;;;;;63863.259;13928.74;;;
2022;3112703;;;;;;624275.416;44249.75;;;
2022;3112802;;;;;;406754.834;39186.4;;;
2022;3112901;;;;;;184180.913;20611.11;;;
2022;3113008;;;;;;224636.593;11491.54;;;
2022;3113107;;;;;;45883.589;15643.91;;;
2022;3113206;;;;;;885252.397;37176.73;;;
2022;3113305;;;;;;700417.017;22420.52;;;
2022;3113404;;;;;;2647811.935;30309.2;;;
2022;3113503;;;;;;178673.077;20990.73;;;
2022;3113602;;;;;;252765.616;37084.16;;;
2022;3113701;;;;;;503873.002;27068.12;;;
2022;3113800;;;;;;38251.709;14683.96;;;
2022;3113909;;;;;;363858.929;31511.12;;;
2022;3114006;;;;;;286356.67;25987.54;;;
2022;3114105;;;;;;325942.412;23624.15;;;
2022;3114204;;;;;;677622.069;28860.77;;;
2022;3114303;;;;;;1178412.467;40619.51;;;
2022;3114402;;;;;;919850.955;43898.59;;;
2022;3114501;;;;;;484160.214;27081.34;;;
2022;3114550;;;;;;450482.593;47811.78;;;
2022;3114600;;;;;;165827.812;40955.25;;;
2022;3114709;;;;;;90885.43;27203.06;;;
2022;3114808;;;;;;92014.573;20808.36;;;
2022;3114907;;;;;;70928.084;32036.17;;;
2022;3115003;;;;;;94876.289;34983.88;;;
2022;3115102;;;;;;497327.064;28990.21;;;
2022;3115201;;;;;;70759.31;19876.21;;;
2022;3115300;;;;;;1821409.036;27488.4;;;
2022;3115359;;;;;;2139892.535;390990.78;;;
2022;3115409;;;;;;43876.248;14108.12;;;
2022;3115458;;;;;;106417.719;15137.66;;;
2022;3115474;;;;;;63502.878;13400.06;;;
2022;3115508;;;;;;403602.655;19168.06;;;
2022;3115607;;;;;;24732.525;22879.3;;;
2022;3115706;;;;;;90002.815;14584.8;;;
2022;3115805;;;;;;435047.79;42622.49;;;
2022;3115904;;;;;;53962.412;17548.75;;;
2022;3116001;;;;;;139717.017;22998.69;;;
2022;3116100;;;;;;107816.533;10430.16;;;
2022;3116159;;;;;;408892.107;33095.27;;;
2022;3116209;;;;;;43149.683;15410.6;;;
2022;3116308;;;;;;73126.387;13102.74;;;
2022;3116407;;;;;;222237.225;47710.87;;;
2022;3116506;;;;;;103826.524;14488.77;;;
2022;3116605;;;;;;1275084.483;42278.74;;;
2022;3116704;;;;;;151928.285;21347.24;;;
2022;3116803;;;;;;129330.222;15843.47;;;
2022;3116902;;;;;;170475.429;61476.89;;;
2022;3117009;;;;;;77172.227;11587.42;;;
2022;3117108;;;;;;340024.864;32786.12;;;
2022;3117207;;;;;;78460.543;28304.67;;;
2022;3117306;;;;;;1363980.435;48059.63;;;
2022;3117405;;;;;;92884.445;21067.01;;;
2022;3117504;;;;;;3542338.082;152937.49;;;
2022;3117603;;;;;;373924.556;69053.47;;;
2022;3117702;;;;;;366160.513;29197.07;;;
2022;3117801;;;;;;259018.363;23806.83;;;
2022;3117836;;;;;;69322.849;9578.95;;;
2022;3117876;;;;;;780843.114;106237.16;;;
2022;3117900;;;;;;241164.372;21759.85;;;
2022;3118007;;;;;;8477571.439;160286.85;;;
2022;3118106;;;;;;55202.556;11426.73;;;
2022;3118205;;;;;;534105.287;79788.66;;;
2022;3118304;;;;;;2998868.601;22784.12;;;
2022;3118403;;;;;;549039.159;26365.69;;;
2022;3118502;;;;;;32082.48;20526.22;;;
2022;3118601;;;;;;42596067.422;68497.29;;;
2022;3118700;;;;;;274206.028;30389.67;;;
2022;3118809;;;;;;300866.462;11855.87;;;
2022;3118908;;;;;;147036.282;19482.75;;;
2022;3119005;;;;;;135392.875;42310.27;;;
2022;3119104;;;;;;563276.462;23936.62;;;
2022;3119203;;;;;;135644.998;12462.79;;;
2022;3119302;;;;;;1876644.558;64949.28;;;
2022;3119401;;;;;;2164490.137;20666.15;;;
2022;3119500;;;;;;113329.195;13820.63;;;
2022;3119609;;;;;;65349.657;23660.27;;;
2022;3119708;;;;;;75935.895;21783.1;;;
2022;3119807;;;;;;199342.803;67345.54;;;
2022;3119906;;;;;;53635.342;12555.09;;;
2022;3119955;;;;;;460308.146;75054.32;;;
2022;3120003;;;;;;45589.515;15857.22;;;
2022;3120102;;;;;;68415.405;16116.7;;;
2022;3120151;;;;;;78615.155;14931.65;;;
2022;3120201;;;;;;320609.188;26285.91;;;
2022;3120300;;;;;;59248.071;11569.63;;;
2022;3120409;;;;;;165311.744;35421.42;;;
2022;3120508;;;;;;274252.385;26436.51;;;
2022;3120607;;;;;;91382.019;16816.71;;;
2022;3120706;;;;;;193461.854;54945.14;;;
2022;3120805;;;;;;374479.735;24377.02;;;
2022;3120839;;;;;;76948.761;19319.3;;;
2022;3120870;;;;;;84251.47;11376.11;;;
2022;3120904;;;;;;2352584.648;29278.48;;;
2022;3121001;;;;;;79589.825;14563.55;;;
2022;3121100;;;;;;126342.837;15888.18;;;
2022;3121209;;;;;;297581.503;35439.03;;;
2022;3121258;;;;;;528670.934;50378.4;;;
2022;3121308;;;;;;102136.724;20725.8;;;
2022;3121407;;;;;;298080.773;38949.53;;;
2022;3121506;;;;;;58246.969;19454.57;;;
2022;3121605;;;;;;1037925.19;21758.53;;;
2022;3121704;;;;;;49388.201;13916.09;;;
2022;3121803;;;;;;95506.932;13948.73;;;
2022;3121902;;;;;;79771.935;18876.46;;;
2022;3122009;;;;;;462607.426;22341.71;;;
2022;3122108;;;;;;63796.789;15269.7;;;
2022;3122207;;;;;;82946.967;12729.74;;;
2022;3122306;;;;;;8791427.418;38043.14;;;
2022;3122355;;;;;;221542.701;35048.68;;;
2022;3122405;;;;;;147395.861;25191.57;;;
2022;3122454;;;;;;103450.68;10129.31;;;
2022;3122470;;;;;;74216.233;20074.72;;;
2022;3122504;;;;;;76125.838;15523.21;;;
2022;3122603;;;;;;67270.258;13731.43;;;
2022;3122702;;;;;;115466.367;22086.15;;;
2022;3122801;;;;;;46944.778;15167.94;;;
2022;3122900;;;;;;108142.242;17748.6;;;
2022;3123007;;;;;;370654.717;37039.54;;;
2022;3123106;;;;;;178040.421;35402.75;;;
2022;3123205;;;;;;341842.53;27065.92;;;
2022;3123304;;;;;;68801.787;13796.23;;;
2022;3123403;;;;;;123362.019;84436.7;;;
2022;3123502;;;;;;84277.709;46078.57;;;
2022;3123528;;;;;;195042.317;24951.04;;;
2022;3123601;;;;;;924298.108;35096.37;;;
2022;3123700;;;;;;167574.156;12301.73;;;
2022;3123809;;;;;;104272.329;16410.5;;;
2022;3123858;;;;;;74684.499;14420.64;;;
2022;3123908;;;;;;364593.726;24724.92;;;
2022;3124005;;;;;;523466.037;25843.79;;;
2022;3124104;;;;;;1207162.541;14103.35;;;
2022;3124203;;;;;;830714.285;34466.61;;;
2022;3124302;;;;;;405307.456;13313.65;;;
2022;3124401;;;;;;121181.115;18330.22;;;
2022;3124500;;;;;;602366.103;52370.55;;;
2022;3124609;;;;;;48358.435;22121.88;;;
2022;3124708;;;;;;140290.917;50610.0;;;
2022;3124807;;;;;;415826.747;60793.38;;;
2022;3124906;;;;;;242516.725;22453.17;;;
2022;3125002;;;;;;60943.446;15727.34;;;
2022;3125101;;;;;;17506036.486;327325.76;;;
2022;3125200;;;;;;62722.161;24329.78;;;
2022;3125309;;;;;;74154.566;23260.53;;;
2022;3125408;;;;;;81601.309;15897.39;;;
2022;3125507;;;;;;49661.382;16379.08;;;
2022;3125606;;;;;;77332.939;11917.54;;;
2022;3125705;;;;;;284405.326;20346.64;;;
2022;3125804;;;;;;47683.991;17097.16;;;
2022;3125903;;;;;;151696.836;15818.23;;;
2022;3125952;;;;;;222412.965;21293.73;;;
2022;3126000;;;;;;155554.07;19335.5;;;
2022;3126109;;;;;;2661730.497;39000.86;;;
2022;3126208;;;;;;507507.801;63845.49;;;
2022;3126307;;;;;;101509.174;29194.47;;;
2022;3126406;;;;;;59803.41;19335.08;;;
2022;3126505;;;;;;78956.681;10719.07;;;
2022;3126604;;;;;;79709.022;17701.32;;;
2022;3126703;;;;;;499307.288;21268.84;;;
2022;3126752;;;;;;92468.63;18368.82;;;
2022;3126802;;;;;;77422.614;13727.41;;;
2022;3126901;;;;;;168192.094;20446.4;;;
2022;3126950;;;;;;42805.746;12623.34;;;
2022;3127008;;;;;;748730.384;51519.33;;;
2022;3127057;;;;;;53194.46;12242.68;;;
2022;3127073;;;;;;50424.792;10851.04;;;
2022;3127107;;;;;;3084987.27;52655.62;;;
2022;3127206;;;;;;96696.6;20635.21;;;
2022;3127305;;;;;;110317.975;17730.31;;;
2022;3127339;;;;;;65812.885;13731.04;;;
2022;3127354;;;;;;47510.603;16226.3;;;
2022;3127370;;;;;;51302.089;18127.95;;;
2022;3127388;;;;;;75115.308;18533.26;;;
2022;3127404;;;;;;106374.522;22460.84;;;
2022;3127503;;;;;;77889.348;14892.8;;;
2022;3127602;;;;;;188430.794;16629.67;;;
2022;3127701;;;;;;8028768.762;31219.45;;;
2022;3127800;;;;;;525199.394;37781.41;;;
2022;3127909;;;;;;49746.321;35737.3;;;
2022;3128006;;;;;;1087755.107;33735.12;;;
2022;3128105;;;;;;459855.157;33390.59;;;
2022;3128204;;;;;;118989.693;12200.32;;;
2022;3128253;;;;;;67716.361;13406.53;;;
2022;3128303;;;;;;744283.763;38865.99;;;
2022;3128402;;;;;;190852.469;24741.05;;;
2022;3128501;;;;;;63807.363;20262.74;;;
2022;3128600;;;;;;918639.315;140486.21;;;
2022;3128709;;;;;;3912373.159;76847.31;;;
2022;3128808;;;;;;131187.329;18396.76;;;
2022;3128907;;;;;;333130.726;39293.55;;;
2022;3129004;;;;;;120001.097;15428.27;;;
2022;3129103;;;;;;217168.319;41827.49;;;
2022;3129202;;;;;;146293.797;23849.66;;;
2022;3129301;;;;;;215368.764;17902.64;;;
2022;3129400;;;;;;110483.649;21255.03;;;
2022;3129509;;;;;;1641283.913;73835.26;;;
2022;3129608;;;;;;134720.011;21431.75;;;
2022;3129657;;;;;;54817.92;10788.81;;;
2022;3129707;;;;;;728550.208;66546.42;;;
2022;3129806;;;;;;3073444.819;18038.02;;;
2022;3129905;;;;;;80149.221;23818.49;;;
2022;3130002;;;;;;62721.819;23247.52;;;
2022;3130051;;;;;;114602.785;10733.61;;;
2022;3130101;;;;;;1206081.766;26306.67;;;
2022;3130200;;;;;;762874.301;70440.84;;;
2022;3130309;;;;;;556687.807;81554.03;;;
2022;3130408;;;;;;564038.916;80542.47;;;
2022;3130507;;;;;;292707.843;22973.69;;;
2022;3130556;;;;;;139946.71;20032.45;;;
2022;3130606;;;;;;176008.154;24107.4;;;
2022;3130655;;;;;;87898.785;13851.05;;;
2022;3130705;;;;;;861720.469;139640.33;;;
2022;3130804;;;;;;135273.033;52431.41;;;
2022;3130903;;;;;;501842.95;22115.41;;;
2022;3131000;;;;;;147426.201;23629.78;;;
2022;3131109;;;;;;104620.765;14193.56;;;
2022;3131158;;;;;;191442.709;11171.96;;;
2022;3131208;;;;;;397402.303;20356.64;;;
2022;3131307;;;;;;18957034.814;83243.1;;;
2022;3131406;;;;;;217351.953;57576.68;;;
2022;3131505;;;;;;198705.324;21752.09;;;
2022;3131604;;;;;;344281.142;47950.02;;;
2022;3131703;;;;;;7361373.416;64947.76;;;
2022;3131802;;;;;;161417.558;15577.84;;;
2022;3131901;;;;;;7258818.69;136233.98;;;
2022;3132008;;;;;;62076.964;14599.47;;;
2022;3132107;;;;;;244991.7;14237.08;;;
2022;3132206;;;;;;447167.594;32295.8;;;
2022;3132305;;;;;;125234.068;11969.23;;;
2022;3132404;;;;;;4121333.696;44280.66;;;
2022;3132503;;;;;;636219.161;19309.8;;;
2022;3132602;;;;;;65478.43;17744.83;;;
2022;3132701;;;;;;370460.166;17605.75;;;
2022;3132800;;;;;;40712.623;19006.83;;;
2022;3132909;;;;;;346912.607;32211.01;;;
2022;3133006;;;;;;805016.39;54444.5;;;
2022;3133105;;;;;;557979.799;36622.46;;;
2022;3133204;;;;;;159556.071;14338.25;;;
2022;3133303;;;;;;355199.139;18547.29;;;
2022;3133402;;;;;;550663.466;40223.77;;;
2022;3133501;;;;;;641893.699;30589.67;;;
2022;3133600;;;;;;1275556.456;100500.82;;;
2022;3133709;;;;;;3079751.753;237525.2;;;
2022;3133758;;;;;;831717.888;57734.13;;;
2022;3133808;;;;;;5324954.914;54520.42;;;
2022;3133907;;;;;;76310.103;13525.36;;;
2022;3134004;;;;;;143975.998;10474.79;;;
2022;3134103;;;;;;141201.812;23331.43;;;
2022;3134202;;;;;;4387179.82;42920.26;;;
2022;3134301;;;;;;102914.751;15510.89;;;
2022;3134400;;;;;;2403673.134;62767.28;;;
2022;3134509;;;;;;174873.746;41468.76;;;
2022;3134608;;;;;;331471.601;16243.83;;;
2022;3134707;;;;;;142291.028;12886.35;;;
2022;3134806;;;;;;183602.752;24496.7;;;
2022;3134905;;;;;;1354852.4;53079.43;;;
2022;3135001;;;;;;126244.412;40829.37;;;
2022;3135050;;;;;;843988.158;22410.73;;;
2022;3135076;;;;;;75146.135;17492.12;;;
2022;3135100;;;;;;1666043.007;23565.3;;;
2022;3135209;;;;;;903261.885;13868.6;;;
2022;3135308;;;;;;103026.516;22854.15;;;
2022;3135357;;;;;;90085.876;11084.76;;;
2022;3135407;;;;;;1773263.054;286148.63;;;
2022;3135456;;;;;;79506.524;13033.86;;;
2022;3135506;;;;;;257952.302;20770.78;;;
2022;3135605;;;;;;148744.349;22940.21;;;
2022;3135704;;;;;;140200.062;23831.39;;;
2022;3135803;;;;;;313074.587;13043.69;;;
2022;3135902;;;;;;113437.486;22078.14;;;
2022;3136009;;;;;;180592.324;13003.48;;;
2022;3136108;;;;;;113406.658;26196.96;;;
2022;3136207;;;;;;5011364.54;62495.97;;;
2022;3136306;;;;;;2254280.376;48167.35;;;
2022;3136405;;;;;;71970.745;18674.3;;;
2022;3136504;;;;;;120966.637;11739.77;;;
2022;3136520;;;;;;55890.823;14081.84;;;
2022;3136553;;;;;;83717.005;19615.04;;;
2022;3136579;;;;;;52055.463;14340.35;;;
2022;3136603;;;;;;134151.928;22702.98;;;
2022;3136652;;;;;;1767832.462;57554.12;;;
2022;3136702;;;;;;21817612.741;40346.5;;;
2022;3136801;;;;;;56559.202;15010.4;;;
2022;3136900;;;;;;317184.005;28616.38;;;
2022;3136959;;;;;;71183.994;12296.42;;;
2022;3137007;;;;;;149544.968;10403.13;;;
2022;3137106;;;;;;249903.063;37687.09;;;
2022;3137205;;;;;;2587184.912;50322.59;;;
2022;3137304;;;;;;57187.304;17261.49;;;
2022;3137403;;;;;;354139.24;27734.3;;;
2022;3137502;;;;;;671391.321;35515.83;;;
2022;3137536;;;;;;317817.871;35435.15;;;
2022;3137601;;;;;;2613051.936;34773.46;;;
2022;3137700;;;;;;557866.875;26775.47;;;
2022;3137809;;;;;;490868.771;24045.69;;;
2022;3137908;;;;;;55310.991;17371.54;;;
2022;3138005;;;;;;98942.185;16592.69;;;
2022;3138104;;;;;;200672.648;28168.54;;;
2022;3138203;;;;;;3348002.734;31958.48;;;
2022;3138302;;;;;;57948.506;18114.57;;;
2022;3138351;;;;;;72571.124;16717.61;;;
2022;3138401;;;;;;1180538.862;23082.19;;;
2022;3138500;;;;;;105711.989;22316.23;;;
2022;3138609;;;;;;360157.983;20913.88;;;
2022;3138625;;;;;;406146.178;46753.33;;;
2022;3138658;;;;;;98904.993;11251.99;;;
2022;3138674;;;;;;191968.099;27597.48;;;
2022;3138682;;;;;;72962.704;11749.23;;;
2022;3138708;;;;;;168807.613;30219.77;;;
2022;3138807;;;;;;730134.772;40846.7;;;
2022;3138906;;;;;;117258.494;18075.92;;;
2022;3139003;;;;;;1478209.998;39226.46;;;
2022;3139102;;;;;;380444.959;73289.34;;;
2022;3139201;;;;;;259316.333;14804.54;;;
2022;3139250;;;;;;68239.888;11379.0;;;
2022;3139300;;;;;;271190.935;14359.36;;;
2022;3139409;;;;;;4127694.412;44921.91;;;
2022;3139508;;;;;;557244.489;27037.58;;;
2022;3139607;;;;;;551720.268;20792.17;;;
2022;3139706;;;;;;263344.94;35912.31;;;
2022;3139805;;;;;;232414.464;18270.14;;;
2022;3139904;;;;;;230037.296;16146.37;;;
2022;3140001;;;;;;5090283.312;82921.19;;;
2022;3140100;;;;;;63670.472;15073.5;;;
2022;3140159;;;;;;210846.136;13293.37;;;
2022;3140209;;;;;;86161.825;25438.98;;;
2022;3140308;;;;;;60875.669;13256.9;;;
2022;3140407;;;;;;48873.214;15272.88;;;
2022;3140506;;;;;;528224.42;37722.23;;;
2022;3140530;;;;;;422170.644;50282.35;;;
2022;3140555;;;;;;107836.132;11833.22;;;
2022;3140605;;;;;;65361.193;16492.86;;;
2022;3140704;;;;;;1076291.439;28442.47;;;
2022;3140803;;;;;;725963.313;51410.19;;;
2022;3140852;;;;;;172456.308;19388.01;;;
2022;3140902;;;;;;664476.342;35816.97;;;
2022;3141009;;;;;;187463.309;15572.63;;;
2022;3141108;;;;;;1800386.686;47859.71;;;
2022;3141207;;;;;;99497.892;26087.54;;;
2022;3141306;;;;;;273655.265;70168.02;;;
2022;3141405;;;;;;276313.841;13708.76;;;
2022;3141504;;;;;;81971.097;14622.03;;;
2022;3141603;;;;;;170733.571;16459.42;;;
2022;3141702;;;;;;67257.575;13344.76;;;
2022;3141801;;;;;;346058.976;14179.84;;;
2022;3141900;;;;;;168911.531;45151.44;;;
2022;3142007;;;;;;165955.691;12157.04;;;
2022;3142106;;;;;;182413.415;20340.48;;;
2022;3142205;;;;;;289982.312;21270.62;;;
2022;3142254;;;;;;50387.162;12644.21;;;
2022;3142304;;;;;;89883.41;17538.23;;;
2022;3142403;;;;;;149686.493;19831.28;;;
2022;3142502;;;;;;42478.584;19584.41;;;
2022;3142601;;;;;;268788.588;32228.85;;;
2022;3142700;;;;;;179715.345;12782.03;;;
2022;3142809;;;;;;830858.579;41192.79;;;
2022;3142908;;;;;;281700.244;13857.75;;;
2022;3143005;;;;;;403025.065;30892.62;;;
2022;3143104;;;;;;2116369.046;44378.56;;;
2022;3143153;;;;;;45536.678;10394.13;;;
2022;3143203;;;;;;627072.163;30017.82;;;
2022;3143302;;;;;;12351982.916;29818.42;;;
2022;3143401;;;;;;657402.322;27290.56;;;
2022;3143450;;;;;;86876.854;12612.78;;;
2022;3143500;;;;;;481820.883;53145.92;;;
2022;3143609;;;;;;54493.315;22601.96;;;
2022;3143708;;;;;;48345.896;15431.18;;;
2022;3143807;;;;;;138957.632;18649.53;;;
2022;3143906;;;;;;2832646.424;27208.73;;;
2022;3144003;;;;;;635552.02;22998.08;;;
2022;3144102;;;;;;678498.298;30994.39;;;
2022;3144201;;;;;;36977.799;15037.74;;;
2022;3144300;;;;;;1019998.866;29111.22;;;
2022;3144359;;;;;;96650.472;15334.04;;;
2022;3144375;;;;;;73642.463;20921.15;;;
2022;3144409;;;;;;143676.618;30628.14;;;
2022;3144508;;;;;;1019641.767;124665.82;;;
2022;3144607;;;;;;631103.758;25225.99;;;
2022;3144656;;;;;;175807.602;16604.42;;;
2022;3144672;;;;;;159949.756;50761.59;;;
2022;3144706;;;;;;485383.749;27834.83;;;
2022;3144805;;;;;;12119428.95;108502.73;;;
2022;3144904;;;;;;61884.734;16894.55;;;
2022;3145000;;;;;;1181374.656;80927.16;;;
2022;3145059;;;;;;125544.645;18721.24;;;
2022;3145109;;;;;;569124.299;34730.23;;;
2022;3145208;;;;;;3307358.509;31333.93;;;
2022;3145307;;;;;;372037.96;13791.95;;;
2022;3145356;;;;;;121180.601;11793.73;;;
2022;3145372;;;;;;86202.015;18858.46;;;
2022;3145406;;;;;;37442.273;19250.53;;;
2022;3145455;;;;;;161673.612;30022.95;;;
2022;3145505;;;;;;53646.932;20996.84;;;
2022;3145604;;;;;;1296254.921;33015.51;;;
2022;3145703;;;;;;37446.019;18473.62;;;
2022;3145802;;;;;;62671.432;21108.6;;;
2022;3145851;;;;;;72550.89;14755.11;;;
2022;3145877;;;;;;164147.343;19455.65;;;
2022;3145901;;;;;;4988928.574;128832.99;;;
2022;3146008;;;;;;1142948.765;35612.54;;;
2022;3146107;;;;;;7305998.845;97642.45;;;
2022;3146206;;;;;;74690.227;12973.81;;;
2022;3146255;;;;;;62090.928;12275.79;;;
2022;3146305;;;;;;223908.183;12917.28;;;
2022;3146404;;;;;;88763.552;21014.1;;;
2022;3146503;;;;;;628905.442;77242.13;;;
2022;3146552;;;;;;64104.93;11548.36;;;
2022;3146602;;;;;;29894.029;20280.89;;;
2022;3146701;;;;;;105285.872;18448.55;;;
2022;3146750;;;;;;73448.877;11656.7;;;
2022;3146909;;;;;;374008.741;26868.44;;;
2022;3147006;;;;;;6489208.406;69021.65;;;
2022;3147105;;;;;;4578580.683;47134.32;;;
2022;3147204;;;;;;790514.022;36390.65;;;
2022;3147303;;;;;;659482.654;32256.43;;;
2022;3147402;;;;;;1011879.013;41974.49;;;
2022;3147501;;;;;;26234.684;16396.68;;;
2022;3147600;;;;;;663760.275;42781.84;;;
2022;3147709;;;;;;377005.66;44494.94;;;
2022;3147808;;;;;;48725.835;21820.8;;;
2022;3147907;;;;;;3534527.226;31575.48;;;
2022;3147956;;;;;;56688.78;11719.82;;;
2022;3148004;;;;;;7149201.68;44897.18;;;
2022;3148103;;;;;;4419874.976;49204.85;;;
2022;3148202;;;;;;134240.431;24074.68;;;
2022;3148301;;;;;;142148.475;16416.27;;;
2022;3148400;;;;;;73650.847;16780.78;;;
2022;3148509;;;;;;98286.39;12214.04;;;
2022;3148608;;;;;;261343.251;14980.12;;;
2022;3148707;;;;;;407860.311;16708.74;;;
2022;3148756;;;;;;164906.69;22528.24;;;
2022;3148806;;;;;;63370.484;19139.38;;;
2022;3148905;;;;;;130405.063;31713.29;;;
2022;3149002;;;;;;57946.371;21017.91;;;
2022;3149101;;;;;;202575.082;18826.68;;;
2022;3149150;;;;;;112339.892;10748.17;;;
2022;3149200;;;;;;271186.852;81096.55;;;
2022;3149309;;;;;;2221404.317;35497.03;;;
2022;3149408;;;;;;32642.806;18034.7;;;
2022;3149507;;;;;;65340.039;19498.67;;;
2022;3149606;;;;;;132279.73;31836.28;;;
2022;3149705;;;;;;317551.457;25884.53;;;
2022;3149804;;;;;;2086047.272;121628.32;;;
2022;3149903;;;;;;715579.863;33463.33;;;
2022;3149952;;;;;;118620.024;18101.64;;;
2022;3150000;;;;;;48573.742;13606.09;;;
2022;3150109;;;;;;84235.944;30127.3;;;
2022;3150158;;;;;;196871.943;23082.65;;;
2022;3150208;;;;;;66897.339;16825.29;;;
2022;3150307;;;;;;118841.454;25812.65;;;
2022;3150406;;;;;;108715.221;21660.73;;;
2022;3150505;;;;;;341255.392;39852.32;;;
2022;3150539;;;;;;57657.544;12251.92;;;
2022;3150570;;;;;;80535.87;11368.7;;;
2022;3150604;;;;;;248221.424;37047.97;;;
2022;3150703;;;;;;501603.127;90591.14;;;
2022;3150802;;;;;;218219.798;12822.88;;;
2022;3150901;;;;;;88611.758;14668.39;;;
2022;3151008;;;;;;157970.688;17321.35;;;
2022;3151107;;;;;;612887.409;55329.73;;;
2022;3151206;;;;;;3368912.252;60585.41;;;
2022;3151305;;;;;;209328.753;18030.04;;;
2022;3151404;;;;;;736006.118;27581.27;;;
2022;3151503;;;;;;1496840.291;41507.41;;;
2022;3151602;;;;;;517704.377;46451.72;;;
2022;3151701;;;;;;488910.565;29833.45;;;
2022;3151800;;;;;;9792526.335;59804.61;;;
2022;3151909;;;;;;145591.823;17436.15;;;
2022;3152006;;;;;;1172244.44;37757.09;;;
2022;3152105;;;;;;2245067.129;38858.13;;;
2022;3152131;;;;;;53623.245;14310.98;;;
2022;3152170;;;;;;129538.461;11902.83;;;
2022;3152204;;;;;;526275.352;14057.25;;;
2022;3152303;;;;;;143929.849;13618.11;;;
2022;3152402;;;;;;175768.085;12861.71;;;
2022;3152501;;;;;;12476110.708;81965.36;;;
2022;3152600;;;;;;438624.077;66802.33;;;
2022;3152709;;;;;;225722.129;24947.18;;;
2022;3152808;;;;;;1565416.338;55233.09;;;
2022;3152907;;;;;;246349.887;29306.43;;;
2022;3153004;;;;;;225218.409;63281.37;;;
2022;3153103;;;;;;78080.471;16099.07;;;
2022;3153202;;;;;;54975.99;15866.09;;;
2022;3153301;;;;;;40084.235;13052.5;;;
2022;3153400;;;;;;907953.001;48385.45;;;
2022;3153509;;;;;;163818.425;19509.16;;;
2022;3153608;;;;;;265396.175;23146.36;;;
2022;3153707;;;;;;81850.272;25747.18;;;
2022;3153806;;;;;;46584.721;26319.05;;;
2022;3153905;;;;;;293689.144;18040.98;;;
2022;3154002;;;;;;455337.113;19439.74;;;
2022;3154101;;;;;;128928.463;11713.32;;;
2022;3154150;;;;;;155354.533;19795.43;;;
2022;3154200;;;;;;214697.517;19118.21;;;
2022;3154309;;;;;;360256.182;20913.51;;;
2022;3154408;;;;;;451721.135;99323.03;;;
2022;3154457;;;;;;166414.668;24248.09;;;
2022;3154507;;;;;;247901.619;28312.2;;;
2022;3154606;;;;;;5754238.506;17447.98;;;
2022;3154705;;;;;;127369.81;31218.09;;;
2022;3154804;;;;;;262637.074;25595.66;;;
2022;3154903;;;;;;256593.07;20063.58;;;
2022;3155009;;;;;;61822.027;24888.09;;;
2022;3155108;;;;;;59990.592;12931.79;;;
2022;3155207;;;;;;64423.438;11866.54;;;
2022;3155306;;;;;;124134.049;22294.19;;;
2022;3155405;;;;;;129338.037;15184.09;;;
2022;3155504;;;;;;1106499.39;76142.26;;;
2022;3155603;;;;;;358041.278;12664.61;;;
2022;3155702;;;;;;270392.958;18480.83;;;
2022;3155801;;;;;;468545.114;26861.5;;;
2022;3155900;;;;;;75066.121;14601.46;;;
2022;3156007;;;;;;153615.549;12155.05;;;
2022;3156106;;;;;;97197.453;19462.85;;;
2022;3156205;;;;;;144754.206;63183.85;;;
2022;3156304;;;;;;545499.33;62961.6;;;
2022;3156403;;;;;;364666.752;107698.39;;;
2022;3156452;;;;;;85498.01;18060.42;;;
2022;3156502;;;;;;73491.933;12941.0;;;
2022;3156601;;;;;;123943.681;12035.7;;;
2022;3156700;;;;;;3934173.849;30409.78;;;
2022;3156809;;;;;;309137.166;21709.07;;;
2022;3156908;;;;;;2139747.753;80230.51;;;
2022;3157005;;;;;;791733.845;19705.66;;;
2022;3157104;;;;;;117452.295;19222.96;;;
2022;3157203;;;;;;1152729.889;37836.6;;;
2022;3157252;;;;;;149128.833;17631.69;;;
2022;3157278;;;;;;58847.484;19013.73;;;
2022;3157302;;;;;;72570.764;17245.9;;;
2022;3157336;;;;;;121163.116;14941.81;;;
2022;3157377;;;;;;53726.638;13740.83;;;
2022;3157401;;;;;;109625.171;23459.27;;;
2022;3157500;;;;;;55391.142;13714.07;;;
2022;3157609;;;;;;60999.88;17319.67;;;
2022;3157658;;;;;;59908.851;10089.06;;;
2022;3157708;;;;;;924579.909;58763.18;;;
2022;3157807;;;;;;5758336.5;26317.21;;;
2022;3157906;;;;;;545006.763;33242.25;;;
2022;3158003;;;;;;272757.813;25999.22;;;
2022;3158102;;;;;;50815.171;10686.68;;;
2022;3158201;;;;;;178799.319;13981.8;;;
2022;3158300;;;;;;214152.116;32256.68;;;
2022;3158409;;;;;;51898.483;14874.89;;;
2022;3158508;;;;;;125203.421;17809.88;;;
2022;3158607;;;;;;50988.084;13607.71;;;
2022;3158706;;;;;;40761.263;19074.06;;;
2022;3158805;;;;;;119141.56;28272.8;;;
2022;3158904;;;;;;245127.562;27275.79;;;
2022;3158953;;;;;;1187338.179;26503.08;;;
2022;3159001;;;;;;122253.16;23010.19;;;
2022;3159100;;;;;;53371.474;15385.26;;;
2022;3159209;;;;;;239954.591;28363.43;;;
2022;3159308;;;;;;80379.845;16904.28;;;
2022;3159357;;;;;;188093.27;27771.04;;;
2022;3159407;;;;;;66533.964;20155.7;;;
2022;3159506;;;;;;294767.276;50595.14;;;
2022;3159605;;;;;;2187943.31;53843.81;;;
2022;3159704;;;;;;182790.984;54048.19;;;
2022;3159803;;;;;;1128792.845;53821.24;;;
2022;3159902;;;;;;413731.124;23935.85;;;
2022;3160009;;;;;;68079.846;18063.11;;;
2022;3160108;;;;;;90008.398;21283.61;;;
2022;3160207;;;;;;50463.705;12889.84;;;
2022;3160306;;;;;;123552.084;11963.99;;;
2022;3160405;;;;;;828153.509;30340.85;;;
2022;3160454;;;;;;76799.687;11585.41;;;
2022;3160504;;;;;;32402.538;17921.76;;;
2022;3160603;;;;;;49465.95;18206.09;;;
2022;3160702;;;;;;1208059.416;28487.94;;;
2022;3160801;;;;;;87981.667;18667.87;;;
2022;3160900;;;;;;90665.688;22728.93;;;
2022;3160959;;;;;;120311.635;21384.93;;;
2022;3161007;;;;;;357693.229;20566.54;;;
2022;3161056;;;;;;46651.965;14578.74;;;
2022;3161106;;;;;;725685.001;13753.93;;;
2022;3161205;;;;;;218276.257;35279.82;;;
2022;3161304;;;;;;193421.054;33744.08;;;
2022;3161403;;;;;;87316.155;18190.87;;;
2022;3161502;;;;;;290355.937;28239.25;;;
2022;3161601;;;;;;46622.084;14106.53;;;
2022;3161650;;;;;;49274.063;15677.4;;;
2022;3161700;;;;;;379298.417;51430.29;;;
2022;3161809;;;;;;328832.868;27938.22;;;
2022;3161908;;;;;;3838429.715;323918.12;;;
2022;3162005;;;;;;1110720.994;46359.24;;;
2022;3162104;;;;;;1447958.051;35393.74;;;
2022;3162203;;;;;;265284.627;34668.67;;;
2022;3162252;;;;;;65157.105;13512.46;;;
2022;3162302;;;;;;62268.948;21368.89;;;
2022;3162401;;;;;;294983.653;12326.94;;;
2022;3162450;;;;;;104830.824;8049.05;;;
2022;3162500;;;;;;3286449.093;36425.04;;;
2022;3162559;;;;;;261762.535;23276.06;;;
2022;3162575;;;;;;86651.756;16254.32;;;
2022;3162609;;;;;;111761.64;15807.87;;;
2022;3162658;;;;;;46918.132;11815.19;;;
2022;3162708;;;;;;286699.321;11990.77;;;
2022;3162807;;;;;;259717.756;16958.39;;;
2022;3162906;;;;;;581987.222;22765.0;;;
2022;3162922;;;;;;956892.025;27858.74;;;
2022;3162948;;;;;;668346.835;85762.46;;;
2022;3162955;;;;;;976279.9;37527.58;;;
2022;3163003;;;;;;48147.135;12650.32;;;
2022;3163102;;;;;;121945.528;26883.93;;;
2022;3163201;;;;;;69544.091;16826.54;;;
2022;3163300;;;;;;54219.506;15652.28;;;
2022;3163409;;;;;;73843.904;13684.93;;;
2022;3163508;;;;;;116399.758;18783.24;;;
2022;3163607;;;;;;57196.408;20776.03;;;
2022;3163706;;;;;;1249052.311;27881.88;;;
2022;3163805;;;;;;130368.113;20582.27;;;
2022;3163904;;;;;;184727.328;37815.22;;;
2022;3164001;;;;;;143511.081;20026.66;;;
2022;3164100;;;;;;95276.671;18670.72;;;
2022;3164209;;;;;;268414.067;26021.72;;;
2022;3164308;;;;;;357530.188;50151.52;;;
2022;3164407;;;;;;618200.756;96790.47;;;
2022;3164431;;;;;;74833.042;24038.88;;;
2022;3164472;;;;;;131729.719;21267.31;;;
2022;3164506;;;;;;107845.967;10700.07;;;
2022;3164605;;;;;;772508.056;87635.63;;;
2022;3164704;;;;;;2537934.917;35349.25;;;
2022;3164803;;;;;;27919.121;22175.63;;;
2022;3164902;;;;;;41464.12;18027.88;;;
2022;3165008;;;;;;255018.986;22785.83;;;
2022;3165107;;;;;;252855.816;37515.7;;;
2022;3165206;;;;;;156679.505;22694.02;;;
2022;3165305;;;;;;222960.093;32768.97;;;
2022;3165404;;;;;;137508.461;21788.7;;;
2022;3165503;;;;;;71576.873;14023.68;;;
2022;3165537;;;;;;1633539.565;44336.65;;;
2022;3165552;;;;;;130345.668;13143.66;;;
2022;3165560;;;;;;36775.076;15115.12;;;
2022;3165578;;;;;;101052.496;16283.03;;;
2022;3165602;;;;;;42692.206;19059.02;;;
2022;3165701;;;;;;123408.472;15993.84;;;
2022;3165800;;;;;;44947.005;21734.53;;;
2022;3165909;;;;;;86654.175;21620.3;;;
2022;3166006;;;;;;86520.609;15779.79;;;
2022;3166105;;;;;;50946.215;16611.09;;;
2022;3166204;;;;;;126898.207;12220.55;;;
2022;3166303;;;;;;175838.331;23939.87;;;
2022;3166402;;;;;;48147.142;26469.02;;;
2022;3166501;;;;;;48541.55;12801.04;;;
2022;3166600;;;;;;22517.661;27032.01;;;
2022;3166709;;;;;;152030.194;21893.75;;;
2022;3166808;;;;;;882063.9;74744.84;;;
2022;3166907;;;;;;200224.291;26272.71;;;
2022;3166956;;;;;;53002.323;12048.72;;;
2022;3167004;;;;;;43206.698;21711.91;;;
2022;3167103;;;;;;335210.328;15270.15;;;
2022;3167202;;;;;;14818543.883;65176.57;;;
2022;3167301;;;;;;39513.264;17009.58;;;
2022;3167400;;;;;;158829.277;25704.69;;;
2022;3167509;;;;;;107886.051;36608.77;;;
2022;3167608;;;;;;494706.337;25048.42;;;
2022;3167707;;;;;;72625.539;14137.73;;;
2022;3167806;;;;;;95263.237;16971.89;;;
2022;3167905;;;;;;79867.627;19897.27;;;
2022;3168002;;;;;;618917.813;18726.71;;;
2022;3168051;;;;;;55723.404;16452.14;;;
2022;3168101;;;;;;643070.613;156160.91;;;
2022;3168200;;;;;;67094.676;39700.99;;;
2022;3168309;;;;;;76507.268;18112.52;;;
2022;3168408;;;;;;195705.852;13305.18;;;
2022;3168507;;;;;;227664.584;18577.28;;;
2022;3168606;;;;;;3051476.014;22205.8;;;
2022;3168705;;;;;;5458822.244;66914.55;;;
2022;3168804;;;;;;253014.984;32672.39;;;
2022;3168903;;;;;;434588.138;55129.79;;;
2022;3169000;;;;;;387031.073;23912.95;;;
2022;3169059;;;;;;73324.889;19164.9;;;
2022;3169109;;;;;;115920.241;16068.79;;;
2022;3169208;;;;;;145318.924;16879.88;;;
2022;3169307;;;;;;3283951.14;43504.68;;;
2022;3169356;;;;;;2645024.896;91539.19;;;
2022;3169406;;;;;;2173779.559;39338.02;;;
2022;3169505;;;;;;92082.261;15644.28;;;
2022;3169604;;;;;;1182517.69;46427.86;;;
2022;3169703;;;;;;455067.521;22753.38;;;
2022;3169802;;;;;;149761.574;30346.82;;;
2022;3169901;;;;;;3768282.742;36456.08;;;
2022;3170008;;;;;;124460.757;10630.4;;;
2022;3170057;;;;;;204269.007;15692.48;;;
2022;3170107;;;;;;23582499.815;69802.51;;;
2022;3170206;;;;;;47790806.728;67005.98;;;
2022;3170305;;;;;;44831.512;16703.25;;;
2022;3170404;;;;;;4864891.228;56164.25;;;
2022;3170438;;;;;;148297.055;38740.09;;;
2022;3170479;;;;;;93347.513;28442.26;;;
2022;3170503;;;;;;276044.492;26041.93;;;
2022;3170529;;;;;;204029.283;11672.82;;;
2022;3170578;;;;;;81054.176;14023.21;;;
2022;3170602;;;;;;95825.361;44404.71;;;
2022;3170651;;;;;;69797.571;15065.31;;;
2022;3170701;;;;;;9925786.312;72733.97;;;
2022;3170750;;;;;;385320.393;55290.63;;;
2022;3170800;;;;;;1265737.621;37510.01;;;
2022;3170909;;;;;;199299.133;10578.51;;;
2022;3171006;;;;;;1133352.439;56738.55;;;
2022;3171030;;;;;;114042.301;14864.74;;;
2022;3171071;;;;;;123905.982;23915.46;;;
2022;3171105;;;;;;179174.857;52528.54;;;
2022;3171154;;;;;;77630.532;15846.2;;;
2022;3171204;;;;;;3368065.62;26059.34;;;
2022;3171303;;;;;;2004831.52;26230.95;;;
2022;3171402;;;;;;65686.358;17753.07;;;
2022;3171501;;;;;;50685.784;16683.93;;;
2022;3171600;;;;;;139826.999;11845.73;;;
2022;3171709;;;;;;196221.749;22027.59;;;
2022;3171808;;;;;;191991.919;18614.69;;;
2022;3171907;;;;;;62775.578;13790.77;;;
2022;3172004;;;;;;1687802.627;43100.17;;;
2022;3172103;;;;;;123806.623;27865.55;;;
2022;3172202;;;;;;36814.516;15625.86;;;
2022;3200102;;;;;;704170.435;22949.11;;;
2022;3200136;;;;;;285359.077;29385.14;;;
2022;3200169;;;;;;193867.98;16099.32;;;
2022;3200201;;;;;;615686.288;21101.77;;;
2022;3200300;;;;;;503090.108;36360.95;;;
2022;3200359;;;;;;128054.552;17225.52;;;
2022;3200409;;;;;;1812851.595;60460.63;;;
2022;3200508;;;;;;132066.536;18284.17;;;
2022;3200607;;;;;;6372857.764;67249.07;;;
2022;3200706;;;;;;400925.534;38038.48;;;
2022;3200805;;;;;;892742.477;29104.21;;;
2022;3200904;;;;;;1174754.929;27642.59;;;
2022;3201001;;;;;;309700.853;22758.73;;;
2022;3201100;;;;;;221084.982;21560.85;;;
2022;3201159;;;;;;491754.125;37870.94;;;
2022;3201209;;;;;;6282575.274;33816.56;;;
2022;3201308;;;;;;14637850.578;41407.18;;;
2022;3201407;;;;;;1300851.106;35224.78;;;
2022;3201506;;;;;;4427118.552;36895.11;;;
2022;3201605;;;;;;609139.25;22184.4;;;
2022;3201704;;;;;;328816.857;27546.02;;;
2022;3201803;;;;;;98082.078;19296.1;;;
2022;3201902;;;;;;1104696.858;31192.03;;;
2022;3202009;;;;;;186331.9;28249.23;;;
2022;3202108;;;;;;407119.715;18512.17;;;
2022;3202207;;;;;;471908.114;26196.74;;;
2022;3202256;;;;;;354081.54;32162.92;;;
2022;3202306;;;;;;714398.953;24334.05;;;
2022;3202405;;;;;;2801585.878;22474.54;;;
2022;3202454;;;;;;540861.056;21310.52;;;
2022;3202504;;;;;;311275.302;26575.2;;;
2022;3202553;;;;;;212491.65;22320.55;;;
2022;3202603;;;;;;336305.841;27284.26;;;
2022;3202652;;;;;;399394.288;29131.6;;;
2022;3202702;;;;;;389505.25;28663.28;;;
2022;3202801;;;;;;6164004.451;154750.06;;;
2022;3202900;;;;;;335824.408;31690.52;;;
2022;3203007;;;;;;777408.468;27191.62;;;
2022;3203056;;;;;;1244234.068;43006.95;;;
2022;3203106;;;;;;196921.185;17012.63;;;
2022;3203130;;;;;;689638.854;48983.51;;;
2022;3203163;;;;;;225609.39;20336.16;;;
2022;3203205;;;;;;7895973.059;47341.94;;;
2022;3203304;;;;;;242039.698;18953.77;;;
2022;3203320;;;;;;7237131.475;172604.44;;;
2022;3203346;;;;;;603569.328;34214.01;;;
2022;3203353;;;;;;367195.994;30093.1;;;
2022;3203403;;;;;;663158.731;27095.35;;;
2022;3203502;;;;;;484545.445;25637.33;;;
2022;3203601;;;;;;108803.172;19905.45;;;
2022;3203700;;;;;;463826.062;25550.93;;;
2022;3203809;;;;;;250614.078;18233.11;;;
2022;3203908;;;;;;1477704.703;30117.29;;;
2022;3204005;;;;;;433443.562;22942.02;;;
2022;3204054;;;;;;426168.243;19801.52;;;
2022;3204104;;;;;;925007.056;38678.95;;;
2022;3204203;;;;;;1075544.581;48230.7;;;
2022;3204252;;;;;;120797.405;18592.8;;;
2022;3204302;;;;;;8179737.864;597235.53;;;
2022;3204351;;;;;;652400.067;33850.47;;;
2022;3204401;;;;;;260345.01;23520.19;;;
2022;3204500;;;;;;362244.026;27639.56;;;
2022;3204559;;;;;;1960529.023;47087.35;;;
2022;3204609;;;;;;692568.844;30365.17;;;
2022;3204658;;;;;;343509.797;39994.15;;;
2022;3204708;;;;;;884873.384;27436.23;;;
2022;3204807;;;;;;202543.697;18619.57;;;
2022;3204906;;;;;;3451217.848;27888.63;;;
2022;3204955;;;;;;275507.037;25308.38;;;
2022;3205002;;;;;;34774776.511;66791.21;;;
2022;3205010;;;;;;707091.706;26680.69;;;
2022;3205036;;;;;;455504.23;23283.97;;;
2022;3205069;;;;;;798302.266;33498.48;;;
2022;3205101;;;;;;4100265.427;55844.43;;;
2022;3205150;;;;;;196503.325;22051.77;;;
2022;3205176;;;;;;525704.087;38294.3;;;
2022;3205200;;;;;;16959024.537;36258.77;;;
2022;3205309;;;;;;24203420.359;74963.59;;;
2022;3300100;;;;;;11032724.613;65899.27;;;
2022;3300159;;;;;;276294.733;25040.31;;;
2022;3300209;;;;;;9387990.044;72399.65;;;
2022;3300225;;;;;;488446.186;41295.75;;;
2022;3300233;;;;;;4138736.702;103452.9;;;
2022;3300258;;;;;;7026277.255;226756.51;;;
2022;3300308;;;;;;3005431.969;32357.18;;;
2022;3300407;;;;;;6513673.527;38338.5;;;
2022;3300456;;;;;;9579716.4;19830.21;;;
2022;3300506;;;;;;890883.017;31701.77;;;
2022;3300605;;;;;;1062573.268;30209.91;;;
2022;3300704;;;;;;15453319.318;69613.62;;;
2022;3300803;;;;;;1567754.54;27532.0;;;
2022;3300902;;;;;;459441.635;31434.16;;;
2022;3300936;;;;;;1195363.419;86326.53;;;
2022;3300951;;;;;;572680.21;65516.56;;;
2022;3301009;;;;;;49942073.821;103281.92;;;
2022;3301108;;;;;;915904.259;47235.91;;;
2022;3301157;;;;;;383126.389;29566.78;;;
2022;3301207;;;;;;620952.329;36106.08;;;
2022;3301306;;;;;;3142864.651;68160.15;;;
2022;3301405;;;;;;449934.904;21319.89;;;
2022;3301504;;;;;;477135.534;22957.97;;;
2022;3301603;;;;;;274029.87;24957.18;;;
2022;3301702;;;;;;65861332.848;81496.22;;;
2022;3301801;;;;;;383264.171;31307.32;;;
2022;3301850;;;;;;1450029.801;28049.17;;;
2022;3301876;;;;;;712149.384;25506.78;;;
2022;3301900;;;;;;5640940.594;25152.79;;;
2022;3302007;;;;;;9092302.088;77817.74;;;
2022;3302056;;;;;;399060.746;28356.48;;;
2022;3302106;;;;;;685896.67;29926.99;;;
2022;3302205;;;;;;3597510.491;35604.46;;;
2022;3302254;;;;;;6268879.198;202823.84;;;
2022;3302270;;;;;;1669777.372;17341.31;;;
2022;3302304;;;;;;191370.351;26086.47;;;
2022;3302403;;;;;;19614198.371;79605.99;;;
2022;3302452;;;;;;277378.778;51224.15;;;
2022;3302502;;;;;;4780409.199;20955.03;;;
2022;3302601;;;;;;3079416.377;74706.85;;;
2022;3302700;;;;;;158394291.242;802809.38;;;
2022;3302809;;;;;;438825.723;25072.89;;;
2022;3302858;;;;;;2834791.324;16961.8;;;
2022;3302908;;;;;;760561.095;28616.19;;;
2022;3303005;;;;;;725936.42;27005.56;;;
2022;3303104;;;;;;377914.265;25070.6;;;
2022;3303203;;;;;;3389447.418;23092.97;;;
2022;3303302;;;;;;88716289.279;184151.15;;;
2022;3303401;;;;;;6774950.475;35669.46;;;
2022;3303500;;;;;;19911893.67;25337.0;;;
2022;3303609;;;;;;1073592.479;25947.85;;;
2022;3303708;;;;;;1254487.903;29824.02;;;
2022;3303807;;;;;;4426137.321;98639.18;;;
2022;3303856;;;;;;793140.702;26778.11;;;
2022;3303906;;;;;;15951213.224;57197.2;;;
2022;3303955;;;;;;1207568.478;49698.27;;;
2022;3304003;;;;;;2885733.662;105035.08;;;
2022;3304102;;;;;;564478.365;32651.46;;;
2022;3304110;;;;;;3956993.493;194227.33;;;
2022;3304128;;;;;;359211.99;26254.35;;;
2022;3304144;;;;;;4403902.071;31339.37;;;
2022;3304151;;;;;;8493476.156;379291.57;;;
2022;3304201;;;;;;11663533.743;89988.07;;;
2022;3304300;;;;;;1905833.208;33865.83;;;
2022;3304409;;;;;;558686.721;32106.59;;;
2022;3304508;;;;;;325930.623;36400.56;;;
2022;3304524;;;;;;10916617.012;69758.75;;;
2022;3304557;;;;;;380381515.097;61239.03;;;
2022;3304607;;;;;;267049.131;26099.41;;;
2022;3304706;;;;;;1457558.943;35270.63;;;
2022;3304755;;;;;;1305145.531;28965.26;;;
2022;3304805;;;;;;921817.944;23673.39;;;
2022;3304904;;;;;;20561717.824;22929.31;;;
2022;3305000;;;;;;12793325.002;349802.45;;;
2022;3305109;;;;;;10615038.988;24072.46;;;
2022;3305133;;;;;;238089.239;33675.99;;;
2022;3305158;;;;;;914556.52;41420.13;;;
2022;3305208;;;;;;2975703.162;28604.55;;;
2022;3305307;;;;;;275484.934;35546.44;;;
2022;3305406;;;;;;1115045.425;62893.87;;;
2022;3305505;;;;;;75409090.176;842004.6;;;
2022;3305554;;;;;;4240104.286;52609.36;;;
2022;3305604;;;;;;646129.04;30260.82;;;
2022;3305703;;;;;;675214.891;44404.5;;;
2022;3305752;;;;;;807845.289;25987.43;;;
2022;3305802;;;;;;6247785.407;37837.16;;;
2022;3305901;;;;;;277259.881;26913.21;;;
2022;3306008;;;;;;5499387.105;70193.59;;;
2022;3306107;;;;;;3044053.861;44928.69;;;
2022;3306156;;;;;;399232.143;39113.56;;;
2022;3306206;;;;;;1344715.145;39578.38;;;
2022;3306305;;;;;;15472606.815;59149.67;;;
2022;3500105;;;;;;1542108.768;44457.83;;;
2022;3500204;;;;;;152744.965;35105.71;;;
2022;3500303;;;;;;1538788.797;47979.2;;;
2022;3500402;;;;;;237447.327;32222.46;;;
2022;3500501;;;;;;709589.578;39799.74;;;
2022;3500550;;;;;;254816.779;35504.64;;;
2022;3500600;;;;;;160664.986;57793.16;;;
2022;3500709;;;;;;2685446.015;71269.8;;;
2022;3500758;;;;;;133707.111;21772.86;;;
2022;3500808;;;;;;129964.952;29238.46;;;
2022;3500907;;;;;;126933.661;36781.7;;;
2022;3501004;;;;;;646572.298;38445.25;;;
2022;3501103;;;;;;113062.323;29435.65;;;
2022;3501152;;;;;;3594285.557;207750.16;;;
2022;3501202;;;;;;135133.659;34516.9;;;
2022;3501301;;;;;;820450.639;30113.81;;;
2022;3501400;;;;;;59626.427;12401.5;;;
2022;3501509;;;;;;64404.105;22323.78;;;
2022;3501608;;;;;;16677590.536;70296.32;;;
2022;3501707;;;;;;1376814.274;41697.64;;;
2022;3501806;;;;;;141692.241;24138.37;;;
2022;3501905;;;;;;6156333.064;90523.66;;;
2022;3502002;;;;;;210931.789;45964.65;;;
2022;3502101;;;;;;4038899.084;67559.32;;;
2022;3502200;;;;;;1661556.472;69168.12;;;
2022;3502309;;;;;;171606.634;30244.38;;;
2022;3502408;;;;;;100740.061;25041.03;;;
2022;3502507;;;;;;1145412.617;35168.8;;;
2022;3502606;;;;;;168206.305;41166.5;;;
2022;3502705;;;;;;982326.22;39956.32;;;
2022;3502754;;;;;;5128859.234;238307.74;;;
2022;3502804;;;;;;10301206.377;51474.12;;;
2022;3502903;;;;;;1215670.7;37470.97;;;
2022;3503000;;;;;;172550.026;31835.8;;;
2022;3503109;;;;;;188931.424;27441.02;;;
2022;3503158;;;;;;47563.096;20413.35;;;
2022;3503208;;;;;;13194878.807;54472.97;;;
2022;3503307;;;;;;8447070.79;64547.48;;;
2022;3503356;;;;;;62022.282;30343.58;;;
2022;3503406;;;;;;252102.363;31008.9;;;
2022;3503505;;;;;;63771.274;17828.14;;;
2022;3503604;;;;;;174095.007;17186.08;;;
2022;3503703;;;;;;1283203.618;168798.16;;;
2022;3503802;;;;;;2306807.284;44830.68;;;
2022;3503901;;;;;;9448587.81;109007.91;;;
2022;3503950;;;;;;44376.593;24091.53;;;
2022;3504008;;;;;;4581890.59;45182.29;;;
2022;3504107;;;;;;8826312.128;55637.37;;;
2022;3504206;;;;;;392588.991;28672.87;;;
2022;3504305;;;;;;330717.148;73771.39;;;
2022;3504404;;;;;;219883.034;19522.6;;;
2022;3504503;;;;;;3871414.811;41715.58;;;
2022;3504602;;;;;;666077.876;24434.26;;;
2022;3504701;;;;;;62119.349;15981.31;;;
2022;3504800;;;;;;311240.963;32434.45;;;
2022;3504909;;;;;;236093.43;23682.76;;;
2022;3505005;;;;;;78067.42;22109.15;;;
2022;3505104;;;;;;129133.155;22895.95;;;
2022;3505203;;;;;;1810874.475;57315.22;;;
2022;3505302;;;;;;1760475.822;51257.08;;;
2022;3505351;;;;;;163231.519;31621.76;;;
2022;3505401;;;;;;138337.709;20121.85;;;
2022;3505500;;;;;;6174110.187;50407.07;;;
2022;3505609;;;;;;658639.234;20523.47;;;
2022;3505708;;;;;;69665768.916;220131.79;;;
2022;3505807;;;;;;1141590.238;53089.81;;;
2022;3505906;;;;;;2795758.224;47870.93;;;
2022;3506003;;;;;;18612852.852;49091.52;;;
2022;3506102;;;;;;4756160.024;62275.41;;;
2022;3506201;;;;;;249335.05;95677.3;;;
2022;3506300;;;;;;482828.213;41598.02;;;
2022;3506359;;;;;;2276073.111;35459.48;;;
2022;3506409;;;;;;279245.349;38153.48;;;
2022;3506508;;;;;;4489460.775;37733.22;;;
2022;3506607;;;;;;929917.405;31335.67;;;
2022;3506706;;;;;;426174.943;32838.26;;;
2022;3506805;;;;;;306478.797;27220.78;;;
2022;3506904;;;;;;237971.226;22750.6;;;
2022;3507001;;;;;;3980439.889;65166.58;;;
2022;3507100;;;;;;1845067.499;84088.39;;;
2022;3507159;;;;;;66937.225;18829.04;;;
2022;3507209;;;;;;92174.455;101625.64;;;
2022;3507308;;;;;;582110.672;123459.32;;;
2022;3507407;;;;;;559934.293;39359.93;;;
2022;3507456;;;;;;81815.965;30157.01;;;
2022;3507506;;;;;;6709748.564;46224.72;;;
2022;3507605;;;;;;9125116.908;51609.44;;;
2022;3507704;;;;;;118469.734;22119.07;;;
2022;3507753;;;;;;78574.226;30633.23;;;
2022;3507803;;;;;;971558.236;38552.37;;;
2022;3507902;;;;;;1355480.802;56719.42;;;
2022;3508009;;;;;;702838.485;34708.07;;;
2022;3508108;;;;;;646238.949;37550.2;;;
2022;3508207;;;;;;257455.029;59103.54;;;
2022;3508306;;;;;;120867.281;28115.21;;;
2022;3508405;;;;;;6625402.201;140933.02;;;
2022;3508504;;;;;;5870325.31;61020.82;;;
2022;3508603;;;;;;727280.9;23041.47;;;
2022;3508702;;;;;;479156.063;28019.18;;;
2022;3508801;;;;;;737488.829;44282.98;;;
2022;3508900;;;;;;70620.504;19024.92;;;
2022;3509007;;;;;;5172279.115;54427.86;;;
2022;3509106;;;;;;91472.777;16734.87;;;
2022;3509205;;;;;;24330164.353;262492.47;;;
2022;3509254;;;;;;2228754.189;78160.76;;;
2022;3509304;;;;;;194846.521;21334.34;;;
2022;3509403;;;;;;841325.609;35305.31;;;
2022;3509452;;;;;;176896.213;29710.48;;;
2022;3509502;;;;;;80646591.22;70847.71;;;
2022;3509601;;;;;;2976085.474;38335.81;;;
2022;3509700;;;;;;1662494.083;35391.79;;;
2022;3509809;;;;;;234017.327;47875.89;;;
2022;3509908;;;;;;286747.105;23333.64;;;
2022;3509957;;;;;;131851.625;26739.33;;;
2022;3510005;;;;;;2074288.484;70436.64;;;
2022;3510104;;;;;;109176.27;37790.33;;;
2022;3510153;;;;;;215547.863;34306.52;;;
2022;3510203;;;;;;1395125.255;30108.23;;;
2022;3510302;;;;;;442198.932;19338.71;;;
2022;3510401;;;;;;3335183.144;66613.07;;;
2022;3510500;;;;;;5575378.387;41337.37;;;
2022;3510609;;;;;;7817578.68;20194.15;;;
2022;3510708;;;;;;372262.441;32812.91;;;
2022;3510807;;;;;;1260885.989;44898.55;;;
2022;3510906;;;;;;212552.603;75938.76;;;
2022;3511003;;;;;;1792751.021;89740.75;;;
2022;3511102;;;;;;6036118.39;52132.13;;;
2022;3511201;;;;;;170228.597;24307.95;;;
2022;3511300;;;;;;643216.294;50976.09;;;
2022;3511409;;;;;;1220434.479;56846.36;;;
2022;3511508;;;;;;2566786.006;57428.93;;;
2022;3511607;;;;;;1032978.28;54230.28;;;
2022;3511706;;;;;;610774.696;39316.04;;;
2022;3511904;;;;;;200097.975;28659.12;;;
2022;3512001;;;;;;2117227.263;114525.19;;;
2022;3512100;;;;;;473152.796;71376.19;;;
2022;3512209;;;;;;978772.49;34825.56;;;
2022;3512308;;;;;;471792.848;30973.8;;;
2022;3512407;;;;;;4216369.402;171998.43;;;
2022;3512506;;;;;;257147.869;47619.98;;;
2022;3512605;;;;;;143742.07;33584.6;;;
2022;3512704;;;;;;340219.852;81101.28;;;
2022;3512803;;;;;;2059490.038;34455.19;;;
2022;3512902;;;;;;622395.587;71383.83;;;
2022;3513009;;;;;;17274219.489;63127.54;;;
2022;3513108;;;;;;2054668.143;61736.97;;;
2022;3513207;;;;;;431297.72;46516.15;;;
2022;3513306;;;;;;217897.838;103367.1;;;
2022;3513405;;;;;;3815247.008;50896.43;;;
2022;3513504;;;;;;28715658.22;255316.11;;;
2022;3513603;;;;;;355775.518;16091.16;;;
2022;3513702;;;;;;2328295.883;73318.3;;;
2022;3513801;;;;;;20056680.188;51004.05;;;
2022;3513850;;;;;;81422.388;50260.73;;;
2022;3513900;;;;;;418610.443;37516.62;;;
2022;3514007;;;;;;160515.772;18325.81;;;
2022;3514106;;;;;;1007949.164;41124.0;;;
2022;3514205;;;;;;63005.03;28547.82;;;
2022;3514304;;;;;;856062.879;105738.99;;;
2022;3514403;;;;;;1626665.619;35771.33;;;
2022;3514502;;;;;;324954.219;26359.04;;;
2022;3514601;;;;;;421940.305;44550.77;;;
2022;3514700;;;;;;166591.695;26847.98;;;
2022;3514809;;;;;;309186.428;23658.0;;;
2022;3514908;;;;;;1510915.948;85367.31;;;
2022;3514924;;;;;;84550.107;26943.95;;;
2022;3514957;;;;;;66131.557;28468.17;;;
2022;3515004;;;;;;16591731.265;66176.34;;;
2022;3515103;;;;;;1548217.577;23118.08;;;
2022;3515129;;;;;;78917.541;26183.66;;;
2022;3515152;;;;;;754021.548;38537.34;;;
2022;3515186;;;;;;2399383.433;60261.79;;;
2022;3515194;;;;;;96443.326;23200.22;;;
2022;3515202;;;;;;1211779.79;128680.02;;;
2022;3515301;;;;;;56385.027;20860.17;;;
2022;3515350;;;;;;134967.008;17032.69;;;
2022;3515400;;;;;;482673.126;29005.06;;;
2022;3515509;;;;;;2760929.076;38784.72;;;
2022;3515608;;;;;;221148.882;37217.92;;;
2022;3515657;;;;;;79802.95;48190.19;;;
2022;3515707;;;;;;5179708.032;28903.81;;;
2022;3515806;;;;;;47500.084;31943.57;;;
2022;3515905;;;;;;82992.652;30366.87;;;
2022;3516002;;;;;;289806.679;22365.08;;;
2022;3516101;;;;;;196358.023;50988.84;;;
2022;3516200;;;;;;13076032.508;37091.23;;;
2022;3516309;;;;;;2039346.03;12349.27;;;
2022;3516408;;;;;;5087143.092;35120.32;;;
2022;3516507;;;;;;109552.287;39649.76;;;
2022;3516606;;;;;;167524.334;26257.73;;;
2022;3516705;;;;;;1657852.918;39369.58;;;
2022;3516804;;;;;;83274.604;25607.2;;;
2022;3516853;;;;;;1258362.596;267622.84;;;
2022;3516903;;;;;;298226.187;28920.31;;;
2022;3517000;;;;;;220875.942;21586.78;;;
2022;3517109;;;;;;138649.413;33506.38;;;
2022;3517208;;;;;;259999.736;23133.71;;;
2022;3517307;;;;;;462425.705;83894.36;;;
2022;3517406;;;;;;2984915.035;76004.25;;;
2022;3517505;;;;;;942652.244;43418.19;;;
2022;3517604;;;;;;523933.915;30691.46;;;
2022;3517703;;;;;;749059.96;40259.05;;;
2022;3517802;;;;;;280624.568;37713.29;;;
2022;3517901;;;;;;449531.446;43432.99;;;
2022;3518008;;;;;;38174.899;19397.81;;;
2022;3518107;;;;;;212070.912;32996.87;;;
2022;3518206;;;;;;1475719.643;47548.64;;;
2022;3518305;;;;;;1650452.409;52838.15;;;
2022;3518404;;;;;;8343080.551;70677.72;;;
2022;3518503;;;;;;331671.389;22092.28;;;
2022;3518602;;;;;;1312651.537;35005.91;;;
2022;3518701;;;;;;11474578.482;39892.98;;;
2022;3518800;;;;;;86373709.547;66863.89;;;
2022;3518859;;;;;;227821.973;31123.22;;;
2022;3518909;;;;;;97181.258;22887.72;;;
2022;3519006;;;;;;420580.355;46091.0;;;
2022;3519055;;;;;;1518913.052;100463.86;;;
2022;3519071;;;;;;21420797.259;90520.23;;;
2022;3519105;;;;;;843177.424;80787.34;;;
2022;3519204;;;;;;288024.604;46978.41;;;
2022;3519253;;;;;;185127.609;23112.06;;;
2022;3519303;;;;;;1231162.979;38261.02;;;
2022;3519402;;;;;;342388.77;29289.03;;;
2022;3519501;;;;;;281211.365;44042.5;;;
2022;3519600;;;;;;1961941.372;32678.87;;;
2022;3519709;;;;;;2676376.83;35705.5;;;
2022;3519808;;;;;;236126.176;30199.02;;;
2022;3519907;;;;;;476847.14;62586.58;;;
2022;3520004;;;;;;416079.055;18007.4;;;
2022;3520103;;;;;;1592921.307;60770.69;;;
2022;3520202;;;;;;310646.883;29292.49;;;
2022;3520301;;;;;;2376543.246;81626.08;;;
2022;3520400;;;;;;24913501.36;713159.14;;;
2022;3520426;;;;;;2303081.816;171628.42;;;
2022;3520442;;;;;;768553.363;30081.54;;;
2022;3520509;;;;;;26940477.52;105343.64;;;
2022;3520608;;;;;;90274.984;17735.75;;;
2022;3520707;;;;;;121298.114;30061.49;;;
2022;3520806;;;;;;160509.048;44400.84;;;
2022;3520905;;;;;;583771.297;42573.75;;;
2022;3521002;;;;;;1140856.469;31291.49;;;
2022;3521101;;;;;;985603.808;144283.97;;;
2022;3521150;;;;;;146481.475;21665.65;;;
2022;3521200;;;;;;65472.66;16182.07;;;
2022;3521309;;;;;;506912.258;35070.72;;;
2022;3521408;;;;;;2118043.53;96419.33;;;
2022;3521507;;;;;;199585.58;29064.45;;;
2022;3521606;;;;;;116246.809;19576.76;;;
2022;3521705;;;;;;1204811.289;66997.24;;;
2022;3521804;;;;;;997076.88;39597.97;;;
2022;3521903;;;;;;1040974.853;61273.46;;;
2022;3522000;;;;;;338466.402;93550.69;;;
2022;3522109;;;;;;2611455.45;23217.89;;;
2022;3522158;;;;;;56550.772;16530.48;;;
2022;3522208;;;;;;5275802.258;33281.2;;;
2022;3522307;;;;;;7249598.877;45944.6;;;
2022;3522406;;;;;;4196751.159;46771.92;;;
2022;3522505;;;;;;15017261.084;64586.76;;;
2022;3522604;;;;;;5497230.367;76327.1;;;
2022;3522653;;;;;;63289.874;14698.07;;;
2022;3522703;;;;;;1973005.845;49958.37;;;
2022;3522802;;;;;;367400.991;26084.56;;;
2022;3522901;;;;;;1235795.278;90474.8;;;
2022;3523008;;;;;;136395.113;34278.74;;;
2022;3523107;;;;;;10755651.305;29126.4;;;
2022;3523206;;;;;;1304342.58;29351.96;;;
2022;3523305;;;;;;327125.649;21066.82;;;
2022;3523404;;;;;;9032760.722;73782.6;;;
2022;3523503;;;;;;432049.968;22656.0;;;
2022;3523602;;;;;;1735171.426;107454.26;;;
2022;3523701;;;;;;188762.799;32663.57;;;
2022;3523800;;;;;;250848.438;31176.79;;;
2022;3523909;;;;;;11782988.623;70036.78;;;
2022;3524006;;;;;;9479462.351;134239.58;;;
2022;3524105;;;;;;2208547.31;58783.3;;;
2022;3524204;;;;;;174902.421;28114.84;;;
2022;3524303;;;;;;3877101.78;53982.84;;;
2022;3524402;;;;;;17761834.78;73922.94;;;
2022;3524501;;;;;;713599.47;93734.33;;;
2022;3524600;;;;;;579594.588;35963.92;;;
2022;3524709;;;;;;13930315.232;234726.53;;;
2022;3524808;;;;;;2384962.213;48896.22;;;
2022;3524907;;;;;;369698.302;57792.45;;;
2022;3525003;;;;;;5752532.953;48731.7;;;
2022;3525102;;;;;;1933190.184;42692.24;;;
2022;3525201;;;;;;3245903.103;86476.7;;;
2022;3525300;;;;;;6248399.582;46805.54;;;
2022;3525409;;;;;;153123.769;39638.56;;;
2022;3525508;;;;;;285354.38;22267.22;;;
2022;3525607;;;;;;119071.339;27241.21;;;
2022;3525706;;;;;;1642066.802;44824.8;;;
2022;3525805;;;;;;67851.478;15950.04;;;
2022;3525854;;;;;;237904.897;77772.11;;;
2022;3525904;;;;;;63835906.83;144061.39;;;
2022;3526001;;;;;;878755.577;42975.14;;;
2022;3526100;;;;;;379655.194;22132.17;;;
2022;3526209;;;;;;623225.787;22742.15;;;
2022;3526308;;;;;;83001.502;16329.24;;;
2022;3526407;;;;;;1522677.901;57982.48;;;
2022;3526506;;;;;;180410.777;18620.16;;;
2022;3526605;;;;;;154189.566;21501.82;;;
2022;3526704;;;;;;5139315.315;52364.51;;;
2022;3526803;;;;;;5881417.984;88435.73;;;
2022;3526902;;;;;;19078470.332;65366.55;;;
2022;3527009;;;;;;321979.886;45931.51;;;
2022;3527108;;;;;;8848508.844;118328.79;;;
2022;3527207;;;;;;4172744.052;49174.99;;;
2022;3527256;;;;;;43632.559;22375.67;;;
2022;3527306;;;;;;19241992.433;371230.54;;;
2022;3527405;;;;;;541971.346;27016.17;;;
2022;3527504;;;;;;73640.153;31045.6;;;
2022;3527603;;;;;;1813179.403;147833.62;;;
2022;3527702;;;;;;95716.627;20360.91;;;
2022;3527801;;;;;;96789.147;24312.77;;;
2022;3527900;;;;;;100630.589;37745.91;;;
2022;3528007;;;;;;636544.053;37824.24;;;
2022;3528106;;;;;;215139.565;28758.13;;;
2022;3528205;;;;;;93684.277;23639.74;;;
2022;3528304;;;;;;121126.535;38270.63;;;
2022;3528403;;;;;;2613752.712;52304.34;;;
2022;3528502;;;;;;2484184.151;26535.61;;;
2022;3528601;;;;;;310583.804;31464.27;;;
2022;3528700;;;;;;139886.538;30589.66;;;
2022;3528809;;;;;;953215.328;75216.23;;;
2022;3528858;;;;;;124020.437;37673.28;;;
2022;3528908;;;;;;69905.743;19899.16;;;
2022;3529005;;;;;;11020231.383;46375.78;;;
2022;3529104;;;;;;42489.826;22843.99;;;
2022;3529203;;;;;;766182.395;30793.87;;;
2022;3529302;;;;;;6187823.911;78294.18;;;
2022;3529401;;;;;;24111460.53;57646.93;;;
2022;3529500;;;;;;474541.432;77048.45;;;
2022;3529609;;;;;;399566.164;87394.17;;;
2022;3529658;;;;;;78851.943;40395.46;;;
2022;3529708;;;;;;1079728.834;55538.75;;;
2022;3529807;;;;;;255740.214;22772.95;;;
2022;3529906;;;;;;471305.511;25403.2;;;
2022;3530003;;;;;;67283.145;21523.72;;;
2022;3530102;;;;;;788259.463;28169.23;;;
2022;3530201;;;;;;585090.332;36758.83;;;
2022;3530300;;;;;;3039964.543;47996.66;;;
2022;3530409;;;;;;209298.604;44827.29;;;
2022;3530508;;;;;;3478085.054;51389.39;;;
2022;3530607;;;;;;22702759.066;50455.62;;;
2022;3530706;;;;;;8182932.159;53253.15;;;
2022;3530805;;;;;;7317579.339;79058.54;;;
2022;3530904;;;;;;147771.732;39702.24;;;
2022;3531001;;;;;;63512.781;32789.25;;;
2022;3531100;;;;;;1396443.614;22541.1;;;
2022;3531209;;;;;;284876.225;33021.47;;;
2022;3531308;;;;;;2825781.759;59397.61;;;
2022;3531407;;;;;;880683.706;39527.99;;;
2022;3531506;;;;;;806993.239;44459.99;;;
2022;3531605;;;;;;130920.37;31009.09;;;
2022;3531704;;;;;;90419.663;21851.05;;;
2022;3531803;;;;;;4751055.794;73475.24;;;
2022;3531902;;;;;;1459845.059;52262.38;;;
2022;3532009;;;;;;708975.921;51419.78;;;
2022;3532058;;;;;;132075.421;32740.56;;;
2022;3532108;;;;;;83672.316;22390.24;;;
2022;3532157;;;;;;156852.432;58967.08;;;
2022;3532207;;;;;;741378.623;129770.46;;;
2022;3532306;;;;;;120667.872;17240.73;;;
2022;3532405;;;;;;505080.919;27725.8;;;
2022;3532504;;;;;;312975.198;32298.78;;;
2022;3532603;;;;;;437104.509;44367.08;;;
2022;3532702;;;;;;103610.376;21812.71;;;
2022;3532801;;;;;;385749.554;57634.78;;;
2022;3532827;;;;;;229915.533;27058.44;;;
2022;3532843;;;;;;46089.509;22681.85;;;
2022;3532868;;;;;;63339.779;59641.98;;;
2022;3532900;;;;;;430589.789;46245.28;;;
2022;3533007;;;;;;593529.631;30564.38;;;
2022;3533106;;;;;;38624.443;17914.86;;;
2022;3533205;;;;;;207948.953;45118.02;;;
2022;3533254;;;;;;81999.048;18585.46;;;
2022;3533304;;;;;;59751.947;21061.67;;;
2022;3533403;;;;;;4620501.035;74501.38;;;
2022;3533502;;;;;;1821681.962;47533.71;;;
2022;3533601;;;;;;1003708.836;135801.49;;;
2022;3533700;;;;;;128930.226;29769.16;;;
2022;3533809;;;;;;121966.034;48611.41;;;
2022;3533908;;;;;;3126540.557;56768.78;;;
2022;3534005;;;;;;247119.316;51796.13;;;
2022;3534104;;;;;;148156.988;24347.9;;;
2022;3534203;;;;;;697765.661;115830.95;;;
2022;3534302;;;;;;2864547.039;74755.27;;;
2022;3534401;;;;;;112145798.194;150848.76;;;
2022;3534500;;;;;;104638.356;42363.71;;;
2022;3534609;;;;;;1231458.434;39378.95;;;
2022;3534708;;;;;;4463317.19;42928.89;;;
2022;3534757;;;;;;608635.932;59125.31;;;
2022;3534807;;;;;;143472.239;18443.53;;;
2022;3534906;;;;;;244521.625;16436.22;;;
2022;3535002;;;;;;466894.631;40684.44;;;
2022;3535101;;;;;;158111.198;16384.58;;;
2022;3535200;;;;;;231467.952;25998.87;;;
2022;3535309;;;;;;1256951.719;64149.83;;;
2022;3535408;;;;;;343055.196;22925.37;;;
2022;3535507;;;;;;2653821.106;64744.71;;;
2022;3535606;;;;;;364785.802;20647.86;;;
2022;3535705;;;;;;341514.012;55995.08;;;
2022;3535804;;;;;;1134949.704;58517.64;;;
2022;3535903;;;;;;135993.49;33736.91;;;
2022;3536000;;;;;;881743.237;83340.57;;;
2022;3536109;;;;;;440221.167;61543.57;;;
2022;3536208;;;;;;661857.042;34412.57;;;
2022;3536257;;;;;;56106.775;19400.68;;;
2022;3536307;;;;;;1599786.053;110421.46;;;
2022;3536406;;;;;;254093.733;31941.39;;;
2022;3536505;;;;;;70496583.77;637764.58;;;
2022;3536570;;;;;;52259.4;25004.5;;;
2022;3536604;;;;;;306078.825;41362.0;;;
2022;3536703;;;;;;3986159.062;88923.17;;;
2022;3536802;;;;;;124824.062;19036.76;;;
2022;3536901;;;;;;84613.995;30360.24;;;
2022;3537008;;;;;;995360.391;64113.39;;;
2022;3537107;;;;;;1636576.667;37961.05;;;
2022;3537156;;;;;;203321.074;72511.08;;;
2022;3537206;;;;;;169835.095;15054.97;;;
2022;3537305;;;;;;2259079.347;36626.39;;;
2022;3537404;;;;;;1296050.48;53789.19;;;
2022;3537503;;;;;;334838.053;38669.37;;;
2022;3537602;;;;;;2471440.333;36161.77;;;
2022;3537701;;;;;;116895.578;21180.57;;;
2022;3537800;;;;;;1614592.521;30481.26;;;
2022;3537909;;;;;;1568001.71;56789.02;;;
2022;3538006;;;;;;13719557.144;82933.71;;;
2022;3538105;;;;;;580740.524;39935.4;;;
2022;3538204;;;;;;353044.914;23197.64;;;
2022;3538303;;;;;;75045.123;22991.77;;;
2022;3538501;;;;;;211421.675;16927.28;;;
2022;3538600;;;;;;708921.401;27235.83;;;
2022;3538709;;;;;;42063296.89;99364.54;;;
2022;3538808;;;;;;976905.834;33187.45;;;
2022;3538907;;;;;;582403.026;25964.2;;;
2022;3539004;;;;;;422167.619;38784.35;;;
2022;3539103;;;;;;713384.886;38834.23;;;
2022;3539202;;;;;;1226915.658;48402.86;;;
2022;3539301;;;;;;3844918.464;52279.81;;;
2022;3539400;;;;;;325773.121;21564.38;;;
2022;3539509;;;;;;1637314.793;48622.52;;;
2022;3539608;;;;;;231891.37;52834.67;;;
2022;3539707;;;;;;139776.855;46130.98;;;
2022;3539806;;;;;;4022934.981;38769.67;;;
2022;3539905;;;;;;172111.564;30778.18;;;
2022;3540002;;;;;;2325356.654;115139.47;;;
2022;3540101;;;;;;99853.716;29411.99;;;
2022;3540200;;;;;;1667659.75;44344.4;;;
2022;3540259;;;;;;97316.213;23580.38;;;
2022;3540309;;;;;;115084.068;48212.85;;;
2022;3540408;;;;;;120313.545;29152.79;;;
2022;3540507;;;;;;259914.531;24869.82;;;
2022;3540606;;;;;;4346576.883;76934.65;;;
2022;3540705;;;;;;2690983.419;51111.77;;;
2022;3540754;;;;;;333131.61;16336.39;;;
2022;3540804;;;;;;738361.947;39920.09;;;
2022;3540853;;;;;;36226.968;14052.35;;;
2022;3540903;;;;;;1224933.671;71725.83;;;
2022;3541000;;;;;;9984881.465;28533.53;;;
2022;3541059;;;;;;132254.685;25800.76;;;
2022;3541109;;;;;;81380.053;21393.28;;;
2022;3541208;;;;;;336492.11;23222.37;;;
2022;3541307;;;;;;1570777.976;39761.5;;;
2022;3541406;;;;;;10344114.975;45837.76;;;
2022;3541505;;;;;;912751.618;25929.71;;;
2022;3541604;;;;;;2922927.936;83200.82;;;
2022;3541653;;;;;;157133.527;46147.88;;;
2022;3541703;;;;;;917950.531;69737.18;;;
2022;3541802;;;;;;747539.905;228955.56;;;
2022;3541901;;;;;;451013.232;49242.63;;;
2022;3542008;;;;;;326892.685;46446.82;;;
2022;3542107;;;;;;543863.159;60665.16;;;
2022;3542206;;;;;;1724782.502;60332.39;;;
2022;3542305;;;;;;82130.385;18275.56;;;
2022;3542404;;;;;;1123239.391;55757.73;;;
2022;3542503;;;;;;197943.416;25834.43;;;
2022;3542602;;;;;;2726881.038;45488.96;;;
2022;3542701;;;;;;253224.678;39541.64;;;
2022;3542800;;;;;;56194.05;17941.91;;;
2022;3542909;;;;;;412615.322;37548.03;;;
2022;3543006;;;;;;445041.016;23892.25;;;
2022;3543105;;;;;;211826.79;45969.36;;;
2022;3543204;;;;;;295843.701;63255.01;;;
2022;3543238;;;;;;45555.183;22496.39;;;
2022;3543253;;;;;;114005.038;15302.69;;;
2022;3543303;;;;;;4665685.953;40374.92;;;
2022;3543402;;;;;;47434521.407;67932.56;;;
2022;3543501;;;;;;102811.999;18362.56;;;
2022;3543600;;;;;;207289.248;51195.17;;;
2022;3543709;;;;;;252857.453;27792.64;;;
2022;3543808;;;;;;387787.637;41882.24;;;
2022;3543907;;;;;;13877679.58;68899.9;;;
2022;3544004;;;;;;2124685.713;67820.66;;;
2022;3544103;;;;;;1037153.032;23480.94;;;
2022;3544202;;;;;;313423.066;30402.86;;;
2022;3544251;;;;;;1631427.68;93545.17;;;
2022;3544301;;;;;;416137.459;38417.42;;;
2022;3544400;;;;;;69438.88;25718.1;;;
2022;3544509;;;;;;145707.499;38013.96;;;
2022;3544608;;;;;;167592.452;32784.13;;;
2022;3544707;;;;;;54988.258;22226.46;;;
2022;3544806;;;;;;203344.845;31590.0;;;
2022;3544905;;;;;;474424.454;41576.06;;;
2022;3545001;;;;;;271541.435;17862.22;;;
2022;3545100;;;;;;92861.161;19313.89;;;
2022;3545159;;;;;;431950.188;52928.59;;;
2022;3545209;;;;;;10822151.682;80570.52;;;
2022;3545308;;;;;;2659063.228;60781.37;;;
2022;3545407;;;;;;320746.215;35441.57;;;
2022;3545506;;;;;;378966.479;103968.86;;;
2022;3545605;;;;;;462736.507;33010.17;;;
2022;3545704;;;;;;277754.737;43446.7;;;
2022;3545803;;;;;;9437421.271;51473.01;;;
2022;3546009;;;;;;323281.467;23132.84;;;
2022;3546108;;;;;;101020.668;38884.01;;;
2022;3546207;;;;;;173305.963;40520.45;;;
2022;3546256;;;;;;61840.488;29225.18;;;
2022;3546306;;;;;;723279.634;25058.19;;;
2022;3546405;;;;;;3445164.454;74182.09;;;
2022;3546504;;;;;;122316.261;19992.85;;;
2022;3546603;;;;;;1681363.387;48323.37;;;
2022;3546702;;;;;;3508436.63;148593.31;;;
2022;3546801;;;;;;1947787.624;36630.45;;;
2022;3546900;;;;;;141710.316;19822.4;;;
2022;3547007;;;;;;164149.021;31308.22;;;
2022;3547106;;;;;;73932.624;25011.04;;;
2022;3547205;;;;;;45598.463;27304.47;;;
2022;3547304;;;;;;12774323.594;82893.63;;;
2022;3547403;;;;;;82816.562;30302.44;;;
2022;3547502;;;;;;874777.001;35226.39;;;
2022;3547601;;;;;;890869.12;38053.44;;;
2022;3547650;;;;;;44239.58;26893.36;;;
2022;3547700;;;;;;578356.216;32197.08;;;
2022;3547809;;;;;;36470028.631;48696.89;;;
2022;3547908;;;;;;201695.276;29770.52;;;
2022;3548005;;;;;;1947452.238;83783.01;;;
2022;3548054;;;;;;292812.002;34945.94;;;
2022;3548104;;;;;;274001.154;44727.58;;;
2022;3548203;;;;;;159641.819;22380.74;;;
2022;3548302;;;;;;53812.634;17937.54;;;
2022;3548401;;;;;;87085.663;22335.38;;;
2022;3548500;;;;;;27510857.303;65719.86;;;
2022;3548609;;;;;;305965.07;26186.67;;;
2022;3548708;;;;;;65652404.178;80979.47;;;
2022;3548807;;;;;;18128058.799;109432.61;;;
2022;3548906;;;;;;15599640.336;61217.79;;;
2022;3549003;;;;;;50205.106;19294.81;;;
2022;3549102;;;;;;4683628.525;50614.67;;;
2022;3549201;;;;;;55918.879;21673.98;;;
2022;3549250;;;;;;52814.894;28610.45;;;
2022;3549300;;;;;;64165.545;28619.78;;;
2022;3549409;;;;;;2485889.106;51194.22;;;
2022;3549508;;;;;;281274.434;36883.61;;;
2022;3549607;;;;;;66747.687;17323.56;;;
2022;3549706;;;;;;2619385.788;50175.96;;;
2022;3549805;;;;;;23799646.384;49537.29;;;
2022;3549904;;;;;;56653326.722;81231.79;;;
2022;3549953;;;;;;301589.307;18868.2;;;
2022;3550001;;;;;;220581.512;21339.03;;;
2022;3550100;;;;;;1482433.37;39755.25;;;
2022;3550209;;;;;;941899.305;29398.52;;;
2022;3550308;;;;;;945946482.808;82606.43;;;
2022;3550407;;;;;;1023481.532;26753.49;;;
2022;3550506;;;;;;235145.548;32595.72;;;
2022;3550605;;;;;;3900209.584;49069.12;;;
2022;3550704;;;;;;18873505.615;231463.15;;;
2022;3550803;;;;;;379071.51;36306.05;;;
2022;3550902;;;;;;531982.172;39576.12;;;
2022;3551009;;;;;;6746300.707;20453.0;;;
2022;3551108;;;;;;228901.398;22075.55;;;
2022;3551207;;;;;;93449.444;25229.33;;;
2022;3551306;;;;;;424963.418;135771.06;;;
2022;3551405;;;;;;190474.262;14943.85;;;
2022;3551504;;;;;;1366460.223;31120.28;;;
2022;3551603;;;;;;896883.444;30002.12;;;
2022;3551702;;;;;;8098068.339;63821.1;;;
2022;3551801;;;;;;363320.094;28540.46;;;
2022;3551900;;;;;;314475.315;21574.87;;;
2022;3552007;;;;;;101328.983;16380.37;;;
2022;3552106;;;;;;1269084.376;31630.64;;;
2022;3552205;;;;;;54465435.816;75272.79;;;
2022;3552304;;;;;;210354.54;28600.21;;;
2022;3552403;;;;;;17753218.624;63507.32;;;
2022;3552502;;;;;;16866186.246;54873.66;;;
2022;3552551;;;;;;386090.263;114737.08;;;
2022;3552601;;;;;;304867.309;26924.61;;;
2022;3552700;;;;;;376564.503;25496.95;;;
2022;3552809;;;;;;10975626.354;40124.1;;;
2022;3552908;;;;;;199127.993;31809.58;;;
2022;3553005;;;;;;391497.809;30902.03;;;
2022;3553104;;;;;;121215.941;21352.11;;;
2022;3553203;;;;;;151516.031;23139.28;;;
2022;3553302;;;;;;843711.182;39361.38;;;
2022;3553401;;;;;;1408897.055;55764.78;;;
2022;3553500;;;;;;191747.235;23980.39;;;
2022;3553609;;;;;;294802.08;24949.4;;;
2022;3553658;;;;;;55233.706;21089.62;;;
2022;3553708;;;;;;1930593.663;36942.09;;;
2022;3553807;;;;;;1227811.122;50423.45;;;
2022;3553856;;;;;;453976.28;66023.31;;;
2022;3553906;;;;;;170112.935;26027.07;;;
2022;3553955;;;;;;918710.468;61733.0;;;
2022;3554003;;;;;;5978311.904;48234.75;;;
2022;3554102;;;;;;18462529.003;59414.91;;;
2022;3554201;;;;;;124784.075;30236.02;;;
2022;3554300;;;;;;678819.552;30614.69;;;
2022;3554409;;;;;;182316.05;23066.3;;;
2022;3554508;;;;;;2473358.84;65670.79;;;
2022;3554607;;;;;;62755.097;25468.79;;;
2022;3554656;;;;;;37807.309;18478.65;;;
2022;3554706;;;;;;320479.876;34331.0;;;
2022;3554755;;;;;;52600.846;31272.8;;;
2022;3554805;;;;;;1023337.713;19997.61;;;
2022;3554904;;;;;;130745.408;19215.96;;;
2022;3554953;;;;;;193507.593;28549.36;;;
2022;3555000;;;;;;2509745.856;39258.95;;;
2022;3555109;;;;;;375898.108;23709.99;;;
2022;3555208;;;;;;61349.86;33745.8;;;
2022;3555307;;;;;;72579.582;43486.87;;;
2022;3555356;;;;;;230722.502;43005.13;;;
2022;3555406;;;;;;3218974.11;34620.07;;;
2022;3555505;;;;;;123802.334;24123.6;;;
2022;3555604;;;;;;408570.533;39308.31;;;
2022;3555703;;;;;;64215.389;40059.51;;;
2022;3555802;;;;;;313528.164;35495.09;;;
2022;3555901;;;;;;51165.923;36889.63;;;
2022;3556008;;;;;;549725.349;39997.48;;;
2022;3556107;;;;;;459473.416;32591.39;;;
2022;3556206;;;;;;9259974.242;73302.78;;;
2022;3556305;;;;;;1338314.344;55208.71;;;
2022;3556354;;;;;;183035.024;17412.01;;;
2022;3556404;;;;;;1357282.639;33819.62;;;
2022;3556453;;;;;;3266316.567;64894.14;;;
2022;3556503;;;;;;4339125.715;37480.25;;;
2022;3556602;;;;;;277525.316;27272.53;;;
2022;3556701;;;;;;14061247.725;183416.35;;;
2022;3556800;;;;;;512076.106;29406.0;;;
2022;3556909;;;;;;547752.424;67548.7;;;
2022;3556958;;;;;;47828.506;26660.26;;;
2022;3557006;;;;;;4518921.679;35325.33;;;
2022;3557105;;;;;;4138149.397;42822.91;;;
2022;3557154;;;;;;146668.319;54483.03;;;
2022;3557204;;;;;;379732.48;31097.57;;;
2022;3557303;;;;;;444697.274;39371.16;;;
2022;4100103;;;;;;282503.197;39014.39;;;
2022;4100202;;;;;;442776.424;70776.28;;;
2022;4100301;;;;;;238564.978;23313.3;;;
2022;4100400;;;;;;2074574.049;17313.37;;;
2022;4100459;;;;;;106033.128;29535.69;;;
2022;4100509;;;;;;442850.157;23633.8;;;
2022;4100608;;;;;;391675.5;28159.86;;;
2022;4100707;;;;;;381077.187;39177.26;;;
2022;4100806;;;;;;449849.048;43564.7;;;
2022;4100905;;;;;;122957.49;25820.56;;;
2022;4101002;;;;;;814702.33;41524.07;;;
2022;4101051;;;;;;110971.656;38030.04;;;
2022;4101101;;;;;;842323.786;42374.67;;;
2022;4101150;;;;;;170201.886;52612.64;;;
2022;4101200;;;;;;948884.484;52450.64;;;
2022;4101309;;;;;;244883.509;34893.63;;;
2022;4101408;;;;;;4312220.602;33136.77;;;
2022;4101507;;;;;;5102660.251;42829.83;;;
2022;4101606;;;;;;1676469.671;65037.42;;;
2022;4101655;;;;;;133536.121;37861.11;;;
2022;4101705;;;;;;471911.027;32579.29;;;
2022;4101804;;;;;;31308555.899;206430.95;;;
2022;4101853;;;;;;114831.376;49305.01;;;
2022;4101903;;;;;;613492.344;44465.63;;;
2022;4102000;;;;;;1617587.946;43946.64;;;
2022;4102109;;;;;;1110365.542;43586.48;;;
2022;4102208;;;;;;203460.693;51120.78;;;
2022;4102307;;;;;;1272534.365;95000.7;;;
2022;4102406;;;;;;1123357.547;35921.0;;;
2022;4102505;;;;;;232714.249;21557.6;;;
2022;4102604;;;;;;291717.911;29892.19;;;
2022;4102703;;;;;;186282.939;66198.63;;;
2022;4102752;;;;;;91070.447;22592.52;;;
2022;4102802;;;;;;633301.913;42695.47;;;
2022;4102901;;;;;;527647.95;33969.48;;;
2022;4103008;;;;;;280661.467;61575.57;;;
2022;4103024;;;;;;122034.429;49708.52;;;
2022;4103040;;;;;;419427.619;65761.62;;;
2022;4103057;;;;;;192291.962;24267.03;;;
2022;4103107;;;;;;289093.444;21767.45;;;
2022;4103156;;;;;;126393.418;31757.14;;;
2022;4103206;;;;;;179788.501;27319.33;;;
2022;4103222;;;;;;314247.293;98140.94;;;
2022;4103305;;;;;;269979.358;34903.6;;;
2022;4103354;;;;;;257285.871;53004.92;;;
2022;4103370;;;;;;235240.964;63441.47;;;
2022;4103404;;;;;;93812.781;35710.99;;;
2022;4103453;;;;;;2410673.104;126897.57;;;
2022;4103479;;;;;;138966.041;31067.75;;;
2022;4103503;;;;;;240185.998;27575.89;;;
2022;4103602;;;;;;969626.275;41776.23;;;
2022;4103701;;;;;;6118832.758;57074.4;;;
2022;4103800;;;;;;314677.629;33264.02;;;
2022;4103909;;;;;;605746.924;38526.17;;;
2022;4103958;;;;;;168306.006;42760.67;;;
2022;4104006;;;;;;2497170.83;52243.16;;;
2022;4104055;;;;;;207893.328;51624.86;;;
2022;4104105;;;;;;313847.364;41801.73;;;
2022;4104204;;;;;;6118470.554;44880.84;;;
2022;4104253;;;;;;591900.543;19809.92;;;
2022;4104303;;;;;;5697717.853;57302.66;;;
2022;4104402;;;;;;467036.436;30637.39;;;
2022;4104428;;;;;;918859.558;61367.77;;;
2022;4104451;;;;;;366887.576;33557.81;;;
2022;4104501;;;;;;1206588.108;58912.56;;;
2022;4104600;;;;;;1164122.418;79473.13;;;
2022;4104659;;;;;;1829888.944;78593.35;;;
2022;4104709;;;;;;533659.947;31568.17;;;
2022;4104808;;;;;;18099792.551;52003.28;;;
2022;4104907;;;;;;4274953.157;58525.73;;;
2022;4105003;;;;;;408001.98;39058.2;;;
2022;4105102;;;;;;339018.254;31297.84;;;
2022;4105201;;;;;;340662.983;21114.6;;;
2022;4105300;;;;;;937100.72;84522.48;;;
2022;4105409;;;;;;968767.829;45958.91;;;
2022;4105508;;;;;;3497697.507;43981.26;;;
2022;4105607;;;;;;506191.724;44143.34;;;
2022;4105706;;;;;;822193.754;54558.31;;;
2022;4105805;;;;;;6366277.997;27434.23;;;
2022;4105904;;;;;;948126.568;41410.14;;;
2022;4106001;;;;;;330955.327;39778.28;;;
2022;4106100;;;;;;182939.666;52857.46;;;
2022;4106209;;;;;;619203.447;32371.57;;;
2022;4106308;;;;;;1003638.983;57449.28;;;
2022;4106407;;;;;;2173940.19;48089.64;;;
2022;4106456;;;;;;334094.936;59142.31;;;
2022;4106506;;;;;;895506.573;38382.69;;;
2022;4106555;;;;;;82926.323;22054.87;;;
2022;4106571;;;;;;173963.577;42091.36;;;
2022;4106605;;;;;;893852.674;37507.98;;;
2022;4106704;;;;;;213805.978;47575.87;;;
2022;4106803;;;;;;468274.164;29307.43;;;
2022;4106852;;;;;;194539.864;67501.69;;;
2022;4106902;;;;;;111760270.004;63008.51;;;
2022;4107009;;;;;;318794.557;23360.05;;;
2022;4107108;;;;;;380690.997;74035.59;;;
2022;4107124;;;;;;71943.583;22687.98;;;
2022;4107157;;;;;;115173.13;25273.89;;;
2022;4107207;;;;;;2211267.575;49282.75;;;
2022;4107256;;;;;;737484.146;80502.58;;;
2022;4107306;;;;;;182585.454;28858.14;;;
2022;4107405;;;;;;320674.313;53454.63;;;
2022;4107504;;;;;;461166.056;37029.55;;;
2022;4107520;;;;;;65714.482;35540.55;;;
2022;4107538;;;;;;384483.891;84040.19;;;
2022;4107546;;;;;;204708.618;42674.3;;;
2022;4107553;;;;;;162504.66;53473.07;;;
2022;4107603;;;;;;594324.96;36263.65;;;
2022;4107652;;;;;;4053190.038;27225.82;;;
2022;4107702;;;;;;157893.829;35150.01;;;
2022;4107736;;;;;;275670.026;44071.95;;;
2022;4107751;;;;;;169826.903;21065.11;;;
2022;4107801;;;;;;267764.15;55877.33;;;
2022;4107850;;;;;;176425.578;40427.49;;;
2022;4107900;;;;;;277087.739;26495.29;;;
2022;4108007;;;;;;471672.388;41208.49;;;
2022;4108106;;;;;;82612.199;31150.9;;;
2022;4108205;;;;;;416851.124;54597.4;;;
2022;4108304;;;;;;17479951.713;61243.98;;;
2022;4108320;;;;;;205654.213;25339.36;;;
2022;4108403;;;;;;3970335.908;41072.72;;;
2022;4108452;;;;;;175861.709;35700.71;;;
2022;4108502;;;;;;427244.619;38622.73;;;
2022;4108551;;;;;;81117.593;27248.1;;;
2022;4108601;;;;;;1118784.79;39342.57;;;
2022;4108650;;;;;;348141.0;53021.78;;;
2022;4108700;;;;;;161294.761;28593.29;;;
2022;4108809;;;;;;1165667.23;36317.01;;;
2022;4108908;;;;;;278167.756;42507.3;;;
2022;4108957;;;;;;267831.011;34092.54;;;
2022;4109005;;;;;;218140.885;47155.4;;;
2022;4109104;;;;;;83635.486;38172.29;;;
2022;4109203;;;;;;164970.595;34745.28;;;
2022;4109302;;;;;;535922.123;39018.72;;;
2022;4109401;;;;;;9378784.924;51505.47;;;
2022;4109500;;;;;;129116.066;17377.67;;;
2022;4109609;;;;;;1065549.385;25332.83;;;
2022;4109658;;;;;;282889.899;57253.57;;;
2022;4109708;;;;;;990331.509;34350.73;;;
2022;4109757;;;;;;198450.812;31915.54;;;
2022;4109807;;;;;;4506743.483;87334.91;;;
2022;4109906;;;;;;278204.887;30942.6;;;
2022;4110003;;;;;;234416.37;43914.64;;;
2022;4110052;;;;;;90839.051;42368.96;;;
2022;4110078;;;;;;295776.45;20757.7;;;
2022;4110102;;;;;;1356418.318;45328.78;;;
2022;4110201;;;;;;250999.605;25956.53;;;
2022;4110300;;;;;;55662.292;21948.85;;;
2022;4110409;;;;;;687610.6;154588.71;;;
2022;4110508;;;;;;826430.835;58438.05;;;
2022;4110607;;;;;;537987.85;34166.64;;;
2022;4110656;;;;;;84703.224;36151.61;;;
2022;4110706;;;;;;2539166.58;42855.13;;;
2022;4110805;;;;;;363402.119;34013.68;;;
2022;4110904;;;;;;127181.379;28382.37;;;
2022;4110953;;;;;;508136.596;44243.5;;;
2022;4111001;;;;;;261669.504;44290.71;;;
2022;4111100;;;;;;185268.446;30317.21;;;
2022;4111209;;;;;;899902.19;72901.99;;;
2022;4111258;;;;;;679360.999;21762.53;;;
2022;4111308;;;;;;124605.183;34883.87;;;
2022;4111407;;;;;;479720.493;36262.79;;;
2022;4111506;;;;;;1011289.838;30907.39;;;
2022;4111555;;;;;;208640.033;30543.12;;;
2022;4111605;;;;;;123020.688;45428.61;;;
2022;4111704;;;;;;159159.185;29327.29;;;
2022;4111803;;;;;;1804412.235;44691.32;;;
2022;4111902;;;;;;1281632.415;84752.84;;;
2022;4112009;;;;;;1910121.886;54355.93;;;
2022;4112108;;;;;;877358.225;40982.73;;;
2022;4112207;;;;;;209418.638;35676.09;;;
2022;4112306;;;;;;180934.735;36390.74;;;
2022;4112405;;;;;;363801.146;39785.78;;;
2022;4112504;;;;;;381423.958;31774.74;;;
2022;4112603;;;;;;52758.109;39283.77;;;
2022;4112702;;;;;;302622.489;25617.75;;;
2022;4112751;;;;;;433042.495;41218.59;;;
2022;4112801;;;;;;846959.566;70904.94;;;
2022;4112900;;;;;;162325.251;48702.45;;;
2022;4112959;;;;;;406996.153;52373.72;;;
2022;4113007;;;;;;376560.476;56287.07;;;
2022;4113106;;;;;;154886.175;33803.18;;;
2022;4113205;;;;;;2541265.841;56468.81;;;
2022;4113254;;;;;;111089.245;19837.37;;;
2022;4113304;;;;;;1125233.937;34915.88;;;
2022;4113403;;;;;;184672.8;49219.83;;;
2022;4113429;;;;;;128152.953;32542.65;;;
2022;4113452;;;;;;232240.426;44877.38;;;
2022;4113502;;;;;;746615.632;32147.07;;;
2022;4113601;;;;;;264716.605;57534.58;;;
2022;4113700;;;;;;26215153.816;47154.9;;;
2022;4113734;;;;;;479630.935;71693.71;;;
2022;4113759;;;;;;126036.921;25869.65;;;
2022;4113809;;;;;;144262.385;29973.49;;;
2022;4113908;;;;;;853261.788;63543.48;;;
2022;4114005;;;;;;786902.352;58497.05;;;
2022;4114104;;;;;;808909.305;25714.76;;;
2022;4114203;;;;;;2636921.857;71819.42;;;
2022;4114302;;;;;;729769.544;26600.92;;;
2022;4114351;;;;;;78196.205;28229.68;;;
2022;4114401;;;;;;1719811.464;103584.38;;;
2022;4114500;;;;;;633793.349;44507.96;;;
2022;4114609;;;;;;3631243.645;65034.09;;;
2022;4114708;;;;;;138583.792;23628.95;;;
2022;4114807;;;;;;2758390.382;65909.78;;;
2022;4114906;;;;;;494279.608;56964.34;;;
2022;4115002;;;;;;210881.684;29075.1;;;
2022;4115101;;;;;;257422.771;26142.25;;;
2022;4115200;;;;;;26668371.652;65099.27;;;
2022;4115309;;;;;;630785.381;99008.85;;;
2022;4115358;;;;;;373085.024;56916.1;;;
2022;4115408;;;;;;644725.64;40546.23;;;
2022;4115457;;;;;;126058.015;27988.01;;;
2022;4115507;;;;;;108801.967;23154.28;;;
2022;4115606;;;;;;1288278.144;69825.37;;;
2022;4115705;;;;;;1000497.631;25484.54;;;
2022;4115739;;;;;;131490.869;40248.2;;;
2022;4115754;;;;;;544204.651;57999.0;;;
2022;4115804;;;;;;2644510.101;48640.04;;;
2022;4115853;;;;;;262523.608;44262.96;;;
2022;4115903;;;;;;125966.676;56285.38;;;
2022;4116000;;;;;;61314.063;31187.21;;;
2022;4116059;;;;;;431521.007;39002.26;;;
2022;4116109;;;;;;271903.469;24331.41;;;
2022;4116208;;;;;;415708.68;22705.15;;;
2022;4116307;;;;;;147724.753;37389.21;;;
2022;4116406;;;;;;103727.337;28271.28;;;
2022;4116505;;;;;;51328.002;38796.68;;;
2022;4116604;;;;;;102392.359;31217.18;;;
2022;4116703;;;;;;851560.093;61864.15;;;
2022;4116802;;;;;;334806.759;49308.8;;;
2022;4116901;;;;;;1085729.569;40839.93;;;
2022;4116950;;;;;;165003.997;29480.79;;;
2022;4117008;;;;;;356354.694;49322.45;;;
2022;4117057;;;;;;317367.166;26285.17;;;
2022;4117107;;;;;;597027.774;46198.85;;;
2022;4117206;;;;;;111831.422;19172.2;;;
2022;4117214;;;;;;128118.654;30621.09;;;
2022;4117222;;;;;;371317.493;44618.78;;;
2022;4117255;;;;;;413698.981;32577.29;;;
2022;4117271;;;;;;220519.291;32202.0;;;
2022;4117297;;;;;;102120.832;32678.67;;;
2022;4117305;;;;;;3104324.539;128320.29;;;
2022;4117404;;;;;;134870.991;42319.11;;;
2022;4117453;;;;;;237412.034;34990.72;;;
2022;4117503;;;;;;1183331.356;25745.86;;;
2022;4117602;;;;;;1621299.24;33604.15;;;
2022;4117701;;;;;;1964610.565;58030.15;;;
2022;4117800;;;;;;377302.228;28949.76;;;
2022;4117909;;;;;;3109763.904;88822.48;;;
2022;4118006;;;;;;406283.555;30674.49;;;
2022;4118105;;;;;;361504.751;37826.17;;;
2022;4118204;;;;;;16367621.875;112238.46;;;
2022;4118303;;;;;;79480.692;33144.58;;;
2022;4118402;;;;;;3471737.225;37756.79;;;
2022;4118451;;;;;;223321.59;38953.7;;;
2022;4118501;;;;;;5444892.123;59289.3;;;
2022;4118600;;;;;;503282.422;88824.99;;;
2022;4118709;;;;;;462027.691;72840.56;;;
2022;4118808;;;;;;372907.711;27941.53;;;
2022;4118857;;;;;;242962.947;33796.49;;;
2022;4118907;;;;;;322089.885;27116.51;;;
2022;4119004;;;;;;175470.036;28206.08;;;
2022;4119103;;;;;;922345.545;67546.36;;;
2022;4119152;;;;;;8558771.071;67381.82;;;
2022;4119202;;;;;;280515.777;42722.48;;;
2022;4119251;;;;;;62528.354;22647.0;;;
2022;4119301;;;;;;1799285.032;60204.95;;;
2022;4119400;;;;;;1368119.129;57851.04;;;
2022;4119509;;;;;;1691358.889;14245.42;;;
2022;4119608;;;;;;1371478.104;40857.93;;;
2022;4119657;;;;;;154661.518;50775.28;;;
2022;4119707;;;;;;115960.083;28491.42;;;
2022;4119806;;;;;;407894.601;28377.25;;;
2022;4119905;;;;;;23292221.312;64995.44;;;
2022;4119954;;;;;;713238.43;23442.51;;;
2022;4120002;;;;;;679024.354;58415.72;;;
2022;4120101;;;;;;243728.318;59474.94;;;
2022;4120150;;;;;;184228.136;59237.34;;;
2022;4120200;;;;;;118584.637;37267.33;;;
2022;4120309;;;;;;91361.889;25649.04;;;
2022;4120333;;;;;;198239.55;53448.25;;;
2022;4120358;;;;;;279158.88;48659.38;;;
2022;4120408;;;;;;184906.296;42644.44;;;
2022;4120507;;;;;;460931.365;45718.25;;;
2022;4120606;;;;;;1617597.823;32749.54;;;
2022;4120655;;;;;;265756.133;63260.21;;;
2022;4120705;;;;;;232832.237;28748.27;;;
2022;4120804;;;;;;2083795.693;86139.3;;;
2022;4120853;;;;;;253121.759;56500.39;;;
2022;4120903;;;;;;1682535.251;54737.95;;;
2022;4121000;;;;;;250310.319;23426.33;;;
2022;4121109;;;;;;225785.576;45148.09;;;
2022;4121208;;;;;;561245.985;30505.82;;;
2022;4121257;;;;;;98711.671;23385.85;;;
2022;4121307;;;;;;174359.907;49646.9;;;
2022;4121356;;;;;;179423.321;68534.5;;;
2022;4121406;;;;;;748454.357;38886.81;;;
2022;4121505;;;;;;540781.983;37259.33;;;
2022;4121604;;;;;;347094.705;50737.42;;;
2022;4121703;;;;;;779992.863;31741.87;;;
2022;4121752;;;;;;263340.835;40186.3;;;
2022;4121802;;;;;;496127.55;40126.78;;;
2022;4121901;;;;;;459243.956;35164.16;;;
2022;4122008;;;;;;948932.29;67660.06;;;
2022;4122107;;;;;;115586.463;36154.66;;;
2022;4122156;;;;;;507374.014;36425.73;;;
2022;4122172;;;;;;151107.682;39681.64;;;
2022;4122206;;;;;;1649518.369;43919.23;;;
2022;4122305;;;;;;1363742.417;43536.66;;;
2022;4122404;;;;;;4186826.14;58418.11;;;
2022;4122503;;;;;;632269.831;56196.77;;;
2022;4122602;;;;;;402505.595;44245.97;;;
2022;4122651;;;;;;142134.78;26151.75;;;
2022;4122701;;;;;;692580.278;78506.04;;;
2022;4122800;;;;;;124468.481;30544.41;;;
2022;4122909;;;;;;112749.051;21715.92;;;
2022;4123006;;;;;;489076.458;32127.47;;;
2022;4123105;;;;;;118787.479;34999.26;;;
2022;4123204;;;;;;185038.739;54989.22;;;
2022;4123303;;;;;;354600.841;41170.42;;;
2022;4123402;;;;;;354483.055;31155.13;;;
2022;4123501;;;;;;1560603.328;61219.34;;;
2022;4123600;;;;;;58924.195;33709.49;;;
2022;4123709;;;;;;255763.513;28698.78;;;
2022;4123808;;;;;;398553.388;28326.47;;;
2022;4123824;;;;;;156572.728;42967.27;;;
2022;4123857;;;;;;326164.807;32833.18;;;
2022;4123907;;;;;;461616.588;41714.86;;;
2022;4123956;;;;;;90776.345;27048.97;;;
2022;4124004;;;;;;195898.133;35527.41;;;
2022;4124020;;;;;;678676.69;51516.37;;;
2022;4124053;;;;;;696656.954;28713.91;;;
2022;4124103;;;;;;1780115.58;40120.71;;;
2022;4124202;;;;;;58266.375;23371.99;;;
2022;4124301;;;;;;123392.878;58067.24;;;
2022;4124400;;;;;;665500.339;28112.21;;;
2022;4124509;;;;;;698440.193;112997.93;;;
2022;4124608;;;;;;442768.375;67218.52;;;
2022;4124707;;;;;;370262.715;34188.62;;;
2022;4124806;;;;;;1081146.047;90959.62;;;
2022;4124905;;;;;;142943.796;25589.65;;;
2022;4125001;;;;;;351357.759;32938.76;;;
2022;4125100;;;;;;729207.855;53126.03;;;
2022;4125209;;;;;;446317.184;47591.94;;;
2022;4125308;;;;;;321717.19;62251.78;;;
2022;4125357;;;;;;171594.923;26382.98;;;
2022;4125407;;;;;;259600.551;42980.22;;;
2022;4125456;;;;;;89392.654;23098.88;;;
2022;4125506;;;;;;31479079.359;95616.57;;;
2022;4125555;;;;;;66192.031;30959.79;;;
2022;4125605;;;;;;1853493.386;43757.81;;;
2022;4125704;;;;;;1416053.566;48624.87;;;
2022;4125753;;;;;;226385.701;39139.99;;;
2022;4125803;;;;;;406099.523;46731.82;;;
2022;4125902;;;;;;90697.596;34084.03;;;
2022;4126009;;;;;;310711.398;38535.46;;;
2022;4126108;;;;;;179457.192;34299.92;;;
2022;4126207;;;;;;157605.548;23540.78;;;
2022;4126256;;;;;;2260728.693;19085.13;;;
2022;4126272;;;;;;1161785.511;190207.19;;;
2022;4126306;;;;;;652554.953;37785.46;;;
2022;4126355;;;;;;226887.872;45314.13;;;
2022;4126405;;;;;;371953.147;66230.97;;;
2022;4126504;;;;;;895876.686;56238.34;;;
2022;4126603;;;;;;791100.326;34680.65;;;
2022;4126652;;;;;;168630.84;49020.59;;;
2022;4126678;;;;;;442629.257;41340.18;;;
2022;4126702;;;;;;146798.837;30081.73;;;
2022;4126801;;;;;;541077.08;34096.48;;;
2022;4126900;;;;;;155538.154;27073.66;;;
2022;4127007;;;;;;595237.447;62348.11;;;
2022;4127106;;;;;;5066785.245;67519.33;;;
2022;4127205;;;;;;614113.855;34956.39;;;
2022;4127304;;;;;;408197.263;27502.85;;;
2022;4127403;;;;;;734804.474;40554.36;;;
2022;4127502;;;;;;1683339.024;84331.4;;;
2022;4127601;;;;;;636632.814;36159.99;;;
2022;4127700;;;;;;8435404.188;56060.37;;;
2022;4127809;;;;;;370416.03;43961.08;;;
2022;4127858;;;;;;454472.276;40814.75;;;
2022;4127882;;;;;;132829.189;21358.61;;;
2022;4127908;;;;;;238953.232;29621.08;;;
2022;4127957;;;;;;441146.933;54617.67;;;
2022;4127965;;;;;;633523.561;44517.15;;;
2022;4128005;;;;;;1740504.258;70326.25;;;
2022;4128104;;;;;;4402397.329;37596.8;;;
2022;4128203;;;;;;1976995.629;35923.82;;;
2022;4128302;;;;;;103628.464;48515.2;;;
2022;4128401;;;;;;346336.417;33282.38;;;
2022;4128500;;;;;;845345.347;44055.94;;;
2022;4128534;;;;;;397255.008;41034.5;;;
2022;4128559;;;;;;290769.14;35394.9;;;
2022;4128609;;;;;;535581.803;67521.66;;;
2022;4128625;;;;;;118377.253;38748.69;;;
2022;4128633;;;;;;98491.114;17288.24;;;
2022;4128658;;;;;;203542.243;53409.14;;;
2022;4128708;;;;;;520196.38;53595.34;;;
2022;4128807;;;;;;110372.996;19036.39;;;
2022;4200051;;;;;;110319.136;42463.1;;;
2022;4200101;;;;;;1018505.521;58561.73;;;
2022;4200200;;;;;;450052.033;40951.05;;;
2022;4200309;;;;;;234769.166;38772.78;;;
2022;4200408;;;;;;755266.607;116052.03;;;
2022;4200507;;;;;;159833.2;26479.99;;;
2022;4200556;;;;;;206975.31;72904.3;;;
2022;4200606;;;;;;211415.892;31353.39;;;
2022;4200705;;;;;;352092.918;33593.45;;;
2022;4200754;;;;;;82056.61;44211.54;;;
2022;4200804;;;;;;221545.064;37278.32;;;
2022;4200903;;;;;;147479.271;27525.06;;;
2022;4201000;;;;;;214198.478;25853.77;;;
2022;4201109;;;;;;94169.91;26209.27;;;
2022;4201208;;;;;;818936.578;72962.99;;;
2022;4201257;;;;;;483694.933;49301.29;;;
2022;4201273;;;;;;346773.689;79208.24;;;
2022;4201307;;;;;;7985861.509;176756.56;;;
2022;4201406;;;;;;2693788.511;37454.3;;;
2022;4201505;;;;;;286197.963;32397.32;;;
2022;4201604;;;;;;137049.129;38540.25;;;
2022;4201653;;;;;;184169.327;73374.23;;;
2022;4201703;;;;;;275531.432;33120.74;;;
2022;4201802;;;;;;140200.098;43445.96;;;
2022;4201901;;;;;;408304.177;60221.86;;;
2022;4201950;;;;;;251898.178;15922.77;;;
2022;4202008;;;;;;7981314.792;57355.57;;;
2022;4202057;;;;;;282156.115;18921.41;;;
2022;4202073;;;;;;258903.887;16523.32;;;
2022;4202081;;;;;;108416.077;34483.48;;;
2022;4202099;;;;;;55813.496;33461.33;;;
2022;4202107;;;;;;2554303.917;56298.16;;;
2022;4202131;;;;;;211493.886;36017.35;;;
2022;4202156;;;;;;73718.533;27734.59;;;
2022;4202206;;;;;;462699.795;43982.87;;;
2022;4202305;;;;;;2970824.059;38696.21;;;
2022;4202404;;;;;;22791289.37;63088.15;;;
2022;4202438;;;;;;131812.375;37499.96;;;
2022;4202453;;;;;;965945.882;38548.4;;;
2022;4202503;;;;;;270769.266;67255.16;;;
2022;4202537;;;;;;180265.482;64913.75;;;
2022;4202578;;;;;;83782.659;38309.4;;;
2022;4202602;;;;;;417364.588;49580.02;;;
2022;4202701;;;;;;464899.82;86686.52;;;
2022;4202800;;;;;;1962656.197;58113.17;;;
2022;4202859;;;;;;259027.451;64338.66;;;
2022;4202875;;;;;;113026.174;45410.27;;;
2022;4202909;;;;;;9919247.136;70157.71;;;
2022;4203006;;;;;;4922085.794;66767.31;;;
2022;4203105;;;;;;339318.949;53825.98;;;
2022;4203154;;;;;;105794.463;30727.41;;;
2022;4203204;;;;;;2560908.633;24845.34;;;
2022;4203253;;;;;;194683.986;74165.33;;;
2022;4203303;;;;;;770692.171;61650.44;;;
2022;4203402;;;;;;304908.99;42015.85;;;
2022;4203501;;;;;;487076.776;50615.9;;;
2022;4203600;;;;;;3229122.835;87434.28;;;
2022;4203709;;;;;;363976.644;28389.1;;;
2022;4203808;;;;;;2418105.457;43952.77;;;
2022;4203907;;;;;;1280648.277;54930.44;;;
2022;4203956;;;;;;592015.205;24693.02;;;
2022;4204004;;;;;;625627.889;59211.42;;;
2022;4204103;;;;;;213040.78;46172.69;;;
2022;4204152;;;;;;83430.852;29743.62;;;
2022;4204178;;;;;;106659.576;32155.43;;;
2022;4204194;;;;;;111050.535;37644.25;;;
2022;4204202;;;;;;15615663.571;61290.53;;;
2022;4204251;;;;;;999972.658;58003.05;;;
2022;4204301;;;;;;5116747.179;62669.91;;;
2022;4204350;;;;;;449634.745;94046.17;;;
2022;4204400;;;;;;407480.425;39226.07;;;
2022;4204459;;;;;;54428.182;26357.47;;;
2022;4204509;;;;;;838130.317;55748.99;;;
2022;4204558;;;;;;649992.102;41329.69;;;
2022;4204608;;;;;;11211117.068;52267.99;;;
2022;4204707;;;;;;1013553.799;92536.64;;;
2022;4204756;;;;;;79176.105;40231.76;;;
2022;4204806;;;;;;2004549.876;50057.43;;;
2022;4204905;;;;;;328520.011;38513.48;;;
2022;4205001;;;;;;585415.774;39006.91;;;
2022;4205100;;;;;;176688.507;41859.4;;;
2022;4205159;;;;;;165112.242;45397.92;;;
2022;4205175;;;;;;67856.885;19946.17;;;
2022;4205191;;;;;;180978.069;79761.16;;;
2022;4205209;;;;;;239100.183;48945.79;;;
2022;4205308;;;;;;802802.722;71730.05;;;
2022;4205357;;;;;;79685.687;44691.92;;;
2022;4205407;;;;;;26552426.154;49426.25;;;
2022;4205431;;;;;;87118.114;32482.52;;;
2022;4205456;;;;;;1338681.771;42591.13;;;
2022;4205506;;;;;;1386572.415;41413.71;;;
2022;4205555;;;;;;96981.101;40224.43;;;
2022;4205605;;;;;;123184.871;38268.06;;;
2022;4205704;;;;;;863321.265;28816.76;;;
2022;4205803;;;;;;1767664.5;95261.07;;;
2022;4205902;;;;;;4963886.853;68401.36;;;
2022;4206009;;;;;;554945.776;32807.91;;;
2022;4206108;;;;;;355167.329;56582.34;;;
2022;4206207;;;;;;390451.143;31399.37;;;
2022;4206306;;;;;;1328996.798;54149.73;;;
2022;4206405;;;;;;509033.635;47150.21;;;
2022;4206504;;;;;;2908382.788;62263.34;;;
2022;4206603;;;;;;224030.97;46392.83;;;
2022;4206652;;;;;;475207.721;56404.48;;;
2022;4206702;;;;;;664735.154;30599.11;;;
2022;4206751;;;;;;74450.879;37077.13;;;
2022;4206801;;;;;;155011.981;47418.78;;;
2022;4206900;;;;;;680120.889;34242.32;;;
2022;4207007;;;;;;4331901.262;73378.53;;;
2022;4207106;;;;;;1237649.107;72606.42;;;
2022;4207205;;;;;;279511.531;23525.93;;;
2022;4207304;;;;;;2831613.673;53852.41;;;
2022;4207403;;;;;;291402.116;48713.16;;;
2022;4207502;;;;;;4043553.304;56514.46;;;
2022;4207577;;;;;;276144.381;95983.45;;;
2022;4207601;;;;;;117758.292;25722.65;;;
2022;4207650;;;;;;409313.363;43856.57;;;
2022;4207684;;;;;;378147.014;50412.88;;;
2022;4207700;;;;;;518696.175;66363.38;;;
2022;4207759;;;;;;196841.248;49383.15;;;
2022;4207809;;;;;;311687.719;30572.61;;;
2022;4207858;;;;;;66801.306;32286.76;;;
2022;4207908;;;;;;532410.109;51765.69;;;
2022;4208005;;;;;;487918.866;69041.87;;;
2022;4208104;;;;;;1173580.538;53221.19;;;
2022;4208203;;;;;;50816696.214;192448.12;;;
2022;4208302;;;;;;3214850.016;42334.08;;;
2022;4208401;;;;;;1229482.942;73896.08;;;
2022;4208450;;;;;;1976756.967;64284.78;;;
2022;4208500;;;;;;1400351.731;52793.66;;;
2022;4208609;;;;;;211114.145;48982.4;;;
2022;4208708;;;;;;598807.027;56363.61;;;
2022;4208807;;;;;;815250.478;40012.29;;;
2022;4208906;;;;;;13778059.647;75430.09;;;
2022;4208955;;;;;;71750.988;40400.33;;;
2022;4209003;;;;;;2588135.2;85853.35;;;
2022;4209102;;;;;;45511050.608;73842.86;;;
2022;4209151;;;;;;140264.294;23435.97;;;
2022;4209177;;;;;;96074.765;37735.57;;;
2022;4209201;;;;;;161857.814;72000.81;;;
2022;4209300;;;;;;7540244.295;45703.71;;;
2022;4209409;;;;;;1181763.878;27620.99;;;
2022;4209458;;;;;;82294.392;48351.58;;;
2022;4209508;;;;;;524620.729;66139.78;;;
2022;4209607;;;;;;417062.129;29000.91;;;
2022;4209706;;;;;;375556.776;32736.82;;;
2022;4209805;;;;;;153711.069;46159.48;;;
2022;4209854;;;;;;162695.675;35765.15;;;
2022;4209904;;;;;;528412.454;41048.12;;;
2022;4210001;;;;;;937508.771;80238.68;;;
2022;4210035;;;;;;325563.471;56189.76;;;
2022;4210050;;;;;;67237.805;37816.54;;;
2022;4210100;;;;;;3025375.602;54722.27;;;
2022;4210209;;;;;;73674.494;22922.99;;;
2022;4210308;;;;;;352564.848;47483.48;;;
2022;4210407;;;;;;319263.876;40852.7;;;
2022;4210506;;;;;;2250308.488;79654.12;;;
2022;4210555;;;;;;100177.255;45868.71;;;
2022;4210605;;;;;;870023.275;50694.75;;;
2022;4210704;;;;;;66968.255;24255.07;;;
2022;4210803;;;;;;377837.278;53930.53;;;
2022;4210852;;;;;;96429.906;38602.84;;;
2022;4210902;;;;;;179834.628;44077.11;;;
2022;4211009;;;;;;1131737.394;112431.69;;;
2022;4211058;;;;;;249273.48;27341.61;;;
2022;4211108;;;;;;262775.246;33967.84;;;
2022;4211207;;;;;;919663.19;49612.3;;;
2022;4211256;;;;;;174039.231;57820.34;;;
2022;4211306;;;;;;7166303.337;82942.37;;;
2022;4211405;;;;;;255483.951;49560.42;;;
2022;4211454;;;;;;167423.284;36909.9;;;
2022;4211504;;;;;;826323.501;60196.95;;;
2022;4211603;;;;;;1165147.257;85271.32;;;
2022;4211652;;;;;;140227.818;52916.16;;;
2022;4211702;;;;;;1273948.74;53841.71;;;
2022;4211751;;;;;;1107127.068;63951.42;;;
2022;4211801;;;;;;261035.349;37121.07;;;
2022;4211850;;;;;;177247.729;81269.02;;;
2022;4211876;;;;;;74424.121;38621.75;;;
2022;4211892;;;;;;93594.479;42254.84;;;
2022;4211900;;;;;;9105303.952;40904.7;;;
2022;4212007;;;;;;330780.036;43495.07;;;
2022;4212056;;;;;;181020.042;70683.34;;;
2022;4212106;;;;;;1021331.589;65361.04;;;
2022;4212205;;;;;;1048776.845;54766.41;;;
2022;4212239;;;;;;184625.575;43268.24;;;
2022;4212254;;;;;;274891.023;21314.34;;;
2022;4212270;;;;;;175427.805;43487.31;;;
2022;4212304;;;;;;299198.749;33002.29;;;
2022;4212403;;;;;;286003.748;67374.26;;;
2022;4212502;;;;;;1147219.644;34079.54;;;
2022;4212601;;;;;;145411.648;48600.15;;;
2022;4212650;;;;;;138525.255;13594.24;;;
2022;4212700;;;;;;247125.907;36796.59;;;
2022;4212809;;;;;;1587685.516;58527.87;;;
2022;4212908;;;;;;1738798.976;79137.04;;;
2022;4213005;;;;;;241832.63;69632.2;;;
2022;4213104;;;;;;419813.99;72770.67;;;
2022;4213153;;;;;;152929.72;51910.97;;;
2022;4213203;;;;;;2964120.485;86510.83;;;
2022;4213302;;;;;;171154.538;38574.38;;;
2022;4213351;;;;;;153410.076;47791.3;;;
2022;4213401;;;;;;322644.84;30298.14;;;
2022;4213500;;;;;;1721133.778;62161.72;;;
2022;4213609;;;;;;1347343.507;40865.74;;;
2022;4213708;;;;;;813931.902;47528.87;;;
2022;4213807;;;;;;239795.286;28995.8;;;
2022;4213906;;;;;;81851.137;48461.3;;;
2022;4214003;;;;;;1001043.455;50027.16;;;
2022;4214102;;;;;;71753.181;31183.48;;;
2022;4214151;;;;;;158481.834;53468.9;;;
2022;4214201;;;;;;581416.575;53160.52;;;
2022;4214300;;;;;;166661.777;50827.01;;;
2022;4214409;;;;;;300067.482;47987.76;;;
2022;4214508;;;;;;240771.651;37317.37;;;
2022;4214607;;;;;;296743.23;38304.28;;;
2022;4214706;;;;;;506213.884;46591.25;;;
2022;4214805;;;;;;4306891.4;59334.2;;;
2022;4214904;;;;;;315109.729;65011.29;;;
2022;4215000;;;;;;1709158.99;43536.58;;;
2022;4215059;;;;;;86405.101;36047.18;;;
2022;4215075;;;;;;169647.645;35580.46;;;
2022;4215109;;;;;;452502.288;35470.9;;;
2022;4215208;;;;;;112803.834;23388.73;;;
2022;4215307;;;;;;343522.156;45870.23;;;
2022;4215356;;;;;;99145.921;27297.89;;;
2022;4215406;;;;;;307000.985;69931.89;;;
2022;4215455;;;;;;569973.677;44245.74;;;
2022;4215505;;;;;;678193.565;43624.96;;;
2022;4215554;;;;;;121919.142;50275.93;;;
2022;4215604;;;;;;89003.248;42626.08;;;
2022;4215653;;;;;;229214.071;23408.3;;;
2022;4215679;;;;;;268998.678;33349.7;;;
2022;4215687;;;;;;92259.567;35815.05;;;
2022;4215695;;;;;;52159.544;31592.7;;;
2022;4215703;;;;;;1377649.898;50515.18;;;
2022;4215752;;;;;;101830.906;37939.98;;;
2022;4215802;;;;;;4807395.768;57729.16;;;
2022;4215901;;;;;;228604.85;77598.39;;;
2022;4216008;;;;;;655147.95;63717.95;;;
2022;4216057;;;;;;188145.667;30924.67;;;
2022;4216107;;;;;;501291.152;54334.61;;;
2022;4216206;;;;;;7730884.966;146768.52;;;
2022;4216255;;;;;;407938.473;64803.57;;;
2022;4216305;;;;;;1258894.574;38513.62;;;
2022;4216354;;;;;;397288.552;89018.27;;;
2022;4216404;;;;;;321117.268;37046.29;;;
2022;4216503;;;;;;1186502.208;45742.02;;;
2022;4216602;;;;;;14466880.637;53522.56;;;
2022;4216701;;;;;;594284.453;41948.5;;;
2022;4216800;;;;;;290139.317;33318.71;;;
2022;4216909;;;;;;1556977.839;62819.36;;;
2022;4217006;;;;;;1048990.788;77651.25;;;
2022;4217105;;;;;;125066.649;36730.29;;;
2022;4217154;;;;;;52062.341;29232.08;;;
2022;4217204;;;;;;2534987.264;57184.46;;;
2022;4217253;;;;;;112862.644;19539.93;;;
2022;4217303;;;;;;610268.544;59451.39;;;
2022;4217402;;;;;;821542.207;40952.21;;;
2022;4217501;;;;;;1304972.868;70084.47;;;
2022;4217550;;;;;;125602.535;38026.8;;;
2022;4217600;;;;;;701825.896;51175.87;;;
2022;4217709;;;;;;1077546.186;35928.98;;;
2022;4217758;;;;;;95897.508;33862.11;;;
2022;4217808;;;;;;935846.943;51088.93;;;
2022;4217907;;;;;;622901.804;76495.37;;;
2022;4217956;;;;;;78720.294;33800.04;;;
2022;4218004;;;;;;2976676.689;57696.48;;;
2022;4218103;;;;;;156048.933;28973.07;;;
2022;4218202;;;;;;2594452.153;56280.01;;;
2022;4218251;;;;;;276657.823;37681.53;;;
2022;4218301;;;;;;1799355.844;91125.08;;;
2022;4218350;;;;;;179962.764;48783.62;;;
2022;4218400;;;;;;229972.69;31237.8;;;
2022;4218509;;;;;;983840.809;111965.5;;;
2022;4218608;;;;;;416086.077;57201.83;;;
2022;4218707;;;;;;5336570.929;48475.5;;;
2022;4218756;;;;;;190289.439;38708.19;;;
2022;4218806;;;;;;820536.127;62910.08;;;
2022;4218855;;;;;;102217.779;36848.51;;;
2022;4218905;;;;;;389361.974;35938.89;;;
2022;4218954;;;;;;85176.109;32069.32;;;
2022;4219002;;;;;;1279368.707;61158.22;;;
2022;4219101;;;;;;257604.939;70887.43;;;
2022;4219150;;;;;;86743.421;33019.95;;;
2022;4219176;;;;;;598894.605;130877.32;;;
2022;4219200;;;;;;360332.404;58221.43;;;
2022;4219309;;;;;;3846541.252;69349.53;;;
2022;4219358;;;;;;163976.322;30535.63;;;
2022;4219408;;;;;;188824.137;44377.0;;;
2022;4219507;;;;;;2885926.279;55921.22;;;
2022;4219606;;;;;;204112.474;55875.3;;;
2022;4219705;;;;;;1563334.946;48979.73;;;
2022;4219853;;;;;;140182.265;35669.79;;;
2022;4220000;;;;;;354556.83;22186.15;;;
2022;4300034;;;;;;291050.785;69796.35;;;
2022;4300059;;;;;;480667.73;122870.07;;;
2022;4300109;;;;;;648342.377;40422.87;;;
2022;4300208;;;;;;379621.821;56491.34;;;
2022;4300307;;;;;;137865.214;22515.96;;;
2022;4300406;;;;;;2620665.238;36192.53;;;
2022;4300455;;;;;;119787.123;32809.4;;;
2022;4300471;;;;;;267475.401;135843.27;;;
2022;4300505;;;;;;256623.881;36057.87;;;
2022;4300554;;;;;;67859.366;37699.65;;;
2022;4300570;;;;;;174453.624;56788.29;;;
2022;4300604;;;;;;3529383.792;18841.97;;;
2022;4300638;;;;;;147333.482;27746.42;;;
2022;4300646;;;;;;181655.19;23745.78;;;
2022;4300661;;;;;;105227.878;92711.79;;;
2022;4300703;;;;;;295481.46;49602.39;;;
2022;4300802;;;;;;821731.524;63307.51;;;
2022;4300851;;;;;;233906.639;56883.91;;;
2022;4300877;;;;;;289317.344;33937.52;;;
2022;4300901;;;;;;1178832.186;181834.36;;;
2022;4301008;;;;;;1781075.948;81094.38;;;
2022;4301057;;;;;;308206.172;27874.3;;;
2022;4301073;;;;;;79174.433;30463.42;;;
2022;4301107;;;;;;358088.045;24524.9;;;
2022;4301206;;;;;;403055.375;33426.39;;;
2022;4301305;;;;;;1005950.314;57292.99;;;
2022;4301404;;;;;;346013.892;33521.98;;;
2022;4301503;;;;;;343697.009;48076.24;;;
2022;4301552;;;;;;155194.591;45699.23;;;
2022;4301602;;;;;;4135744.096;35067.1;;;
2022;4301636;;;;;;332681.911;22245.53;;;
2022;4301651;;;;;;319646.661;49473.25;;;
2022;4301701;;;;;;303205.593;42441.99;;;
2022;4301750;;;;;;157243.887;26701.29;;;
2022;4301800;;;;;;253629.721;52500.46;;;
2022;4301859;;;;;;50753.232;16056.07;;;
2022;4301875;;;;;;231623.353;54615.27;;;
2022;4301909;;;;;;489177.966;40014.56;;;
2022;4301925;;;;;;70523.093;41582.01;;;
2022;4301958;;;;;;158838.702;63586.35;;;
2022;4302006;;;;;;222738.646;23960.7;;;
2022;4302055;;;;;;45886.157;22039.46;;;
2022;4302105;;;;;;7759739.076;63009.96;;;
2022;4302154;;;;;;162523.335;84078.29;;;
2022;4302204;;;;;;313737.359;45038.38;;;
2022;4302220;;;;;;230224.212;103285.87;;;
2022;4302238;;;;;;194650.644;85711.42;;;
2022;4302253;;;;;;128281.986;46161.2;;;
2022;4302303;;;;;;432191.386;38581.63;;;
2022;4302352;;;;;;865227.057;65886.92;;;
2022;4302378;;;;;;64873.48;30951.09;;;
2022;4302402;;;;;;435052.91;35387.42;;;
2022;4302451;;;;;;153755.908;24612.76;;;
2022;4302501;;;;;;260907.377;44296.67;;;
2022;4302584;;;;;;133110.457;61883.06;;;
2022;4302600;;;;;;96634.109;29569.8;;;
2022;4302659;;;;;;113650.857;22885.79;;;
2022;4302709;;;;;;545589.911;28588.87;;;
2022;4302808;;;;;;1071097.708;32941.65;;;
2022;4302907;;;;;;417324.302;37404.71;;;
2022;4303004;;;;;;3408150.105;42564.63;;;
2022;4303103;;;;;;7094389.726;52065.86;;;
2022;4303202;;;;;;135719.78;29485.07;;;
2022;4303301;;;;;;178309.372;37905.9;;;
2022;4303400;;;;;;123647.21;25568.07;;;
2022;4303509;;;;;;2849113.962;45805.69;;;
2022;4303558;;;;;;605446.498;203101.81;;;
2022;4303608;;;;;;248068.831;38998.4;;;
2022;4303673;;;;;;184638.656;56952.08;;;
2022;4303707;;;;;;174020.773;29585.31;;;
2022;4303806;;;;;;330120.902;62475.57;;;
2022;4303905;;;;;;3896594.538;61962.83;;;
2022;4304002;;;;;;262942.9;52852.84;;;
2022;4304101;;;;;;103162.752;28553.21;;;
2022;4304200;;;;;;1106858.099;38291.64;;;
2022;4304309;;;;;;329600.325;52367.39;;;
2022;4304358;;;;;;2165913.963;202232.86;;;
2022;4304408;;;;;;1782780.568;36423.42;;;
2022;4304507;;;;;;1653207.184;33277.12;;;
2022;4304606;;;;;;28818822.755;82894.41;;;
2022;4304614;;;;;;55371.614;33436.97;;;
2022;4304622;;;;;;232999.989;134448.93;;;
2022;4304630;;;;;;2132259.562;33529.26;;;
2022;4304655;;;;;;276461.95;88638.01;;;
2022;4304663;;;;;;784508.083;29618.61;;;
2022;4304671;;;;;;392771.731;98414.37;;;
2022;4304689;;;;;;275619.646;24699.31;;;
2022;4304697;;;;;;83791.427;28725.21;;;
2022;4304705;;;;;;4263664.455;68986.87;;;
2022;4304713;;;;;;132726.805;18033.53;;;
2022;4304804;;;;;;3384037.833;111251.16;;;
2022;4304853;;;;;;54403.298;39768.49;;;
2022;4304903;;;;;;747422.851;78967.02;;;
2022;4304952;;;;;;165298.779;55099.59;;;
2022;4305009;;;;;;425148.141;49014.08;;;
2022;4305108;;;;;;34342096.943;74118.89;;;
2022;4305116;;;;;;96415.597;35433.88;;;
2022;4305124;;;;;;158653.478;27316.37;;;
2022;4305132;;;;;;87040.015;22893.22;;;
2022;4305157;;;;;;65563.242;27559.16;;;
2022;4305173;;;;;;217108.381;23655.3;;;
2022;4305207;;;;;;784741.519;57259.51;;;
2022;4305306;;;;;;618858.417;64869.86;;;
2022;4305355;;;;;;1828633.906;52228.78;;;
2022;4305371;;;;;;127992.873;46240.2;;;
2022;4305405;;;;;;241091.556;61612.97;;;
2022;4305439;;;;;;422833.735;67523.75;;;
2022;4305447;;;;;;142419.768;30981.02;;;
2022;4305454;;;;;;364733.296;21365.67;;;
2022;4305504;;;;;;225963.634;54501.6;;;
2022;4305587;;;;;;76751.207;31676.11;;;
2022;4305603;;;;;;241830.374;74226.63;;;
2022;4305702;;;;;;503407.174;78583.7;;;
2022;4305801;;;;;;442900.902;42648.14;;;
2022;4305835;;;;;;46505.291;36050.61;;;
2022;4305850;;;;;;154515.936;69885.09;;;
2022;4305871;;;;;;181360.108;64266.52;;;
2022;4305900;;;;;;359353.786;58488.57;;;
2022;4305934;;;;;;45945.009;28590.55;;;
2022;4305959;;;;;;167746.445;43615.82;;;
2022;4305975;;;;;;299358.419;112245.38;;;
2022;4306007;;;;;;493118.613;38267.78;;;
2022;4306056;;;;;;332135.753;45504.28;;;
2022;4306072;;;;;;85679.559;31827.47;;;
2022;4306106;;;;;;4121142.616;69953.03;;;
2022;4306130;;;;;;106377.73;65062.83;;;
2022;4306205;;;;;;663726.737;57217.82;;;
2022;4306304;;;;;;193222.088;44716.98;;;
2022;4306320;;;;;;104475.845;37977.41;;;
2022;4306353;;;;;;48710.781;19429.91;;;
2022;4306379;;;;;;180077.877;64176.01;;;
2022;4306403;;;;;;2502140.829;81479.07;;;
2022;4306429;;;;;;126526.522;60539.01;;;
2022;4306452;;;;;;157965.944;51006.12;;;
2022;4306502;;;;;;341143.355;26139.25;;;
2022;4306551;;;;;;70195.789;27398.82;;;
2022;4306601;;;;;;2000957.742;54107.72;;;
2022;4306700;;;;;;90196.092;29293.96;;;
2022;4306734;;;;;;236102.657;52819.39;;;
2022;4306759;;;;;;75699.322;40094.98;;;
2022;4306767;;;;;;2442465.498;61742.35;;;
2022;4306809;;;;;;1230651.48;53595.13;;;
2022;4306908;;;;;;1103750.562;46339.08;;;
2022;4306924;;;;;;54280.199;41882.87;;;
2022;4306932;;;;;;487687.32;53252.6;;;
2022;4306957;;;;;;212452.598;79125.73;;;
2022;4306973;;;;;;202451.954;66290.75;;;
2022;4307005;;;;;;7683906.541;72691.99;;;
2022;4307054;;;;;;184105.502;60680.78;;;
2022;4307104;;;;;;198899.403;32127.19;;;
2022;4307203;;;;;;151707.859;30772.39;;;
2022;4307302;;;;;;273787.354;40339.97;;;
2022;4307401;;;;;;298731.573;93499.71;;;
2022;4307450;;;;;;92397.756;28641.59;;;
2022;4307500;;;;;;881528.817;58098.52;;;
2022;4307559;;;;;;434148.219;77776.46;;;
2022;4307609;;;;;;1991876.841;41573.65;;;
2022;4307708;;;;;;4301274.541;56493.88;;;
2022;4307807;;;;;;2197231.744;68273.06;;;
2022;4307815;;;;;;135369.492;44094.3;;;
2022;4307831;;;;;;244029.467;92681.15;;;
2022;4307864;;;;;;176738.967;68877.23;;;
2022;4307906;;;;;;4580129.131;65538.09;;;
2022;4308003;;;;;;252774.822;37716.33;;;
2022;4308052;;;;;;79769.22;31654.45;;;
2022;4308078;;;;;;126583.352;29499.73;;;
2022;4308102;;;;;;589303.435;42814.84;;;
2022;4308201;;;;;;2843723.297;92053.71;;;
2022;4308250;;;;;;83641.384;50144.71;;;
2022;4308300;;;;;;229958.285;24079.4;;;
2022;4308409;;;;;;223399.42;34835.4;;;
2022;4308433;;;;;;53273.129;22262.07;;;
2022;4308458;;;;;;335874.143;75022.14;;;
2022;4308508;;;;;;1568643.176;48078.07;;;
2022;4308607;;;;;;3135768.835;91328.64;;;
2022;4308656;;;;;;128026.982;47629.09;;;
2022;4308706;;;;;;297936.986;52592.58;;;
2022;4308805;;;;;;230187.545;30240.09;;;
2022;4308854;;;;;;144754.459;83096.7;;;
2022;4308904;;;;;;817984.975;49270.27;;;
2022;4309001;;;;;;939755.879;58687.06;;;
2022;4309050;;;;;;389247.094;50828.82;;;
2022;4309100;;;;;;3140827.016;78258.51;;;
2022;4309126;;;;;;67782.213;33655.52;;;
2022;4309159;;;;;;108556.829;32856.18;;;
2022;4309209;;;;;;13005577.11;49064.69;;;
2022;4309258;;;;;;93574.374;66036.96;;;
2022;4309308;;;;;;8316851.365;89501.65;;;
2022;4309407;;;;;;1123503.378;44463.49;;;
2022;4309506;;;;;;284710.006;38396.49;;;
2022;4309555;;;;;;260997.015;48530.5;;;
2022;4309571;;;;;;63385.715;25093.32;;;
2022;4309605;;;;;;3718636.243;197264.67;;;
2022;4309654;;;;;;230213.601;38523.03;;;
2022;4309704;;;;;;198250.448;42352.16;;;
2022;4309753;;;;;;99944.282;26780.35;;;
2022;4309803;;;;;;244156.314;53933.36;;;
2022;4309902;;;;;;346199.532;51092.02;;;
2022;4309951;;;;;;169673.528;45574.41;;;
2022;4310009;;;;;;1721331.767;79754.05;;;
2022;4310108;;;;;;2189300.545;66730.69;;;
2022;4310207;;;;;;5484607.536;64733.46;;;
2022;4310306;;;;;;129558.607;31166.37;;;
2022;4310330;;;;;;670989.357;25014.52;;;
2022;4310363;;;;;;651738.82;211603.51;;;
2022;4310405;;;;;;386702.401;60168.41;;;
2022;4310413;;;;;;73657.811;36572.9;;;
2022;4310439;;;;;;244510.841;45917.53;;;
2022;4310462;;;;;;168815.299;98148.43;;;
2022;4310504;;;;;;239121.843;31959.62;;;
2022;4310538;;;;;;268604.091;48206.05;;;
2022;4310553;;;;;;90323.253;30158.01;;;
2022;4310579;;;;;;89664.506;46290.4;;;
2022;4310603;;;;;;1751877.053;48978.89;;;
2022;4310652;;;;;;83433.178;31627.44;;;
2022;4310702;;;;;;73188.385;22814.33;;;
2022;4310751;;;;;;48522.537;25154.24;;;
2022;4310801;;;;;;1361666.75;59246.69;;;
2022;4310850;;;;;;117255.871;31028.28;;;
2022;4310876;;;;;;113790.243;55779.53;;;
2022;4310900;;;;;;224849.647;67360.59;;;
2022;4311007;;;;;;954110.342;35864.76;;;
2022;4311106;;;;;;293650.303;27757.85;;;
2022;4311122;;;;;;84089.021;22788.35;;;
2022;4311130;;;;;;239812.302;71607.14;;;
2022;4311155;;;;;;453632.489;63144.83;;;
2022;4311205;;;;;;1411166.663;77426.02;;;
2022;4311239;;;;;;61444.64;27296.6;;;
2022;4311254;;;;;;115218.74;21572.5;;;
2022;4311270;;;;;;94629.917;54447.59;;;
2022;4311304;;;;;;1508706.769;54546.69;;;
2022;4311403;;;;;;6109234.684;65237.54;;;
2022;4311429;;;;;;59389.274;22833.25;;;
2022;4311502;;;;;;382168.032;53397.8;;;
2022;4311601;;;;;;137100.377;28676.09;;;
2022;4311627;;;;;;324204.229;51922.52;;;
2022;4311643;;;;;;65803.624;39099.0;;;
2022;4311700;;;;;;252363.681;44004.13;;;
2022;4311718;;;;;;282138.384;63760.09;;;
2022;4311734;;;;;;79330.28;25337.04;;;
2022;4311759;;;;;;350109.975;51479.19;;;
2022;4311775;;;;;;200381.67;27012.9;;;
2022;4311791;;;;;;77023.497;31183.6;;;
2022;4311809;;;;;;3393310.838;75196.36;;;
2022;4311908;;;;;;161879.735;37472.16;;;
2022;4311981;;;;;;91982.977;23489.01;;;
2022;4312005;;;;;;67224.682;36181.21;;;
2022;4312054;;;;;;123506.515;31117.79;;;
2022;4312104;;;;;;147192.898;31330.97;;;
2022;4312138;;;;;;111973.846;43859.71;;;
2022;4312153;;;;;;226173.444;46547.32;;;
2022;4312179;;;;;;57921.608;32268.31;;;
2022;4312203;;;;;;154824.508;36942.14;;;
2022;4312252;;;;;;257252.951;34277.54;;;
2022;4312302;;;;;;186920.95;42222.94;;;
2022;4312351;;;;;;60169.45;40139.73;;;
2022;4312377;;;;;;90048.556;28317.16;;;
2022;4312385;;;;;;97828.882;38259.24;;;
2022;4312401;;;;;;6467582.126;101653.18;;;
2022;4312427;;;;;;113863.236;41314.67;;;
2022;4312443;;;;;;82696.583;26928.23;;;
2022;4312450;;;;;;145054.785;23991.86;;;
2022;4312476;;;;;;277915.988;46096.53;;;
2022;4312500;;;;;;497282.536;41131.72;;;
2022;4312609;;;;;;269145.845;58497.25;;;
2022;4312617;;;;;;851698.035;295831.2;;;
2022;4312625;;;;;;51791.418;30093.79;;;
2022;4312658;;;;;;2758225.352;154108.02;;;
2022;4312674;;;;;;100510.078;52023.85;;;
2022;4312708;;;;;;513799.396;37451.67;;;
2022;4312757;;;;;;199829.956;63177.35;;;
2022;4312807;;;;;;345621.009;69766.05;;;
2022;4312906;;;;;;809139.968;83857.39;;;
2022;4312955;;;;;;139367.374;68250.43;;;
2022;4313003;;;;;;127413.896;41857.39;;;
2022;4313011;;;;;;197086.921;64386.45;;;
2022;4313037;;;;;;133013.758;27340.96;;;
2022;4313060;;;;;;894687.175;44538.39;;;
2022;4313086;;;;;;95083.357;40581.89;;;
2022;4313102;;;;;;307919.509;55123.44;;;
2022;4313201;;;;;;1044948.898;45085.6;;;
2022;4313300;;;;;;1449629.504;56423.38;;;
2022;4313334;;;;;;199441.062;92205.76;;;
2022;4313359;;;;;;177535.146;51221.91;;;
2022;4313375;;;;;;2758041.615;95026.24;;;
2022;4313391;;;;;;131086.366;36739.45;;;
2022;4313409;;;;;;10915914.742;47933.16;;;
2022;4313425;;;;;;143697.794;44933.64;;;
2022;4313441;;;;;;65769.408;30647.44;;;
2022;4313466;;;;;;65004.759;39492.56;;;
2022;4313490;;;;;;114368.115;26771.56;;;
2022;4313508;;;;;;1992122.993;42027.91;;;
2022;4313607;;;;;;138641.205;38203.69;;;
2022;4313656;;;;;;666940.214;51926.21;;;
2022;4313706;;;;;;1808604.646;54449.8;;;
2022;4313805;;;;;;233999.245;29850.65;;;
2022;4313904;;;;;;3651828.273;83921.14;;;
2022;4313953;;;;;;552950.217;54147.1;;;
2022;4314001;;;;;;412317.14;57314.03;;;
2022;4314027;;;;;;185970.03;28527.39;;;
2022;4314035;;;;;;134708.553;31189.76;;;
2022;4314050;;;;;;1497394.666;28763.97;;;
2022;4314068;;;;;;115483.897;29001.48;;;
2022;4314076;;;;;;253071.797;42003.62;;;
2022;4314100;;;;;;13619805.995;66043.75;;;
2022;4314134;;;;;;197857.41;92284.24;;;
2022;4314159;;;;;;261231.219;32743.95;;;
2022;4314175;;;;;;358700.158;174041.8;;;
2022;4314209;;;;;;245041.742;32742.08;;;
2022;4314308;;;;;;294044.21;78516.48;;;
2022;4314407;;;;;;11740930.051;36049.51;;;
2022;4314423;;;;;;382226.464;71430.85;;;
2022;4314456;;;;;;133617.181;45156.2;;;
2022;4314464;;;;;;285483.708;126994.53;;;
2022;4314472;;;;;;727915.323;191304.95;;;
2022;4314498;;;;;;114032.383;25117.27;;;
2022;4314506;;;;;;340023.602;30321.35;;;
2022;4314548;;;;;;69200.373;25413.28;;;
2022;4314555;;;;;;60884.769;26940.16;;;
2022;4314605;;;;;;806428.893;46076.39;;;
2022;4314704;;;;;;279419.802;26851.8;;;
2022;4314753;;;;;;154361.992;71101.79;;;
2022;4314779;;;;;;297879.005;90375.91;;;
2022;4314787;;;;;;70210.123;44577.86;;;
2022;4314803;;;;;;1543413.779;45298.6;;;
2022;4314902;;;;;;90214952.143;67699.97;;;
2022;4315008;;;;;;114412.688;26241.44;;;
2022;4315057;;;;;;69658.141;32520.14;;;
2022;4315073;;;;;;40675.04;26073.74;;;
2022;4315107;;;;;;204759.257;20603.67;;;
2022;4315131;;;;;;51514.389;29623.0;;;
2022;4315149;;;;;;294671.794;95765.94;;;
2022;4315156;;;;;;155898.74;29194.52;;;
2022;4315172;;;;;;85918.457;42428.87;;;
2022;4315206;;;;;;124597.381;33252.57;;;
2022;4315305;;;;;;588978.159;25062.9;;;
2022;4315313;;;;;;145777.692;93928.93;;;
2022;4315321;;;;;;189792.899;75705.19;;;
2022;4315354;;;;;;161878.221;41401.08;;;
2022;4315404;;;;;;186012.106;19101.67;;;
2022;4315453;;;;;;62683.35;34901.64;;;
2022;4315503;;;;;;562183.37;37631.93;;;
2022;4315552;;;;;;112293.358;39609.65;;;
2022;4315602;;;;;;13059825.401;68055.37;;;
2022;4315701;;;;;;1460422.297;42142.96;;;
2022;4315750;;;;;;147174.466;32902.85;;;
2022;4315800;;;;;;563915.95;54129.0;;;
2022;4315909;;;;;;258613.936;38865.94;;;
2022;4315958;;;;;;90147.762;39348.65;;;
2022;4316006;;;;;;822059.276;38679.68;;;
2022;4316105;;;;;;431807.87;44165.68;;;
2022;4316204;;;;;;233571.661;46798.57;;;
2022;4316303;;;;;;410043.622;62354.57;;;
2022;4316402;;;;;;1155784.518;31552.95;;;
2022;4316428;;;;;;63226.699;25494.64;;;
2022;4316436;;;;;;174882.81;67915.65;;;
2022;4316451;;;;;;844871.546;82806.19;;;
2022;4316477;;;;;;149877.902;52095.2;;;
2022;4316501;;;;;;322723.984;46914.37;;;
2022;4316600;;;;;;827815.632;50479.64;;;
2022;4316709;;;;;;981525.146;120847.72;;;
2022;4316733;;;;;;103168.044;61629.66;;;
2022;4316758;;;;;;360574.688;52355.84;;;
2022;4316808;;;;;;11189591.279;83987.02;;;
2022;4316907;;;;;;9799720.912;36077.06;;;
2022;4316956;;;;;;263463.177;41555.71;;;
2022;4316972;;;;;;248129.63;95581.52;;;
2022;4317004;;;;;;307801.774;43821.44;;;
2022;4317103;;;;;;2819393.957;33396.83;;;
2022;4317202;;;;;;4050229.739;52625.67;;;
2022;4317251;;;;;;45553.277;30267.96;;;
2022;4317301;;;;;;1602179.493;51711.57;;;
2022;4317400;;;;;;1758686.562;35937.03;;;
2022;4317509;;;;;;3062172.956;39811.39;;;
2022;4317558;;;;;;99139.64;47412.55;;;
2022;4317608;;;;;;1909247.075;44461.07;;;
2022;4317707;;;;;;374215.811;36331.63;;;
2022;4317756;;;;;;167164.047;80021.09;;;
2022;4317806;;;;;;705693.618;50762.02;;;
2022;4317905;;;;;;690812.7;45092.21;;;
2022;4317954;;;;;;97433.977;41478.92;;;
2022;4318002;;;;;;2355190.893;39466.3;;;
2022;4318051;;;;;;114438.585;41553.59;;;
2022;4318101;;;;;;487080.274;27646.74;;;
2022;4318200;;;;;;1035535.458;47299.84;;;
2022;4318309;;;;;;2430982.789;41564.5;;;
2022;4318408;;;;;;658231.971;31302.64;;;
2022;4318424;;;;;;156461.276;35073.14;;;
2022;4318432;;;;;;100561.152;37961.93;;;
2022;4318440;;;;;;105496.468;36228.18;;;
2022;4318457;;;;;;71926.351;30451.46;;;
2022;4318465;;;;;;52578.923;27644.02;;;
2022;4318481;;;;;;125767.58;28281.44;;;
2022;4318499;;;;;;185264.89;77001.2;;;
2022;4318507;;;;;;651592.737;25609.9;;;
2022;4318606;;;;;;422708.533;61853.75;;;
2022;4318614;;;;;;92819.453;40621.21;;;
2022;4318622;;;;;;150167.174;35994.05;;;
2022;4318705;;;;;;11108700.061;51095.63;;;
2022;4318804;;;;;;1625159.151;38704.4;;;
2022;4318903;;;;;;1735289.758;49933.52;;;
2022;4319000;;;;;;1215871.424;57667.97;;;
2022;4319109;;;;;;294724.977;53772.12;;;
2022;4319125;;;;;;248748.329;88146.11;;;
2022;4319158;;;;;;512975.346;72700.59;;;
2022;4319208;;;;;;171472.966;33503.9;;;
2022;4319307;;;;;;181060.055;30971.61;;;
2022;4319356;;;;;;104627.264;29489.08;;;
2022;4319364;;;;;;102130.975;58128.04;;;
2022;4319372;;;;;;128336.23;41803.33;;;
2022;4319406;;;;;;457770.117;29387.57;;;
2022;4319505;;;;;;988053.321;40447.57;;;
2022;4319604;;;;;;895943.134;42223.63;;;
2022;4319703;;;;;;117332.56;35947.48;;;
2022;4319711;;;;;;77018.554;34897.4;;;
2022;4319737;;;;;;56571.0;22245.77;;;
2022;4319752;;;;;;89106.028;39585.09;;;
2022;4319802;;;;;;646468.257;79840.47;;;
2022;4319901;;;;;;3686148.124;48727.63;;;
2022;4320008;;;;;;4378885.252;33146.5;;;
2022;4320107;;;;;;1388514.464;60763.84;;;
2022;4320206;;;;;;653026.2;54646.54;;;
2022;4320230;;;;;;112472.386;41594.82;;;
2022;4320263;;;;;;131665.356;21911.36;;;
2022;4320305;;;;;;315596.889;61796.92;;;
2022;4320321;;;;;;108602.993;40629.63;;;
2022;4320354;;;;;;150052.126;28279.71;;;
2022;4320404;;;;;;830136.314;48943.83;;;
2022;4320453;;;;;;58837.614;30313.04;;;
2022;4320503;;;;;;397349.286;71710.75;;;
2022;4320552;;;;;;338546.653;57742.91;;;
2022;4320578;;;;;;61049.08;33360.15;;;
2022;4320602;;;;;;126366.102;37101.03;;;
2022;4320651;;;;;;69071.012;32141.0;;;
2022;4320677;;;;;;197556.993;23030.66;;;
2022;4320701;;;;;;472339.869;33202.58;;;
2022;4320800;;;;;;1218857.85;40640.79;;;
2022;4320859;;;;;;157891.78;35393.81;;;
2022;4320909;;;;;;1690647.926;68845.87;;;
2022;4321006;;;;;;588432.078;55554.39;;;
2022;4321105;;;;;;550849.587;37577.57;;;
2022;4321204;;;;;;1650287.676;30995.97;;;
2022;4321303;;;;;;1018376.162;40414.96;;;
2022;4321329;;;;;;172597.589;55337.48;;;
2022;4321352;;;;;;123164.918;23631.03;;;
2022;4321402;;;;;;531864.45;36687.9;;;
2022;4321436;;;;;;317410.135;30858.46;;;
2022;4321451;;;;;;1779423.438;54255.68;;;
2022;4321469;;;;;;186236.254;57005.28;;;
2022;4321477;;;;;;156601.07;30532.48;;;
2022;4321493;;;;;;75078.123;29396.29;;;
2022;4321501;;;;;;1544810.07;37000.55;;;
2022;4321600;;;;;;1329518.584;24445.52;;;
2022;4321626;;;;;;75525.521;35095.5;;;
2022;4321634;;;;;;122485.371;47273.4;;;
2022;4321667;;;;;;337653.886;30802.22;;;
2022;4321709;;;;;;940955.385;38524.27;;;
2022;4321808;;;;;;1382580.442;55489.66;;;
2022;4321832;;;;;;65535.117;23744.61;;;
2022;4321857;;;;;;167220.606;35458.14;;;
2022;4321907;;;;;;1042890.605;41000.57;;;
2022;4321956;;;;;;350215.514;46349.33;;;
2022;4322004;;;;;;8100072.988;294569.53;;;
2022;4322103;;;;;;231815.629;41828.88;;;
2022;4322152;;;;;;94230.047;25599.03;;;
2022;4322186;;;;;;69335.288;50462.36;;;
2022;4322202;;;;;;1376718.571;68818.72;;;
2022;4322251;;;;;;492125.819;97857.59;;;
2022;4322301;;;;;;337679.968;40377.85;;;
2022;4322327;;;;;;155552.66;45496.54;;;
2022;4322343;;;;;;66301.422;33250.46;;;
2022;4322350;;;;;;61154.299;52268.63;;;
2022;4322376;;;;;;72706.03;36444.13;;;
2022;4322400;;;;;;3458296.287;29505.13;;;
2022;4322509;;;;;;3123584.676;48663.82;;;
2022;4322525;;;;;;124468.303;39513.75;;;
2022;4322533;;;;;;308990.182;32129.58;;;
2022;4322541;;;;;;236643.297;39062.94;;;
2022;4322558;;;;;;66961.193;33413.77;;;
2022;4322608;;;;;;3876144.523;56459.94;;;
2022;4322707;;;;;;879951.983;32944.66;;;
2022;4322806;;;;;;2153389.185;89646.11;;;
2022;4322855;;;;;;96634.599;53154.34;;;
2022;4322905;;;;;;180272.986;37801.0;;;
2022;4323002;;;;;;4647664.1;20737.76;;;
2022;4323101;;;;;;116894.533;25057.78;;;
2022;4323200;;;;;;183146.981;65880.21;;;
2022;4323309;;;;;;331034.417;90793.86;;;
2022;4323358;;;;;;159763.548;76846.34;;;
2022;4323408;;;;;;326670.498;74024.59;;;
2022;4323457;;;;;;158884.355;41129.78;;;
2022;4323507;;;;;;120420.117;45270.72;;;
2022;4323606;;;;;;74431.58;46812.31;;;
2022;4323705;;;;;;87314.963;31374.4;;;
2022;4323754;;;;;;80086.715;24566.48;;;
2022;4323770;;;;;;255847.242;82584.65;;;
2022;4323804;;;;;;790855.45;48038.36;;;
2022;5000203;;;;;;1718477.907;102650.85;;;
2022;5000252;;;;;;291925.709;64343.33;;;
2022;5000609;;;;;;2107400.859;53589.34;;;
2022;5000708;;;;;;964114.854;39993.15;;;
2022;5000807;;;;;;438852.733;57343.88;;;
2022;5000856;;;;;;1013830.394;94494.4;;;
2022;5000906;;;;;;917074.913;98578.41;;;
2022;5001003;;;;;;2245279.187;81133.16;;;
2022;5001102;;;;;;1341941.172;28672.12;;;
2022;5001243;;;;;;1184828.063;110237.07;;;
2022;5001508;;;;;;1076854.73;135624.02;;;
2022;5001904;;;;;;1403351.852;60933.17;;;
2022;5002001;;;;;;637225.074;59487.03;;;
2022;5002100;;;;;;1098990.963;50848.61;;;
2022;5002159;;;;;;511355.209;59688.95;;;
2022;5002209;;;;;;1312946.331;55494.58;;;
2022;5002308;;;;;;1056554.953;91247.51;;;
2022;5002407;;;;;;2000419.57;65347.56;;;
2022;5002605;;;;;;774336.426;57007.76;;;
2022;5002704;;;;;;40478598.373;45079.5;;;
2022;5002803;;;;;;218739.98;43435.26;;;
2022;5002902;;;;;;1000068.23;47649.52;;;
2022;5002951;;;;;;3540874.441;114247.55;;;
2022;5003108;;;;;;139569.867;29180.4;;;
2022;5003157;;;;;;361038.694;25495.28;;;
2022;5003207;;;;;;3858946.613;40085.46;;;
2022;5003256;;;;;;3569032.38;137075.41;;;
2022;5003306;;;;;;1273342.003;39605.05;;;
2022;5003454;;;;;;576103.418;42165.22;;;
2022;5003488;;;;;;375901.316;33864.98;;;
2022;5003504;;;;;;221683.753;39742.52;;;
2022;5003702;;;;;;17441797.712;71668.41;;;
2022;5003751;;;;;;558799.59;49077.78;;;
2022;5003801;;;;;;730287.387;35435.36;;;
2022;5003900;;;;;;161689.779;45687.98;;;
2022;5004007;;;;;;332846.667;31869.65;;;
2022;5004106;;;;;;360935.884;36315.11;;;
2022;5004304;;;;;;756245.664;54816.3;;;
2022;5004403;;;;;;474388.131;56447.9;;;
2022;5004502;;;;;;1340705.789;55545.67;;;
2022;5004601;;;;;;1232965.605;63447.0;;;
2022;5004700;;;;;;1561568.932;56129.14;;;
2022;5004809;;;;;;191238.094;23470.56;;;
2022;5004908;;;;;;777135.599;108857.77;;;
2022;5005004;;;;;;1067856.508;44529.27;;;
2022;5005103;;;;;;389893.254;108726.51;;;
2022;5005152;;;;;;388258.332;57699.26;;;
2022;5005202;;;;;;385976.003;17934.02;;;
2022;5005251;;;;;;895137.931;131657.29;;;
2022;5005400;;;;;;5775525.427;128211.1;;;
2022;5005608;;;;;;673147.281;26360.72;;;
2022;5005681;;;;;;838514.365;43688.55;;;
2022;5005707;;;;;;2882131.786;57120.55;;;
2022;5005806;;;;;;541178.652;40936.36;;;
2022;5006002;;;;;;2485637.184;113905.1;;;
2022;5006200;;;;;;3205465.966;66006.34;;;
2022;5006259;;;;;;267858.048;56737.57;;;
2022;5006275;;;;;;1545565.962;280501.99;;;
2022;5006309;;;;;;1606751.139;39230.2;;;
2022;5006358;;;;;;241040.256;18654.92;;;
2022;5006408;;;;;;390020.723;56190.85;;;
2022;5006606;;;;;;4682121.501;50883.22;;;
2022;5006903;;;;;;452837.593;35215.61;;;
2022;5007109;;;;;;2220978.387;95938.59;;;
2022;5007208;;;;;;3253726.767;86532.98;;;
2022;5007307;;;;;;157675.023;32570.75;;;
2022;5007406;;;;;;843881.055;42581.54;;;
2022;5007505;;;;;;373745.648;71887.99;;;
2022;5007554;;;;;;414091.003;58928.56;;;
2022;5007695;;;;;;3210185.14;108529.2;;;
2022;5007703;;;;;;408989.175;37201.13;;;
2022;5007802;;;;;;2961878.192;363777.72;;;
2022;5007901;;;;;;3961553.918;84077.29;;;
2022;5007935;;;;;;1492716.976;102832.53;;;
2022;5007950;;;;;;299108.802;27674.76;;;
2022;5007976;;;;;;165126.651;45552.18;;;
2022;5008008;;;;;;934247.592;52967.89;;;
2022;5008305;;;;;;13045270.751;98714.14;;;
2022;5008404;;;;;;318970.736;50342.6;;;
2022;5100102;;;;;;143255.396;28571.08;;;
2022;5100201;;;;;;2559709.277;87604.27;;;
2022;5100250;;;;;;2570691.483;43858.73;;;
2022;5100300;;;;;;1820876.291;105908.0;;;
2022;5100359;;;;;;321152.134;56951.97;;;
2022;5100409;;;;;;1382832.325;105947.93;;;
2022;5100508;;;;;;155561.559;19423.34;;;
2022;5100607;;;;;;1516365.825;139065.1;;;
2022;5100805;;;;;;256493.66;29859.56;;;
2022;5101001;;;;;;172514.331;45458.32;;;
2022;5101209;;;;;;31669.049;31355.49;;;
2022;5101258;;;;;;707293.123;47835.33;;;
2022;5101308;;;;;;270201.626;25548.57;;;
2022;5101407;;;;;;1397040.734;56730.31;;;
2022;5101605;;;;;;121805.792;16793.85;;;
2022;5101704;;;;;;1774306.7;60344.41;;;
2022;5101803;;;;;;3208205.542;46354.65;;;
2022;5101852;;;;;;1178321.009;161857.28;;;
2022;5101902;;;;;;2458069.804;144558.33;;;
2022;5102504;;;;;;2349226.542;26254.79;;;
2022;5102603;;;;;;498545.484;32484.88;;;
2022;5102637;;;;;;7304671.175;159146.63;;;
2022;5102678;;;;;;5239951.84;117527.24;;;
2022;5102686;;;;;;2919959.676;330986.13;;;
2022;5102694;;;;;;299804.873;66846.13;;;
2022;5102702;;;;;;3111500.367;120400.12;;;
2022;5102793;;;;;;373988.008;36197.06;;;
2022;5102850;;;;;;217319.05;28952.71;;;
2022;5103007;;;;;;1386947.888;73035.7;;;
2022;5103056;;;;;;1189669.249;124014.31;;;
2022;5103106;;;;;;348085.546;55962.31;;;
2022;5103205;;;;;;1544914.577;49248.15;;;
2022;5103254;;;;;;781096.541;30326.78;;;
2022;5103304;;;;;;1123198.723;61585.63;;;
2022;5103353;;;;;;1746499.396;49793.28;;;
2022;5103361;;;;;;157866.148;41985.68;;;
2022;5103379;;;;;;271309.426;24639.85;;;
2022;5103403;;;;;;34153880.873;52470.81;;;
2022;5103437;;;;;;136475.654;27835.13;;;
2022;5103452;;;;;;503914.82;71844.14;;;
2022;5103502;;;;;;5401804.75;246196.83;;;
2022;5103601;;;;;;739335.945;93919.71;;;
2022;5103700;;;;;;1209071.381;114919.82;;;
2022;5103809;;;;;;90431.16;28375.01;;;
2022;5103858;;;;;;1447641.132;167434.78;;;
2022;5103908;;;;;;595398.551;98624.9;;;
2022;5103957;;;;;;89133.734;30682.87;;;
2022;5104104;;;;;;1082920.167;34905.88;;;
2022;5104203;;;;;;748424.126;68268.19;;;
2022;5104500;;;;;;105728.889;47776.27;;;
2022;5104526;;;;;;2182478.34;279267.86;;;
2022;5104542;;;;;;816015.17;108239.18;;;
2022;5104559;;;;;;596680.765;118860.71;;;
2022;5104609;;;;;;2231709.911;182388.85;;;
2022;5104807;;;;;;1401158.577;49044.72;;;
2022;5104906;;;;;;182481.468;24573.32;;;
2022;5105002;;;;;;330595.909;39511.88;;;
2022;5105101;;;;;;1555632.678;44566.34;;;
2022;5105150;;;;;;1538462.478;33540.35;;;
2022;5105176;;;;;;304751.572;29839.57;;;
2022;5105200;;;;;;554939.165;48339.65;;;
2022;5105234;;;;;;272834.675;56959.22;;;
2022;5105259;;;;;;8003925.914;95514.52;;;
2022;5105309;;;;;;54685.774;21795.84;;;
2022;5105507;;;;;;733511.918;43729.1;;;
2022;5105580;;;;;;949767.637;83334.88;;;
2022;5105606;;;;;;1625931.874;80928.37;;;
2022;5105622;;;;;;1025802.055;38297.63;;;
2022;5105903;;;;;;1181390.535;76258.1;;;
2022;5106000;;;;;;344518.044;57843.86;;;
2022;5106109;;;;;;375822.088;29043.44;;;
2022;5106158;;;;;;404640.654;29676.62;;;
2022;5106174;;;;;;182489.433;43449.86;;;
2022;5106182;;;;;;390804.946;58591.45;;;
2022;5106190;;;;;;446336.481;105292.87;;;
2022;5106208;;;;;;150092.31;38172.0;;;
2022;5106216;;;;;;972702.302;83087.24;;;
2022;5106224;;;;;;7464906.445;134145.1;;;
2022;5106232;;;;;;925054.415;56571.33;;;
2022;5106240;;;;;;3432071.104;298492.88;;;
2022;5106257;;;;;;1029677.323;42295.23;;;
2022;5106265;;;;;;593945.382;91095.92;;;
2022;5106273;;;;;;97560.756;29131.31;;;
2022;5106281;;;;;;1070881.814;154774.07;;;
2022;5106299;;;;;;756270.34;64799.1;;;
2022;5106307;;;;;;2601145.652;98442.48;;;
2022;5106315;;;;;;64418.659;31969.56;;;
2022;5106372;;;;;;1462612.57;80959.4;;;
2022;5106422;;;;;;995051.453;30416.69;;;
2022;5106455;;;;;;314833.539;99442.05;;;
2022;5106505;;;;;;814582.28;26094.19;;;
2022;5106653;;;;;;135251.269;19511.15;;;
2022;5106703;;;;;;38418.307;19132.62;;;
2022;5106752;;;;;;2278640.05;43804.84;;;
2022;5106778;;;;;;655064.81;47245.93;;;
2022;5106802;;;;;;1550521.395;277225.35;;;
2022;5106828;;;;;;273512.508;26804.44;;;
2022;5106851;;;;;;87759.57;27220.71;;;
2022;5107008;;;;;;1203312.262;51682.01;;;
2022;5107040;;;;;;7988768.588;93824.36;;;
2022;5107065;;;;;;3909819.744;146057.74;;;
2022;5107107;;;;;;471805.008;26433.13;;;
2022;5107156;;;;;;46372.448;21853.18;;;
2022;5107180;;;;;;801786.136;81021.23;;;
2022;5107198;;;;;;199827.921;77064.37;;;
2022;5107206;;;;;;110386.844;24341.09;;;
2022;5107248;;;;;;1176355.09;218897.49;;;
2022;5107263;;;;;;169626.528;67338.84;;;
2022;5107297;;;;;;62481.845;21732.82;;;
2022;5107305;;;;;;1634358.297;109681.12;;;
2022;5107354;;;;;;1039023.173;174186.62;;;
2022;5107404;;;;;;77884.424;18583.73;;;
2022;5107578;;;;;;126017.877;35953.75;;;
2022;5107602;;;;;;15869901.809;64802.35;;;
2022;5107701;;;;;;568249.924;36772.79;;;
2022;5107743;;;;;;334644.542;125758.94;;;
2022;5107750;;;;;;100559.957;27333.5;;;
2022;5107768;;;;;;1409325.043;430196.9;;;
2022;5107776;;;;;;320969.819;42255.11;;;
2022;5107792;;;;;;1165372.197;284306.46;;;
2022;5107800;;;;;;803331.629;52691.3;;;
2022;5107859;;;;;;2172963.182;159635.85;;;
2022;5107875;;;;;;5842522.682;201856.09;;;
2022;5107883;;;;;;127711.853;70951.03;;;
2022;5107909;;;;;;11650410.624;59420.56;;;
2022;5107925;;;;;;14387658.447;130046.17;;;
2022;5107941;;;;;;1660090.209;169189.79;;;
2022;5107958;;;;;;4811645.857;45207.79;;;
2022;5108006;;;;;;2367328.008;164740.99;;;
2022;5108055;;;;;;526159.362;49562.86;;;
2022;5108105;;;;;;329491.591;108922.84;;;
2022;5108204;;;;;;275070.69;66059.24;;;
2022;5108303;;;;;;611917.423;159436.54;;;
2022;5108352;;;;;;102217.28;35198.79;;;
2022;5108402;;;;;;11559595.778;38599.92;;;
2022;5108501;;;;;;1476865.03;115380.08;;;
2022;5108600;;;;;;889825.447;44741.83;;;
2022;5108808;;;;;;202282.701;44089.52;;;
2022;5108857;;;;;;651211.993;184531.59;;;
2022;5108907;;;;;;1256417.607;214919.19;;;
2022;5108956;;;;;;368306.762;44304.92;;;
2022;5200050;;;;;;405353.071;21191.61;;;
2022;5200100;;;;;;544311.583;31594.59;;;
2022;5200134;;;;;;1456802.819;67544.64;;;
2022;5200159;;;;;;53664.318;23362.79;;;
2022;5200175;;;;;;616436.524;124432.08;;;
2022;5200209;;;;;;66332.045;35835.79;;;
2022;5200258;;;;;;2814336.754;12470.97;;;
2022;5200308;;;;;;1493904.867;55313.42;;;
2022;5200506;;;;;;78700.887;39888.94;;;
2022;5200555;;;;;;737307.708;121427.49;;;
2022;5200605;;;;;;402805.285;39114.9;;;
2022;5200803;;;;;;209335.193;24785.13;;;
2022;5200829;;;;;;110397.999;33781.52;;;
2022;5200852;;;;;;97738.099;18584.92;;;
2022;5200902;;;;;;130087.048;43261.41;;;
2022;5201108;;;;;;19393187.192;48626.78;;;
2022;5201207;;;;;;23036.841;24931.65;;;
2022;5201306;;;;;;729132.843;39406.2;;;
2022;5201405;;;;;;19197775.557;36390.44;;;
2022;5201454;;;;;;133887.988;46057.1;;;
2022;5201504;;;;;;574539.343;132841.47;;;
2022;5201603;;;;;;79947.175;21044.27;;;
2022;5201702;;;;;;316671.343;17219.76;;;
2022;5201801;;;;;;215372.755;18113.77;;;
2022;5202155;;;;;;220783.813;30865.9;;;
2022;5202353;;;;;;244356.721;82945.25;;;
2022;5202502;;;;;;353548.739;42596.23;;;
2022;5202601;;;;;;88516.95;26954.0;;;
2022;5202809;;;;;;86600.4;30195.4;;;
2022;5203104;;;;;;140014.315;41782.85;;;
2022;5203203;;;;;;2308282.593;222570.88;;;
2022;5203302;;;;;;1776808.226;51583.92;;;
2022;5203401;;;;;;370230.82;47307.8;;;
2022;5203500;;;;;;1694251.774;70717.58;;;
2022;5203559;;;;;;135488.727;13159.36;;;
2022;5203575;;;;;;320197.561;97058.98;;;
2022;5203609;;;;;;100987.04;25297.35;;;
2022;5203807;;;;;;249703.959;43846.17;;;
2022;5203906;;;;;;543167.311;51754.87;;;
2022;5203939;;;;;;63515.074;23248.56;;;
2022;5203962;;;;;;87658.154;27872.23;;;
2022;5204003;;;;;;582979.445;77113.68;;;
2022;5204102;;;;;;336767.673;29251.08;;;
2022;5204201;;;;;;40829.831;29060.38;;;
2022;5204250;;;;;;987681.911;126918.78;;;
2022;5204300;;;;;;997749.754;72437.18;;;
2022;5204409;;;;;;1026341.538;62176.14;;;
2022;5204508;;;;;;3407344.795;34549.54;;;
2022;5204557;;;;;;93320.606;20705.7;;;
2022;5204607;;;;;;78141.438;20809.97;;;
2022;5204656;;;;;;122479.709;33031.21;;;
2022;5204706;;;;;;402543.172;32177.71;;;
2022;5204805;;;;;;898584.752;121070.43;;;
2022;5204854;;;;;;190039.805;23516.87;;;
2022;5204904;;;;;;365495.172;20184.18;;;
2022;5204953;;;;;;71227.863;17784.73;;;
2022;5205000;;;;;;656878.088;67649.65;;;
2022;5205059;;;;;;111742.623;37434.71;;;
2022;5205109;;;;;;11139336.93;97348.85;;;
2022;5205208;;;;;;109159.967;21057.09;;;
2022;5205307;;;;;;368132.313;38391.11;;;
2022;5205406;;;;;;846103.872;38379.02;;;
2022;5205455;;;;;;529151.353;65408.08;;;
2022;5205471;;;;;;3144083.059;244295.5;;;
2022;5205497;;;;;;1207175.008;13154.78;;;
2022;5205513;;;;;;500549.323;20009.17;;;
2022;5205521;;;;;;87147.35;21624.65;;;
2022;5205703;;;;;;77066.134;31404.29;;;
2022;5205802;;;;;;281208.77;26624.58;;;
2022;5205901;;;;;;864715.715;94360.07;;;
2022;5206206;;;;;;5747945.855;92337.96;;;
2022;5206305;;;;;;134766.364;38460.72;;;
2022;5206404;;;;;;613757.266;35965.85;;;
2022;5206503;;;;;;130555.221;33622.26;;;
2022;5206602;;;;;;100191.901;34230.24;;;
2022;5206701;;;;;;51962.425;13783.14;;;
2022;5206800;;;;;;54855.886;20137.99;;;
2022;5206909;;;;;;484725.251;254850.29;;;
2022;5207105;;;;;;128987.146;62554.39;;;
2022;5207253;;;;;;452890.404;65107.88;;;
2022;5207352;;;;;;532334.984;133050.48;;;
2022;5207402;;;;;;1197314.415;101925.12;;;
2022;5207501;;;;;;85988.785;26829.57;;;
2022;5207535;;;;;;184745.219;26130.87;;;
2022;5207600;;;;;;184038.88;31315.11;;;
2022;5207808;;;;;;321738.17;30879.95;;;
2022;5207907;;;;;;257902.106;18764.71;;;
2022;5208004;;;;;;3836842.423;33170.88;;;
2022;5208103;;;;;;121774.719;26131.91;;;
2022;5208152;;;;;;327275.192;94697.68;;;
2022;5208301;;;;;;105752.267;23727.23;;;
2022;5208400;;;;;;338710.354;24250.76;;;
2022;5208509;;;;;;185998.593;37439.33;;;
2022;5208608;;;;;;2340498.656;31753.66;;;
2022;5208707;;;;;;66273858.302;46111.99;;;
2022;5208806;;;;;;1465103.202;20372.42;;;
2022;5208905;;;;;;760982.127;31614.06;;;
2022;5209101;;;;;;2732049.442;76637.48;;;
2022;5209150;;;;;;283452.762;64567.83;;;
2022;5209200;;;;;;448765.391;22960.62;;;
2022;5209291;;;;;;55037.506;25154.25;;;
2022;5209408;;;;;;91930.952;22504.52;;;
2022;5209457;;;;;;72418.781;33511.7;;;
2022;5209606;;;;;;85602.387;25522.48;;;
2022;5209705;;;;;;1479824.962;53344.33;;;
2022;5209804;;;;;;102502.908;28914.78;;;
2022;5209903;;;;;;230099.27;21740.29;;;
2022;5209937;;;;;;404147.344;67878.29;;;
2022;5209952;;;;;;782636.688;45872.85;;;
2022;5210000;;;;;;1717480.219;32899.4;;;
2022;5210109;;;;;;2858914.471;111903.65;;;
2022;5210158;;;;;;95533.846;32728.28;;;
2022;5210208;;;;;;1098898.322;30795.27;;;
2022;5210307;;;;;;82656.196;32287.58;;;
2022;5210406;;;;;;2164544.348;48387.01;;;
2022;5210562;;;;;;121328.596;24446.62;;;
2022;5210604;;;;;;110283.859;22488.55;;;
2022;5210802;;;;;;139352.103;31815.55;;;
2022;5210901;;;;;;631233.575;29934.73;;;
2022;5211008;;;;;;274553.465;34310.61;;;
2022;5211206;;;;;;670131.038;25662.74;;;
2022;5211305;;;;;;365932.914;59979.17;;;
2022;5211404;;;;;;301870.783;39021.56;;;
2022;5211503;;;;;;6509932.893;60293.9;;;
2022;5211602;;;;;;151242.58;56161.37;;;
2022;5211701;;;;;;502063.495;80048.39;;;
2022;5211800;;;;;;1067820.52;23612.33;;;
2022;5211909;;;;;;10563395.435;99910.1;;;
2022;5212006;;;;;;105007.762;35912.37;;;
2022;5212055;;;;;;44293.838;20863.8;;;
2022;5212105;;;;;;462961.839;64668.51;;;
2022;5212204;;;;;;838117.328;42706.62;;;
2022;5212253;;;;;;58208.511;41876.63;;;
2022;5212303;;;;;;380977.004;43565.12;;;
2022;5212501;;;;;;6279118.653;30083.21;;;
2022;5212600;;;;;;96453.525;37662.45;;;
2022;5212709;;;;;;124921.498;15376.85;;;
2022;5212808;;;;;;344860.172;32229.92;;;
2022;5212907;;;;;;73425.118;26622.6;;;
2022;5212956;;;;;;210834.774;52161.0;;;
2022;5213004;;;;;;367298.173;35646.17;;;
2022;5213053;;;;;;252300.439;96518.91;;;
2022;5213087;;;;;;1104593.957;40797.56;;;
2022;5213103;;;;;;4410757.38;62945.18;;;
2022;5213400;;;;;;56827.549;33725.55;;;
2022;5213509;;;;;;132507.59;19800.9;;;
2022;5213707;;;;;;791210.667;90362.11;;;
2022;5213756;;;;;;1836670.451;146687.2;;;
2022;5213772;;;;;;119244.804;31554.59;;;
2022;5213806;;;;;;2416416.234;47056.85;;;
2022;5213855;;;;;;62113.369;25290.46;;;
2022;5213905;;;;;;176662.627;37959.31;;;
2022;5214002;;;;;;948329.378;64293.52;;;
2022;5214051;;;;;;218703.539;35337.46;;;
2022;5214101;;;;;;92785.768;26034.17;;;
2022;5214408;;;;;;338764.118;41368.19;;;
2022;5214507;;;;;;1268862.829;39736.4;;;
2022;5214606;;;;;;1345073.979;38470.25;;;
2022;5214705;;;;;;57608.308;24650.54;;;
2022;5214804;;;;;;61260.382;29157.73;;;
2022;5214838;;;;;;837462.015;65350.14;;;
2022;5214861;;;;;;211782.536;25485.26;;;
2022;5214879;;;;;;63644.326;21144.29;;;
2022;5214903;;;;;;71050.705;23098.41;;;
2022;5215009;;;;;;225168.255;23749.42;;;
2022;5215207;;;;;;91491.575;25940.34;;;
2022;5215231;;;;;;1225872.724;11809.49;;;
2022;5215256;;;;;;218000.478;58665.36;;;
2022;5215306;;;;;;1078348.155;65756.95;;;
2022;5215405;;;;;;143082.62;35268.08;;;
2022;5215504;;;;;;547735.093;76074.32;;;
2022;5215603;;;;;;1268685.105;36282.35;;;
2022;5215652;;;;;;194265.501;62026.02;;;
2022;5215702;;;;;;2058422.843;64612.43;;;
2022;5215801;;;;;;61056.578;27028.14;;;
2022;5215900;;;;;;226657.4;58856.76;;;
2022;5216007;;;;;;162077.061;66019.17;;;
2022;5216304;;;;;;303870.48;39946.17;;;
2022;5216403;;;;;;2257148.46;211759.87;;;
2022;5216452;;;;;;806453.901;272082.96;;;
2022;5216809;;;;;;196907.243;20569.02;;;
2022;5216908;;;;;;150441.986;64622.85;;;
2022;5217104;;;;;;1553629.93;62437.4;;;
2022;5217203;;;;;;867467.413;74066.55;;;
2022;5217302;;;;;;723535.275;27108.85;;;
2022;5217401;;;;;;1665447.864;51445.58;;;
2022;5217609;;;;;;1847268.592;17587.84;;;
2022;5217708;;;;;;825563.547;45090.59;;;
2022;5218003;;;;;;2114318.928;47708.98;;;
2022;5218052;;;;;;432393.434;106239.17;;;
2022;5218102;;;;;;419209.526;127807.78;;;
2022;5218300;;;;;;848353.453;24298.37;;;
2022;5218391;;;;;;79955.586;21911.64;;;
2022;5218508;;;;;;2849824.397;58823.55;;;
2022;5218607;;;;;;377773.292;31054.11;;;
2022;5218706;;;;;;100217.012;25180.15;;;
2022;5218789;;;;;;444583.646;115057.88;;;
2022;5218805;;;;;;21534362.295;95413.13;;;
2022;5218904;;;;;;716388.96;36203.2;;;
2022;5219001;;;;;;280545.339;35431.34;;;
2022;5219100;;;;;;178422.776;29016.55;;;
2022;5219209;;;;;;320516.744;106767.74;;;
2022;5219258;;;;;;336798.348;68026.33;;;
2022;5219308;;;;;;2215719.802;57563.12;;;
2022;5219357;;;;;;157237.674;44442.53;;;
2022;5219407;;;;;;191288.698;32274.12;;;
2022;5219456;;;;;;185961.811;69156.49;;;
2022;5219506;;;;;;73250.478;25975.35;;;
2022;5219605;;;;;;109189.717;33158.13;;;
2022;5219704;;;;;;216145.871;20304.92;;;
2022;5219712;;;;;;348988.32;81787.75;;;
2022;5219738;;;;;;161394.021;21851.34;;;
2022;5219753;;;;;;887443.114;12302.7;;;
2022;5219803;;;;;;203081.316;20912.5;;;
2022;5219902;;;;;;142561.833;22352.12;;;
2022;5220009;;;;;;681974.181;48768.18;;;
2022;5220058;;;;;;158221.162;89188.93;;;
2022;5220108;;;;;;1887337.082;55752.6;;;
2022;5220157;;;;;;207647.842;42929.06;;;
2022;5220207;;;;;;782339.28;35723.25;;;
2022;5220264;;;;;;360021.051;80649.88;;;
2022;5220280;;;;;;60325.626;28150.08;;;
2022;5220405;;;;;;1477387.412;86803.02;;;
2022;5220454;;;;;;5809312.264;37326.52;;;
2022;5220504;;;;;;832893.045;103761.44;;;
2022;5220603;;;;;;1548586.064;69615.02;;;
2022;5220686;;;;;;232071.211;40416.44;;;
2022;5220702;;;;;;106619.358;36426.16;;;
2022;5221007;;;;;;97546.097;24229.04;;;
2022;5221080;;;;;;41892.046;15509.83;;;
2022;5221197;;;;;;236517.992;29773.16;;;
2022;5221304;;;;;;71370.623;24433.63;;;
2022;5221403;;;;;;3228070.663;22664.1;;;
2022;5221452;;;;;;72682.932;23295.81;;;
2022;5221502;;;;;;371443.118;82911.41;;;
2022;5221551;;;;;;810934.848;162674.99;;;
2022;5221577;;;;;;78043.504;27892.6;;;
2022;5221601;;;;;;1495648.509;35153.68;;;
2022;5221700;;;;;;350884.58;25557.91;;;
2022;5221809;;;;;;165092.745;46465.73;;;
2022;5221858;;;;;;3278278.724;16485.28;;;
2022;5221908;;;;;;117653.056;31661.21;;;
2022;5222005;;;;;;960671.807;64233.2;;;
2022;5222054;;;;;;720443.625;82167.38;;;
2022;5222203;;;;;;194802.597;46216.51;;;
2022;5222302;;;;;;457512.121;78677.92;;;
2022;5300108;;;;;;328789563.027;116713.39;;;
2023;1100015;;;;;;1046342.546;48680.68;;;
2023;1100023;;;;;;4383815.338;45271.91;;;
2023;1100031;;;;;;300832.108;56219.79;;;
2023;1100049;;;;;;3848467.896;44292.79;;;
2023;1100056;;;;;;1006389.44;63334.77;;;
2023;1100064;;;;;;580898.591;37087.31;;;
2023;1100072;;;;;;509565.719;67770.41;;;
2023;1100080;;;;;;413942.952;32782.37;;;
2023;1100098;;;;;;1023972.935;34812.43;;;
2023;1100106;;;;;;1145033.649;29071.36;;;
2023;1100114;;;;;;2515557.725;49723.42;;;
2023;1100122;;;;;;5824472.224;46845.75;;;
2023;1100130;;;;;;1055806.05;34383.24;;;
2023;1100148;;;;;;731951.76;46683.57;;;
2023;1100155;;;;;;1275478.843;36396.5;;;
2023;1100189;;;;;;2124340.165;60558.74;;;
2023;1100205;;;;;;25402193.434;55170.11;;;
2023;1100254;;;;;;776280.726;40165.61;;;
2023;1100262;;;;;;265160.116;76393.0;;;
2023;1100288;;;;;;2287630.996;40556.52;;;
2023;1100296;;;;;;291886.731;39343.14;;;
2023;1100304;;;;;;5115785.079;53382.85;;;
2023;1100320;;;;;;1549191.677;74674.23;;;
2023;1100338;;;;;;1060566.252;41682.37;;;
2023;1100346;;;;;;486626.485;37098.92;;;
2023;1100379;;;;;;575129.366;50102.74;;;
2023;1100403;;;;;;667923.438;40926.68;;;
2023;1100452;;;;;;1221007.917;43619.89;;;
2023;1100502;;;;;;331958.408;43297.04;;;
2023;1100601;;;;;;238989.35;57587.8;;;
2023;1100700;;;;;;455251.255;51475.72;;;
2023;1100809;;;;;;1001610.328;44895.13;;;
2023;1100908;;;;;;138594.311;42868.64;;;
2023;1100924;;;;;;673989.845;72285.48;;;
2023;1100940;;;;;;582148.186;39167.61;;;
2023;1101005;;;;;;320123.46;40010.43;;;
2023;1101104;;;;;;340162.494;39794.4;;;
2023;1101203;;;;;;440281.632;68091.81;;;
2023;1101302;;;;;;380178.709;41167.16;;;
2023;1101401;;;;;;526989.791;45634.72;;;
2023;1101435;;;;;;193556.525;31218.79;;;
2023;1101450;;;;;;201510.402;48851.01;;;
2023;1101468;;;;;;355185.198;164742.67;;;
2023;1101476;;;;;;131192.932;42650.5;;;
2023;1101484;;;;;;177906.434;33835.38;;;
2023;1101492;;;;;;716410.56;43989.35;;;
2023;1101500;;;;;;446996.914;37064.42;;;
2023;1101559;;;;;;156426.033;36754.24;;;
2023;1101609;;;;;;307753.834;37933.42;;;
2023;1101708;;;;;;370213.664;34518.76;;;
2023;1101757;;;;;;257310.753;33039.39;;;
2023;1101807;;;;;;225187.419;34756.51;;;
2023;1200013;;;;;;502663.016;35850.73;;;
2023;1200054;;;;;;187366.498;23131.67;;;
2023;1200104;;;;;;929800.488;35761.56;;;
2023;1200138;;;;;;365418.786;28289.76;;;
2023;1200179;;;;;;530656.841;51063.98;;;
2023;1200203;;;;;;2680143.051;29167.5;;;
2023;1200252;;;;;;793426.711;42300.3;;;
2023;1200302;;;;;;741343.805;20926.55;;;
2023;1200328;;;;;;150648.095;16335.73;;;
2023;1200336;;;;;;339224.183;17581.85;;;
2023;1200344;;;;;;262614.03;21891.8;;;
2023;1200351;;;;;;288045.144;16851.64;;;
2023;1200385;;;;;;764818.375;46184.68;;;
2023;1200393;;;;;;200511.946;18678.34;;;
2023;1200401;;;;;;12960965.992;35533.25;;;
2023;1200427;;;;;;293645.129;19657.59;;;
2023;1200435;;;;;;124069.582;18454.5;;;
2023;1200450;;;;;;1111820.541;51823.46;;;
2023;1200500;;;;;;972647.74;23526.3;;;
2023;1200609;;;;;;932079.699;21443.39;;;
2023;1200708;;;;;;626025.729;34315.94;;;
2023;1200807;;;;;;533385.984;31952.67;;;
2023;1300029;;;;;;242584.495;15289.58;;;
2023;1300060;;;;;;134731.625;12453.24;;;
2023;1300086;;;;;;154694.426;15528.45;;;
2023;1300102;;;;;;297170.704;17283.4;;;
2023;1300144;;;;;;386133.301;18701.67;;;
2023;1300201;;;;;;206768.902;13501.95;;;
2023;1300300;;;;;;584989.752;14074.43;;;
2023;1300409;;;;;;242100.261;12854.43;;;
2023;1300508;;;;;;398068.438;12819.83;;;
2023;1300607;;;;;;469445.192;12469.33;;;
2023;1300631;;;;;;262120.815;12651.84;;;
2023;1300680;;;;;;243779.045;10249.28;;;
2023;1300706;;;;;;661734.76;18668.29;;;
2023;1300805;;;;;;435683.804;13170.61;;;
2023;1300839;;;;;;219111.532;16267.84;;;
2023;1300904;;;;;;208247.373;12344.97;;;
2023;1301001;;;;;;433322.221;15076.27;;;
2023;1301100;;;;;;436682.175;14181.68;;;
2023;1301159;;;;;;418937.788;21334.1;;;
2023;1301209;;;;;;3893678.738;55138.76;;;
2023;1301308;;;;;;637712.807;27080.25;;;
2023;1301407;;;;;;683640.161;20610.19;;;
2023;1301506;;;;;;236123.505;13739.29;;;
2023;1301605;;;;;;324328.59;12536.38;;;
2023;1301654;;;;;;184646.312;13365.64;;;
2023;1301704;;;;;;926065.113;16113.05;;;
2023;1301803;;;;;;247844.484;10194.75;;;
2023;1301852;;;;;;1263495.864;20657.85;;;
2023;1301902;;;;;;3321936.455;32065.64;;;
2023;1301951;;;;;;161776.815;14791.7;;;
2023;1302009;;;;;;196557.472;19342.4;;;
2023;1302108;;;;;;145336.66;16407.39;;;
2023;1302207;;;;;;147949.792;13773.02;;;
2023;1302306;;;;;;394549.656;15674.15;;;
2023;1302405;;;;;;742982.105;16347.96;;;
2023;1302504;;;;;;1917412.717;18819.75;;;
2023;1302553;;;;;;303946.71;17767.39;;;
2023;1302603;;;;;;127649795.492;61855.15;;;
2023;1302702;;;;;;926409.799;17183.1;;;
2023;1302801;;;;;;202680.119;13051.72;;;
2023;1302900;;;;;;695906.555;11370.28;;;
2023;1303007;;;;;;239730.567;11905.57;;;
2023;1303106;;;;;;354692.767;13106.67;;;
2023;1303205;;;;;;243315.684;15437.83;;;
2023;1303304;;;;;;311736.687;13088.28;;;
2023;1303403;;;;;;1656948.637;17193.26;;;
2023;1303502;;;;;;237839.168;12276.84;;;
2023;1303536;;;;;;730302.557;23813.18;;;
2023;1303569;;;;;;495857.75;19885.22;;;
2023;1303601;;;;;;197856.988;13969.01;;;
2023;1303700;;;;;;354277.121;12558.12;;;
2023;1303809;;;;;;584408.814;11283.11;;;
2023;1303908;;;;;;358400.311;10871.49;;;
2023;1303957;;;;;;145515.482;12469.19;;;
2023;1304005;;;;;;434235.288;37566.86;;;
2023;1304062;;;;;;849680.832;12726.63;;;
2023;1304104;;;;;;318010.207;16225.84;;;
2023;1304203;;;;;;1619516.978;21983.7;;;
2023;1304237;;;;;;214602.356;11149.91;;;
2023;1304260;;;;;;265245.826;18380.28;;;
2023;1304302;;;;;;244546.903;13125.81;;;
2023;1304401;;;;;;297172.948;12410.65;;;
2023;1400027;;;;;;329099.885;23630.35;;;
2023;1400050;;;;;;802540.265;38042.3;;;
2023;1400100;;;;;;18234168.562;44098.64;;;
2023;1400159;;;;;;772903.212;55512.69;;;
2023;1400175;;;;;;498394.212;26677.78;;;
2023;1400209;;;;;;637454.154;30417.24;;;
2023;1400233;;;;;;317377.066;29783.88;;;
2023;1400282;;;;;;279559.465;27891.8;;;
2023;1400308;;;;;;552044.224;30508.11;;;
2023;1400407;;;;;;370956.111;26523.39;;;
2023;1400456;;;;;;447420.649;23176.41;;;
2023;1400472;;;;;;981040.451;30049.94;;;
2023;1400506;;;;;;425809.496;48070.61;;;
2023;1400605;;;;;;221584.508;30291.8;;;
2023;1400704;;;;;;254452.849;18504.32;;;
2023;1500107;;;;;;2441092.172;15431.59;;;
2023;1500131;;;;;;131077.033;21361.97;;;
2023;1500206;;;;;;2111467.04;35773.63;;;
2023;1500305;;;;;;665557.288;17623.65;;;
2023;1500347;;;;;;1047225.878;57921.79;;;
2023;1500404;;;;;;1578583.75;22753.7;;;
2023;1500503;;;;;;593847.2;17323.43;;;
2023;1500602;;;;;;3887893.813;30788.13;;;
2023;1500701;;;;;;370837.756;13239.0;;;
2023;1500800;;;;;;11473897.449;23964.96;;;
2023;1500859;;;;;;715999.089;22480.35;;;
2023;1500909;;;;;;490156.571;10996.71;;;
2023;1500958;;;;;;390415.051;16421.93;;;
2023;1501006;;;;;;228317.168;12483.17;;;
2023;1501105;;;;;;329848.074;10342.66;;;
2023;1501204;;;;;;799362.814;15479.23;;;
2023;1501253;;;;;;153994.721;38202.61;;;
2023;1501303;;;;;;9190032.788;72562.44;;;
2023;1501402;;;;;;40536061.655;31100.18;;;
2023;1501451;;;;;;352843.834;19495.21;;;
2023;1501501;;;;;;3338144.875;52513.8;;;
2023;1501576;;;;;;336973.823;18715.57;;;
2023;1501600;;;;;;147258.247;11666.79;;;
2023;1501709;;;;;;1977329.959;16065.14;;;
2023;1501725;;;;;;517482.03;20935.43;;;
2023;1501758;;;;;;143221.297;21114.74;;;
2023;1501782;;;;;;802220.696;17549.46;;;
2023;1501808;;;;;;1515249.515;14165.45;;;
2023;1501907;;;;;;688319.814;28229.5;;;
2023;1501956;;;;;;237908.343;12119.63;;;
2023;1502004;;;;;;354702.357;14790.97;;;
2023;1502103;;;;;;1901552.871;14171.23;;;
2023;1502152;;;;;;16621560.0;215643.17;;;
2023;1502202;;;;;;1883282.118;26753.45;;;
2023;1502301;;;;;;900134.035;15929.88;;;
2023;1502400;;;;;;6318090.753;32862.91;;;
2023;1502509;;;;;;331189.508;15955.56;;;
2023;1502608;;;;;;136193.895;10583.92;;;
2023;1502707;;;;;;985296.16;22083.42;;;
2023;1502756;;;;;;520831.786;19375.46;;;
2023;1502764;;;;;;479032.2;34128.83;;;
2023;1502772;;;;;;737805.926;36982.75;;;
2023;1502806;;;;;;396832.058;11704.92;;;
2023;1502855;;;;;;192167.955;13612.52;;;
2023;1502905;;;;;;485458.161;11765.26;;;
2023;1502939;;;;;;1332437.358;22782.94;;;
2023;1502954;;;;;;736063.654;26108.95;;;
2023;1503002;;;;;;102051.794;11692.46;;;
2023;1503044;;;;;;657024.636;36709.39;;;
2023;1503077;;;;;;426846.806;17279.15;;;
2023;1503093;;;;;;595811.202;22601.14;;;
2023;1503101;;;;;;489496.626;15399.76;;;
2023;1503200;;;;;;599285.535;16741.22;;;
2023;1503309;;;;;;1021946.299;15763.24;;;
2023;1503408;;;;;;230529.658;22327.33;;;
2023;1503457;;;;;;612706.967;20202.02;;;
2023;1503507;;;;;;377734.549;12202.7;;;
2023;1503606;;;;;;3806020.448;30864.46;;;
2023;1503705;;;;;;979791.945;19692.73;;;
2023;1503754;;;;;;732418.403;30464.12;;;
2023;1503804;;;;;;800237.449;21222.52;;;
2023;1503903;;;;;;1184841.849;23286.53;;;
2023;1504000;;;;;;601991.05;20358.86;;;
2023;1504059;;;;;;488399.85;14217.09;;;
2023;1504109;;;;;;121850.919;15015.52;;;
2023;1504208;;;;;;9748964.708;36576.95;;;
2023;1504307;;;;;;361785.781;13930.38;;;
2023;1504406;;;;;;333940.999;12566.93;;;
2023;1504422;;;;;;2780522.03;24873.84;;;
2023;1504455;;;;;;1140468.562;42093.03;;;
2023;1504505;;;;;;347498.563;12463.63;;;
2023;1504604;;;;;;480359.837;17661.59;;;
2023;1504703;;;;;;2156272.999;25641.22;;;
2023;1504752;;;;;;457250.562;19456.64;;;
2023;1504802;;;;;;1227318.864;20451.22;;;
2023;1504901;;;;;;464374.317;10235.72;;;
2023;1504950;;;;;;334512.049;16335.19;;;
2023;1504976;;;;;;231145.29;16563.62;;;
2023;1505007;;;;;;185076.503;14452.33;;;
2023;1505031;;;;;;1541047.549;45812.7;;;
2023;1505064;;;;;;1406400.148;23157.48;;;
2023;1505106;;;;;;921982.054;17652.68;;;
2023;1505205;;;;;;535992.102;15837.14;;;
2023;1505304;;;;;;1739412.002;25469.47;;;
2023;1505403;;;;;;279080.616;15630.39;;;
2023;1505437;;;;;;1053014.288;32433.37;;;
2023;1505486;;;;;;1114327.561;27114.57;;;
2023;1505494;;;;;;127592.48;18531.95;;;
2023;1505502;;;;;;5308605.056;50294.69;;;
2023;1505536;;;;;;26421066.668;98646.44;;;
2023;1505551;;;;;;153520.962;22149.9;;;
2023;1505601;;;;;;100656.898;12149.29;;;
2023;1505635;;;;;;361690.008;28186.57;;;
2023;1505650;;;;;;491401.617;26323.21;;;
2023;1505700;;;;;;313391.742;12543.7;;;
2023;1505809;;;;;;1153539.866;18455.75;;;
2023;1505908;;;;;;507177.479;12492.98;;;
2023;1506005;;;;;;548886.134;15428.12;;;
2023;1506104;;;;;;564056.454;51981.98;;;
2023;1506112;;;;;;147129.344;12767.21;;;
2023;1506138;;;;;;3681706.091;43012.09;;;
2023;1506161;;;;;;1007362.504;54795.61;;;
2023;1506187;;;;;;1083238.556;20383.47;;;
2023;1506195;;;;;;605553.853;16929.57;;;
2023;1506203;;;;;;802287.288;17919.4;;;
2023;1506302;;;;;;270697.647;11218.77;;;
2023;1506351;;;;;;300183.818;14235.49;;;
2023;1506401;;;;;;115244.936;15479.51;;;
2023;1506500;;;;;;1828145.396;25036.57;;;
2023;1506559;;;;;;258360.428;12683.38;;;
2023;1506583;;;;;;943385.78;57009.05;;;
2023;1506609;;;;;;570081.228;23151.45;;;
2023;1506708;;;;;;1978254.119;61032.74;;;
2023;1506807;;;;;;8681869.363;26154.78;;;
2023;1506906;;;;;;81217.033;13279.44;;;
2023;1507003;;;;;;687291.27;25027.9;;;
2023;1507102;;;;;;241828.535;14510.29;;;
2023;1507151;;;;;;490028.822;23232.92;;;
2023;1507201;;;;;;654079.167;21375.83;;;
2023;1507300;;;;;;2352014.458;35953.63;;;
2023;1507409;;;;;;359790.379;24156.73;;;
2023;1507458;;;;;;1028624.529;42408.76;;;
2023;1507466;;;;;;79286.72;17897.68;;;
2023;1507474;;;;;;232878.224;11256.14;;;
2023;1507508;;;;;;235495.215;17234.72;;;
2023;1507607;;;;;;1132578.033;21412.22;;;
2023;1507706;;;;;;309742.598;12079.03;;;
2023;1507755;;;;;;172700.146;29536.54;;;
2023;1507805;;;;;;341243.519;15115.32;;;
2023;1507904;;;;;;338748.476;13995.56;;;
2023;1507953;;;;;;2023567.633;27913.97;;;
2023;1507961;;;;;;114730.932;11031.82;;;
2023;1507979;;;;;;590339.138;31431.11;;;
2023;1508001;;;;;;1746482.552;25841.27;;;
2023;1508035;;;;;;391637.992;13696.03;;;
2023;1508050;;;;;;454558.103;29822.73;;;
2023;1508084;;;;;;1347918.985;34081.39;;;
2023;1508100;;;;;;5457108.081;59767.25;;;
2023;1508126;;;;;;2344285.426;61737.21;;;
2023;1508159;;;;;;1057793.926;24284.72;;;
2023;1508209;;;;;;602141.261;11845.71;;;
2023;1508308;;;;;;869708.727;14818.18;;;
2023;1508357;;;;;;3987037.044;255464.67;;;
2023;1508407;;;;;;2321584.652;43892.1;;;
2023;1600055;;;;;;126543.789;27079.78;;;
2023;1600105;;;;;;219044.853;27577.09;;;
2023;1600154;;;;;;375826.783;29254.05;;;
2023;1600204;;;;;;295400.671;27836.47;;;
2023;1600212;;;;;;115359.475;25859.56;;;
2023;1600238;;;;;;557990.114;83706.89;;;
2023;1600253;;;;;;132722.74;23704.72;;;
2023;1600279;;;;;;1335225.46;38025.44;;;
2023;1600303;;;;;;18470857.969;41701.25;;;
2023;1600402;;;;;;583553.165;26617.09;;;
2023;1600501;;;;;;820364.059;29850.96;;;
2023;1600535;;;;;;527654.729;29563.8;;;
2023;1600550;;;;;;101033.151;26566.7;;;
2023;1600600;;;;;;3725688.06;34619.56;;;
2023;1600709;;;;;;329305.202;25438.8;;;
2023;1600808;;;;;;303549.332;26884.18;;;
2023;1700251;;;;;;141930.063;55097.07;;;
2023;1700301;;;;;;226238.275;50308.71;;;
2023;1700350;;;;;;423069.71;82197.34;;;
2023;1700400;;;;;;336120.393;51718.79;;;
2023;1700707;;;;;;886077.059;100667.7;;;
2023;1701002;;;;;;199525.611;19324.51;;;
2023;1701051;;;;;;54433.374;18926.76;;;
2023;1701101;;;;;;283246.785;58329.24;;;
2023;1701309;;;;;;113907.856;21532.68;;;
2023;1701903;;;;;;411910.607;69497.32;;;
2023;1702000;;;;;;474482.993;58340.46;;;
2023;1702109;;;;;;7357637.906;42951.52;;;
2023;1702158;;;;;;107609.051;24967.3;;;
2023;1702208;;;;;;641439.817;20096.49;;;
2023;1702307;;;;;;158572.273;28571.58;;;
2023;1702406;;;;;;239090.348;23241.99;;;
2023;1702554;;;;;;396227.327;22662.28;;;
2023;1702703;;;;;;69896.054;20914.44;;;
2023;1702901;;;;;;173373.364;16894.7;;;
2023;1703008;;;;;;169441.279;21502.7;;;
2023;1703057;;;;;;249695.907;73289.08;;;
2023;1703073;;;;;;100382.078;22426.74;;;
2023;1703107;;;;;;140103.41;28911.15;;;
2023;1703206;;;;;;128559.899;30399.6;;;
2023;1703305;;;;;;143622.743;35567.79;;;
2023;1703602;;;;;;75009.505;37998.74;;;
2023;1703701;;;;;;267584.255;56631.59;;;
2023;1703800;;;;;;149972.612;14550.56;;;
2023;1703826;;;;;;62095.442;31665.19;;;
2023;1703842;;;;;;665856.679;76950.96;;;
2023;1703867;;;;;;997799.584;249014.12;;;
2023;1703883;;;;;;73171.83;33244.81;;;
2023;1703891;;;;;;56192.017;16935.51;;;
2023;1703909;;;;;;474487.896;97893.11;;;
2023;1704105;;;;;;109325.329;51302.36;;;
2023;1704600;;;;;;51575.653;34360.86;;;
2023;1705102;;;;;;155377.231;49848.33;;;
2023;1705508;;;;;;1161301.206;33923.44;;;
2023;1705557;;;;;;95001.445;19975.07;;;
2023;1705607;;;;;;88972.637;22889.8;;;
2023;1706001;;;;;;249461.846;46794.57;;;
2023;1706100;;;;;;214100.337;33605.45;;;
2023;1706258;;;;;;77386.875;52644.13;;;
2023;1706506;;;;;;252542.744;43340.1;;;
2023;1707009;;;;;;781673.078;44065.23;;;
2023;1707108;;;;;;323158.738;46007.79;;;
2023;1707207;;;;;;289148.64;45700.75;;;
2023;1707306;;;;;;290817.554;68459.88;;;
2023;1707405;;;;;;119197.107;15829.63;;;
2023;1707553;;;;;;127671.542;36824.79;;;
2023;1707652;;;;;;350089.875;67182.86;;;
2023;1707702;;;;;;161706.815;20968.21;;;
2023;1708205;;;;;;988169.241;52336.7;;;
2023;1708254;;;;;;173516.818;50221.94;;;
2023;1708304;;;;;;178251.939;37621.77;;;
2023;1709005;;;;;;309167.291;24866.67;;;
2023;1709302;;;;;;1130106.068;45614.78;;;
2023;1709500;;;;;;3695016.955;43406.95;;;
2023;1709807;;;;;;71887.131;45212.03;;;
2023;1710508;;;;;;199694.145;29284.96;;;
2023;1710706;;;;;;100219.95;19377.41;;;
2023;1710904;;;;;;153089.941;42798.42;;;
2023;1711100;;;;;;76489.293;31817.51;;;
2023;1711506;;;;;;110816.306;33238.24;;;
2023;1711803;;;;;;55559.934;24770.37;;;
2023;1711902;;;;;;1089844.109;71287.55;;;
2023;1711951;;;;;;85969.979;24451.07;;;
2023;1712009;;;;;;79405.004;23653.56;;;
2023;1712157;;;;;;41517.156;25533.31;;;
2023;1712405;;;;;;78341.052;26122.39;;;
2023;1712454;;;;;;58820.081;21648.91;;;
2023;1712504;;;;;;373197.357;80866.17;;;
2023;1712702;;;;;;467178.71;170006.81;;;
2023;1712801;;;;;;63313.243;20456.62;;;
2023;1713205;;;;;;860438.225;46344.84;;;
2023;1713304;;;;;;483394.014;38059.52;;;
2023;1713601;;;;;;398704.688;70021.9;;;
2023;1713700;;;;;;86604.221;36145.33;;;
2023;1713809;;;;;;108234.964;22215.72;;;
2023;1713957;;;;;;79966.335;23750.03;;;
2023;1714203;;;;;;352747.69;40295.6;;;
2023;1714302;;;;;;78447.133;17351.72;;;
2023;1714880;;;;;;442503.822;42683.88;;;
2023;1715002;;;;;;110146.816;32762.29;;;
2023;1715101;;;;;;176373.135;44437.68;;;
2023;1715150;;;;;;38611.975;20916.56;;;
2023;1715259;;;;;;49097.366;22016.76;;;
2023;1715507;;;;;;50178.139;43108.37;;;
2023;1715705;;;;;;247596.663;51604.14;;;
2023;1715754;;;;;;218426.105;31315.57;;;
2023;1716109;;;;;;2288330.406;43703.79;;;
2023;1716208;;;;;;353206.426;33504.69;;;
2023;1716307;;;;;;110801.858;27405.85;;;
2023;1716505;;;;;;1090443.285;77584.01;;;
2023;1716604;;;;;;897174.45;96294.35;;;
2023;1716653;;;;;;129255.835;26266.17;;;
2023;1716703;;;;;;228039.526;25504.92;;;
2023;1717008;;;;;;110782.997;24739.39;;;
2023;1717206;;;;;;98238.44;43049.27;;;
2023;1717503;;;;;;458624.898;64341.32;;;
2023;1717800;;;;;;82503.151;19550.51;;;
2023;1717909;;;;;;141531.394;18656.92;;;
2023;1718006;;;;;;59926.51;20909.46;;;
2023;1718204;;;;;;3195894.479;49611.82;;;
2023;1718303;;;;;;114473.357;12657.38;;;
2023;1718402;;;;;;88842.962;29157.52;;;
2023;1718451;;;;;;127927.329;58334.4;;;
2023;1718501;;;;;;101804.662;29758.74;;;
2023;1718550;;;;;;75295.342;19013.98;;;
2023;1718659;;;;;;45739.445;25870.73;;;
2023;1718709;;;;;;88774.984;32423.3;;;
2023;1718758;;;;;;150795.103;31149.58;;;
2023;1718808;;;;;;70136.476;16639.73;;;
2023;1718840;;;;;;134401.907;36100.43;;;
2023;1718865;;;;;;202706.984;28091.32;;;
2023;1718881;;;;;;118353.126;44161.61;;;
2023;1718899;;;;;;275184.548;124012.87;;;
2023;1718907;;;;;;419882.078;90239.0;;;
2023;1719004;;;;;;57245.632;20584.55;;;
2023;1720002;;;;;;46685.867;19403.93;;;
2023;1720101;;;;;;90981.939;16091.61;;;
2023;1720150;;;;;;42354.936;23754.87;;;
2023;1720200;;;;;;239633.87;18097.87;;;
2023;1720259;;;;;;59857.278;25097.39;;;
2023;1720309;;;;;;68702.096;16756.61;;;
2023;1720499;;;;;;229617.827;51926.24;;;
2023;1720655;;;;;;284767.121;55749.24;;;
2023;1720804;;;;;;179636.724;16586.96;;;
2023;1720853;;;;;;310361.254;196804.85;;;
2023;1720903;;;;;;386845.57;27610.13;;;
2023;1720937;;;;;;41627.057;20597.26;;;
2023;1720978;;;;;;173124.577;70490.46;;;
2023;1721000;;;;;;14168468.841;46808.2;;;
2023;1721109;;;;;;327559.836;43914.71;;;
2023;1721208;;;;;;529092.868;23395.66;;;
2023;1721257;;;;;;96851.499;50734.15;;;
2023;1721307;;;;;;48416.708;25836.02;;;
2023;1722081;;;;;;245767.259;23357.47;;;
2023;1722107;;;;;;722712.656;68718.52;;;
2023;2100055;;;;;;4274161.961;40114.14;;;
2023;2100105;;;;;;105581.152;17184.43;;;
2023;2100154;;;;;;130745.967;10768.08;;;
2023;2100204;;;;;;170260.679;9219.73;;;
2023;2100303;;;;;;335245.811;14396.88;;;
2023;2100402;;;;;;88342.755;13702.92;;;
2023;2100436;;;;;;378314.119;15731.63;;;
2023;2100477;;;;;;310141.738;12063.08;;;
2023;2100501;;;;;;573769.442;51649.06;;;
2023;2100550;;;;;;95025.625;13253.23;;;
2023;2100600;;;;;;500782.201;13503.63;;;
2023;2100709;;;;;;255438.614;10087.62;;;
2023;2100808;;;;;;192812.583;13979.02;;;
2023;2100832;;;;;;170117.237;9710.44;;;
2023;2100873;;;;;;127935.136;11442.19;;;
2023;2100907;;;;;;351323.823;8996.31;;;
2023;2100956;;;;;;320623.29;12565.09;;;
2023;2101004;;;;;;422712.588;14342.85;;;
2023;2101103;;;;;;118130.837;10019.58;;;
2023;2101202;;;;;;1912868.327;18444.22;;;
2023;2101251;;;;;;466225.901;27480.01;;;
2023;2101301;;;;;;156363.09;9598.72;;;
2023;2101350;;;;;;52137.831;9927.23;;;
2023;2101400;;;;;;7529798.468;73990.57;;;
2023;2101509;;;;;;309909.634;16324.78;;;
2023;2101608;;;;;;1157930.001;13698.13;;;
2023;2101707;;;;;;816789.021;12453.14;;;
2023;2101731;;;;;;100862.708;11922.31;;;
2023;2101772;;;;;;133413.541;11354.34;;;
2023;2101806;;;;;;94453.921;17270.78;;;
2023;2101905;;;;;;166173.29;8485.16;;;
2023;2101939;;;;;;276117.942;47280.47;;;
2023;2101970;;;;;;93312.366;12320.09;;;
2023;2102002;;;;;;571100.823;17253.8;;;
2023;2102036;;;;;;456765.664;15971.39;;;
2023;2102077;;;;;;149055.868;12205.69;;;
2023;2102101;;;;;;426438.571;12498.2;;;
2023;2102150;;;;;;90088.922;9773.15;;;
2023;2102200;;;;;;332530.155;11201.96;;;
2023;2102309;;;;;;309327.357;13775.43;;;
2023;2102325;;;;;;1008378.406;18169.31;;;
2023;2102358;;;;;;156523.814;12116.72;;;
2023;2102374;;;;;;85042.509;8738.44;;;
2023;2102408;;;;;;81775.0;8079.74;;;
2023;2102507;;;;;;155103.283;9450.6;;;
2023;2102556;;;;;;303257.204;24653.05;;;
2023;2102606;;;;;;204525.824;10261.18;;;
2023;2102705;;;;;;233272.809;9598.52;;;
2023;2102754;;;;;;215753.536;18969.01;;;
2023;2102804;;;;;;595613.673;24753.29;;;
2023;2102903;;;;;;246447.079;10167.8;;;
2023;2103000;;;;;;2696021.094;17175.06;;;
2023;2103109;;;;;;86164.881;8440.92;;;
2023;2103125;;;;;;69154.233;9748.27;;;
2023;2103158;;;;;;137520.372;11142.47;;;
2023;2103174;;;;;;236610.365;14545.42;;;
2023;2103208;;;;;;1130461.995;13890.13;;;
2023;2103257;;;;;;242329.81;18817.35;;;
2023;2103307;;;;;;1808033.367;15821.78;;;
2023;2103406;;;;;;486211.267;11671.5;;;
2023;2103505;;;;;;729810.029;18102.24;;;
2023;2103554;;;;;;159749.781;10710.68;;;
2023;2103604;;;;;;637484.029;10702.15;;;
2023;2103703;;;;;;343104.472;10872.19;;;
2023;2103752;;;;;;218071.737;15139.67;;;
2023;2103802;;;;;;314607.7;13647.15;;;
2023;2103901;;;;;;108747.56;10637.54;;;
2023;2104008;;;;;;202856.26;11078.38;;;
2023;2104057;;;;;;1195398.792;35904.33;;;
2023;2104073;;;;;;132982.829;16523.71;;;
2023;2104081;;;;;;159760.766;14693.35;;;
2023;2104099;;;;;;257047.956;14506.91;;;
2023;2104107;;;;;;354448.271;28041.79;;;
2023;2104206;;;;;;214306.894;12624.11;;;
2023;2104305;;;;;;855185.573;83956.96;;;
2023;2104404;;;;;;187079.581;10872.93;;;
2023;2104503;;;;;;123047.257;12026.9;;;
2023;2104552;;;;;;448007.297;24333.68;;;
2023;2104602;;;;;;195174.375;14011.08;;;
2023;2104628;;;;;;108305.113;15334.15;;;
2023;2104651;;;;;;120254.032;11225.06;;;
2023;2104677;;;;;;324762.474;14041.96;;;
2023;2104701;;;;;;66886.203;11105.13;;;
2023;2104800;;;;;;1415487.969;19161.36;;;
2023;2104909;;;;;;104271.141;10133.25;;;
2023;2105005;;;;;;241228.091;9393.62;;;
2023;2105104;;;;;;211920.611;8547.25;;;
2023;2105153;;;;;;464887.219;33268.01;;;
2023;2105203;;;;;;138143.859;13502.48;;;
2023;2105302;;;;;;9475802.055;34695.92;;;
2023;2105351;;;;;;136088.926;9841.55;;;
2023;2105401;;;;;;889928.415;14724.16;;;
2023;2105427;;;;;;687513.901;30538.53;;;
2023;2105450;;;;;;83460.163;11171.22;;;
2023;2105476;;;;;;174125.275;10197.08;;;
2023;2105500;;;;;;362691.779;14678.53;;;
2023;2105609;;;;;;139773.509;9365.69;;;
2023;2105658;;;;;;71490.623;13892.46;;;
2023;2105708;;;;;;621148.067;13988.88;;;
2023;2105807;;;;;;108264.187;11389.04;;;
2023;2105906;;;;;;169405.214;11470.32;;;
2023;2105922;;;;;;211546.724;20010.09;;;
2023;2105948;;;;;;104301.153;11909.24;;;
2023;2105963;;;;;;128790.836;11286.55;;;
2023;2105989;;;;;;122752.409;17394.42;;;
2023;2106003;;;;;;237816.923;21051.33;;;
2023;2106102;;;;;;390947.299;33711.07;;;
2023;2106201;;;;;;72747.495;10158.85;;;
2023;2106300;;;;;;181566.593;13150.33;;;
2023;2106326;;;;;;275246.484;13014.63;;;
2023;2106359;;;;;;116023.372;16511.08;;;
2023;2106375;;;;;;146664.205;10657.96;;;
2023;2106409;;;;;;226302.95;13241.83;;;
2023;2106508;;;;;;232533.515;10553.4;;;
2023;2106607;;;;;;334401.282;10393.53;;;
2023;2106631;;;;;;134625.394;7722.89;;;
2023;2106672;;;;;;94016.525;10661.89;;;
2023;2106706;;;;;;389856.869;18538.13;;;
2023;2106755;;;;;;578366.236;24235.93;;;
2023;2106805;;;;;;133234.731;9531.74;;;
2023;2106904;;;;;;280367.441;10102.97;;;
2023;2107001;;;;;;119452.986;13118.05;;;
2023;2107100;;;;;;190452.291;10264.76;;;
2023;2107209;;;;;;109173.932;7701.32;;;
2023;2107258;;;;;;95717.645;19063.46;;;
2023;2107308;;;;;;53435.727;12369.38;;;
2023;2107357;;;;;;171963.416;12013.65;;;
2023;2107407;;;;;;225754.685;12598.62;;;
2023;2107456;;;;;;132761.494;9778.41;;;
2023;2107506;;;;;;1643536.521;11284.69;;;
2023;2107605;;;;;;188189.65;8936.31;;;
2023;2107704;;;;;;210302.091;11508.27;;;
2023;2107803;;;;;;381793.132;12217.38;;;
2023;2107902;;;;;;207014.125;12021.73;;;
2023;2108009;;;;;;322652.132;17160.52;;;
2023;2108058;;;;;;157984.399;9262.69;;;
2023;2108108;;;;;;261075.014;12834.92;;;
2023;2108207;;;;;;830170.627;22406.76;;;
2023;2108256;;;;;;225794.779;9284.32;;;
2023;2108306;;;;;;313292.208;9636.5;;;
2023;2108405;;;;;;110019.842;9904.56;;;
2023;2108454;;;;;;277935.285;13571.72;;;
2023;2108504;;;;;;356583.735;11345.69;;;
2023;2108603;;;;;;1332999.976;15752.59;;;
2023;2108702;;;;;;269344.518;12306.7;;;
2023;2108801;;;;;;185469.491;10470.22;;;
2023;2108900;;;;;;221326.724;12897.08;;;
2023;2109007;;;;;;1252850.199;52413.93;;;
2023;2109056;;;;;;63769.406;10710.35;;;
2023;2109106;;;;;;990072.543;21926.09;;;
2023;2109205;;;;;;102457.802;9022.35;;;
2023;2109239;;;;;;74488.448;15862.11;;;
2023;2109270;;;;;;186042.934;10624.35;;;
2023;2109304;;;;;;108884.158;10321.75;;;
2023;2109403;;;;;;120507.877;8851.76;;;
2023;2109452;;;;;;381070.977;12356.79;;;
2023;2109502;;;;;;687701.031;31054.46;;;
2023;2109551;;;;;;149001.274;20081.03;;;
2023;2109601;;;;;;522395.196;13577.52;;;
2023;2109700;;;;;;433340.249;77826.91;;;
2023;2109759;;;;;;71886.149;10734.08;;;
2023;2109809;;;;;;483902.824;11643.19;;;
2023;2109908;;;;;;1837615.351;21615.44;;;
2023;2110005;;;;;;985808.785;17104.34;;;
2023;2110039;;;;;;382763.769;15747.06;;;
2023;2110104;;;;;;391678.372;16349.22;;;
2023;2110203;;;;;;364745.718;9848.68;;;
2023;2110237;;;;;;115747.68;10953.69;;;
2023;2110278;;;;;;131657.557;9438.49;;;
2023;2110302;;;;;;5184563.97;362455.53;;;
2023;2110401;;;;;;186474.265;10154.34;;;
2023;2110500;;;;;;404149.053;8711.05;;;
2023;2110609;;;;;;384189.277;14259.34;;;
2023;2110658;;;;;;339609.164;42493.64;;;
2023;2110708;;;;;;479851.63;14099.18;;;
2023;2110807;;;;;;92001.248;20899.87;;;
2023;2110856;;;;;;138736.696;15328.33;;;
2023;2110906;;;;;;127388.685;10559.41;;;
2023;2111003;;;;;;152916.056;8246.12;;;
2023;2111029;;;;;;143797.487;11737.61;;;
2023;2111052;;;;;;226524.703;22872.04;;;
2023;2111078;;;;;;208558.872;12348.8;;;
2023;2111102;;;;;;444285.47;17757.21;;;
2023;2111201;;;;;;3135578.678;12820.31;;;
2023;2111250;;;;;;75929.62;10914.13;;;
2023;2111300;;;;;;42389051.1;40846.09;;;
2023;2111409;;;;;;198314.829;11130.03;;;
2023;2111508;;;;;;586547.764;15105.92;;;
2023;2111532;;;;;;149358.525;10416.97;;;
2023;2111573;;;;;;103928.129;17971.32;;;
2023;2111607;;;;;;1090033.402;58377.97;;;
2023;2111631;;;;;;62615.799;11082.44;;;
2023;2111672;;;;;;58526.475;12879.95;;;
2023;2111706;;;;;;183735.027;9423.28;;;
2023;2111722;;;;;;107921.231;12286.11;;;
2023;2111748;;;;;;145324.252;14237.7;;;
2023;2111763;;;;;;225141.131;15315.72;;;
2023;2111789;;;;;;118312.412;11596.98;;;
2023;2111805;;;;;;292191.152;17113.22;;;
2023;2111904;;;;;;193909.361;18940.16;;;
2023;2111953;;;;;;63214.375;12680.92;;;
2023;2112001;;;;;;2616708.223;295272.88;;;
2023;2112100;;;;;;248535.937;9384.38;;;
2023;2112209;;;;;;2840126.286;16279.06;;;
2023;2112233;;;;;;436529.351;19415.11;;;
2023;2112274;;;;;;75760.47;13757.12;;;
2023;2112308;;;;;;410127.182;11313.54;;;
2023;2112407;;;;;;414975.211;11068.66;;;
2023;2112456;;;;;;280000.368;8850.13;;;
2023;2112506;;;;;;642713.08;12045.75;;;
2023;2112605;;;;;;315150.594;9604.74;;;
2023;2112704;;;;;;467351.106;10803.06;;;
2023;2112803;;;;;;608731.449;11833.36;;;
2023;2112852;;;;;;191495.299;18480.53;;;
2023;2112902;;;;;;410266.629;13318.18;;;
2023;2113009;;;;;;411453.447;13339.39;;;
2023;2114007;;;;;;685857.504;16809.82;;;
2023;2200053;;;;;;84924.313;13228.09;;;
2023;2200103;;;;;;57335.342;11606.34;;;
2023;2200202;;;;;;303532.26;17272.65;;;
2023;2200251;;;;;;80787.107;11847.35;;;
2023;2200277;;;;;;56359.397;12162.15;;;
2023;2200301;;;;;;146913.269;10899.42;;;
2023;2200400;;;;;;764914.1;16119.4;;;
2023;2200459;;;;;;109088.428;20497.64;;;
2023;2200509;;;;;;243953.678;14155.37;;;
2023;2200608;;;;;;84771.951;12417.16;;;
2023;2200707;;;;;;124990.013;13286.92;;;
2023;2200806;;;;;;197618.998;62696.38;;;
2023;2200905;;;;;;69489.39;12942.71;;;
2023;2200954;;;;;;31539.906;11724.87;;;
2023;2201002;;;;;;60133.367;13303.84;;;
2023;2201051;;;;;;81044.939;10875.6;;;
2023;2201101;;;;;;127137.202;11700.46;;;
2023;2201150;;;;;;2657264.34;200215.82;;;
2023;2201176;;;;;;47270.644;11832.45;;;
2023;2201200;;;;;;673462.844;14048.62;;;
2023;2201309;;;;;;137541.51;42138.94;;;
2023;2201408;;;;;;104884.555;15795.87;;;
2023;2201507;;;;;;306176.407;11641.69;;;
2023;2201556;;;;;;63282.643;15468.75;;;
2023;2201572;;;;;;47523.323;13883.53;;;
2023;2201606;;;;;;118265.224;11911.09;;;
2023;2201705;;;;;;90843.778;16332.93;;;
2023;2201739;;;;;;120127.102;19313.04;;;
2023;2201770;;;;;;77968.556;11296.52;;;
2023;2201804;;;;;;53637.042;13152.78;;;
2023;2201903;;;;;;1661674.232;57705.04;;;
2023;2201919;;;;;;82658.518;14666.17;;;
2023;2201929;;;;;;68105.59;11517.94;;;
2023;2201945;;;;;;67423.852;10301.58;;;
2023;2201960;;;;;;101117.213;11986.39;;;
2023;2201988;;;;;;57956.044;14845.3;;;
2023;2202000;;;;;;276426.411;14064.64;;;
2023;2202026;;;;;;98669.32;13272.71;;;
2023;2202059;;;;;;107816.673;10557.84;;;
2023;2202075;;;;;;45637.171;14683.77;;;
2023;2202083;;;;;;152471.29;19161.91;;;
2023;2202091;;;;;;243767.241;44297.15;;;
2023;2202109;;;;;;75221.338;15233.16;;;
2023;2202117;;;;;;62190.515;13472.82;;;
2023;2202133;;;;;;77243.211;12831.1;;;
2023;2202174;;;;;;80881.27;10901.91;;;
2023;2202208;;;;;;940801.888;20544.67;;;
2023;2202251;;;;;;52032.166;15240.82;;;
2023;2202307;;;;;;342971.602;17710.9;;;
2023;2202406;;;;;;133031.494;11984.82;;;
2023;2202455;;;;;;58704.333;14772.1;;;
2023;2202505;;;;;;127543.158;12361.23;;;
2023;2202539;;;;;;67976.528;12073.98;;;
2023;2202554;;;;;;72563.727;14417.59;;;
2023;2202604;;;;;;234521.426;12158.93;;;
2023;2202653;;;;;;68615.939;12484.71;;;
2023;2202703;;;;;;351832.437;12471.02;;;
2023;2202711;;;;;;60324.432;12283.53;;;
2023;2202729;;;;;;73414.113;11496.1;;;
2023;2202737;;;;;;50028.67;12151.73;;;
2023;2202752;;;;;;92948.879;15113.64;;;
2023;2202778;;;;;;82383.059;11779.1;;;
2023;2202802;;;;;;88408.485;17925.48;;;
2023;2202851;;;;;;55718.041;13110.13;;;
2023;2202901;;;;;;764221.648;28016.04;;;
2023;2203008;;;;;;89547.212;12173.36;;;
2023;2203107;;;;;;155695.982;14823.95;;;
2023;2203206;;;;;;186259.286;16527.0;;;
2023;2203230;;;;;;569945.797;117417.76;;;
2023;2203255;;;;;;53723.384;12173.89;;;
2023;2203271;;;;;;98620.067;19440.19;;;
2023;2203305;;;;;;343572.642;21011.05;;;
2023;2203354;;;;;;89610.762;12703.54;;;
2023;2203404;;;;;;93968.986;14868.51;;;
2023;2203420;;;;;;55942.899;13728.32;;;
2023;2203453;;;;;;212410.057;23191.4;;;
2023;2203503;;;;;;208872.796;15350.39;;;
2023;2203602;;;;;;65844.305;15043.25;;;
2023;2203701;;;;;;630892.878;15398.9;;;
2023;2203750;;;;;;63132.332;11947.83;;;
2023;2203800;;;;;;55148.873;12494.08;;;
2023;2203859;;;;;;31642.489;13563.0;;;
2023;2203909;;;;;;1693507.84;27298.79;;;
2023;2204006;;;;;;57190.927;12694.99;;;
2023;2204105;;;;;;66832.997;15148.0;;;
2023;2204154;;;;;;37456.469;12788.14;;;
2023;2204204;;;;;;111541.415;13541.51;;;
2023;2204303;;;;;;140144.701;13660.66;;;
2023;2204352;;;;;;70886.212;13018.59;;;
2023;2204402;;;;;;490465.138;45029.85;;;
2023;2204501;;;;;;584966.191;56958.73;;;
2023;2204550;;;;;;60293.962;14100.55;;;
2023;2204600;;;;;;41161.186;11700.17;;;
2023;2204659;;;;;;132842.2;14324.15;;;
2023;2204709;;;;;;190109.576;12709.56;;;
2023;2204808;;;;;;101790.387;10805.77;;;
2023;2204907;;;;;;93918.913;12081.16;;;
2023;2205003;;;;;;126851.491;11756.39;;;
2023;2205102;;;;;;164341.801;15919.97;;;
2023;2205151;;;;;;91191.757;16246.53;;;
2023;2205201;;;;;;214290.092;12226.28;;;
2023;2205250;;;;;;51475.934;12314.82;;;
2023;2205276;;;;;;70002.934;15576.98;;;
2023;2205300;;;;;;68875.199;15315.81;;;
2023;2205359;;;;;;82059.471;27629.45;;;
2023;2205409;;;;;;145543.184;10481.29;;;
2023;2205458;;;;;;58124.622;10775.79;;;
2023;2205508;;;;;;553848.03;13013.65;;;
2023;2205516;;;;;;67355.058;12918.12;;;
2023;2205524;;;;;;107846.855;20016.12;;;
2023;2205532;;;;;;58058.491;13120.56;;;
2023;2205540;;;;;;46589.803;15852.26;;;
2023;2205557;;;;;;96064.622;11635.73;;;
2023;2205565;;;;;;368692.56;73812.32;;;
2023;2205573;;;;;;68298.742;10787.99;;;
2023;2205581;;;;;;100848.557;20966.44;;;
2023;2205599;;;;;;53534.403;11843.89;;;
2023;2205607;;;;;;129242.437;24792.33;;;
2023;2205706;;;;;;461806.251;15071.51;;;
2023;2205805;;;;;;318552.488;12553.79;;;
2023;2205854;;;;;;87321.82;10871.74;;;
2023;2205904;;;;;;69456.569;13333.95;;;
2023;2205953;;;;;;194855.021;22835.46;;;
2023;2206001;;;;;;68705.139;14543.85;;;
2023;2206050;;;;;;60922.51;11675.45;;;
2023;2206100;;;;;;132516.282;12453.37;;;
2023;2206209;;;;;;421897.051;13122.77;;;
2023;2206308;;;;;;34693.387;26322.75;;;
2023;2206357;;;;;;67924.822;10382.88;;;
2023;2206407;;;;;;161626.992;15760.8;;;
2023;2206506;;;;;;91423.978;12065.99;;;
2023;2206605;;;;;;391313.656;36708.6;;;
2023;2206654;;;;;;53314.28;12180.55;;;
2023;2206670;;;;;;75683.719;11779.57;;;
2023;2206696;;;;;;103630.381;10577.77;;;
2023;2206704;;;;;;78812.182;11824.78;;;
2023;2206720;;;;;;134076.046;13065.29;;;
2023;2206753;;;;;;69229.598;13242.08;;;
2023;2206803;;;;;;117750.898;13812.42;;;
2023;2206902;;;;;;66803.339;10956.76;;;
2023;2206951;;;;;;38563.075;13640.99;;;
2023;2207009;;;;;;740096.178;19394.05;;;
2023;2207108;;;;;;38346.323;14541.65;;;
2023;2207207;;;;;;88444.887;13858.49;;;
2023;2207306;;;;;;58224.214;14242.71;;;
2023;2207355;;;;;;61083.829;20361.28;;;
2023;2207405;;;;;;180248.606;36399.15;;;
2023;2207504;;;;;;167663.224;12640.47;;;
2023;2207553;;;;;;53216.6;13956.62;;;
2023;2207603;;;;;;133948.955;13258.33;;;
2023;2207702;;;;;;3682146.193;22707.01;;;
2023;2207751;;;;;;62728.1;15170.04;;;
2023;2207777;;;;;;65640.864;12099.7;;;
2023;2207793;;;;;;43954.203;11328.4;;;
2023;2207801;;;;;;359215.287;17060.81;;;
2023;2207850;;;;;;45823.359;12630.47;;;
2023;2207900;;;;;;499936.063;13193.01;;;
2023;2207934;;;;;;38184.775;15534.9;;;
2023;2207959;;;;;;51654.083;12672.74;;;
2023;2208007;;;;;;2456681.525;29566.51;;;
2023;2208106;;;;;;120257.038;10603.74;;;
2023;2208205;;;;;;234054.888;13288.76;;;
2023;2208304;;;;;;464675.726;16108.84;;;
2023;2208403;;;;;;1242361.439;18956.35;;;
2023;2208502;;;;;;143077.312;11871.67;;;
2023;2208551;;;;;;47843.299;20238.28;;;
2023;2208601;;;;;;43355.371;14252.26;;;
2023;2208650;;;;;;188827.842;21609.96;;;
2023;2208700;;;;;;125613.461;14964.67;;;
2023;2208809;;;;;;337226.0;19682.83;;;
2023;2208858;;;;;;61503.45;14766.73;;;
2023;2208874;;;;;;278046.153;68568.72;;;
2023;2208908;;;;;;927444.826;150461.52;;;
2023;2209005;;;;;;75898.44;13083.68;;;
2023;2209104;;;;;;78052.527;13385.79;;;
2023;2209153;;;;;;51689.944;15048.02;;;
2023;2209203;;;;;;789357.878;129679.3;;;
2023;2209302;;;;;;87684.551;16432.64;;;
2023;2209351;;;;;;52379.685;12698.11;;;
2023;2209377;;;;;;63444.727;13644.03;;;
2023;2209401;;;;;;97848.542;16757.76;;;
2023;2209450;;;;;;25284.397;11826.19;;;
2023;2209500;;;;;;49247.645;13507.31;;;
2023;2209559;;;;;;53740.246;12331.4;;;
2023;2209609;;;;;;38023.456;13379.12;;;
2023;2209658;;;;;;68222.245;12243.76;;;
2023;2209708;;;;;;67263.759;12474.73;;;
2023;2209757;;;;;;64212.913;21789.25;;;
2023;2209807;;;;;;80523.117;16647.33;;;
2023;2209856;;;;;;54282.066;12796.34;;;
2023;2209872;;;;;;74939.977;13571.17;;;
2023;2209906;;;;;;72738.064;11896.97;;;
2023;2209955;;;;;;45939.771;10481.35;;;
2023;2209971;;;;;;95903.704;11715.58;;;
2023;2210003;;;;;;418478.65;19535.91;;;
2023;2210052;;;;;;83009.456;17147.17;;;
2023;2210102;;;;;;50038.985;15177.13;;;
2023;2210201;;;;;;81016.53;12280.81;;;
2023;2210300;;;;;;67831.628;11258.36;;;
2023;2210359;;;;;;54907.103;12450.59;;;
2023;2210375;;;;;;28432.502;12313.77;;;
2023;2210383;;;;;;32909.225;14503.85;;;
2023;2210391;;;;;;36835.683;13020.74;;;
2023;2210409;;;;;;206591.964;11768.94;;;
2023;2210508;;;;;;159451.786;11592.28;;;
2023;2210607;;;;;;761785.174;19566.06;;;
2023;2210623;;;;;;57577.245;17981.65;;;
2023;2210631;;;;;;724911.345;163047.99;;;
2023;2210656;;;;;;97005.731;10254.31;;;
2023;2210706;;;;;;543067.932;37844.46;;;
2023;2210805;;;;;;236710.73;17066.38;;;
2023;2210904;;;;;;52907.478;12776.5;;;
2023;2210938;;;;;;85293.366;13712.76;;;
2023;2210953;;;;;;39133.59;13270.12;;;
2023;2210979;;;;;;44035.038;19013.4;;;
2023;2211001;;;;;;29449062.918;33994.07;;;
2023;2211100;;;;;;609122.249;13207.62;;;
2023;2211209;;;;;;4226265.639;167688.99;;;
2023;2211308;;;;;;385863.696;17319.61;;;
2023;2211357;;;;;;60846.104;12036.82;;;
2023;2211407;;;;;;54664.274;12375.88;;;
2023;2211506;;;;;;38796.279;12180.94;;;
2023;2211605;;;;;;41920.877;14283.09;;;
2023;2211704;;;;;;58143.662;14324.63;;;
2023;2300101;;;;;;143729.523;14318.54;;;
2023;2300150;;;;;;220474.376;15717.86;;;
2023;2300200;;;;;;1250250.592;19156.82;;;
2023;2300309;;;;;;693534.939;15424.91;;;
2023;2300408;;;;;;169075.878;12011.64;;;
2023;2300507;;;;;;115642.521;10171.74;;;
2023;2300606;;;;;;92127.661;13584.14;;;
2023;2300705;;;;;;273863.485;19347.47;;;
2023;2300754;;;;;;808125.932;19169.89;;;
2023;2300804;;;;;;101190.958;13967.01;;;
2023;2300903;;;;;;166863.721;12907.16;;;
2023;2301000;;;;;;4851008.175;60152.62;;;
2023;2301109;;;;;;1966473.133;26180.2;;;
2023;2301208;;;;;;336284.104;13160.26;;;
2023;2301257;;;;;;143424.021;12925.74;;;
2023;2301307;;;;;;259167.904;13100.54;;;
2023;2301406;;;;;;191054.761;17021.99;;;
2023;2301505;;;;;;88078.487;11856.04;;;
2023;2301604;;;;;;309804.211;14278.67;;;
2023;2301703;;;;;;291950.421;12311.31;;;
2023;2301802;;;;;;72488.073;12708.29;;;
2023;2301851;;;;;;318578.722;18527.4;;;
2023;2301901;;;;;;1646403.799;21942.4;;;
2023;2301950;;;;;;289444.512;12926.25;;;
2023;2302008;;;;;;286557.319;14785.48;;;
2023;2302057;;;;;;169757.818;11653.59;;;
2023;2302107;;;;;;578202.649;16417.82;;;
2023;2302206;;;;;;1445504.852;27215.14;;;
2023;2302305;;;;;;381568.119;11642.05;;;
2023;2302404;;;;;;717720.91;14237.39;;;
2023;2302503;;;;;;1263862.578;24737.96;;;
2023;2302602;;;;;;982886.784;15770.09;;;
2023;2302701;;;;;;370106.891;14724.76;;;
2023;2302800;;;;;;1194866.513;16108.97;;;
2023;2302909;;;;;;226540.986;13129.77;;;
2023;2303006;;;;;;209727.982;12806.25;;;
2023;2303105;;;;;;244538.025;13868.99;;;
2023;2303204;;;;;;295135.894;11213.37;;;
2023;2303303;;;;;;229771.045;13504.03;;;
2023;2303402;;;;;;210864.889;12252.46;;;
2023;2303501;;;;;;1334364.346;18349.34;;;
2023;2303600;;;;;;151958.554;14835.36;;;
2023;2303659;;;;;;137704.171;13185.0;;;
2023;2303709;;;;;;9873556.554;27759.74;;;
2023;2303808;;;;;;304070.488;13608.6;;;
2023;2303907;;;;;;141210.89;11331.32;;;
2023;2303931;;;;;;211479.258;17458.87;;;
2023;2303956;;;;;;268765.642;13329.65;;;
2023;2304004;;;;;;265519.454;12672.14;;;
2023;2304103;;;;;;1258624.723;16476.3;;;
2023;2304202;;;;;;2445566.54;18661.32;;;
2023;2304236;;;;;;282766.927;16175.67;;;
2023;2304251;;;;;;565662.96;19006.85;;;
2023;2304269;;;;;;124422.171;13929.93;;;
2023;2304277;;;;;;102444.679;16399.02;;;
2023;2304285;;;;;;4940351.646;66608.49;;;
2023;2304301;;;;;;242210.086;13295.83;;;
2023;2304350;;;;;;346304.173;14326.07;;;
2023;2304400;;;;;;86939831.736;35796.74;;;
2023;2304459;;;;;;391326.312;22627.87;;;
2023;2304509;;;;;;423489.925;27047.96;;;
2023;2304608;;;;;;97406.255;14464.84;;;
2023;2304657;;;;;;159505.946;11557.56;;;
2023;2304707;;;;;;561374.497;10523.67;;;
2023;2304806;;;;;;67463.265;13935.81;;;
2023;2304905;;;;;;135967.164;12462.62;;;
2023;2304954;;;;;;315521.952;12971.1;;;
2023;2305001;;;;;;878354.191;20886.84;;;
2023;2305100;;;;;;104815.71;18538.33;;;
2023;2305209;;;;;;239627.074;13420.73;;;
2023;2305233;;;;;;2964813.703;39660.41;;;
2023;2305266;;;;;;163764.929;13697.3;;;
2023;2305308;;;;;;431904.938;18022.32;;;
2023;2305332;;;;;;150877.496;12994.36;;;
2023;2305357;;;;;;453185.342;21144.28;;;
2023;2305407;;;;;;923966.364;14749.95;;;
2023;2305506;;;;;;2342034.481;23882.71;;;
2023;2305605;;;;;;408128.094;16988.35;;;
2023;2305654;;;;;;134149.71;11589.61;;;
2023;2305704;;;;;;186861.113;15464.79;;;
2023;2305803;;;;;;676518.572;16467.92;;;
2023;2305902;;;;;;406831.424;11055.8;;;
2023;2306009;;;;;;253154.163;18081.15;;;
2023;2306108;;;;;;271621.971;11357.81;;;
2023;2306207;;;;;;103645.939;13753.44;;;
2023;2306256;;;;;;2352737.029;36391.91;;;
2023;2306306;;;;;;741512.906;15971.93;;;
2023;2306405;;;;;;2550370.731;19450.22;;;
2023;2306504;;;;;;213999.298;11994.8;;;
2023;2306553;;;;;;711164.955;16555.28;;;
2023;2306603;;;;;;236127.745;11561.29;;;
2023;2306702;;;;;;316966.522;18394.06;;;
2023;2306801;;;;;;196533.274;18977.72;;;
2023;2306900;;;;;;740827.469;21966.06;;;
2023;2307007;;;;;;665089.793;20980.09;;;
2023;2307106;;;;;;369628.25;13484.67;;;
2023;2307205;;;;;;129952.148;16531.25;;;
2023;2307254;;;;;;711193.201;27829.9;;;
2023;2307304;;;;;;6457542.671;22569.35;;;
2023;2307403;;;;;;390389.763;16319.28;;;
2023;2307502;;;;;;444999.728;14447.1;;;
2023;2307601;;;;;;1854064.858;31129.36;;;
2023;2307635;;;;;;215696.189;12766.11;;;
2023;2307650;;;;;;13540093.939;57738.06;;;
2023;2307700;;;;;;2011194.353;19137.28;;;
2023;2307809;;;;;;453537.358;17579.65;;;
2023;2307908;;;;;;125471.874;11568.49;;;
2023;2308005;;;;;;483230.175;12818.8;;;
2023;2308104;;;;;;707666.578;15532.29;;;
2023;2308203;;;;;;166663.575;10995.82;;;
2023;2308302;;;;;;335238.601;12943.58;;;
2023;2308351;;;;;;250240.907;17718.68;;;
2023;2308377;;;;;;141462.332;9964.94;;;
2023;2308401;;;;;;598260.814;16247.37;;;
2023;2308500;;;;;;551793.724;14622.86;;;
2023;2308609;;;;;;210937.865;12300.3;;;
2023;2308708;;;;;;1877981.945;30564.62;;;
2023;2308807;;;;;;86070.204;10427.7;;;
2023;2308906;;;;;;239995.253;10547.85;;;
2023;2309003;;;;;;172103.546;12593.56;;;
2023;2309102;;;;;;146502.587;13861.54;;;
2023;2309201;;;;;;206839.413;13432.0;;;
2023;2309300;;;;;;432948.087;14103.0;;;
2023;2309409;;;;;;343681.506;12477.09;;;
2023;2309458;;;;;;322685.871;13174.62;;;
2023;2309508;;;;;;267790.867;13610.72;;;
2023;2309607;;;;;;1808068.498;25471.85;;;
2023;2309706;;;;;;1714352.398;21028.81;;;
2023;2309805;;;;;;175378.91;15678.43;;;
2023;2309904;;;;;;81237.281;13155.83;;;
2023;2310001;;;;;;125161.588;13392.0;;;
2023;2310100;;;;;;141264.284;13792.65;;;
2023;2310209;;;;;;679587.03;17434.25;;;
2023;2310258;;;;;;614089.604;19061.63;;;
2023;2310308;;;;;;349488.139;11114.27;;;
2023;2310407;;;;;;137553.131;13246.64;;;
2023;2310506;;;;;;481197.368;11973.96;;;
2023;2310605;;;;;;149292.777;16639.85;;;
2023;2310704;;;;;;522218.356;13810.55;;;
2023;2310803;;;;;;663694.295;42816.22;;;
2023;2310852;;;;;;363293.819;15531.35;;;
2023;2310902;;;;;;203533.098;12249.22;;;
2023;2310951;;;;;;103591.093;9767.22;;;
2023;2311009;;;;;;138932.695;11515.35;;;
2023;2311108;;;;;;232418.15;13631.56;;;
2023;2311207;;;;;;120981.423;13696.53;;;
2023;2311231;;;;;;104345.252;17466.56;;;
2023;2311264;;;;;;249898.465;12363.25;;;
2023;2311306;;;;;;1424438.375;16923.75;;;
2023;2311355;;;;;;241296.593;15166.35;;;
2023;2311405;;;;;;1928559.402;23468.36;;;
2023;2311504;;;;;;805777.821;38601.98;;;
2023;2311603;;;;;;520806.417;19137.44;;;
2023;2311702;;;;;;238537.887;12820.48;;;
2023;2311801;;;;;;1517579.539;20809.29;;;
2023;2311900;;;;;;190821.87;13773.77;;;
2023;2311959;;;;;;222379.429;13369.77;;;
2023;2312007;;;;;;352192.189;11499.03;;;
2023;2312106;;;;;;191197.485;11277.43;;;
2023;2312205;;;;;;859224.903;21382.8;;;
2023;2312304;;;;;;883024.208;18535.35;;;
2023;2312403;;;;;;6908372.654;127594.94;;;
2023;2312502;;;;;;137067.978;23410.41;;;
2023;2312601;;;;;;160996.694;14876.8;;;
2023;2312700;;;;;;473899.961;19529.38;;;
2023;2312809;;;;;;82269.622;11328.78;;;
2023;2312908;;;;;;6588929.369;32454.1;;;
2023;2313005;;;;;;370692.762;20391.26;;;
2023;2313104;;;;;;584614.136;19072.63;;;
2023;2313203;;;;;;319201.566;12863.25;;;
2023;2313252;;;;;;116827.327;15516.98;;;
2023;2313302;;;;;;934349.184;15260.41;;;
2023;2313351;;;;;;174349.007;10163.75;;;
2023;2313401;;;;;;2265253.166;27792.47;;;
2023;2313500;;;;;;1039083.163;17787.95;;;
2023;2313559;;;;;;164401.393;10667.1;;;
2023;2313609;;;;;;839887.408;25632.11;;;
2023;2313708;;;;;;85632.532;12462.89;;;
2023;2313757;;;;;;210671.724;12059.06;;;
2023;2313807;;;;;;445293.758;22056.26;;;
2023;2313906;;;;;;254534.325;18516.97;;;
2023;2313955;;;;;;488083.917;26958.52;;;
2023;2314003;;;;;;575214.115;14755.13;;;
2023;2314102;;;;;;723250.39;12112.31;;;
2023;2400109;;;;;;195828.116;18479.58;;;
2023;2400208;;;;;;2170177.264;38412.94;;;
2023;2400307;;;;;;160921.097;14846.49;;;
2023;2400406;;;;;;42554.072;14444.7;;;
2023;2400505;;;;;;209116.995;15331.16;;;
2023;2400604;;;;;;68328.729;14578.35;;;
2023;2400703;;;;;;902783.049;72315.21;;;
2023;2400802;;;;;;257919.437;22173.27;;;
2023;2400901;;;;;;79463.801;12082.07;;;
2023;2401008;;;;;;941920.331;26239.53;;;
2023;2401107;;;;;;1089647.398;45226.72;;;
2023;2401206;;;;;;471283.907;35565.91;;;
2023;2401305;;;;;;136391.199;14017.6;;;
2023;2401404;;;;;;335923.178;38064.95;;;
2023;2401453;;;;;;991164.144;36828.45;;;
2023;2401503;;;;;;63583.271;15951.65;;;
2023;2401602;;;;;;128584.398;26749.41;;;
2023;2401651;;;;;;240166.494;104148.52;;;
2023;2401701;;;;;;140518.808;14119.66;;;
2023;2401800;;;;;;168163.439;13781.63;;;
2023;2401859;;;;;;119610.708;19006.95;;;
2023;2401909;;;;;;474184.27;145099.23;;;
2023;2402006;;;;;;1735797.344;28387.75;;;
2023;2402105;;;;;;131974.604;12919.69;;;
2023;2402204;;;;;;615957.002;20761.66;;;
2023;2402303;;;;;;540233.236;27543.25;;;
2023;2402402;;;;;;150901.648;18881.59;;;
2023;2402501;;;;;;231816.498;23864.16;;;
2023;2402600;;;;;;1260346.024;15930.56;;;
2023;2402709;;;;;;225342.136;20485.65;;;
2023;2402808;;;;;;65459.563;12792.57;;;
2023;2402907;;;;;;54170.236;12785.04;;;
2023;2403004;;;;;;154741.95;19330.66;;;
2023;2403103;;;;;;955846.897;23136.71;;;
2023;2403202;;;;;;106163.588;15071.49;;;
2023;2403251;;;;;;7608526.424;30107.02;;;
2023;2403301;;;;;;75043.617;12474.01;;;
2023;2403400;;;;;;90161.203;16821.12;;;
2023;2403509;;;;;;126681.844;11928.61;;;
2023;2403608;;;;;;986507.921;16005.64;;;
2023;2403707;;;;;;302413.019;48316.51;;;
2023;2403756;;;;;;61993.688;21100.64;;;
2023;2403806;;;;;;152502.371;14957.08;;;
2023;2403905;;;;;;42580.021;15770.38;;;
2023;2404002;;;;;;58993.607;14311.89;;;
2023;2404101;;;;;;165672.36;78741.62;;;
2023;2404200;;;;;;646382.961;24171.98;;;
2023;2404309;;;;;;595842.144;49936.49;;;
2023;2404408;;;;;;185921.039;18734.49;;;
2023;2404507;;;;;;2581922.04;168808.24;;;
2023;2404606;;;;;;168954.297;14546.22;;;
2023;2404705;;;;;;263824.959;18669.94;;;
2023;2404804;;;;;;42669.397;20967.76;;;
2023;2404853;;;;;;179987.862;24682.92;;;
2023;2404903;;;;;;90976.149;17100.78;;;
2023;2405009;;;;;;100644.236;12847.11;;;
2023;2405108;;;;;;363648.175;55417.28;;;
2023;2405207;;;;;;104811.848;22084.25;;;
2023;2405306;;;;;;102924.442;11980.5;;;
2023;2405405;;;;;;69177.462;13519.14;;;
2023;2405504;;;;;;69279.968;28428.38;;;
2023;2405603;;;;;;276160.76;19758.23;;;
2023;2405702;;;;;;244663.038;20992.11;;;
2023;2405801;;;;;;1527021.89;45870.29;;;
2023;2405900;;;;;;33800.199;16281.41;;;
2023;2406007;;;;;;88302.194;15216.65;;;
2023;2406106;;;;;;442765.414;24884.25;;;
2023;2406155;;;;;;47290.914;12648.01;;;
2023;2406205;;;;;;89996.361;13817.96;;;
2023;2406304;;;;;;101030.04;13768.06;;;
2023;2406403;;;;;;48943.874;19066.57;;;
2023;2406502;;;;;;326107.093;20940.54;;;
2023;2406601;;;;;;124483.324;14963.74;;;
2023;2406700;;;;;;632669.645;64126.26;;;
2023;2406809;;;;;;68289.881;14265.69;;;
2023;2406908;;;;;;61081.889;17501.97;;;
2023;2407005;;;;;;112399.318;12392.43;;;
2023;2407104;;;;;;2455739.334;29857.38;;;
2023;2407203;;;;;;1315679.541;48071.89;;;
2023;2407252;;;;;;65725.153;16749.53;;;
2023;2407302;;;;;;101177.405;12813.75;;;
2023;2407401;;;;;;130556.508;15962.4;;;
2023;2407500;;;;;;165453.695;16133.95;;;
2023;2407609;;;;;;65325.131;15284.31;;;
2023;2407708;;;;;;158962.089;13890.43;;;
2023;2407807;;;;;;348750.675;15142.66;;;
2023;2407906;;;;;;45921.843;20176.56;;;
2023;2408003;;;;;;10323665.815;39019.51;;;
2023;2408102;;;;;;31162042.725;41477.5;;;
2023;2408201;;;;;;573358.225;17949.98;;;
2023;2408300;;;;;;629220.813;18396.12;;;
2023;2408409;;;;;;58971.73;15101.6;;;
2023;2408508;;;;;;80889.348;16464.35;;;
2023;2408607;;;;;;56062.115;14250.66;;;
2023;2408706;;;;;;62149.621;17365.08;;;
2023;2408805;;;;;;524974.343;109346.87;;;
2023;2408904;;;;;;473775.24;22037.08;;;
2023;2408953;;;;;;207249.129;20022.14;;;
2023;2409100;;;;;;179581.905;16175.64;;;
2023;2409209;;;;;;46582.613;14954.29;;;
2023;2409308;;;;;;198145.746;18001.79;;;
2023;2409332;;;;;;89728.667;18512.21;;;
2023;2409407;;;;;;827724.015;27157.19;;;
2023;2409506;;;;;;325404.924;89940.55;;;
2023;2409605;;;;;;65239.901;26726.71;;;
2023;2409704;;;;;;282103.497;45194.41;;;
2023;2409803;;;;;;200896.313;14532.43;;;
2023;2409902;;;;;;668529.569;54449.39;;;
2023;2410009;;;;;;50550.428;17049.05;;;
2023;2410108;;;;;;161103.111;13002.67;;;
2023;2410207;;;;;;99832.084;13134.07;;;
2023;2410256;;;;;;170408.791;32595.41;;;
2023;2410306;;;;;;150412.555;14000.98;;;
2023;2410405;;;;;;182888.696;19535.22;;;
2023;2410504;;;;;;61865.25;11389.04;;;
2023;2410603;;;;;;48290.035;16458.77;;;
2023;2410702;;;;;;42856.817;15867.02;;;
2023;2410801;;;;;;53836.485;13044.94;;;
2023;2410900;;;;;;319931.036;43298.29;;;
2023;2411007;;;;;;67765.383;15974.87;;;
2023;2411056;;;;;;155094.561;28817.27;;;
2023;2411106;;;;;;218238.897;68072.02;;;
2023;2411205;;;;;;716309.409;19197.31;;;
2023;2411403;;;;;;207087.541;16625.53;;;
2023;2411429;;;;;;51448.978;19083.45;;;
2023;2411502;;;;;;339515.207;15309.34;;;
2023;2411601;;;;;;394852.729;119507.48;;;
2023;2411700;;;;;;58250.895;15361.52;;;
2023;2411809;;;;;;77560.131;22210.8;;;
2023;2411908;;;;;;74356.88;17869.95;;;
2023;2412005;;;;;;2588563.905;22346.41;;;
2023;2412104;;;;;;100072.756;16802.01;;;
2023;2412203;;;;;;1457800.063;30829.42;;;
2023;2412302;;;;;;165229.86;14857.46;;;
2023;2412401;;;;;;106548.284;23376.1;;;
2023;2412500;;;;;;420063.646;17846.95;;;
2023;2412559;;;;;;712098.273;69670.12;;;
2023;2412609;;;;;;290640.338;17314.45;;;
2023;2412708;;;;;;72504.348;12552.69;;;
2023;2412807;;;;;;108234.806;14036.42;;;
2023;2412906;;;;;;184856.372;18537.54;;;
2023;2413003;;;;;;100457.936;15920.43;;;
2023;2413102;;;;;;79949.978;13767.86;;;
2023;2413201;;;;;;114535.687;28176.06;;;
2023;2413300;;;;;;84832.526;14875.07;;;
2023;2413359;;;;;;685341.006;52352.07;;;
2023;2413409;;;;;;162338.806;21368.8;;;
2023;2413508;;;;;;92367.949;14351.76;;;
2023;2413557;;;;;;64721.869;13891.79;;;
2023;2413607;;;;;;96870.433;17654.53;;;
2023;2413706;;;;;;64195.135;13793.54;;;
2023;2413805;;;;;;43555.704;18629.47;;;
2023;2413904;;;;;;184090.867;16117.22;;;
2023;2414001;;;;;;225000.067;16941.5;;;
2023;2414100;;;;;;142794.667;13914.9;;;
2023;2414159;;;;;;120492.659;20453.69;;;
2023;2414209;;;;;;576214.691;34037.14;;;
2023;2414308;;;;;;47341.24;20162.37;;;
2023;2414407;;;;;;1015670.245;30745.28;;;
2023;2414456;;;;;;55944.374;16571.2;;;
2023;2414506;;;;;;167072.025;16577.89;;;
2023;2414605;;;;;;370219.693;27268.15;;;
2023;2414704;;;;;;72802.708;13912.23;;;
2023;2414753;;;;;;47869.532;15882.39;;;
2023;2414803;;;;;;167326.015;15586.96;;;
2023;2414902;;;;;;29716.758;16309.97;;;
2023;2415008;;;;;;49863.018;15709.84;;;
2023;2500106;;;;;;107368.213;11501.68;;;
2023;2500205;;;;;;68585.332;13708.84;;;
2023;2500304;;;;;;367231.922;14090.7;;;
2023;2500403;;;;;;376825.036;17932.95;;;
2023;2500502;;;;;;166686.215;12144.72;;;
2023;2500536;;;;;;70347.946;12611.68;;;
2023;2500577;;;;;;38482.518;13031.67;;;
2023;2500601;;;;;;3148252.077;144880.45;;;
2023;2500700;;;;;;286060.022;15924.07;;;
2023;2500734;;;;;;37039.128;16579.74;;;
2023;2500775;;;;;;147637.352;18547.41;;;
2023;2500809;;;;;;233112.691;14004.13;;;
2023;2500908;;;;;;133977.296;10970.95;;;
2023;2501005;;;;;;244109.139;14201.47;;;
2023;2501104;;;;;;355512.333;15707.7;;;
2023;2501153;;;;;;27915.935;13923.16;;;
2023;2501203;;;;;;81463.23;11428.62;;;
2023;2501302;;;;;;327698.839;17519.32;;;
2023;2501351;;;;;;56279.093;13554.69;;;
2023;2501401;;;;;;130461.853;14143.74;;;
2023;2501500;;;;;;370979.522;16036.12;;;
2023;2501534;;;;;;62002.341;13020.23;;;
2023;2501575;;;;;;115120.585;14284.72;;;
2023;2501609;;;;;;187974.683;14567.16;;;
2023;2501708;;;;;;101523.734;17189.93;;;
2023;2501807;;;;;;1899000.35;22950.86;;;
2023;2501906;;;;;;268655.34;16380.42;;;
2023;2502003;;;;;;93159.633;14862.74;;;
2023;2502052;;;;;;53720.819;15331.28;;;
2023;2502102;;;;;;63600.867;12214.49;;;
2023;2502151;;;;;;319446.395;50093.52;;;
2023;2502201;;;;;;40310.002;17633.42;;;
2023;2502300;;;;;;66561.105;14280.43;;;
2023;2502409;;;;;;119585.901;11664.64;;;
2023;2502508;;;;;;302850.002;17209.34;;;
2023;2502607;;;;;;73095.362;12941.81;;;
2023;2502706;;;;;;80671.479;19143.68;;;
2023;2502805;;;;;;207305.21;15228.47;;;
2023;2502904;;;;;;79111.285;13777.65;;;
2023;2503001;;;;;;545157.242;25723.46;;;
2023;2503100;;;;;;171068.677;32065.36;;;
2023;2503209;;;;;;4092777.006;61527.94;;;
2023;2503308;;;;;;153125.239;16733.17;;;
2023;2503407;;;;;;45668.953;13876.92;;;
2023;2503506;;;;;;179298.703;11161.52;;;
2023;2503555;;;;;;84005.404;11630.26;;;
2023;2503605;;;;;;83427.99;12636.78;;;
2023;2503704;;;;;;1808446.516;28597.01;;;
2023;2503753;;;;;;51075.078;18640.54;;;
2023;2503803;;;;;;92129.365;16014.14;;;
2023;2503902;;;;;;87713.432;14414.7;;;
2023;2504009;;;;;;12908743.351;30780.61;;;
2023;2504033;;;;;;101591.928;14575.6;;;
2023;2504074;;;;;;55068.396;13962.58;;;
2023;2504108;;;;;;39801.594;17215.22;;;
2023;2504157;;;;;;83914.327;12180.92;;;
2023;2504207;;;;;;63519.478;14143.73;;;
2023;2504306;;;;;;622714.09;20309.65;;;
2023;2504355;;;;;;87217.458;16600.2;;;
2023;2504405;;;;;;257650.7;14110.11;;;
2023;2504504;;;;;;89036.655;13801.99;;;
2023;2504603;;;;;;1648300.158;59710.2;;;
2023;2504702;;;;;;85464.512;17325.06;;;
2023;2504801;;;;;;255021.268;17368.47;;;
2023;2504850;;;;;;30936.265;16960.67;;;
2023;2504900;;;;;;253013.254;14800.42;;;
2023;2505006;;;;;;102129.44;13473.54;;;
2023;2505105;;;;;;273446.913;13867.18;;;
2023;2505204;;;;;;87664.047;13025.86;;;
2023;2505238;;;;;;85104.872;13614.6;;;
2023;2505279;;;;;;74435.802;14167.45;;;
2023;2505303;;;;;;33783.253;14739.64;;;
2023;2505352;;;;;;62653.583;12575.99;;;
2023;2505402;;;;;;94773.816;11748.33;;;
2023;2505501;;;;;;50452.087;13856.66;;;
2023;2505600;;;;;;75548.342;11993.7;;;
2023;2505709;;;;;;117418.219;11311.97;;;
2023;2505808;;;;;;51973.317;15621.68;;;
2023;2505907;;;;;;46041.69;15291.16;;;
2023;2506004;;;;;;851650.249;27269.39;;;
2023;2506103;;;;;;135440.88;12258.2;;;
2023;2506202;;;;;;38774.331;13624.15;;;
2023;2506251;;;;;;101800.869;12446.62;;;
2023;2506301;;;;;;1489288.359;25907.88;;;
2023;2506400;;;;;;201226.502;14617.65;;;
2023;2506509;;;;;;50412.612;15549.85;;;
2023;2506608;;;;;;63597.032;11294.09;;;
2023;2506707;;;;;;105988.276;10199.03;;;
2023;2506806;;;;;;270159.36;15270.14;;;
2023;2506905;;;;;;417387.02;18004.79;;;
2023;2507002;;;;;;445867.099;18624.36;;;
2023;2507101;;;;;;261025.283;14200.05;;;
2023;2507200;;;;;;211521.807;20146.85;;;
2023;2507309;;;;;;217258.076;15007.12;;;
2023;2507408;;;;;;95978.613;12769.91;;;
2023;2507507;;;;;;28442130.794;34106.06;;;
2023;2507606;;;;;;93223.035;11957.8;;;
2023;2507705;;;;;;259621.583;15265.57;;;
2023;2507804;;;;;;128191.592;18871.13;;;
2023;2507903;;;;;;150460.562;15028.02;;;
2023;2508000;;;;;;111022.128;12023.19;;;
2023;2508109;;;;;;65991.205;14947.05;;;
2023;2508208;;;;;;104436.685;13356.78;;;
2023;2508307;;;;;;416794.368;15030.45;;;
2023;2508406;;;;;;37247.791;11779.82;;;
2023;2508505;;;;;;83601.537;12156.69;;;
2023;2508554;;;;;;65569.294;13668.81;;;
2023;2508604;;;;;;279943.95;22288.53;;;
2023;2508703;;;;;;45505.079;12700.27;;;
2023;2508802;;;;;;77515.727;12820.99;;;
2023;2508901;;;;;;1086800.044;24368.26;;;
2023;2509008;;;;;;110034.241;10545.74;;;
2023;2509057;;;;;;123335.931;13705.52;;;
2023;2509107;;;;;;303051.596;14087.56;;;
2023;2509156;;;;;;97757.446;14579.78;;;
2023;2509206;;;;;;196172.625;13874.58;;;
2023;2509305;;;;;;231045.68;28025.92;;;
2023;2509339;;;;;;80820.674;17681.18;;;
2023;2509370;;;;;;38899.586;15296.73;;;
2023;2509396;;;;;;79510.308;12359.76;;;
2023;2509404;;;;;;220316.809;15851.27;;;
2023;2509503;;;;;;68334.855;11757.55;;;
2023;2509602;;;;;;59799.721;13785.09;;;
2023;2509701;;;;;;842417.323;26099.62;;;
2023;2509800;;;;;;111589.121;12693.56;;;
2023;2509909;;;;;;116149.056;12984.8;;;
2023;2510006;;;;;;81440.989;11306.54;;;
2023;2510105;;;;;;114955.039;11821.79;;;
2023;2510204;;;;;;69482.458;12006.65;;;
2023;2510303;;;;;;54633.272;12827.72;;;
2023;2510402;;;;;;76533.574;12629.3;;;
2023;2510501;;;;;;53270.44;14880.01;;;
2023;2510600;;;;;;47542.267;16292.76;;;
2023;2510659;;;;;;28041.853;16303.4;;;
2023;2510709;;;;;;35351.992;14353.22;;;
2023;2510808;;;;;;2555214.303;24768.23;;;
2023;2510907;;;;;;200280.851;16924.19;;;
2023;2511004;;;;;;48602.052;12998.68;;;
2023;2511103;;;;;;94715.184;13808.89;;;
2023;2511202;;;;;;836968.568;28216.86;;;
2023;2511301;;;;;;246684.781;15004.24;;;
2023;2511400;;;;;;270316.204;14744.79;;;
2023;2511509;;;;;;158900.966;12907.23;;;
2023;2511608;;;;;;133896.434;19647.31;;;
2023;2511707;;;;;;64515.534;12106.5;;;
2023;2511806;;;;;;120990.462;12954.01;;;
2023;2511905;;;;;;479171.698;28605.56;;;
2023;2512002;;;;;;334111.865;19125.99;;;
2023;2512036;;;;;;56713.3;14807.65;;;
2023;2512077;;;;;;61655.267;15390.73;;;
2023;2512101;;;;;;594290.116;18301.05;;;
2023;2512200;;;;;;83660.221;21369.15;;;
2023;2512309;;;;;;343378.966;16263.09;;;
2023;2512408;;;;;;189387.338;13265.21;;;
2023;2512507;;;;;;788731.565;16549.83;;;
2023;2512606;;;;;;30647.384;17583.12;;;
2023;2512705;;;;;;224366.232;12544.94;;;
2023;2512721;;;;;;70515.597;12229.55;;;
2023;2512747;;;;;;42006.934;14351.53;;;
2023;2512754;;;;;;68122.085;14524.96;;;
2023;2512762;;;;;;73545.674;15522.51;;;
2023;2512788;;;;;;35322.056;18067.55;;;
2023;2512804;;;;;;111761.073;13159.2;;;
2023;2512903;;;;;;393103.959;15992.19;;;
2023;2513000;;;;;;40278.149;12005.41;;;
2023;2513109;;;;;;177321.45;15412.56;;;
2023;2513158;;;;;;90463.261;11794.43;;;
2023;2513208;;;;;;74311.872;12495.69;;;
2023;2513307;;;;;;84255.792;14365.86;;;
2023;2513356;;;;;;40015.277;12400.15;;;
2023;2513406;;;;;;573425.022;38333.11;;;
2023;2513505;;;;;;60940.205;12163.71;;;
2023;2513604;;;;;;81501.799;12407.03;;;
2023;2513653;;;;;;43129.227;16986.7;;;
2023;2513703;;;;;;3163543.763;21102.95;;;
2023;2513802;;;;;;66909.087;15199.7;;;
2023;2513851;;;;;;40211.065;15336.03;;;
2023;2513901;;;;;;724346.431;22470.81;;;
2023;2513927;;;;;;64263.648;14851.78;;;
2023;2513943;;;;;;39709.47;15361.5;;;
2023;2513968;;;;;;44068.497;16982.08;;;
2023;2513984;;;;;;48446.698;15443.64;;;
2023;2514008;;;;;;71554.611;16932.0;;;
2023;2514107;;;;;;51496.027;12079.76;;;
2023;2514206;;;;;;87268.516;12246.49;;;
2023;2514305;;;;;;63973.028;12708.19;;;
2023;2514404;;;;;;66469.263;16279.52;;;
2023;2514453;;;;;;78200.07;13274.5;;;
2023;2514503;;;;;;289436.757;15179.98;;;
2023;2514552;;;;;;43362.375;12693.9;;;
2023;2514602;;;;;;41022.329;12653.4;;;
2023;2514651;;;;;;36303.497;21367.57;;;
2023;2514701;;;;;;129590.582;31317.2;;;
2023;2514800;;;;;;44794.6;13132.4;;;
2023;2514909;;;;;;101240.525;13552.95;;;
2023;2515005;;;;;;122551.23;17343.79;;;
2023;2515104;;;;;;133992.679;12137.02;;;
2023;2515203;;;;;;46471.719;14172.53;;;
2023;2515302;;;;;;852470.983;16615.42;;;
2023;2515401;;;;;;112002.676;10883.56;;;
2023;2515500;;;;;;187052.161;13739.69;;;
2023;2515609;;;;;;47507.443;15354.7;;;
2023;2515708;;;;;;40405.738;13734.11;;;
2023;2515807;;;;;;74714.691;10942.4;;;
2023;2515906;;;;;;79578.973;16290.48;;;
2023;2515930;;;;;;71174.834;14082.87;;;
2023;2515971;;;;;;135261.631;16423.22;;;
2023;2516003;;;;;;428474.553;16003.38;;;
2023;2516102;;;;;;319642.968;22883.95;;;
2023;2516151;;;;;;47774.606;14282.39;;;
2023;2516201;;;;;;1714769.851;25495.02;;;
2023;2516300;;;;;;255600.848;14889.95;;;
2023;2516409;;;;;;106669.944;13317.1;;;
2023;2516508;;;;;;169781.047;12068.6;;;
2023;2516607;;;;;;167332.902;11866.74;;;
2023;2516706;;;;;;222478.776;15205.99;;;
2023;2516755;;;;;;40231.265;13564.15;;;
2023;2516805;;;;;;121796.408;12312.62;;;
2023;2516904;;;;;;245509.735;16444.05;;;
2023;2517001;;;;;;118557.079;12993.98;;;
2023;2517100;;;;;;46408.077;17394.33;;;
2023;2517209;;;;;;59242.478;12179.79;;;
2023;2517407;;;;;;35337.319;15860.56;;;
2023;2600054;;;;;;2129775.378;21630.43;;;
2023;2600104;;;;;;651000.735;16273.39;;;
2023;2600203;;;;;;271667.78;14547.92;;;
2023;2600302;;;;;;368076.202;15479.04;;;
2023;2600401;;;;;;263641.502;9963.4;;;
2023;2600500;;;;;;489637.13;11784.85;;;
2023;2600609;;;;;;199751.482;14234.41;;;
2023;2600708;;;;;;472448.892;13218.68;;;
2023;2600807;;;;;;302021.724;14608.77;;;
2023;2600906;;;;;;307791.652;16906.98;;;
2023;2601003;;;;;;186927.48;18258.2;;;
2023;2601052;;;;;;203113.302;10555.18;;;
2023;2601102;;;;;;1777713.458;20892.65;;;
2023;2601201;;;;;;1503621.461;19341.17;;;
2023;2601300;;;;;;197016.75;16065.95;;;
2023;2601409;;;;;;645436.725;16087.25;;;
2023;2601508;;;;;;110733.486;10485.13;;;
2023;2601607;;;;;;715390.261;39090.23;;;
2023;2601706;;;;;;3429627.918;43136.18;;;
2023;2601805;;;;;;125497.931;10773.28;;;
2023;2601904;;;;;;1089684.939;17634.15;;;
2023;2602001;;;;;;388247.393;11260.73;;;
2023;2602100;;;;;;801671.252;18177.25;;;
2023;2602209;;;;;;419042.21;11175.35;;;
2023;2602308;;;;;;736190.805;19728.56;;;
2023;2602407;;;;;;226947.872;24997.01;;;
2023;2602506;;;;;;95682.714;12394.13;;;
2023;2602605;;;;;;530034.971;10895.98;;;
2023;2602704;;;;;;163216.659;12743.34;;;
2023;2602803;;;;;;647063.336;12420.36;;;
2023;2602902;;;;;;15897620.496;78144.03;;;
2023;2603009;;;;;;536174.835;17699.04;;;
2023;2603108;;;;;;290338.482;14590.61;;;
2023;2603207;;;;;;503211.951;17456.27;;;
2023;2603306;;;;;;134330.846;12123.72;;;
2023;2603405;;;;;;62248.882;11906.83;;;
2023;2603454;;;;;;2436551.849;16488.7;;;
2023;2603504;;;;;;209246.358;12012.54;;;
2023;2603603;;;;;;427495.169;55160.67;;;
2023;2603702;;;;;;364995.92;14993.26;;;
2023;2603801;;;;;;266090.116;14449.64;;;
2023;2603900;;;;;;212891.122;11259.91;;;
2023;2603926;;;;;;107059.281;8747.39;;;
2023;2604007;;;;;;1937470.426;24434.32;;;
2023;2604106;;;;;;11238433.526;29738.31;;;
2023;2604155;;;;;;125630.548;9576.23;;;
2023;2604205;;;;;;390074.712;12130.7;;;
2023;2604304;;;;;;133554.484;12697.71;;;
2023;2604403;;;;;;190272.542;14654.39;;;
2023;2604502;;;;;;325128.686;15824.43;;;
2023;2604601;;;;;;294986.647;11997.67;;;
2023;2604700;;;;;;211879.991;12368.22;;;
2023;2604809;;;;;;147761.122;14268.17;;;
2023;2604908;;;;;;163890.032;10334.2;;;
2023;2605004;;;;;;355808.776;15129.21;;;
2023;2605103;;;;;;759609.293;20394.93;;;
2023;2605152;;;;;;311853.941;18143.7;;;
2023;2605202;;;;;;1582303.161;26428.1;;;
2023;2605301;;;;;;440315.223;13827.69;;;
2023;2605400;;;;;;274542.362;12812.92;;;
2023;2605459;;;;;;304923.356;96281.45;;;
2023;2605509;;;;;;171422.622;11408.4;;;
2023;2605608;;;;;;245679.199;12074.47;;;
2023;2605707;;;;;;583258.526;19397.34;;;
2023;2605806;;;;;;152032.112;11119.96;;;
2023;2605905;;;;;;248184.298;13626.02;;;
2023;2606002;;;;;;3834635.254;26904.81;;;
2023;2606101;;;;;;626114.211;21652.86;;;
2023;2606200;;;;;;13893622.95;171409.82;;;
2023;2606309;;;;;;91070.663;13071.72;;;
2023;2606408;;;;;;1637743.49;18929.95;;;
2023;2606507;;;;;;236012.709;13749.65;;;
2023;2606606;;;;;;425354.782;15554.55;;;
2023;2606705;;;;;;99152.81;13886.95;;;
2023;2606804;;;;;;3770816.207;32733.92;;;
2023;2606903;;;;;;122067.904;11038.88;;;
2023;2607000;;;;;;276204.457;10730.55;;;
2023;2607109;;;;;;65456.66;13696.73;;;
2023;2607208;;;;;;17972323.334;181663.4;;;
2023;2607307;;;;;;412535.385;14220.94;;;
2023;2607406;;;;;;82429.917;18940.7;;;
2023;2607505;;;;;;390249.465;12345.37;;;
2023;2607604;;;;;;298294.942;12155.46;;;
2023;2607653;;;;;;586822.738;16797.56;;;
2023;2607703;;;;;;170269.168;12346.4;;;
2023;2607752;;;;;;3258624.133;117432.13;;;
2023;2607802;;;;;;223249.412;13486.13;;;
2023;2607901;;;;;;20281297.853;31490.89;;;
2023;2607950;;;;;;129333.729;12621.62;;;
2023;2608008;;;;;;192384.192;12143.17;;;
2023;2608057;;;;;;183613.565;13096.55;;;
2023;2608107;;;;;;354878.784;12799.96;;;
2023;2608206;;;;;;164490.898;12396.63;;;
2023;2608255;;;;;;142789.573;12396.0;;;
2023;2608305;;;;;;247149.782;16123.02;;;
2023;2608404;;;;;;146165.657;10709.68;;;
2023;2608453;;;;;;327921.218;18237.1;;;
2023;2608503;;;;;;551073.701;28356.16;;;
2023;2608602;;;;;;150180.496;12531.75;;;
2023;2608701;;;;;;168830.764;11994.23;;;
2023;2608750;;;;;;713608.793;29625.07;;;
2023;2608800;;;;;;706467.145;17848.19;;;
2023;2608909;;;;;;991140.218;17539.2;;;
2023;2609006;;;;;;359207.789;15042.83;;;
2023;2609105;;;;;;271714.468;24079.62;;;
2023;2609154;;;;;;183153.582;7201.7;;;
2023;2609204;;;;;;110045.031;11758.2;;;
2023;2609303;;;;;;221207.024;15615.35;;;
2023;2609402;;;;;;1118308.8;20225.51;;;
2023;2609501;;;;;;777087.489;25355.24;;;
2023;2609600;;;;;;7024917.244;20072.57;;;
2023;2609709;;;;;;582869.897;26686.96;;;
2023;2609808;;;;;;192309.248;14126.88;;;
2023;2609907;;;;;;1016703.912;15582.86;;;
2023;2610004;;;;;;1156051.915;21179.32;;;
2023;2610103;;;;;;91362.197;12992.35;;;
2023;2610202;;;;;;239945.488;10436.5;;;
2023;2610301;;;;;;306363.566;25113.83;;;
2023;2610400;;;;;;268155.955;14407.69;;;
2023;2610509;;;;;;293500.419;10356.4;;;
2023;2610608;;;;;;1151980.668;20329.67;;;
2023;2610707;;;;;;6999012.805;20454.96;;;
2023;2610806;;;;;;426035.56;18689.87;;;
2023;2610905;;;;;;1082144.194;17283.89;;;
2023;2611002;;;;;;1568602.968;45917.95;;;
2023;2611101;;;;;;10577530.457;27346.89;;;
2023;2611200;;;;;;132807.47;12648.33;;;
2023;2611309;;;;;;635845.355;24970.36;;;
2023;2611408;;;;;;320399.161;23121.83;;;
2023;2611507;;;;;;211463.129;11795.13;;;
2023;2611533;;;;;;75901.864;11581.0;;;
2023;2611606;;;;;;66351304.596;44563.38;;;
2023;2611705;;;;;;289327.023;14017.1;;;
2023;2611804;;;;;;601649.095;17955.92;;;
2023;2611903;;;;;;374545.251;18718.84;;;
2023;2612000;;;;;;204199.246;18756.25;;;
2023;2612109;;;;;;76618.902;13378.54;;;
2023;2612208;;;;;;1389969.359;22285.15;;;
2023;2612307;;;;;;251854.451;18202.84;;;
2023;2612406;;;;;;269693.618;14480.97;;;
2023;2612455;;;;;;156125.213;11279.91;;;
2023;2612471;;;;;;143723.45;12425.3;;;
2023;2612505;;;;;;2125694.679;21634.69;;;
2023;2612554;;;;;;133150.009;10998.68;;;
2023;2612604;;;;;;781893.105;19268.89;;;
2023;2612703;;;;;;151435.198;10806.76;;;
2023;2612802;;;;;;122738.896;11981.54;;;
2023;2612901;;;;;;129076.27;9843.38;;;
2023;2613008;;;;;;1909078.014;38668.79;;;
2023;2613107;;;;;;575981.503;15514.24;;;
2023;2613206;;;;;;374386.583;15719.3;;;
2023;2613305;;;;;;258411.314;13015.58;;;
2023;2613404;;;;;;389471.128;20689.04;;;
2023;2613503;;;;;;529902.8;15208.3;;;
2023;2613602;;;;;;471425.907;15205.33;;;
2023;2613701;;;;;;1791059.055;16099.55;;;
2023;2613800;;;;;;384211.971;23038.43;;;
2023;2613909;;;;;;2003113.243;21719.14;;;
2023;2614006;;;;;;195989.25;10764.5;;;
2023;2614105;;;;;;404067.38;12345.85;;;
2023;2614204;;;;;;861416.787;22912.46;;;
2023;2614303;;;;;;106461.539;10100.72;;;
2023;2614402;;;;;;63051.244;11961.91;;;
2023;2614501;;;;;;1131953.61;17636.35;;;
2023;2614600;;;;;;358222.771;12968.28;;;
2023;2614709;;;;;;221749.403;16141.32;;;
2023;2614808;;;;;;262197.622;10969.69;;;
2023;2614857;;;;;;432296.997;18347.99;;;
2023;2615003;;;;;;402087.662;16255.16;;;
2023;2615102;;;;;;91620.629;13771.33;;;
2023;2615201;;;;;;125359.398;14053.74;;;
2023;2615300;;;;;;905264.787;19616.98;;;
2023;2615409;;;;;;812755.257;19757.28;;;
2023;2615508;;;;;;198569.52;14319.57;;;
2023;2615607;;;;;;654210.618;21576.16;;;
2023;2615706;;;;;;202205.413;13750.79;;;
2023;2615805;;;;;;275931.182;10805.58;;;
2023;2615904;;;;;;95042.201;11902.59;;;
2023;2616001;;;;;;291064.556;17251.34;;;
2023;2616100;;;;;;103220.729;11257.58;;;
2023;2616183;;;;;;93451.81;12364.62;;;
2023;2616209;;;;;;228836.328;10421.07;;;
2023;2616308;;;;;;615581.301;23357.29;;;
2023;2616407;;;;;;6095992.225;44766.86;;;
2023;2616506;;;;;;201330.448;17339.63;;;
2023;2700102;;;;;;246052.188;12832.6;;;
2023;2700201;;;;;;276951.671;19830.42;;;
2023;2700300;;;;;;6880940.082;29318.52;;;
2023;2700409;;;;;;1637106.831;43642.22;;;
2023;2700508;;;;;;358500.789;21906.56;;;
2023;2700607;;;;;;304435.563;38322.7;;;
2023;2700706;;;;;;308733.305;18405.47;;;
2023;2700805;;;;;;187160.23;39635.8;;;
2023;2700904;;;;;;196376.816;33934.13;;;
2023;2701001;;;;;;565490.707;26690.46;;;
2023;2701100;;;;;;849267.199;88437.7;;;
2023;2701209;;;;;;195082.744;18620.1;;;
2023;2701308;;;;;;223747.585;13677.34;;;
2023;2701357;;;;;;109805.49;16474.94;;;
2023;2701407;;;;;;884684.562;27555.12;;;
2023;2701506;;;;;;113469.687;13934.63;;;
2023;2701605;;;;;;235141.067;15292.73;;;
2023;2701704;;;;;;250652.573;16916.55;;;
2023;2701803;;;;;;97600.504;10845.71;;;
2023;2701902;;;;;;289693.121;49017.45;;;
2023;2702009;;;;;;234385.387;21682.27;;;
2023;2702108;;;;;;367108.963;23357.45;;;
2023;2702207;;;;;;115661.504;20724.15;;;
2023;2702306;;;;;;2400819.38;47622.08;;;
2023;2702355;;;;;;450186.836;18236.52;;;
2023;2702405;;;;;;911191.361;17755.78;;;
2023;2702504;;;;;;140027.493;14404.64;;;
2023;2702553;;;;;;177063.016;11475.99;;;
2023;2702603;;;;;;500385.3;22031.76;;;
2023;2702702;;;;;;218958.196;55250.62;;;
2023;2702801;;;;;;251579.689;26157.17;;;
2023;2702900;;;;;;602811.94;16634.8;;;
2023;2703007;;;;;;223882.76;16304.91;;;
2023;2703106;;;;;;328695.401;13364.86;;;
2023;2703205;;;;;;697571.556;32115.08;;;
2023;2703304;;;;;;210038.558;13848.39;;;
2023;2703403;;;;;;78412.401;15426.4;;;
2023;2703502;;;;;;144753.474;27046.61;;;
2023;2703601;;;;;;329293.16;35718.97;;;
2023;2703700;;;;;;81576.596;16364.41;;;
2023;2703759;;;;;;456621.174;48217.65;;;
2023;2703809;;;;;;541697.057;31585.83;;;
2023;2703908;;;;;;92728.487;22660.92;;;
2023;2704005;;;;;;705481.763;29509.42;;;
2023;2704104;;;;;;333779.64;18084.18;;;
2023;2704203;;;;;;806003.029;32578.94;;;
2023;2704302;;;;;;33749575.639;35232.29;;;
2023;2704401;;;;;;296432.798;16936.11;;;
2023;2704500;;;;;;1219925.956;37916.52;;;
2023;2704609;;;;;;134023.717;14057.45;;;
2023;2704708;;;;;;3185683.264;52769.31;;;
2023;2704807;;;;;;222263.702;16248.53;;;
2023;2704906;;;;;;51607.016;16357.22;;;
2023;2705002;;;;;;400973.856;18341.97;;;
2023;2705101;;;;;;514991.135;21586.58;;;
2023;2705200;;;;;;351253.369;22801.26;;;
2023;2705309;;;;;;90124.639;18601.58;;;
2023;2705408;;;;;;109207.659;15201.51;;;
2023;2705507;;;;;;1080388.857;42894.7;;;
2023;2705606;;;;;;240603.336;23777.38;;;
2023;2705705;;;;;;343110.54;16563.39;;;
2023;2705804;;;;;;100591.91;12048.38;;;
2023;2705903;;;;;;72757.805;16896.84;;;
2023;2706000;;;;;;135133.823;12484.65;;;
2023;2706109;;;;;;150495.004;13148.26;;;
2023;2706208;;;;;;48822.089;11288.34;;;
2023;2706307;;;;;;1367252.109;19102.64;;;
2023;2706406;;;;;;282237.106;11847.25;;;
2023;2706422;;;;;;119510.287;11303.35;;;
2023;2706448;;;;;;302558.875;21869.09;;;
2023;2706505;;;;;;378390.99;27411.69;;;
2023;2706604;;;;;;108186.746;16451.76;;;
2023;2706703;;;;;;1159276.482;19785.24;;;
2023;2706802;;;;;;480483.992;30203.92;;;
2023;2706901;;;;;;957604.52;27073.92;;;
2023;2707008;;;;;;53807.721;19702.57;;;
2023;2707107;;;;;;358241.009;15845.06;;;
2023;2707206;;;;;;146801.249;11533.72;;;
2023;2707305;;;;;;544519.841;22621.41;;;
2023;2707404;;;;;;451597.609;48585.0;;;
2023;2707503;;;;;;294350.743;14831.74;;;
2023;2707602;;;;;;195017.776;17600.88;;;
2023;2707701;;;;;;2032760.572;21641.92;;;
2023;2707800;;;;;;247075.761;38164.31;;;
2023;2707909;;;;;;199947.778;28898.36;;;
2023;2708006;;;;;;863266.737;18731.24;;;
2023;2708105;;;;;;1127361.226;99563.83;;;
2023;2708204;;;;;;123934.472;19289.41;;;
2023;2708303;;;;;;816992.894;39253.97;;;
2023;2708402;;;;;;421127.575;13760.54;;;
2023;2708501;;;;;;1052903.025;34104.33;;;
2023;2708600;;;;;;1594206.456;30663.71;;;
2023;2708709;;;;;;308509.627;36372.27;;;
2023;2708808;;;;;;736908.072;23224.33;;;
2023;2708907;;;;;;369183.97;15206.52;;;
2023;2708956;;;;;;137331.97;11162.48;;;
2023;2709004;;;;;;92869.301;16023.0;;;
2023;2709103;;;;;;664758.758;34928.48;;;
2023;2709152;;;;;;941856.206;24751.17;;;
2023;2709202;;;;;;357715.435;15096.66;;;
2023;2709301;;;;;;1693997.867;28576.21;;;
2023;2709400;;;;;;596814.189;24896.3;;;
2023;2800100;;;;;;49411.591;22770.32;;;
2023;2800209;;;;;;362299.329;17997.09;;;
2023;2800308;;;;;;22291877.481;36983.19;;;
2023;2800407;;;;;;203786.827;19750.61;;;
2023;2800506;;;;;;353833.617;19569.36;;;
2023;2800605;;;;;;2478981.558;59718.67;;;
2023;2800670;;;;;;436636.496;17723.51;;;
2023;2800704;;;;;;122925.634;15677.29;;;
2023;2801009;;;;;;354386.358;19526.5;;;
2023;2801108;;;;;;95134.774;25094.9;;;
2023;2801207;;;;;;2967956.618;110604.33;;;
2023;2801306;;;;;;595060.958;18804.26;;;
2023;2801405;;;;;;723768.733;36299.15;;;
2023;2801504;;;;;;464416.713;33524.63;;;
2023;2801603;;;;;;84948.639;15757.49;;;
2023;2801702;;;;;;589914.464;34497.92;;;
2023;2801900;;;;;;82670.98;21618.98;;;
2023;2802007;;;;;;240796.937;55483.17;;;
2023;2802106;;;;;;1473224.591;22637.83;;;
2023;2802205;;;;;;169357.162;28146.45;;;
2023;2802304;;;;;;551018.667;37922.83;;;
2023;2802403;;;;;;217566.187;19609.39;;;
2023;2802502;;;;;;50397.007;16594.34;;;
2023;2802601;;;;;;139799.259;23946.43;;;
2023;2802700;;;;;;118392.187;14228.12;;;
2023;2802809;;;;;;322888.157;19511.04;;;
2023;2802908;;;;;;2942685.897;28448.24;;;
2023;2803005;;;;;;865771.933;21283.54;;;
2023;2803104;;;;;;101138.057;21314.66;;;
2023;2803203;;;;;;562365.723;16342.61;;;
2023;2803302;;;;;;549070.01;33874.39;;;
2023;2803401;;;;;;298619.811;22273.43;;;
2023;2803500;;;;;;2177825.208;21439.72;;;
2023;2803609;;;;;;638032.867;26612.42;;;
2023;2803708;;;;;;136318.076;19935.37;;;
2023;2803807;;;;;;67243.893;18788.46;;;
2023;2803906;;;;;;224467.342;19463.05;;;
2023;2804003;;;;;;320962.662;20418.77;;;
2023;2804102;;;;;;280139.71;25352.01;;;
2023;2804201;;;;;;337201.188;23488.52;;;
2023;2804300;;;;;;112543.753;14388.1;;;
2023;2804409;;;;;;382704.881;23298.73;;;
2023;2804458;;;;;;209604.537;22704.13;;;
2023;2804508;;;;;;1048319.704;25477.43;;;
2023;2804607;;;;;;540609.743;21627.85;;;
2023;2804706;;;;;;115909.832;18492.32;;;
2023;2804805;;;;;;2852077.183;14829.08;;;
2023;2804904;;;;;;219431.735;17551.73;;;
2023;2805000;;;;;;74512.297;26822.28;;;
2023;2805109;;;;;;128570.496;17383.79;;;
2023;2805208;;;;;;141417.06;24910.53;;;
2023;2805307;;;;;;155336.484;19630.54;;;
2023;2805406;;;;;;763538.928;22833.78;;;
2023;2805505;;;;;;388823.218;17840.84;;;
2023;2805604;;;;;;637807.556;23999.38;;;
2023;2805703;;;;;;614880.096;23100.16;;;
2023;2805802;;;;;;419338.643;22898.41;;;
2023;2805901;;;;;;240563.022;27499.2;;;
2023;2806008;;;;;;372070.867;21844.12;;;
2023;2806107;;;;;;391878.489;42160.14;;;
2023;2806206;;;;;;320943.343;15826.39;;;
2023;2806305;;;;;;238278.236;17499.87;;;
2023;2806404;;;;;;160614.555;21864.22;;;
2023;2806503;;;;;;59185.703;15033.2;;;
2023;2806602;;;;;;227941.577;20550.09;;;
2023;2806701;;;;;;1392937.53;14568.65;;;
2023;2806800;;;;;;161344.544;15623.56;;;
2023;2806909;;;;;;61511.33;18967.42;;;
2023;2807006;;;;;;79123.152;23041.1;;;
2023;2807105;;;;;;925386.501;21733.91;;;
2023;2807204;;;;;;201981.259;25782.65;;;
2023;2807303;;;;;;53466.564;16330.65;;;
2023;2807402;;;;;;1150010.304;22591.3;;;
2023;2807501;;;;;;208833.285;17385.39;;;
2023;2807600;;;;;;721872.317;30182.39;;;
2023;2900108;;;;;;84853.976;11622.24;;;
2023;2900207;;;;;;224238.542;12712.66;;;
2023;2900306;;;;;;186446.172;13515.49;;;
2023;2900355;;;;;;275493.875;19399.61;;;
2023;2900405;;;;;;174798.461;12057.56;;;
2023;2900504;;;;;;102934.025;9707.09;;;
2023;2900603;;;;;;75418.036;16959.31;;;
2023;2900702;;;;;;5705227.49;37769.21;;;
2023;2900801;;;;;;439081.541;17899.78;;;
2023;2900900;;;;;;79710.606;15276.08;;;
2023;2901007;;;;;;608765.198;16668.91;;;
2023;2901106;;;;;;521349.037;21598.68;;;
2023;2901155;;;;;;198616.016;13121.23;;;
2023;2901205;;;;;;299894.814;11789.24;;;
2023;2901304;;;;;;178408.467;13639.79;;;
2023;2901353;;;;;;252205.76;16800.28;;;
2023;2901403;;;;;;229298.219;16698.09;;;
2023;2901502;;;;;;118551.884;10747.16;;;
2023;2901601;;;;;;197869.627;13413.07;;;
2023;2901700;;;;;;138792.627;12452.24;;;
2023;2901809;;;;;;108499.704;9988.93;;;
2023;2901908;;;;;;191757.869;12043.58;;;
2023;2901957;;;;;;90728.526;13124.33;;;
2023;2902005;;;;;;174004.348;12485.96;;;
2023;2902054;;;;;;325621.667;28175.28;;;
2023;2902104;;;;;;642812.114;13310.39;;;
2023;2902203;;;;;;138749.091;14110.56;;;
2023;2902252;;;;;;135073.021;13254.15;;;
2023;2902302;;;;;;107370.357;12374.13;;;
2023;2902401;;;;;;180021.295;16103.52;;;
2023;2902500;;;;;;362686.108;26640.67;;;
2023;2902609;;;;;;226703.817;12442.58;;;
2023;2902658;;;;;;152080.651;12717.9;;;
2023;2902708;;;;;;558492.724;10931.12;;;
2023;2902807;;;;;;589438.511;22648.06;;;
2023;2902906;;;;;;540749.955;14799.25;;;
2023;2903003;;;;;;143355.927;10361.08;;;
2023;2903102;;;;;;107926.635;18688.59;;;
2023;2903201;;;;;;9499498.974;59470.74;;;
2023;2903235;;;;;;137538.062;10223.6;;;
2023;2903276;;;;;;289667.896;19053.34;;;
2023;2903300;;;;;;112869.346;19350.14;;;
2023;2903409;;;;;;432367.576;21488.37;;;
2023;2903508;;;;;;217595.873;11818.16;;;
2023;2903607;;;;;;234654.242;15492.82;;;
2023;2903706;;;;;;144910.467;10585.13;;;
2023;2903805;;;;;;187248.715;11097.54;;;
2023;2903904;;;;;;1554154.439;23709.45;;;
2023;2903953;;;;;;92366.046;9492.91;;;
2023;2904001;;;;;;146375.553;10745.53;;;
2023;2904050;;;;;;265008.82;16726.13;;;
2023;2904100;;;;;;221071.153;11441.42;;;
2023;2904209;;;;;;132224.667;11994.26;;;
2023;2904308;;;;;;168676.087;13032.22;;;
2023;2904407;;;;;;146903.266;16129.04;;;
2023;2904506;;;;;;141253.088;12006.21;;;
2023;2904605;;;;;;1931839.323;27398.09;;;
2023;2904704;;;;;;237932.104;16072.15;;;
2023;2904753;;;;;;191820.251;9792.24;;;
2023;2904803;;;;;;97532.131;15718.31;;;
2023;2904852;;;;;;186027.975;11234.25;;;
2023;2904902;;;;;;521415.95;17826.19;;;
2023;2905008;;;;;;429993.372;19143.15;;;
2023;2905107;;;;;;127401.113;12268.98;;;
2023;2905156;;;;;;114112.66;10128.94;;;
2023;2905206;;;;;;1216743.242;23393.51;;;
2023;2905305;;;;;;277213.977;15871.63;;;
2023;2905404;;;;;;1442324.551;81207.4;;;
2023;2905503;;;;;;138754.744;10608.16;;;
2023;2905602;;;;;;470759.707;20849.45;;;
2023;2905701;;;;;;27418877.532;91283.07;;;
2023;2905800;;;;;;557661.535;18302.59;;;
2023;2905909;;;;;;383421.237;12501.1;;;
2023;2906006;;;;;;1617786.003;22665.37;;;
2023;2906105;;;;;;110069.158;10764.71;;;
2023;2906204;;;;;;305655.738;12627.27;;;
2023;2906303;;;;;;510979.086;15634.4;;;
2023;2906402;;;;;;84961.221;10931.71;;;
2023;2906501;;;;;;5750025.525;79439.99;;;
2023;2906600;;;;;;170087.646;13067.58;;;
2023;2906709;;;;;;289056.859;11449.16;;;
2023;2906808;;;;;;510493.321;13635.34;;;
2023;2906824;;;;;;203666.771;12646.18;;;
2023;2906857;;;;;;164342.354;15296.2;;;
2023;2906873;;;;;;801015.808;24101.57;;;
2023;2906899;;;;;;123402.399;12414.73;;;
2023;2906907;;;;;;413319.456;20083.55;;;
2023;2907004;;;;;;140042.098;16741.43;;;
2023;2907103;;;;;;377035.401;13060.22;;;
2023;2907202;;;;;;1135275.591;15748.91;;;
2023;2907301;;;;;;431937.994;17478.88;;;
2023;2907400;;;;;;93082.334;27106.1;;;
2023;2907509;;;;;;928641.003;19287.22;;;
2023;2907558;;;;;;105133.773;11891.62;;;
2023;2907608;;;;;;180701.476;11053.43;;;
2023;2907707;;;;;;137581.262;13005.13;;;
2023;2907806;;;;;;503222.235;16365.48;;;
2023;2907905;;;;;;214615.596;12455.93;;;
2023;2908002;;;;;;256642.839;14806.6;;;
2023;2908101;;;;;;733216.57;38286.07;;;
2023;2908200;;;;;;430602.157;20702.03;;;
2023;2908309;;;;;;236506.602;14974.46;;;
2023;2908408;;;;;;1122063.228;16543.51;;;
2023;2908507;;;;;;2634469.119;74613.94;;;
2023;2908606;;;;;;365281.648;15442.7;;;
2023;2908705;;;;;;203310.521;11922.27;;;
2023;2908804;;;;;;63627.246;14684.34;;;
2023;2908903;;;;;;325844.013;12207.55;;;
2023;2909000;;;;;;79050.184;10475.77;;;
2023;2909109;;;;;;207786.048;14852.47;;;
2023;2909208;;;;;;258087.826;15131.79;;;
2023;2909307;;;;;;3806363.285;117274.03;;;
2023;2909406;;;;;;214456.773;16417.11;;;
2023;2909505;;;;;;57702.745;13069.7;;;
2023;2909604;;;;;;262119.649;13286.01;;;
2023;2909703;;;;;;218524.996;15616.74;;;
2023;2909802;;;;;;1279175.071;21196.64;;;
2023;2909901;;;;;;499931.719;14626.44;;;
2023;2910008;;;;;;155286.969;14351.85;;;
2023;2910057;;;;;;2377818.192;33263.18;;;
2023;2910107;;;;;;177242.569;14914.39;;;
2023;2910206;;;;;;60840.322;13805.38;;;
2023;2910305;;;;;;104130.141;13336.34;;;
2023;2910404;;;;;;254827.772;13336.88;;;
2023;2910503;;;;;;790786.138;20756.63;;;
2023;2910602;;;;;;810979.757;24911.83;;;
2023;2910701;;;;;;959547.942;15613.58;;;
2023;2910727;;;;;;4264492.925;37503.24;;;
2023;2910750;;;;;;298891.354;16701.57;;;
2023;2910776;;;;;;83140.366;14764.76;;;
2023;2910800;;;;;;21846454.667;35449.37;;;
2023;2910859;;;;;;201628.08;11266.03;;;
2023;2910909;;;;;;88592.155;18180.21;;;
2023;2911006;;;;;;134078.706;12123.94;;;
2023;2911105;;;;;;5334932.831;205989.92;;;
2023;2911204;;;;;;598642.986;18604.11;;;
2023;2911253;;;;;;64348.661;14758.87;;;
2023;2911303;;;;;;563487.092;51772.06;;;
2023;2911402;;;;;;297614.829;19171.27;;;
2023;2911501;;;;;;91564.455;16483.25;;;
2023;2911600;;;;;;284847.183;13824.18;;;
2023;2911659;;;;;;86286.262;10718.79;;;
2023;2911709;;;;;;2028013.245;23093.63;;;
2023;2911808;;;;;;318836.843;16737.72;;;
2023;2911857;;;;;;170531.034;13441.4;;;
2023;2911907;;;;;;309737.081;12587.36;;;
2023;2912004;;;;;;121229.529;11624.27;;;
2023;2912103;;;;;;265631.847;12260.87;;;
2023;2912202;;;;;;517754.214;24909.99;;;
2023;2912301;;;;;;224503.022;16111.89;;;
2023;2912400;;;;;;201180.984;12117.15;;;
2023;2912509;;;;;;155050.168;11184.46;;;
2023;2912608;;;;;;48873.515;13120.41;;;
2023;2912707;;;;;;385351.271;15204.83;;;
2023;2912806;;;;;;486181.66;54651.72;;;
2023;2912905;;;;;;274185.068;14590.52;;;
2023;2913002;;;;;;145139.883;9915.96;;;
2023;2913101;;;;;;181670.057;10706.0;;;
2023;2913200;;;;;;544229.386;20686.05;;;
2023;2913309;;;;;;72148.171;11655.6;;;
2023;2913408;;;;;;237185.761;15275.7;;;
2023;2913457;;;;;;248014.796;18859.01;;;
2023;2913507;;;;;;282578.114;13148.67;;;
2023;2913606;;;;;;7234380.827;40494.94;;;
2023;2913705;;;;;;728056.798;21546.52;;;
2023;2913804;;;;;;141403.755;10314.67;;;
2023;2913903;;;;;;714937.605;17563.45;;;
2023;2914000;;;;;;799164.101;14050.99;;;
2023;2914109;;;;;;138063.549;13896.68;;;
2023;2914208;;;;;;81309.529;13327.25;;;
2023;2914307;;;;;;128687.776;11968.73;;;
2023;2914406;;;;;;695112.51;29109.78;;;
2023;2914505;;;;;;385665.422;13752.64;;;
2023;2914604;;;;;;1963173.351;26348.84;;;
2023;2914653;;;;;;669662.547;23776.41;;;
2023;2914703;;;;;;1267186.907;19473.31;;;
2023;2914802;;;;;;5152367.087;27595.86;;;
2023;2914901;;;;;;563115.494;20326.14;;;
2023;2915007;;;;;;151141.5;11218.94;;;
2023;2915106;;;;;;162850.098;11798.17;;;
2023;2915205;;;;;;746823.176;48780.09;;;
2023;2915304;;;;;;153619.497;24203.48;;;
2023;2915353;;;;;;173900.568;14125.62;;;
2023;2915403;;;;;;110196.786;18253.57;;;
2023;2915502;;;;;;382794.967;20382.03;;;
2023;2915601;;;;;;1395505.741;23412.56;;;
2023;2915700;;;;;;118905.574;16863.65;;;
2023;2915809;;;;;;403897.7;16557.26;;;
2023;2915908;;;;;;110577.394;18697.56;;;
2023;2916005;;;;;;341095.515;19148.68;;;
2023;2916104;;;;;;298513.763;15084.83;;;
2023;2916203;;;;;;135711.734;13123.66;;;
2023;2916302;;;;;;329115.871;35874.85;;;
2023;2916401;;;;;;1938472.475;29416.7;;;
2023;2916500;;;;;;534862.537;16883.82;;;
2023;2916609;;;;;;124198.931;12082.78;;;
2023;2916708;;;;;;105757.568;12971.61;;;
2023;2916807;;;;;;375539.977;22023.22;;;
2023;2916856;;;;;;513400.981;32623.82;;;
2023;2916906;;;;;;152011.102;13820.45;;;
2023;2917003;;;;;;429677.861;12685.34;;;
2023;2917102;;;;;;281111.572;16917.11;;;
2023;2917201;;;;;;341991.049;19090.71;;;
2023;2917300;;;;;;420872.854;19216.18;;;
2023;2917334;;;;;;179352.803;16131.75;;;
2023;2917359;;;;;;1527844.705;164727.19;;;
2023;2917409;;;;;;150695.59;10438.87;;;
2023;2917508;;;;;;2030142.295;24580.97;;;
2023;2917607;;;;;;807068.769;17558.71;;;
2023;2917706;;;;;;805703.944;24637.0;;;
2023;2917805;;;;;;261120.545;14786.83;;;
2023;2917904;;;;;;217807.116;23457.96;;;
2023;2918001;;;;;;3882706.96;24448.29;;;
2023;2918100;;;;;;623856.272;16580.46;;;
2023;2918209;;;;;;195942.717;14376.9;;;
2023;2918308;;;;;;253022.524;17626.09;;;
2023;2918357;;;;;;347834.875;13995.13;;;
2023;2918407;;;;;;6159603.827;25900.17;;;
2023;2918456;;;;;;152424.112;15787.06;;;
2023;2918506;;;;;;151838.486;9284.49;;;
2023;2918555;;;;;;90404.1;15353.96;;;
2023;2918605;;;;;;87227.64;11821.07;;;
2023;2918704;;;;;;70953.286;17411.85;;;
2023;2918753;;;;;;147332.4;10445.4;;;
2023;2918803;;;;;;344541.365;16366.21;;;
2023;2918902;;;;;;132125.986;34363.07;;;
2023;2919009;;;;;;66279.945;18792.16;;;
2023;2919058;;;;;;102349.698;13657.55;;;
2023;2919108;;;;;;83252.481;9234.88;;;
2023;2919157;;;;;;381812.078;14835.72;;;
2023;2919207;;;;;;8918479.61;43861.88;;;
2023;2919306;;;;;;210369.84;19525.7;;;
2023;2919405;;;;;;165211.987;13960.79;;;
2023;2919504;;;;;;705491.381;16069.32;;;
2023;2919553;;;;;;11559024.195;107118.26;;;
2023;2919603;;;;;;108591.993;10387.6;;;
2023;2919702;;;;;;269681.394;12485.83;;;
2023;2919801;;;;;;549585.766;13129.45;;;
2023;2919900;;;;;;80971.997;11159.32;;;
2023;2919926;;;;;;710438.473;38393.78;;;
2023;2919959;;;;;;81860.129;11739.59;;;
2023;2920007;;;;;;210895.572;24154.8;;;
2023;2920106;;;;;;211982.299;11994.02;;;
2023;2920205;;;;;;238292.949;15475.58;;;
2023;2920304;;;;;;111364.731;12844.84;;;
2023;2920403;;;;;;165431.588;11935.9;;;
2023;2920452;;;;;;117786.924;8462.31;;;
2023;2920502;;;;;;692348.658;25066.93;;;
2023;2920601;;;;;;479211.8;13363.78;;;
2023;2920700;;;;;;434712.147;17723.82;;;
2023;2920809;;;;;;119537.686;12899.29;;;
2023;2920908;;;;;;193316.501;14273.22;;;
2023;2921005;;;;;;1734856.86;40756.87;;;
2023;2921054;;;;;;123261.011;11932.33;;;
2023;2921104;;;;;;505591.94;22780.57;;;
2023;2921203;;;;;;340199.632;13795.05;;;
2023;2921302;;;;;;181064.199;16354.82;;;
2023;2921401;;;;;;167190.994;10626.1;;;
2023;2921450;;;;;;102821.862;10093.44;;;
2023;2921500;;;;;;590805.465;12365.12;;;
2023;2921609;;;;;;102667.043;12839.8;;;
2023;2921708;;;;;;1565321.407;46595.27;;;
2023;2921807;;;;;;132840.361;11921.42;;;
2023;2921906;;;;;;599591.173;49401.93;;;
2023;2922003;;;;;;3127407.236;82350.03;;;
2023;2922052;;;;;;283456.447;21552.35;;;
2023;2922102;;;;;;219477.472;12682.89;;;
2023;2922201;;;;;;86329.424;12006.87;;;
2023;2922250;;;;;;266937.053;25561.34;;;
2023;2922300;;;;;;375976.5;13097.03;;;
2023;2922409;;;;;;511682.019;25536.86;;;
2023;2922508;;;;;;463720.766;17136.76;;;
2023;2922607;;;;;;201028.331;16664.87;;;
2023;2922656;;;;;;184561.855;9963.93;;;
2023;2922706;;;;;;227966.485;16621.69;;;
2023;2922730;;;;;;121798.973;15287.93;;;
2023;2922755;;;;;;127888.329;19672.1;;;
2023;2922805;;;;;;89839.984;11547.56;;;
2023;2922854;;;;;;93115.338;12352.79;;;
2023;2922904;;;;;;341841.659;14104.71;;;
2023;2923001;;;;;;699743.948;17711.0;;;
2023;2923035;;;;;;137372.055;12307.12;;;
2023;2923050;;;;;;130774.308;11780.41;;;
2023;2923100;;;;;;296049.094;13080.42;;;
2023;2923209;;;;;;420123.901;20281.14;;;
2023;2923308;;;;;;110003.255;14256.51;;;
2023;2923357;;;;;;318032.238;16527.17;;;
2023;2923407;;;;;;291638.714;14525.29;;;
2023;2923506;;;;;;153919.434;14887.27;;;
2023;2923605;;;;;;310453.443;15254.95;;;
2023;2923704;;;;;;327812.862;11206.51;;;
2023;2923803;;;;;;559998.86;21049.42;;;
2023;2923902;;;;;;135358.895;14445.99;;;
2023;2924009;;;;;;4258890.934;37732.71;;;
2023;2924058;;;;;;166031.463;12537.3;;;
2023;2924108;;;;;;68923.76;11054.33;;;
2023;2924207;;;;;;178830.493;12815.72;;;
2023;2924306;;;;;;220691.887;10987.35;;;
2023;2924405;;;;;;367179.251;10384.91;;;
2023;2924504;;;;;;285212.565;19361.39;;;
2023;2924603;;;;;;215103.251;11271.98;;;
2023;2924652;;;;;;132344.778;12817.9;;;
2023;2924678;;;;;;157000.634;14306.6;;;
2023;2924702;;;;;;92317.178;10066.21;;;
2023;2924801;;;;;;218911.43;12462.22;;;
2023;2924900;;;;;;88316.286;11009.26;;;
2023;2925006;;;;;;324874.126;13922.78;;;
2023;2925105;;;;;;681871.458;14119.47;;;
2023;2925204;;;;;;3036558.676;94490.87;;;
2023;2925253;;;;;;246409.882;13736.75;;;
2023;2925303;;;;;;5009893.696;29763.04;;;
2023;2925402;;;;;;151243.46;14720.99;;;
2023;2925501;;;;;;776982.13;22197.59;;;
2023;2925600;;;;;;167732.785;11086.11;;;
2023;2925709;;;;;;122013.542;9667.5;;;
2023;2925758;;;;;;417933.455;15069.35;;;
2023;2925808;;;;;;321603.264;12375.07;;;
2023;2925907;;;;;;277904.407;10996.53;;;
2023;2925931;;;;;;117642.285;12434.45;;;
2023;2925956;;;;;;422266.249;21476.26;;;
2023;2926004;;;;;;573383.292;14127.61;;;
2023;2926103;;;;;;175547.914;12859.71;;;
2023;2926202;;;;;;1896806.255;87644.68;;;
2023;2926301;;;;;;565913.377;16950.62;;;
2023;2926400;;;;;;406699.912;13242.81;;;
2023;2926509;;;;;;199747.093;14202.72;;;
2023;2926608;;;;;;918879.756;17154.16;;;
2023;2926657;;;;;;134073.859;13765.28;;;
2023;2926707;;;;;;198436.418;15051.31;;;
2023;2926806;;;;;;143762.314;10935.82;;;
2023;2926905;;;;;;119203.331;11355.94;;;
2023;2927002;;;;;;1275891.66;36080.87;;;
2023;2927101;;;;;;162518.115;15766.21;;;
2023;2927200;;;;;;537945.952;19020.79;;;
2023;2927309;;;;;;250080.573;16686.5;;;
2023;2927408;;;;;;76698777.218;31724.15;;;
2023;2927507;;;;;;229692.146;10962.78;;;
2023;2927606;;;;;;161580.395;10797.22;;;
2023;2927705;;;;;;649501.528;22254.64;;;
2023;2927804;;;;;;77736.69;16606.86;;;
2023;2927903;;;;;;113747.756;11043.47;;;
2023;2928000;;;;;;678132.686;17923.9;;;
2023;2928059;;;;;;165145.314;11884.38;;;
2023;2928109;;;;;;696761.133;18048.94;;;
2023;2928208;;;;;;426642.509;17234.6;;;
2023;2928307;;;;;;84482.199;9692.77;;;
2023;2928406;;;;;;389399.755;14216.86;;;
2023;2928505;;;;;;165368.92;15838.42;;;
2023;2928604;;;;;;1375771.156;24562.08;;;
2023;2928703;;;;;;3028413.726;29386.38;;;
2023;2928802;;;;;;1295366.193;24779.37;;;
2023;2928901;;;;;;8525861.621;259713.1;;;
2023;2928950;;;;;;109019.733;12938.49;;;
2023;2929008;;;;;;198066.092;17963.55;;;
2023;2929057;;;;;;276484.259;18196.94;;;
2023;2929107;;;;;;282890.888;13947.19;;;
2023;2929206;;;;;;26505736.857;684319.23;;;
2023;2929255;;;;;;193552.547;10406.05;;;
2023;2929305;;;;;;1673385.933;42350.26;;;
2023;2929354;;;;;;71407.246;13435.04;;;
2023;2929370;;;;;;154211.16;15138.03;;;
2023;2929404;;;;;;207568.001;20085.93;;;
2023;2929503;;;;;;957089.48;23367.58;;;
2023;2929602;;;;;;343804.522;19139.59;;;
2023;2929701;;;;;;352993.391;22051.06;;;
2023;2929750;;;;;;179571.811;15699.58;;;
2023;2929800;;;;;;120917.66;11540.15;;;
2023;2929909;;;;;;861824.933;18670.38;;;
2023;2930006;;;;;;123933.498;13240.76;;;
2023;2930105;;;;;;1260521.545;16914.53;;;
2023;2930154;;;;;;521085.967;15226.64;;;
2023;2930204;;;;;;1566194.071;41049.28;;;
2023;2930303;;;;;;261412.036;15317.71;;;
2023;2930402;;;;;;175258.44;9738.74;;;
2023;2930501;;;;;;1420688.878;17662.57;;;
2023;2930600;;;;;;153750.111;11529.82;;;
2023;2930709;;;;;;8508321.271;74270.21;;;
2023;2930758;;;;;;154007.5;11486.24;;;
2023;2930766;;;;;;168209.084;12201.44;;;
2023;2930774;;;;;;908544.285;35664.15;;;
2023;2930808;;;;;;177202.729;10390.68;;;
2023;2930907;;;;;;341963.364;28546.9;;;
2023;2931004;;;;;;315576.937;15023.18;;;
2023;2931053;;;;;;297435.262;17335.08;;;
2023;2931103;;;;;;83841.325;10864.5;;;
2023;2931202;;;;;;254682.252;14114.51;;;
2023;2931301;;;;;;174264.684;11016.86;;;
2023;2931350;;;;;;3670771.175;25278.01;;;
2023;2931400;;;;;;123381.217;17353.2;;;
2023;2931509;;;;;;238097.542;11243.74;;;
2023;2931608;;;;;;279612.06;18237.15;;;
2023;2931707;;;;;;164870.724;15268.64;;;
2023;2931806;;;;;;172959.458;10626.0;;;
2023;2931905;;;;;;823511.194;16897.39;;;
2023;2932002;;;;;;318312.473;12905.43;;;
2023;2932101;;;;;;305086.784;16379.62;;;
2023;2932200;;;;;;316059.303;17962.0;;;
2023;2932309;;;;;;264213.165;16416.87;;;
2023;2932408;;;;;;177264.992;13197.22;;;
2023;2932457;;;;;;238955.363;17516.15;;;
2023;2932507;;;;;;453710.985;25024.05;;;
2023;2932606;;;;;;232370.405;15133.21;;;
2023;2932705;;;;;;384146.077;17933.99;;;
2023;2932804;;;;;;297919.476;18303.09;;;
2023;2932903;;;;;;2194454.273;25619.69;;;
2023;2933000;;;;;;350571.309;14390.09;;;
2023;2933059;;;;;;152109.586;11022.43;;;
2023;2933109;;;;;;154661.072;19091.6;;;
2023;2933158;;;;;;573060.128;42839.21;;;
2023;2933174;;;;;;172935.392;17445.31;;;
2023;2933208;;;;;;709330.481;16678.75;;;
2023;2933257;;;;;;116334.1;19379.33;;;
2023;2933307;;;;;;12666570.589;34152.84;;;
2023;2933406;;;;;;115311.179;12134.19;;;
2023;2933455;;;;;;230491.553;17773.87;;;
2023;2933505;;;;;;424519.835;17345.75;;;
2023;2933604;;;;;;780079.645;17429.22;;;
2023;3100104;;;;;;190396.516;30356.59;;;
2023;3100203;;;;;;641970.992;28311.84;;;
2023;3100302;;;;;;331512.387;23803.57;;;
2023;3100401;;;;;;85065.9;21761.55;;;
2023;3100500;;;;;;172093.758;19243.4;;;
2023;3100609;;;;;;235422.116;18700.62;;;
2023;3100708;;;;;;330940.253;156992.53;;;
2023;3100807;;;;;;111493.611;25589.54;;;
2023;3100906;;;;;;362825.731;19667.48;;;
2023;3101003;;;;;;278389.902;19832.58;;;
2023;3101102;;;;;;793375.795;31397.2;;;
2023;3101201;;;;;;154421.875;24774.89;;;
2023;3101300;;;;;;63839.679;23222.87;;;
2023;3101409;;;;;;90906.241;30794.8;;;
2023;3101508;;;;;;1045758.927;34044.96;;;
2023;3101607;;;;;;3669898.617;46472.06;;;
2023;3101631;;;;;;176964.207;25532.28;;;
2023;3101706;;;;;;813916.6;20164.42;;;
2023;3101805;;;;;;112973.052;16365.79;;;
2023;3101904;;;;;;618617.893;33804.26;;;
2023;3102001;;;;;;332255.68;23877.52;;;
2023;3102050;;;;;;131678.025;22722.7;;;
2023;3102100;;;;;;222896.994;20466.16;;;
2023;3102209;;;;;;64939.112;16336.88;;;
2023;3102308;;;;;;402513.186;26729.08;;;
2023;3102407;;;;;;95008.888;22844.17;;;
2023;3102506;;;;;;71597.296;15766.86;;;
2023;3102605;;;;;;1483245.48;36575.48;;;
2023;3102704;;;;;;146445.066;16075.2;;;
2023;3102803;;;;;;340782.313;28572.34;;;
2023;3102852;;;;;;193853.189;25117.02;;;
2023;3102902;;;;;;412676.149;37194.79;;;
2023;3103009;;;;;;535451.082;58081.25;;;
2023;3103108;;;;;;35792.157;23271.88;;;
2023;3103207;;;;;;75709.061;34713.0;;;
2023;3103306;;;;;;40166.056;19602.76;;;
2023;3103405;;;;;;1081893.247;31544.84;;;
2023;3103504;;;;;;6858533.812;58217.9;;;
2023;3103603;;;;;;77722.691;26663.02;;;
2023;3103702;;;;;;143377.299;17815.27;;;
2023;3103751;;;;;;1209045.34;142592.92;;;
2023;3103801;;;;;;249487.352;94826.06;;;
2023;3103900;;;;;;464947.328;50543.25;;;
2023;3104007;;;;;;8847239.614;79211.75;;;
2023;3104106;;;;;;460319.032;50160.08;;;
2023;3104205;;;;;;3058033.013;73837.0;;;
2023;3104304;;;;;;380055.761;27379.57;;;
2023;3104403;;;;;;51371.89;19111.57;;;
2023;3104452;;;;;;86409.861;18311.05;;;
2023;3104502;;;;;;544568.075;31528.95;;;
2023;3104601;;;;;;453515.717;32077.78;;;
2023;3104700;;;;;;259695.786;18906.22;;;
2023;3104809;;;;;;113861.695;25090.72;;;
2023;3104908;;;;;;451939.764;24607.41;;;
2023;3105004;;;;;;132125.412;17635.53;;;
2023;3105103;;;;;;861015.624;36567.38;;;
2023;3105202;;;;;;66317.142;13988.01;;;
2023;3105301;;;;;;113862.262;19159.05;;;
2023;3105400;;;;;;1547169.755;50268.69;;;
2023;3105509;;;;;;73841.49;14875.4;;;
2023;3105608;;;;;;4108617.172;32785.79;;;
2023;3105707;;;;;;101736.25;17955.57;;;
2023;3105905;;;;;;801809.897;39930.77;;;
2023;3106002;;;;;;407734.406;40103.71;;;
2023;3106101;;;;;;79257.657;24432.08;;;
2023;3106200;;;;;;130197670.721;56227.29;;;
2023;3106309;;;;;;2329753.724;97365.17;;;
2023;3106408;;;;;;268616.399;31136.71;;;
2023;3106507;;;;;;139373.005;14184.1;;;
2023;3106606;;;;;;62779.568;14104.6;;;
2023;3106655;;;;;;70040.781;16672.41;;;
2023;3106705;;;;;;52614325.377;127752.43;;;
2023;3106804;;;;;;51304.979;15264.8;;;
2023;3106903;;;;;;357490.741;25575.24;;;
2023;3107000;;;;;;75633.74;31738.88;;;
2023;3107109;;;;;;1413663.549;35476.4;;;
2023;3107208;;;;;;105938.037;19808.91;;;
2023;3107307;;;;;;1435951.111;29895.72;;;
2023;3107406;;;;;;2193212.185;42391.56;;;
2023;3107505;;;;;;152444.959;22474.56;;;
2023;3107604;;;;;;203053.43;45385.21;;;
2023;3107703;;;;;;178433.21;31687.66;;;
2023;3107802;;;;;;221367.799;15228.93;;;
2023;3107901;;;;;;209756.748;16582.87;;;
2023;3108008;;;;;;468362.537;27308.18;;;
2023;3108107;;;;;;142868.422;19218.24;;;
2023;3108206;;;;;;473315.719;85621.51;;;
2023;3108255;;;;;;127474.18;12492.57;;;
2023;3108305;;;;;;465206.3;26729.85;;;
2023;3108404;;;;;;346226.599;23349.51;;;
2023;3108503;;;;;;85707.159;14802.62;;;
2023;3108552;;;;;;466968.877;31089.81;;;
2023;3108602;;;;;;510727.719;15947.78;;;
2023;3108701;;;;;;60375.527;14172.66;;;
2023;3108800;;;;;;224250.483;50495.49;;;
2023;3108909;;;;;;277925.932;19509.05;;;
2023;3109006;;;;;;2845329.902;73116.53;;;
2023;3109105;;;;;;256721.226;23528.66;;;
2023;3109204;;;;;;191748.182;20956.09;;;
2023;3109253;;;;;;56472.007;13974.76;;;
2023;3109303;;;;;;1446138.643;60180.55;;;
2023;3109402;;;;;;852046.429;35635.57;;;
2023;3109451;;;;;;529789.018;79944.02;;;
2023;3109501;;;;;;320279.696;28070.09;;;
2023;3109600;;;;;;68104.771;18441.58;;;
2023;3109709;;;;;;609744.952;51312.38;;;
2023;3109808;;;;;;156899.526;67775.17;;;
2023;3109907;;;;;;361893.796;31647.91;;;
2023;3110004;;;;;;1004130.96;25895.68;;;
2023;3110103;;;;;;103763.571;19563.27;;;
2023;3110202;;;;;;128295.673;31383.48;;;
2023;3110301;;;;;;372573.576;26206.2;;;
2023;3110400;;;;;;89250.729;31448.46;;;
2023;3110509;;;;;;1318309.628;50515.75;;;
2023;3110608;;;;;;2451442.898;82998.47;;;
2023;3110707;;;;;;455158.505;36965.69;;;
2023;3110806;;;;;;61166.633;20925.98;;;
2023;3110905;;;;;;561946.528;35264.92;;;
2023;3111002;;;;;;564549.397;27278.19;;;
2023;3111101;;;;;;677668.025;37625.23;;;
2023;3111150;;;;;;52497.209;14134.95;;;
2023;3111200;;;;;;1458095.82;27891.73;;;
2023;3111309;;;;;;244375.088;21479.75;;;
2023;3111408;;;;;;1054872.158;124601.01;;;
2023;3111507;;;;;;524859.21;40439.11;;;
2023;3111606;;;;;;841149.655;32221.78;;;
2023;3111705;;;;;;102038.527;21641.26;;;
2023;3111804;;;;;;937761.455;88401.34;;;
2023;3111903;;;;;;95423.162;18099.99;;;
2023;3112000;;;;;;442692.446;31618.63;;;
2023;3112059;;;;;;63289.423;15925.87;;;
2023;3112109;;;;;;129595.914;25672.72;;;
2023;3112208;;;;;;70184.031;16089.87;;;
2023;3112307;;;;;;1111827.021;28058.02;;;
2023;3112406;;;;;;233337.821;35558.95;;;
2023;3112505;;;;;;179521.31;16835.91;;;
2023;3112604;;;;;;861973.729;58817.72;;;
2023;3112653;;;;;;71144.447;15516.78;;;
2023;3112703;;;;;;580397.935;41139.63;;;
2023;3112802;;;;;;443828.847;42758.08;;;
2023;3112901;;;;;;196871.684;22031.3;;;
2023;3113008;;;;;;273822.674;14007.71;;;
2023;3113107;;;;;;49306.416;16810.92;;;
2023;3113206;;;;;;883368.72;37097.63;;;
2023;3113305;;;;;;780302.918;24977.69;;;
2023;3113404;;;;;;2871549.04;32870.3;;;
2023;3113503;;;;;;199921.931;23487.07;;;
2023;3113602;;;;;;199576.245;29280.55;;;
2023;3113701;;;;;;629831.916;33834.64;;;
2023;3113800;;;;;;45529.016;17477.55;;;
2023;3113909;;;;;;367737.882;31847.05;;;
2023;3114006;;;;;;315081.702;28594.4;;;
2023;3114105;;;;;;330268.118;23937.68;;;
2023;3114204;;;;;;779792.824;33212.35;;;
2023;3114303;;;;;;1195268.635;41200.53;;;
2023;3114402;;;;;;843686.622;40263.75;;;
2023;3114501;;;;;;541381.493;30071.74;;;
2023;3114550;;;;;;684511.571;72650.35;;;
2023;3114600;;;;;;174306.657;43049.31;;;
2023;3114709;;;;;;86223.977;25807.84;;;
2023;3114808;;;;;;103815.761;23477.11;;;
2023;3114907;;;;;;81954.28;37016.39;;;
2023;3115003;;;;;;101297.044;37351.42;;;
2023;3115102;;;;;;519892.094;30305.57;;;
2023;3115201;;;;;;87501.098;24578.96;;;
2023;3115300;;;;;;2139615.681;32290.72;;;
2023;3115359;;;;;;1779684.141;325175.25;;;
2023;3115409;;;;;;51640.222;16604.57;;;
2023;3115458;;;;;;109879.753;15630.12;;;
2023;3115474;;;;;;70828.424;14945.86;;;
2023;3115508;;;;;;464910.514;22079.72;;;
2023;3115607;;;;;;27974.963;25878.78;;;
2023;3115706;;;;;;100033.962;16210.33;;;
2023;3115805;;;;;;448883.432;43978.0;;;
2023;3115904;;;;;;62303.794;20261.4;;;
2023;3116001;;;;;;139735.953;23001.8;;;
2023;3116100;;;;;;121416.36;11745.8;;;
2023;3116159;;;;;;581136.991;47036.58;;;
2023;3116209;;;;;;47110.405;16825.14;;;
2023;3116308;;;;;;80891.274;14494.05;;;
2023;3116407;;;;;;261983.45;56243.76;;;
2023;3116506;;;;;;113053.412;15776.36;;;
2023;3116605;;;;;;1426309.747;47293.01;;;
2023;3116704;;;;;;149609.32;21021.4;;;
2023;3116803;;;;;;134747.624;16507.12;;;
2023;3116902;;;;;;225389.957;81280.19;;;
2023;3117009;;;;;;84176.078;12639.05;;;
2023;3117108;;;;;;325806.067;31415.11;;;
2023;3117207;;;;;;78789.51;28423.34;;;
2023;3117306;;;;;;1782238.407;62796.89;;;
2023;3117405;;;;;;91447.329;20741.06;;;
2023;3117504;;;;;;3194400.721;137909.63;;;
2023;3117603;;;;;;313543.484;57902.77;;;
2023;3117702;;;;;;352054.354;28072.27;;;
2023;3117801;;;;;;308533.225;28357.83;;;
2023;3117836;;;;;;78704.701;10875.32;;;
2023;3117876;;;;;;1617016.921;220002.3;;;
2023;3117900;;;;;;274057.13;24727.7;;;
2023;3118007;;;;;;7693793.903;145467.84;;;
2023;3118106;;;;;;63888.712;13224.74;;;
2023;3118205;;;;;;671619.125;100331.51;;;
2023;3118304;;;;;;3482647.959;26459.67;;;
2023;3118403;;;;;;500870.997;24052.58;;;
2023;3118502;;;;;;36259.032;23198.36;;;
2023;3118601;;;;;;45092392.887;72511.78;;;
2023;3118700;;;;;;279819.69;31011.82;;;
2023;3118809;;;;;;357956.467;14105.55;;;
2023;3118908;;;;;;164132.156;21748.0;;;
2023;3119005;;;;;;131187.282;40996.03;;;
2023;3119104;;;;;;546843.801;23238.31;;;
2023;3119203;;;;;;160041.242;14704.27;;;
2023;3119302;;;;;;2051785.006;71010.76;;;
2023;3119401;;;;;;2387845.824;22798.71;;;
2023;3119500;;;;;;116044.225;14151.73;;;
2023;3119609;;;;;;72440.323;26227.49;;;
2023;3119708;;;;;;89841.008;25771.95;;;
2023;3119807;;;;;;181309.701;61253.28;;;
2023;3119906;;;;;;65482.796;15328.37;;;
2023;3119955;;;;;;508107.647;82848.14;;;
2023;3120003;;;;;;63742.211;22171.2;;;
2023;3120102;;;;;;76758.203;18082.03;;;
2023;3120151;;;;;;92301.657;17531.18;;;
2023;3120201;;;;;;343069.406;28127.36;;;
2023;3120300;;;;;;74446.623;14537.52;;;
2023;3120409;;;;;;168667.765;36140.51;;;
2023;3120508;;;;;;316772.643;30535.25;;;
2023;3120607;;;;;;100691.886;18529.98;;;
2023;3120706;;;;;;183246.046;52043.75;;;
2023;3120805;;;;;;421201.298;27418.39;;;
2023;3120839;;;;;;83623.306;20995.06;;;
2023;3120870;;;;;;94746.856;12793.26;;;
2023;3120904;;;;;;2706326.327;33550.19;;;
2023;3121001;;;;;;88055.274;16112.58;;;
2023;3121100;;;;;;141823.929;17835.0;;;
2023;3121209;;;;;;355640.31;42373.44;;;
2023;3121258;;;;;;708459.476;67510.91;;;
2023;3121308;;;;;;116297.582;23599.35;;;
2023;3121407;;;;;;249744.801;32633.58;;;
2023;3121506;;;;;;62040.964;20721.76;;;
2023;3121605;;;;;;1201220.973;25181.77;;;
2023;3121704;;;;;;55354.946;15597.34;;;
2023;3121803;;;;;;104802.973;15306.41;;;
2023;3121902;;;;;;87003.442;20587.66;;;
2023;3122009;;;;;;442809.827;21385.58;;;
2023;3122108;;;;;;70321.234;16831.32;;;
2023;3122207;;;;;;91614.435;14059.92;;;
2023;3122306;;;;;;9339332.264;40414.09;;;
2023;3122355;;;;;;216685.656;34280.28;;;
2023;3122405;;;;;;157089.428;26848.3;;;
2023;3122454;;;;;;118503.144;11603.17;;;
2023;3122470;;;;;;85437.158;23109.86;;;
2023;3122504;;;;;;85390.944;17412.51;;;
2023;3122603;;;;;;81864.373;16710.43;;;
2023;3122702;;;;;;128825.538;24641.46;;;
2023;3122801;;;;;;50704.475;16382.71;;;
2023;3122900;;;;;;126626.913;20782.36;;;
2023;3123007;;;;;;485976.956;48563.7;;;
2023;3123106;;;;;;190470.271;37874.38;;;
2023;3123205;;;;;;398845.159;31579.19;;;
2023;3123304;;;;;;76798.359;15399.71;;;
2023;3123403;;;;;;134727.115;92215.68;;;
2023;3123502;;;;;;88740.75;48518.73;;;
2023;3123528;;;;;;154213.27;19727.94;;;
2023;3123601;;;;;;948341.686;36009.33;;;
2023;3123700;;;;;;188885.396;13866.2;;;
2023;3123809;;;;;;116459.38;18328.51;;;
2023;3123858;;;;;;82275.065;15886.28;;;
2023;3123908;;;;;;417306.732;28299.66;;;
2023;3124005;;;;;;576909.131;28482.31;;;
2023;3124104;;;;;;1314690.511;15358.89;;;
2023;3124203;;;;;;570798.994;23682.64;;;
2023;3124302;;;;;;472196.909;15510.85;;;
2023;3124401;;;;;;151055.758;22849.15;;;
2023;3124500;;;;;;572583.861;49781.24;;;
2023;3124609;;;;;;51735.89;23666.92;;;
2023;3124708;;;;;;163895.665;59125.42;;;
2023;3124807;;;;;;458303.039;67003.37;;;
2023;3124906;;;;;;243154.7;22512.24;;;
2023;3125002;;;;;;71575.592;18471.12;;;
2023;3125101;;;;;;20204998.576;377790.63;;;
2023;3125200;;;;;;68125.526;26425.73;;;
2023;3125309;;;;;;79465.644;24926.49;;;
2023;3125408;;;;;;90314.498;17594.88;;;
2023;3125507;;;;;;59521.522;19631.11;;;
2023;3125606;;;;;;91368.427;14080.51;;;
2023;3125705;;;;;;315867.475;22597.47;;;
2023;3125804;;;;;;55720.249;19978.58;;;
2023;3125903;;;;;;163549.232;17054.14;;;
2023;3125952;;;;;;184762.184;17689.06;;;
2023;3126000;;;;;;182908.897;22735.72;;;
2023;3126109;;;;;;2969264.149;43506.98;;;
2023;3126208;;;;;;536208.05;67456.04;;;
2023;3126307;;;;;;98574.541;28350.46;;;
2023;3126406;;;;;;70961.247;22942.53;;;
2023;3126505;;;;;;91211.621;12382.79;;;
2023;3126604;;;;;;106412.427;23631.45;;;
2023;3126703;;;;;;532917.976;22700.54;;;
2023;3126752;;;;;;95098.13;18891.17;;;
2023;3126802;;;;;;91083.395;16149.54;;;
2023;3126901;;;;;;173509.214;21092.78;;;
2023;3126950;;;;;;50932.766;15019.98;;;
2023;3127008;;;;;;1090434.189;74995.47;;;
2023;3127057;;;;;;57796.324;13301.8;;;
2023;3127073;;;;;;57436.617;12359.93;;;
2023;3127107;;;;;;4026768.689;68730.26;;;
2023;3127206;;;;;;111147.827;23719.13;;;
2023;3127305;;;;;;126802.223;20379.66;;;
2023;3127339;;;;;;74869.089;15620.51;;;
2023;3127354;;;;;;55389.691;18917.24;;;
2023;3127370;;;;;;57041.944;20156.16;;;
2023;3127388;;;;;;104453.506;25771.9;;;
2023;3127404;;;;;;124200.379;26274.67;;;
2023;3127503;;;;;;92850.186;17753.38;;;
2023;3127602;;;;;;205956.861;18176.41;;;
2023;3127701;;;;;;8612265.515;33488.48;;;
2023;3127800;;;;;;817459.322;58805.79;;;
2023;3127909;;;;;;51558.24;37038.97;;;
2023;3128006;;;;;;1284431.621;39834.75;;;
2023;3128105;;;;;;499821.825;36292.61;;;
2023;3128204;;;;;;132453.764;13580.82;;;
2023;3128253;;;;;;83745.323;16579.95;;;
2023;3128303;;;;;;811249.322;42362.89;;;
2023;3128402;;;;;;226179.735;29320.68;;;
2023;3128501;;;;;;72282.659;22954.16;;;
2023;3128600;;;;;;889875.319;136087.37;;;
2023;3128709;;;;;;2431559.589;47760.99;;;
2023;3128808;;;;;;134343.372;18839.35;;;
2023;3128907;;;;;;359323.698;42383.07;;;
2023;3129004;;;;;;135879.587;17469.73;;;
2023;3129103;;;;;;238367.948;45910.62;;;
2023;3129202;;;;;;156943.337;25585.81;;;
2023;3129301;;;;;;206568.559;17171.12;;;
2023;3129400;;;;;;120874.777;23254.09;;;
2023;3129509;;;;;;1701475.145;76543.04;;;
2023;3129608;;;;;;123723.762;19682.43;;;
2023;3129657;;;;;;62187.813;12239.29;;;
2023;3129707;;;;;;895829.172;81825.83;;;
2023;3129806;;;;;;3235632.471;18973.2;;;
2023;3129905;;;;;;75923.924;22562.83;;;
2023;3130002;;;;;;72846.42;27000.16;;;
2023;3130051;;;;;;126584.47;11855.81;;;
2023;3130101;;;;;;1401823.85;30576.13;;;
2023;3130200;;;;;;831526.667;76779.93;;;
2023;3130309;;;;;;569668.718;83455.72;;;
2023;3130408;;;;;;601865.287;85943.92;;;
2023;3130507;;;;;;314564.988;24689.19;;;
2023;3130556;;;;;;129944.598;18600.72;;;
2023;3130606;;;;;;175312.803;24012.16;;;
2023;3130655;;;;;;96825.456;15257.71;;;
2023;3130705;;;;;;2150116.581;348422.72;;;
2023;3130804;;;;;;163203.396;63257.13;;;
2023;3130903;;;;;;543259.654;23940.58;;;
2023;3131000;;;;;;157760.257;25286.14;;;
2023;3131109;;;;;;109322.158;14831.39;;;
2023;3131158;;;;;;225484.82;13158.54;;;
2023;3131208;;;;;;423411.376;21688.93;;;
2023;3131307;;;;;;16870238.851;74079.68;;;
2023;3131406;;;;;;230520.968;61065.16;;;
2023;3131505;;;;;;223413.372;24456.86;;;
2023;3131604;;;;;;455213.734;63400.24;;;
2023;3131703;;;;;;7434200.081;65590.29;;;
2023;3131802;;;;;;182486.722;17611.15;;;
2023;3131901;;;;;;7160444.102;134178.66;;;
2023;3132008;;;;;;72423.371;17032.78;;;
2023;3132107;;;;;;292850.107;17018.25;;;
2023;3132206;;;;;;466010.107;33656.66;;;
2023;3132305;;;;;;143638.883;13728.27;;;
2023;3132404;;;;;;4497959.389;48327.22;;;
2023;3132503;;;;;;669899.563;20332.03;;;
2023;3132602;;;;;;73660.005;19962.06;;;
2023;3132701;;;;;;415054.966;19725.07;;;
2023;3132800;;;;;;43137.654;20138.96;;;
2023;3132909;;;;;;348466.857;32355.33;;;
2023;3133006;;;;;;1087902.966;73576.56;;;
2023;3133105;;;;;;649276.352;42614.62;;;
2023;3133204;;;;;;178778.4;16065.64;;;
2023;3133303;;;;;;375951.855;19630.93;;;
2023;3133402;;;;;;714871.685;52218.53;;;
2023;3133501;;;;;;665952.349;31642.7;;;
2023;3133600;;;;;;1698907.149;134876.72;;;
2023;3133709;;;;;;2434575.301;187766.1;;;
2023;3133758;;;;;;899162.734;62415.85;;;
2023;3133808;;;;;;4975969.03;50947.27;;;
2023;3133907;;;;;;83986.058;14885.87;;;
2023;3134004;;;;;;283613.085;20633.91;;;
2023;3134103;;;;;;163923.406;27072.4;;;
2023;3134202;;;;;;4975265.394;48673.56;;;
2023;3134301;;;;;;110967.147;16716.96;;;
2023;3134400;;;;;;2864935.043;74812.25;;;
2023;3134509;;;;;;221742.319;52582.95;;;
2023;3134608;;;;;;373789.243;18317.61;;;
2023;3134707;;;;;;159690.215;14462.07;;;
2023;3134806;;;;;;186298.724;24856.4;;;
2023;3134905;;;;;;1708889.642;66949.64;;;
2023;3135001;;;;;;157329.176;50882.66;;;
2023;3135050;;;;;;969913.796;25754.48;;;
2023;3135076;;;;;;84853.381;19751.72;;;
2023;3135100;;;;;;1965161.025;27796.16;;;
2023;3135209;;;;;;1040488.653;15970.66;;;
2023;3135308;;;;;;126374.759;28045.89;;;
2023;3135357;;;;;;100135.576;12321.35;;;
2023;3135407;;;;;;1689755.212;272673.1;;;
2023;3135456;;;;;;87873.846;14405.55;;;
2023;3135506;;;;;;245642.081;19779.54;;;
2023;3135605;;;;;;157283.874;24257.23;;;
2023;3135704;;;;;;161753.013;27494.99;;;
2023;3135803;;;;;;383947.895;15993.16;;;
2023;3135902;;;;;;113092.975;22011.09;;;
2023;3136009;;;;;;211126.178;15202.06;;;
2023;3136108;;;;;;120063.635;27734.73;;;
2023;3136207;;;;;;4286349.25;53454.42;;;
2023;3136306;;;;;;2562731.629;54758.05;;;
2023;3136405;;;;;;83619.696;21696.86;;;
2023;3136504;;;;;;129428.687;12561.01;;;
2023;3136520;;;;;;62251.278;15684.37;;;
2023;3136553;;;;;;113810.435;26665.99;;;
2023;3136579;;;;;;59635.327;16428.46;;;
2023;3136603;;;;;;147089.479;24892.45;;;
2023;3136652;;;;;;2124349.302;69161.0;;;
2023;3136702;;;;;;23271627.261;43035.36;;;
2023;3136801;;;;;;63718.855;16910.52;;;
2023;3136900;;;;;;303328.157;27366.31;;;
2023;3136959;;;;;;89870.794;15524.41;;;
2023;3137007;;;;;;168094.058;11687.0;;;
2023;3137106;;;;;;265408.931;40025.48;;;
2023;3137205;;;;;;2471545.415;48073.32;;;
2023;3137304;;;;;;65868.175;19881.73;;;
2023;3137403;;;;;;376999.258;29524.57;;;
2023;3137502;;;;;;713683.216;37753.03;;;
2023;3137536;;;;;;312254.152;34814.82;;;
2023;3137601;;;;;;2825380.37;37599.05;;;
2023;3137700;;;;;;508139.191;24388.73;;;
2023;3137809;;;;;;538927.795;26399.91;;;
2023;3137908;;;;;;66917.653;21016.85;;;
2023;3138005;;;;;;116195.241;19486.04;;;
2023;3138104;;;;;;231341.775;32473.58;;;
2023;3138203;;;;;;3916681.627;37386.83;;;
2023;3138302;;;;;;67066.463;20964.82;;;
2023;3138351;;;;;;73646.075;16965.23;;;
2023;3138401;;;;;;1344583.254;26289.63;;;
2023;3138500;;;;;;117802.921;24868.68;;;
2023;3138609;;;;;;432496.512;25114.48;;;
2023;3138625;;;;;;775260.818;89243.79;;;
2023;3138658;;;;;;110763.133;12601.04;;;
2023;3138674;;;;;;155369.855;22336.09;;;
2023;3138682;;;;;;82467.838;13279.85;;;
2023;3138708;;;;;;166134.31;29741.19;;;
2023;3138807;;;;;;863686.116;48318.1;;;
2023;3138906;;;;;;136850.056;21096.05;;;
2023;3139003;;;;;;1406358.331;37319.77;;;
2023;3139102;;;;;;408511.106;78696.03;;;
2023;3139201;;;;;;272762.39;15572.18;;;
2023;3139250;;;;;;79982.589;13337.1;;;
2023;3139300;;;;;;315779.368;16720.29;;;
2023;3139409;;;;;;3710638.12;40383.06;;;
2023;3139508;;;;;;587887.014;28520.21;;;
2023;3139607;;;;;;610896.883;23022.31;;;
2023;3139706;;;;;;243501.96;33206.32;;;
2023;3139805;;;;;;288911.31;22711.37;;;
2023;3139904;;;;;;273429.689;19192.09;;;
2023;3140001;;;;;;4656946.097;75862.09;;;
2023;3140100;;;;;;75214.247;17806.4;;;
2023;3140159;;;;;;240476.761;15124.32;;;
2023;3140209;;;;;;111014.879;32776.76;;;
2023;3140308;;;;;;67778.906;14760.21;;;
2023;3140407;;;;;;61730.152;19290.67;;;
2023;3140506;;;;;;584257.694;41723.75;;;
2023;3140530;;;;;;298804.815;35588.95;;;
2023;3140555;;;;;;112643.542;12362.11;;;
2023;3140605;;;;;;76739.742;19364.05;;;
2023;3140704;;;;;;1095993.715;28963.13;;;
2023;3140803;;;;;;879158.745;62258.96;;;
2023;3140852;;;;;;200578.992;22549.63;;;
2023;3140902;;;;;;482096.182;25986.21;;;
2023;3141009;;;;;;229089.451;19030.52;;;
2023;3141108;;;;;;1895425.771;50386.14;;;
2023;3141207;;;;;;128622.612;33723.81;;;
2023;3141306;;;;;;273184.894;70047.41;;;
2023;3141405;;;;;;330715.354;16407.79;;;
2023;3141504;;;;;;98140.772;17506.38;;;
2023;3141603;;;;;;189388.298;18257.81;;;
2023;3141702;;;;;;73562.303;14595.69;;;
2023;3141801;;;;;;412127.792;16887.02;;;
2023;3141900;;;;;;199019.102;53199.44;;;
2023;3142007;;;;;;193762.204;14193.99;;;
2023;3142106;;;;;;206069.01;22978.26;;;
2023;3142205;;;;;;368816.523;27053.22;;;
2023;3142254;;;;;;57919.312;14534.33;;;
2023;3142304;;;;;;104132.227;20318.48;;;
2023;3142403;;;;;;160124.318;21214.14;;;
2023;3142502;;;;;;41814.661;19278.31;;;
2023;3142601;;;;;;280174.615;33594.08;;;
2023;3142700;;;;;;206964.135;14720.07;;;
2023;3142809;;;;;;903721.125;44805.21;;;
2023;3142908;;;;;;325957.625;16034.91;;;
2023;3143005;;;;;;486080.874;37259.0;;;
2023;3143104;;;;;;1957160.563;41037.5;;;
2023;3143153;;;;;;52678.142;12024.23;;;
2023;3143203;;;;;;632534.984;30279.32;;;
2023;3143302;;;;;;13326238.602;32170.33;;;
2023;3143401;;;;;;723677.875;30041.84;;;
2023;3143450;;;;;;104692.052;15199.19;;;
2023;3143500;;;;;;570682.925;62940.66;;;
2023;3143609;;;;;;62850.192;26068.1;;;
2023;3143708;;;;;;56082.571;17900.6;;;
2023;3143807;;;;;;159929.258;21191.1;;;
2023;3143906;;;;;;3211391.402;30846.73;;;
2023;3144003;;;;;;662868.668;23986.56;;;
2023;3144102;;;;;;742833.043;33933.26;;;
2023;3144201;;;;;;40636.373;16525.57;;;
2023;3144300;;;;;;1074888.835;30677.8;;;
2023;3144359;;;;;;108081.133;17147.57;;;
2023;3144375;;;;;;92799.301;26363.44;;;
2023;3144409;;;;;;133965.14;28557.91;;;
2023;3144508;;;;;;826959.213;101107.62;;;
2023;3144607;;;;;;757417.466;30274.9;;;
2023;3144656;;;;;;166816.364;15755.23;;;
2023;3144672;;;;;;133537.753;42379.48;;;
2023;3144706;;;;;;480775.333;27570.55;;;
2023;3144805;;;;;;12447551.06;111440.33;;;
2023;3144904;;;;;;71915.763;19633.02;;;
2023;3145000;;;;;;1581647.938;108346.89;;;
2023;3145059;;;;;;158901.01;23695.35;;;
2023;3145109;;;;;;492956.115;30082.15;;;
2023;3145208;;;;;;3936357.77;37293.07;;;
2023;3145307;;;;;;416700.311;15447.65;;;
2023;3145356;;;;;;150988.959;14694.79;;;
2023;3145372;;;;;;92593.548;20256.74;;;
2023;3145406;;;;;;44676.357;22969.85;;;
2023;3145455;;;;;;204856.974;38042.15;;;
2023;3145505;;;;;;55155.846;21587.42;;;
2023;3145604;;;;;;1463236.82;37268.52;;;
2023;3145703;;;;;;44411.957;21910.19;;;
2023;3145802;;;;;;82367.437;27742.48;;;
2023;3145851;;;;;;84109.064;17105.77;;;
2023;3145877;;;;;;146987.657;17421.79;;;
2023;3145901;;;;;;4310767.094;111320.29;;;
2023;3146008;;;;;;1223791.087;38131.46;;;
2023;3146107;;;;;;6765810.317;90426.62;;;
2023;3146206;;;;;;87363.263;15175.14;;;
2023;3146255;;;;;;68448.346;13532.69;;;
2023;3146305;;;;;;254680.841;14692.56;;;
2023;3146404;;;;;;98947.338;23425.03;;;
2023;3146503;;;;;;676495.679;83087.16;;;
2023;3146552;;;;;;73623.066;13263.03;;;
2023;3146602;;;;;;33858.892;22970.75;;;
2023;3146701;;;;;;114459.219;20055.93;;;
2023;3146750;;;;;;82987.718;13170.56;;;
2023;3146909;;;;;;378420.878;27185.41;;;
2023;3147006;;;;;;6798922.469;72311.27;;;
2023;3147105;;;;;;5161430.074;53134.48;;;
2023;3147204;;;;;;801200.209;36882.58;;;
2023;3147303;;;;;;769515.649;37638.33;;;
2023;3147402;;;;;;1108133.444;45967.29;;;
2023;3147501;;;;;;30001.89;18751.18;;;
2023;3147600;;;;;;739446.951;47660.13;;;
2023;3147709;;;;;;310555.252;36652.34;;;
2023;3147808;;;;;;47564.508;21300.72;;;
2023;3147907;;;;;;4080105.786;36449.37;;;
2023;3147956;;;;;;61642.258;12743.9;;;
2023;3148004;;;;;;8151368.621;51190.81;;;
2023;3148103;;;;;;4895785.022;54502.98;;;
2023;3148202;;;;;;152117.819;27280.81;;;
2023;3148301;;;;;;143373.108;16557.7;;;
2023;3148400;;;;;;80480.686;18336.91;;;
2023;3148509;;;;;;111033.234;13798.09;;;
2023;3148608;;;;;;293484.921;16822.48;;;
2023;3148707;;;;;;428870.193;17569.45;;;
2023;3148756;;;;;;124988.239;17074.9;;;
2023;3148806;;;;;;65218.353;19697.48;;;
2023;3148905;;;;;;133810.483;32541.46;;;
2023;3149002;;;;;;65491.72;23754.7;;;
2023;3149101;;;;;;221496.736;20585.2;;;
2023;3149150;;;;;;132256.152;12676.71;;;
2023;3149200;;;;;;333526.702;99738.85;;;
2023;3149309;;;;;;2514376.518;40178.6;;;
2023;3149408;;;;;;37357.277;20639.38;;;
2023;3149507;;;;;;78666.131;23475.42;;;
2023;3149606;;;;;;103925.031;25012.04;;;
2023;3149705;;;;;;378765.823;30874.29;;;
2023;3149804;;;;;;2577883.513;150305.14;;;
2023;3149903;;;;;;811684.117;37957.54;;;
2023;3149952;;;;;;119988.023;18310.4;;;
2023;3150000;;;;;;57196.612;16021.46;;;
2023;3150109;;;;;;114475.297;40942.52;;;
2023;3150158;;;;;;214395.41;25137.23;;;
2023;3150208;;;;;;76206.839;19166.71;;;
2023;3150307;;;;;;135157.704;29356.58;;;
2023;3150406;;;;;;128442.059;25591.17;;;
2023;3150505;;;;;;314466.294;36723.85;;;
2023;3150539;;;;;;70142.25;14904.86;;;
2023;3150570;;;;;;94229.61;13301.75;;;
2023;3150604;;;;;;248564.985;37099.25;;;
2023;3150703;;;;;;639002.677;115405.94;;;
2023;3150802;;;;;;253176.297;14876.97;;;
2023;3150901;;;;;;118615.379;19635.06;;;
2023;3151008;;;;;;171573.339;18812.87;;;
2023;3151107;;;;;;707927.765;63909.7;;;
2023;3151206;;;;;;3361259.131;60447.78;;;
2023;3151305;;;;;;246400.803;21223.15;;;
2023;3151404;;;;;;702867.367;26339.42;;;
2023;3151503;;;;;;1568574.297;43496.6;;;
2023;3151602;;;;;;843200.535;75657.29;;;
2023;3151701;;;;;;548879.382;33488.67;;;
2023;3151800;;;;;;10732908.121;65547.68;;;
2023;3151909;;;;;;151973.798;18200.45;;;
2023;3152006;;;;;;1229908.179;39614.4;;;
2023;3152105;;;;;;2594058.94;44898.56;;;
2023;3152131;;;;;;63930.732;17061.84;;;
2023;3152170;;;;;;149416.361;13729.34;;;
2023;3152204;;;;;;625525.222;16708.3;;;
2023;3152303;;;;;;151758.568;14358.84;;;
2023;3152402;;;;;;213765.729;15642.16;;;
2023;3152501;;;;;;14201205.978;93295.79;;;
2023;3152600;;;;;;542608.928;82639.19;;;
2023;3152709;;;;;;257819.322;28494.62;;;
2023;3152808;;;;;;1702674.77;60076.03;;;
2023;3152907;;;;;;249603.521;29693.5;;;
2023;3153004;;;;;;230172.432;64673.34;;;
2023;3153103;;;;;;80595.987;16617.73;;;
2023;3153202;;;;;;62646.785;18079.88;;;
2023;3153301;;;;;;45372.896;14774.63;;;
2023;3153400;;;;;;904882.533;48221.82;;;
2023;3153509;;;;;;160652.947;19132.18;;;
2023;3153608;;;;;;333022.234;29044.33;;;
2023;3153707;;;;;;89894.292;28277.54;;;
2023;3153806;;;;;;51169.239;28909.17;;;
2023;3153905;;;;;;232669.301;14292.6;;;
2023;3154002;;;;;;497923.077;21257.87;;;
2023;3154101;;;;;;152511.38;13855.85;;;
2023;3154150;;;;;;131257.13;16724.91;;;
2023;3154200;;;;;;243888.248;21717.56;;;
2023;3154309;;;;;;376309.281;21845.42;;;
2023;3154408;;;;;;507031.621;111484.53;;;
2023;3154457;;;;;;187878.471;27375.56;;;
2023;3154507;;;;;;301729.817;34459.78;;;
2023;3154606;;;;;;6336695.364;19214.1;;;
2023;3154705;;;;;;132863.042;32564.47;;;
2023;3154804;;;;;;260362.073;25373.95;;;
2023;3154903;;;;;;277814.295;21722.91;;;
2023;3155009;;;;;;107640.771;43333.64;;;
2023;3155108;;;;;;68107.378;14681.48;;;
2023;3155207;;;;;;75489.424;13904.85;;;
2023;3155306;;;;;;138278.888;24834.57;;;
2023;3155405;;;;;;143555.841;16853.23;;;
2023;3155504;;;;;;1148100.508;79004.99;;;
2023;3155603;;;;;;404312.283;14301.31;;;
2023;3155702;;;;;;270260.63;18471.78;;;
2023;3155801;;;;;;574081.312;32911.85;;;
2023;3155900;;;;;;82690.003;16084.42;;;
2023;3156007;;;;;;177449.682;14037.63;;;
2023;3156106;;;;;;124811.296;24992.25;;;
2023;3156205;;;;;;187590.866;81881.65;;;
2023;3156304;;;;;;704898.148;81359.44;;;
2023;3156403;;;;;;288148.365;85099.93;;;
2023;3156452;;;;;;90798.137;19180.0;;;
2023;3156502;;;;;;85774.927;15103.88;;;
2023;3156601;;;;;;139214.136;13518.56;;;
2023;3156700;;;;;;3837192.206;29658.31;;;
2023;3156809;;;;;;415038.365;29145.95;;;
2023;3156908;;;;;;2387149.527;89506.92;;;
2023;3157005;;;;;;903694.482;22492.27;;;
2023;3157104;;;;;;118710.428;19428.88;;;
2023;3157203;;;;;;1019088.443;33450.02;;;
2023;3157252;;;;;;153222.004;18115.63;;;
2023;3157278;;;;;;71438.159;23081.8;;;
2023;3157302;;;;;;78007.352;18537.87;;;
2023;3157336;;;;;;154995.253;19113.98;;;
2023;3157377;;;;;;59169.054;15132.75;;;
2023;3157401;;;;;;90331.28;19330.47;;;
2023;3157500;;;;;;58652.137;14521.45;;;
2023;3157609;;;;;;70866.744;20121.17;;;
2023;3157658;;;;;;69029.27;11625.0;;;
2023;3157708;;;;;;912073.167;57968.3;;;
2023;3157807;;;;;;6608096.77;30155.78;;;
2023;3157906;;;;;;497578.478;30349.4;;;
2023;3158003;;;;;;327050.191;31192.2;;;
2023;3158102;;;;;;60852.325;12797.54;;;
2023;3158201;;;;;;223266.132;17459.03;;;
2023;3158300;;;;;;258302.543;38604.48;;;
2023;3158409;;;;;;61152.633;17527.27;;;
2023;3158508;;;;;;135532.542;19279.17;;;
2023;3158607;;;;;;84573.749;22571.06;;;
2023;3158706;;;;;;48321.597;22611.88;;;
2023;3158805;;;;;;129242.426;30669.77;;;
2023;3158904;;;;;;227887.497;25357.46;;;
2023;3158953;;;;;;1250977.727;27923.61;;;
2023;3159001;;;;;;139840.897;26320.52;;;
2023;3159100;;;;;;64537.388;18604.03;;;
2023;3159209;;;;;;249061.006;29439.84;;;
2023;3159308;;;;;;87242.025;18347.43;;;
2023;3159357;;;;;;208455.674;30777.45;;;
2023;3159407;;;;;;72264.345;21891.65;;;
2023;3159506;;;;;;233545.096;40086.7;;;
2023;3159605;;;;;;2514297.658;61875.17;;;
2023;3159704;;;;;;119335.757;35285.56;;;
2023;3159803;;;;;;1006615.07;47995.76;;;
2023;3159902;;;;;;477371.676;27617.68;;;
2023;3160009;;;;;;79244.936;21025.45;;;
2023;3160108;;;;;;102566.311;24253.09;;;
2023;3160207;;;;;;59342.92;15157.83;;;
2023;3160306;;;;;;131043.645;12689.42;;;
2023;3160405;;;;;;942155.374;34517.51;;;
2023;3160454;;;;;;84684.187;12774.81;;;
2023;3160504;;;;;;38141.635;21096.04;;;
2023;3160603;;;;;;71684.849;26383.82;;;
2023;3160702;;;;;;1259405.745;29698.76;;;
2023;3160801;;;;;;96682.634;20514.03;;;
2023;3160900;;;;;;100031.822;25076.92;;;
2023;3160959;;;;;;120617.641;21439.32;;;
2023;3161007;;;;;;402896.007;23165.59;;;
2023;3161056;;;;;;59107.679;18471.15;;;
2023;3161106;;;;;;859288.93;16286.13;;;
2023;3161205;;;;;;231806.277;37466.67;;;
2023;3161304;;;;;;249351.958;43501.74;;;
2023;3161403;;;;;;89843.001;18717.29;;;
2023;3161502;;;;;;351896.564;34224.52;;;
2023;3161601;;;;;;53463.223;16176.47;;;
2023;3161650;;;;;;56810.761;18075.33;;;
2023;3161700;;;;;;376328.72;51027.62;;;
2023;3161809;;;;;;380221.311;32304.27;;;
2023;3161908;;;;;;3766221.656;317824.61;;;
2023;3162005;;;;;;1189276.86;49638.0;;;
2023;3162104;;;;;;1555360.957;38019.09;;;
2023;3162203;;;;;;294819.325;38528.4;;;
2023;3162252;;;;;;73609.884;15265.43;;;
2023;3162302;;;;;;65323.218;22417.03;;;
2023;3162401;;;;;;358300.962;14972.88;;;
2023;3162450;;;;;;119038.29;9139.92;;;
2023;3162500;;;;;;3505345.575;38851.16;;;
2023;3162559;;;;;;245231.859;21806.14;;;
2023;3162575;;;;;;92757.159;17399.58;;;
2023;3162609;;;;;;129881.307;18370.76;;;
2023;3162658;;;;;;52787.43;13289.89;;;
2023;3162708;;;;;;343636.949;14372.1;;;
2023;3162807;;;;;;292736.468;19114.36;;;
2023;3162906;;;;;;672478.433;26304.65;;;
2023;3162922;;;;;;1065143.955;31010.36;;;
2023;3162948;;;;;;911244.741;116931.19;;;
2023;3162955;;;;;;1026318.769;39001.28;;;
2023;3163003;;;;;;53061.692;13941.59;;;
2023;3163102;;;;;;136883.647;30177.17;;;
2023;3163201;;;;;;78981.024;19109.85;;;
2023;3163300;;;;;;60347.69;17421.39;;;
2023;3163409;;;;;;87323.239;16182.96;;;
2023;3163508;;;;;;157540.742;25422.1;;;
2023;3163607;;;;;;56991.577;20701.63;;;
2023;3163706;;;;;;1412019.982;31519.71;;;
2023;3163805;;;;;;129740.224;20483.14;;;
2023;3163904;;;;;;157484.323;32238.35;;;
2023;3164001;;;;;;160625.945;22415.01;;;
2023;3164100;;;;;;117362.439;22998.71;;;
2023;3164209;;;;;;228104.536;22113.87;;;
2023;3164308;;;;;;424171.787;59499.48;;;
2023;3164407;;;;;;718486.98;112492.09;;;
2023;3164431;;;;;;64187.178;20619.07;;;
2023;3164472;;;;;;128459.975;20739.42;;;
2023;3164506;;;;;;126119.998;12513.15;;;
2023;3164605;;;;;;882568.006;100121.16;;;
2023;3164704;;;;;;2834250.036;39476.43;;;
2023;3164803;;;;;;31554.982;25063.53;;;
2023;3164902;;;;;;48144.982;20932.6;;;
2023;3165008;;;;;;280530.963;25065.31;;;
2023;3165107;;;;;;236783.513;35131.08;;;
2023;3165206;;;;;;159505.662;23103.37;;;
2023;3165305;;;;;;248336.175;36498.56;;;
2023;3165404;;;;;;174273.908;27614.31;;;
2023;3165503;;;;;;85294.48;16711.3;;;
2023;3165537;;;;;;1642521.872;44580.44;;;
2023;3165552;;;;;;135060.474;13619.09;;;
2023;3165560;;;;;;41762.745;17165.12;;;
2023;3165578;;;;;;115729.92;18648.07;;;
2023;3165602;;;;;;48570.35;21683.19;;;
2023;3165701;;;;;;142956.376;18527.26;;;
2023;3165800;;;;;;43394.782;20983.94;;;
2023;3165909;;;;;;92678.688;23123.43;;;
2023;3166006;;;;;;91127.597;16620.02;;;
2023;3166105;;;;;;56070.04;18281.72;;;
2023;3166204;;;;;;138814.202;13368.09;;;
2023;3166303;;;;;;156437.638;21298.52;;;
2023;3166402;;;;;;54766.412;30107.98;;;
2023;3166501;;;;;;56048.56;14780.74;;;
2023;3166600;;;;;;25561.612;30686.21;;;
2023;3166709;;;;;;159078.68;22908.8;;;
2023;3166808;;;;;;898489.496;76136.73;;;
2023;3166907;;;;;;202564.574;26579.79;;;
2023;3166956;;;;;;61270.987;13928.39;;;
2023;3167004;;;;;;48320.015;24281.41;;;
2023;3167103;;;;;;386923.235;17625.88;;;
2023;3167202;;;;;;14904465.169;65543.81;;;
2023;3167301;;;;;;45006.943;19374.49;;;
2023;3167400;;;;;;178703.091;28921.04;;;
2023;3167509;;;;;;116089.197;39392.33;;;
2023;3167608;;;;;;371229.958;18796.45;;;
2023;3167707;;;;;;82141.47;15990.16;;;
2023;3167806;;;;;;104146.834;18554.58;;;
2023;3167905;;;;;;86584.822;21570.71;;;
2023;3168002;;;;;;705372.64;21342.59;;;
2023;3168051;;;;;;59981.029;17709.19;;;
2023;3168101;;;;;;631715.634;153403.51;;;
2023;3168200;;;;;;70280.891;41586.33;;;
2023;3168309;;;;;;84702.935;20052.78;;;
2023;3168408;;;;;;236378.043;16070.3;;;
2023;3168507;;;;;;220040.203;17955.14;;;
2023;3168606;;;;;;3540247.727;25762.62;;;
2023;3168705;;;;;;4648991.987;56987.61;;;
2023;3168804;;;;;;297551.372;38423.47;;;
2023;3168903;;;;;;441044.389;55948.8;;;
2023;3169000;;;;;;450784.238;27851.98;;;
2023;3169059;;;;;;82673.018;21608.21;;;
2023;3169109;;;;;;125617.739;17413.05;;;
2023;3169208;;;;;;168052.386;19520.55;;;
2023;3169307;;;;;;3568709.809;47277.07;;;
2023;3169356;;;;;;2582530.94;89376.4;;;
2023;3169406;;;;;;2288500.376;41417.07;;;
2023;3169505;;;;;;94509.95;16056.74;;;
2023;3169604;;;;;;1400211.47;54974.93;;;
2023;3169703;;;;;;486869.098;24343.45;;;
2023;3169802;;;;;;158831.61;32184.72;;;
2023;3169901;;;;;;4462211.846;43169.47;;;
2023;3170008;;;;;;142057.18;12133.34;;;
2023;3170057;;;;;;227183.641;17452.84;;;
2023;3170107;;;;;;23689376.514;70120.94;;;
2023;3170206;;;;;;51065684.136;71598.38;;;
2023;3170305;;;;;;54270.751;20220.1;;;
2023;3170404;;;;;;5221529.413;60281.57;;;
2023;3170438;;;;;;187678.535;49027.83;;;
2023;3170479;;;;;;96142.125;29293.76;;;
2023;3170503;;;;;;356137.131;33597.84;;;
2023;3170529;;;;;;230886.674;13209.38;;;
2023;3170578;;;;;;86774.267;15012.85;;;
2023;3170602;;;;;;92402.413;42818.54;;;
2023;3170651;;;;;;77006.645;16621.34;;;
2023;3170701;;;;;;10068568.198;73780.24;;;
2023;3170750;;;;;;361877.695;51926.77;;;
2023;3170800;;;;;;1351753.57;40059.08;;;
2023;3170909;;;;;;235097.915;12478.66;;;
2023;3171006;;;;;;1203158.712;60233.23;;;
2023;3171030;;;;;;136750.975;17824.68;;;
2023;3171071;;;;;;114943.493;22185.58;;;
2023;3171105;;;;;;306967.756;89993.48;;;
2023;3171154;;;;;;87808.636;17923.79;;;
2023;3171204;;;;;;3619030.727;28049.94;;;
2023;3171303;;;;;;2234763.919;29239.36;;;
2023;3171402;;;;;;69384.765;18752.64;;;
2023;3171501;;;;;;58002.25;19092.25;;;
2023;3171600;;;;;;162587.512;13773.93;;;
2023;3171709;;;;;;238862.597;26814.39;;;
2023;3171808;;;;;;210992.204;20456.87;;;
2023;3171907;;;;;;67748.405;14883.22;;;
2023;3172004;;;;;;2052277.555;52407.5;;;
2023;3172103;;;;;;146386.275;32947.62;;;
2023;3172202;;;;;;43766.829;18576.75;;;
2023;3200102;;;;;;740219.596;24123.96;;;
2023;3200136;;;;;;313557.518;32288.9;;;
2023;3200169;;;;;;234306.619;19457.45;;;
2023;3200201;;;;;;702107.251;24063.72;;;
2023;3200300;;;;;;565384.874;40863.32;;;
2023;3200359;;;;;;152484.588;20511.78;;;
2023;3200409;;;;;;2317578.734;77293.85;;;
2023;3200508;;;;;;146814.376;20325.96;;;
2023;3200607;;;;;;7724839.436;81515.74;;;
2023;3200706;;;;;;453838.514;43058.68;;;
2023;3200805;;;;;;910611.357;29686.75;;;
2023;3200904;;;;;;1326676.964;31217.4;;;
2023;3201001;;;;;;372418.31;27367.6;;;
2023;3201100;;;;;;269758.037;26307.59;;;
2023;3201159;;;;;;342657.68;26388.73;;;
2023;3201209;;;;;;7593554.334;40872.59;;;
2023;3201308;;;;;;19710842.61;55760.52;;;
2023;3201407;;;;;;1395637.924;37791.44;;;
2023;3201506;;;;;;5157944.636;42971.05;;;
2023;3201605;;;;;;676074.457;24622.13;;;
2023;3201704;;;;;;356678.843;29880.11;;;
2023;3201803;;;;;;101957.606;20058.55;;;
2023;3201902;;;;;;1294973.94;36564.66;;;
2023;3202009;;;;;;232277.998;35214.98;;;
2023;3202108;;;;;;481243.171;21882.65;;;
2023;3202207;;;;;;595414.657;33052.88;;;
2023;3202256;;;;;;428412.966;38914.79;;;
2023;3202306;;;;;;783590.315;26690.86;;;
2023;3202405;;;;;;3391094.556;27203.62;;;
2023;3202454;;;;;;560947.126;22101.94;;;
2023;3202504;;;;;;359706.918;30683.86;;;
2023;3202553;;;;;;206693.236;21711.47;;;
2023;3202603;;;;;;385081.427;31241.39;;;
2023;3202652;;;;;;280697.616;20473.93;;;
2023;3202702;;;;;;453183.439;33349.29;;;
2023;3202801;;;;;;6134485.638;154008.98;;;
2023;3202900;;;;;;441240.524;41638.25;;;
2023;3203007;;;;;;722976.073;25287.73;;;
2023;3203056;;;;;;1252073.176;43277.91;;;
2023;3203106;;;;;;218904.491;18911.84;;;
2023;3203130;;;;;;615682.286;43730.54;;;
2023;3203163;;;;;;272934.203;24601.97;;;
2023;3203205;;;;;;10014356.32;60043.15;;;
2023;3203304;;;;;;250803.458;19640.05;;;
2023;3203320;;;;;;7102417.666;169391.53;;;
2023;3203346;;;;;;682791.41;38704.8;;;
2023;3203353;;;;;;404453.022;32651.41;;;
2023;3203403;;;;;;702863.314;28717.6;;;
2023;3203502;;;;;;564548.96;29870.32;;;
2023;3203601;;;;;;136014.65;24883.76;;;
2023;3203700;;;;;;509937.651;28091.1;;;
2023;3203809;;;;;;307885.495;22399.82;;;
2023;3203908;;;;;;1886120.51;38441.26;;;
2023;3204005;;;;;;467081.705;24722.47;;;
2023;3204054;;;;;;545057.105;25325.58;;;
2023;3204104;;;;;;1024676.311;42846.59;;;
2023;3204203;;;;;;1056102.655;47358.86;;;
2023;3204252;;;;;;141033.723;21707.51;;;
2023;3204302;;;;;;7368210.798;537982.68;;;
2023;3204351;;;;;;787897.981;40878.8;;;
2023;3204401;;;;;;293578.773;26522.61;;;
2023;3204500;;;;;;439644.34;33545.27;;;
2023;3204559;;;;;;2592684.786;62270.27;;;
2023;3204609;;;;;;820679.169;35982.08;;;
2023;3204658;;;;;;391544.913;45586.79;;;
2023;3204708;;;;;;988351.287;30644.65;;;
2023;3204807;;;;;;230811.784;21218.22;;;
2023;3204906;;;;;;4355437.433;35194.89;;;
2023;3204955;;;;;;301801.416;27723.81;;;
2023;3205002;;;;;;37649154.625;72311.41;;;
2023;3205010;;;;;;911932.118;34409.94;;;
2023;3205036;;;;;;523374.294;26753.27;;;
2023;3205069;;;;;;945412.339;39671.53;;;
2023;3205101;;;;;;5957535.596;81139.91;;;
2023;3205150;;;;;;213352.292;23942.58;;;
2023;3205176;;;;;;615692.474;44849.39;;;
2023;3205200;;;;;;19711327.558;42143.26;;;
2023;3205309;;;;;;28257606.334;87520.35;;;
2023;3300100;;;;;;11900498.299;71075.76;;;
2023;3300159;;;;;;301129.434;27291.05;;;
2023;3300209;;;;;;13156181.005;101458.16;;;
2023;3300225;;;;;;597072.116;50479.55;;;
2023;3300233;;;;;;5019621.154;125471.71;;;
2023;3300258;;;;;;9335373.871;301277.15;;;
2023;3300308;;;;;;3225723.098;34728.89;;;
2023;3300407;;;;;;6831114.616;40208.1;;;
2023;3300456;;;;;;9686338.741;20050.92;;;
2023;3300506;;;;;;1018919.574;36257.9;;;
2023;3300605;;;;;;1207610.759;34333.46;;;
2023;3300704;;;;;;16964471.592;76361.16;;;
2023;3300803;;;;;;1702401.841;29896.6;;;
2023;3300902;;;;;;479568.356;32811.19;;;
2023;3300936;;;;;;1045633.275;75513.34;;;
2023;3300951;;;;;;633562.453;72481.69;;;
2023;3301009;;;;;;42953468.722;88831.26;;;
2023;3301108;;;;;;1075295.576;55456.19;;;
2023;3301157;;;;;;393124.678;30338.38;;;
2023;3301207;;;;;;671866.142;39066.53;;;
2023;3301306;;;;;;3363238.534;72939.46;;;
2023;3301405;;;;;;503999.723;23881.72;;;
2023;3301504;;;;;;530533.448;25527.28;;;
2023;3301603;;;;;;285448.057;25997.09;;;
2023;3301702;;;;;;70068006.833;86700.55;;;
2023;3301801;;;;;;320438.424;26175.33;;;
2023;3301850;;;;;;1589983.141;30756.41;;;
2023;3301876;;;;;;814661.157;29178.41;;;
2023;3301900;;;;;;6278393.127;27995.17;;;
2023;3302007;;;;;;11383961.888;97431.23;;;
2023;3302056;;;;;;431493.401;30661.08;;;
2023;3302106;;;;;;756489.45;33007.09;;;
2023;3302205;;;;;;4067636.895;40257.29;;;
2023;3302254;;;;;;6988685.307;226112.51;;;
2023;3302270;;;;;;1874798.222;19470.53;;;
2023;3302304;;;;;;208602.898;28435.51;;;
2023;3302403;;;;;;22394859.906;90891.55;;;
2023;3302452;;;;;;282625.861;52193.14;;;
2023;3302502;;;;;;5301410.766;23238.86;;;
2023;3302601;;;;;;3443660.051;83543.43;;;
2023;3302700;;;;;;134092033.649;679714.48;;;
2023;3302809;;;;;;444763.76;25412.17;;;
2023;3302858;;;;;;3029006.761;18123.98;;;
2023;3302908;;;;;;847197.958;31871.11;;;
2023;3303005;;;;;;742077.285;27606.01;;;
2023;3303104;;;;;;408435.62;27095.37;;;
2023;3303203;;;;;;3339768.896;22754.5;;;
2023;3303302;;;;;;76268004.731;158314.82;;;
2023;3303401;;;;;;7367566.824;38789.12;;;
2023;3303500;;;;;;20518623.982;26109.54;;;
2023;3303609;;;;;;1085488.613;26235.37;;;
2023;3303708;;;;;;1399156.766;33263.36;;;
2023;3303807;;;;;;6324392.329;139787.2;;;
2023;3303856;;;;;;862739.741;29127.92;;;
2023;3303906;;;;;;19907334.726;71382.9;;;
2023;3303955;;;;;;1187696.53;48880.42;;;
2023;3304003;;;;;;3388747.187;123343.79;;;
2023;3304102;;;;;;559253.262;32349.22;;;
2023;3304110;;;;;;3205582.336;157344.64;;;
2023;3304128;;;;;;400781.407;29292.6;;;
2023;3304144;;;;;;4938811.914;35145.93;;;
2023;3304151;;;;;;5669643.953;253188.23;;;
2023;3304201;;;;;;12267696.488;94649.39;;;
2023;3304300;;;;;;2038466.081;36222.65;;;
2023;3304409;;;;;;577431.358;33183.8;;;
2023;3304508;;;;;;338695.003;37826.11;;;
2023;3304524;;;;;;10599897.907;67734.87;;;
2023;3304557;;;;;;418462360.308;67371.97;;;
2023;3304607;;;;;;275098.177;26886.06;;;
2023;3304706;;;;;;1686337.288;40806.71;;;
2023;3304755;;;;;;1481367.364;32876.17;;;
2023;3304805;;;;;;985937.952;25305.77;;;
2023;3304904;;;;;;23063688.967;25719.37;;;
2023;3305000;;;;;;13986152.276;382417.42;;;
2023;3305109;;;;;;11534047.295;26156.56;;;
2023;3305133;;;;;;232730.44;32918.03;;;
2023;3305158;;;;;;941644.953;42646.96;;;
2023;3305208;;;;;;3359011.214;32289.18;;;
2023;3305307;;;;;;272845.232;35205.84;;;
2023;3305406;;;;;;1227720.856;69249.3;;;
2023;3305505;;;;;;64701140.278;722441.52;;;
2023;3305554;;;;;;3760076.051;46653.38;;;
2023;3305604;;;;;;705912.311;33060.71;;;
2023;3305703;;;;;;733840.978;48259.96;;;
2023;3305752;;;;;;858814.524;27627.05;;;
2023;3305802;;;;;;7104545.886;43025.78;;;
2023;3305901;;;;;;290438.917;28192.48;;;
2023;3306008;;;;;;6017636.329;76808.47;;;
2023;3306107;;;;;;3104488.799;45595.24;;;
2023;3306156;;;;;;407915.097;39964.25;;;
2023;3306206;;;;;;1472879.543;43350.59;;;
2023;3306305;;;;;;15307614.873;58523.62;;;
2023;3500105;;;;;;1705894.987;49179.66;;;
2023;3500204;;;;;;215282.976;49478.96;;;
2023;3500303;;;;;;1773842.732;55308.14;;;
2023;3500402;;;;;;272358.712;36960.06;;;
2023;3500501;;;;;;801114.539;44680.12;;;
2023;3500550;;;;;;375561.879;52328.53;;;
2023;3500600;;;;;;185389.984;66687.04;;;
2023;3500709;;;;;;3415808.553;90653.09;;;
2023;3500758;;;;;;160252.134;26095.45;;;
2023;3500808;;;;;;158136.921;35576.36;;;
2023;3500907;;;;;;210528.68;61005.12;;;
2023;3501004;;;;;;946537.783;56281.23;;;
2023;3501103;;;;;;172396.107;44883.13;;;
2023;3501152;;;;;;3438994.015;198774.29;;;
2023;3501202;;;;;;175598.215;44852.67;;;
2023;3501301;;;;;;859771.399;31545.46;;;
2023;3501400;;;;;;69376.886;14429.47;;;
2023;3501509;;;;;;82612.841;28635.3;;;
2023;3501608;;;;;;17600565.714;74188.86;;;
2023;3501707;;;;;;1504961.923;45578.66;;;
2023;3501806;;;;;;175847.704;29957.02;;;
2023;3501905;;;;;;6698468.843;98495.31;;;
2023;3502002;;;;;;266291.597;58028.24;;;
2023;3502101;;;;;;4464940.278;74685.78;;;
2023;3502200;;;;;;1776474.762;73951.99;;;
2023;3502309;;;;;;315143.922;55541.76;;;
2023;3502408;;;;;;132375.558;32904.69;;;
2023;3502507;;;;;;1369698.939;42055.3;;;
2023;3502606;;;;;;225793.852;55260.37;;;
2023;3502705;;;;;;1235625.606;50259.33;;;
2023;3502754;;;;;;4832076.525;224518.01;;;
2023;3502804;;;;;;11457739.505;57253.2;;;
2023;3502903;;;;;;1523193.918;46949.85;;;
2023;3503000;;;;;;219178.923;40438.92;;;
2023;3503109;;;;;;217238.409;31552.42;;;
2023;3503158;;;;;;53235.83;22848.0;;;
2023;3503208;;;;;;14689500.266;60643.28;;;
2023;3503307;;;;;;10022873.262;76588.83;;;
2023;3503356;;;;;;136328.537;66696.94;;;
2023;3503406;;;;;;301110.079;37036.91;;;
2023;3503505;;;;;;75042.147;20979.07;;;
2023;3503604;;;;;;221706.617;21886.14;;;
2023;3503703;;;;;;1252002.226;164693.79;;;
2023;3503802;;;;;;2162832.741;42032.66;;;
2023;3503901;;;;;;10426127.299;120285.74;;;
2023;3503950;;;;;;65850.757;35749.6;;;
2023;3504008;;;;;;4682609.402;46175.48;;;
2023;3504107;;;;;;9426583.645;59418.61;;;
2023;3504206;;;;;;443572.489;32396.47;;;
2023;3504305;;;;;;500953.319;111745.11;;;
2023;3504404;;;;;;295754.756;26258.97;;;
2023;3504503;;;;;;4408538.237;47503.24;;;
2023;3504602;;;;;;762195.13;27960.2;;;
2023;3504701;;;;;;82894.684;21326.13;;;
2023;3504800;;;;;;367870.867;38335.86;;;
2023;3504909;;;;;;282443.967;28332.23;;;
2023;3505005;;;;;;80403.485;22770.74;;;
2023;3505104;;;;;;186922.613;33142.31;;;
2023;3505203;;;;;;1863763.724;58989.2;;;
2023;3505302;;;;;;2077900.588;60499.06;;;
2023;3505351;;;;;;202870.405;39171.73;;;
2023;3505401;;;;;;145159.017;21110.97;;;
2023;3505500;;;;;;6715414.139;54826.42;;;
2023;3505609;;;;;;737580.107;22983.3;;;
2023;3505708;;;;;;71646709.835;226391.22;;;
2023;3505807;;;;;;1596603.168;74250.25;;;
2023;3505906;;;;;;3328690.303;56996.17;;;
2023;3506003;;;;;;20654759.202;54477.06;;;
2023;3506102;;;;;;5343661.449;69967.94;;;
2023;3506201;;;;;;288020.154;110521.93;;;
2023;3506300;;;;;;605499.302;52166.74;;;
2023;3506359;;;;;;2663550.123;41496.08;;;
2023;3506409;;;;;;307745.487;42047.48;;;
2023;3506508;;;;;;4866489.546;40902.09;;;
2023;3506607;;;;;;1111541.124;37447.06;;;
2023;3506706;;;;;;633216.137;48791.5;;;
2023;3506805;;;;;;381376.277;33873.02;;;
2023;3506904;;;;;;309772.994;29615.01;;;
2023;3507001;;;;;;4474129.933;73249.13;;;
2023;3507100;;;;;;1627411.043;73953.06;;;
2023;3507159;;;;;;77487.097;21796.65;;;
2023;3507209;;;;;;120962.346;133365.32;;;
2023;3507308;;;;;;657535.084;139456.01;;;
2023;3507407;;;;;;704920.778;49551.58;;;
2023;3507456;;;;;;118452.374;43661.03;;;
2023;3507506;;;;;;7992147.651;55059.4;;;
2023;3507605;;;;;;10443287.83;59064.7;;;
2023;3507704;;;;;;157855.147;29472.58;;;
2023;3507753;;;;;;90696.609;35359.3;;;
2023;3507803;;;;;;1210304.604;48026.05;;;
2023;3507902;;;;;;1555980.462;65109.23;;;
2023;3508009;;;;;;907832.787;44831.25;;;
2023;3508108;;;;;;746203.785;43358.73;;;
2023;3508207;;;;;;305567.589;70148.67;;;
2023;3508306;;;;;;177481.056;41284.27;;;
2023;3508405;;;;;;7240981.438;154027.39;;;
2023;3508504;;;;;;6516271.282;67735.3;;;
2023;3508603;;;;;;847786.431;26859.28;;;
2023;3508702;;;;;;554109.419;32402.16;;;
2023;3508801;;;;;;930635.174;55880.58;;;
2023;3508900;;;;;;88015.441;23711.06;;;
2023;3509007;;;;;;5507619.475;57955.42;;;
2023;3509106;;;;;;111895.2;20471.13;;;
2023;3509205;;;;;;28984601.766;312708.11;;;
2023;3509254;;;;;;1987670.371;69706.13;;;
2023;3509304;;;;;;275000.646;30110.66;;;
2023;3509403;;;;;;1123798.612;47158.98;;;
2023;3509452;;;;;;211436.295;35511.64;;;
2023;3509502;;;;;;91968328.317;80741.47;;;
2023;3509601;;;;;;3233934.762;41657.24;;;
2023;3509700;;;;;;1946799.338;41444.19;;;
2023;3509809;;;;;;342294.513;70027.52;;;
2023;3509908;;;;;;330537.64;26897.03;;;
2023;3509957;;;;;;121017.029;24542.09;;;
2023;3510005;;;;;;2482755.063;84306.94;;;
2023;3510104;;;;;;157950.773;54673.16;;;
2023;3510153;;;;;;218327.89;34748.99;;;
2023;3510203;;;;;;1668881.584;36016.18;;;
2023;3510302;;;;;;536047.966;23443.01;;;
2023;3510401;;;;;;3824460.124;76385.32;;;
2023;3510500;;;;;;5822814.916;43172.58;;;
2023;3510609;;;;;;8436817.19;21801.46;;;
2023;3510708;;;;;;440024.546;38785.77;;;
2023;3510807;;;;;;1494279.305;53209.39;;;
2023;3510906;;;;;;306056.167;109344.83;;;
2023;3511003;;;;;;2275540.623;113908.03;;;
2023;3511102;;;;;;7029953.383;60712.43;;;
2023;3511201;;;;;;196946.443;28123.15;;;
2023;3511300;;;;;;808869.528;64104.42;;;
2023;3511409;;;;;;1400618.178;65239.1;;;
2023;3511508;;;;;;2891327.658;64690.18;;;
2023;3511607;;;;;;1215884.112;63832.64;;;
2023;3511706;;;;;;790607.333;50892.01;;;
2023;3511904;;;;;;254107.308;36394.63;;;
2023;3512001;;;;;;2052576.439;111034.1;;;
2023;3512100;;;;;;743433.098;112148.6;;;
2023;3512209;;;;;;1093663.839;38919.04;;;
2023;3512308;;;;;;551103.139;36180.62;;;
2023;3512407;;;;;;4167915.366;170021.84;;;
2023;3512506;;;;;;335404.552;62111.95;;;
2023;3512605;;;;;;165849.194;38749.81;;;
2023;3512704;;;;;;354603.601;84530.06;;;
2023;3512803;;;;;;2313364.052;38702.49;;;
2023;3512902;;;;;;878427.208;100748.62;;;
2023;3513009;;;;;;19060773.462;69460.17;;;
2023;3513108;;;;;;2357353.267;70831.8;;;
2023;3513207;;;;;;449171.364;48443.85;;;
2023;3513306;;;;;;218198.594;103509.77;;;
2023;3513405;;;;;;4281961.617;57122.53;;;
2023;3513504;;;;;;27813387.639;247282.87;;;
2023;3513603;;;;;;432940.522;19581.21;;;
2023;3513702;;;;;;2584483.423;81385.67;;;
2023;3513801;;;;;;21229085.409;53985.47;;;
2023;3513850;;;;;;99485.465;61410.78;;;
2023;3513900;;;;;;528584.116;47372.66;;;
2023;3514007;;;;;;213754.857;24404.03;;;
2023;3514106;;;;;;1187096.718;48433.16;;;
2023;3514205;;;;;;84390.137;38237.49;;;
2023;3514304;;;;;;1178139.786;145521.22;;;
2023;3514403;;;;;;1855223.877;40797.46;;;
2023;3514502;;;;;;435779.649;35348.77;;;
2023;3514601;;;;;;414001.737;43712.57;;;
2023;3514700;;;;;;187402.902;30201.92;;;
2023;3514809;;;;;;423995.268;32442.82;;;
2023;3514908;;;;;;2159508.523;122013.02;;;
2023;3514924;;;;;;121970.552;38868.88;;;
2023;3514957;;;;;;93031.653;40048.06;;;
2023;3515004;;;;;;17290649.652;68971.96;;;
2023;3515103;;;;;;1742920.008;26025.38;;;
2023;3515129;;;;;;97865.943;32470.45;;;
2023;3515152;;;;;;814390.123;41622.72;;;
2023;3515186;;;;;;2715247.127;68194.87;;;
2023;3515194;;;;;;181809.326;43735.71;;;
2023;3515202;;;;;;1317162.584;139870.72;;;
2023;3515301;;;;;;69691.794;25783.13;;;
2023;3515350;;;;;;162208.418;20470.52;;;
2023;3515400;;;;;;566394.766;34036.1;;;
2023;3515509;;;;;;2790708.1;39203.05;;;
2023;3515608;;;;;;281661.783;47401.85;;;
2023;3515657;;;;;;102634.371;61977.28;;;
2023;3515707;;;;;;5523980.573;30826.13;;;
2023;3515806;;;;;;65664.783;44159.24;;;
2023;3515905;;;;;;131171.272;47995.34;;;
2023;3516002;;;;;;361684.346;27912.05;;;
2023;3516101;;;;;;216161.178;56131.18;;;
2023;3516200;;;;;;14375667.458;40777.87;;;
2023;3516309;;;;;;2237469.166;13549.01;;;
2023;3516408;;;;;;5438088.812;37543.16;;;
2023;3516507;;;;;;123955.929;44862.8;;;
2023;3516606;;;;;;220849.14;34615.85;;;
2023;3516705;;;;;;1893765.629;44971.87;;;
2023;3516804;;;;;;101942.077;31347.5;;;
2023;3516853;;;;;;1735632.823;369126.5;;;
2023;3516903;;;;;;348923.464;33836.64;;;
2023;3517000;;;;;;272840.621;26665.42;;;
2023;3517109;;;;;;188391.507;45527.19;;;
2023;3517208;;;;;;310852.418;27658.37;;;
2023;3517307;;;;;;593772.31;107723.57;;;
2023;3517406;;;;;;3233958.32;82333.01;;;
2023;3517505;;;;;;1134076.67;52235.12;;;
2023;3517604;;;;;;585182.465;34279.33;;;
2023;3517703;;;;;;854714.843;45937.59;;;
2023;3517802;;;;;;374454.285;50323.11;;;
2023;3517901;;;;;;660485.534;63815.03;;;
2023;3518008;;;;;;48665.285;24728.3;;;
2023;3518107;;;;;;312045.476;48552.28;;;
2023;3518206;;;;;;1718487.879;55358.31;;;
2023;3518305;;;;;;2034662.745;65138.39;;;
2023;3518404;;;;;;8369820.871;70904.25;;;
2023;3518503;;;;;;386201.34;25724.46;;;
2023;3518602;;;;;;1517993.918;40482.0;;;
2023;3518701;;;;;;11536359.008;40107.77;;;
2023;3518800;;;;;;97557673.612;75522.42;;;
2023;3518859;;;;;;353798.145;48333.08;;;
2023;3518909;;;;;;120155.836;28298.6;;;
2023;3519006;;;;;;552689.427;60568.7;;;
2023;3519055;;;;;;1806633.11;119692.14;;;
2023;3519071;;;;;;22163924.356;93660.54;;;
2023;3519105;;;;;;687530.477;65874.34;;;
2023;3519204;;;;;;372133.574;60697.04;;;
2023;3519253;;;;;;326006.583;40699.95;;;
2023;3519303;;;;;;1516837.474;47138.96;;;
2023;3519402;;;;;;418177.801;35772.27;;;
2023;3519501;;;;;;331386.983;51900.86;;;
2023;3519600;;;;;;2528835.327;42124.09;;;
2023;3519709;;;;;;3023500.924;39990.75;;;
2023;3519808;;;;;;263931.834;33755.19;;;
2023;3519907;;;;;;503731.726;66115.2;;;
2023;3520004;;;;;;477976.018;20686.23;;;
2023;3520103;;;;;;1422122.446;54254.63;;;
2023;3520202;;;;;;353163.257;33301.58;;;
2023;3520301;;;;;;1896850.188;65150.27;;;
2023;3520400;;;;;;14830714.927;424535.26;;;
2023;3520426;;;;;;2802536.357;208848.38;;;
2023;3520442;;;;;;917731.981;35920.47;;;
2023;3520509;;;;;;28264863.052;110518.41;;;
2023;3520608;;;;;;99885.601;19623.89;;;
2023;3520707;;;;;;167087.329;41409.5;;;
2023;3520806;;;;;;176722.809;48885.98;;;
2023;3520905;;;;;;678117.975;49454.34;;;
2023;3521002;;;;;;1291002.665;35409.71;;;
2023;3521101;;;;;;1055775.919;154556.57;;;
2023;3521150;;;;;;173090.62;25601.33;;;
2023;3521200;;;;;;70828.696;17505.86;;;
2023;3521309;;;;;;589809.58;40805.98;;;
2023;3521408;;;;;;2403777.589;109426.76;;;
2023;3521507;;;;;;282415.637;41126.49;;;
2023;3521606;;;;;;142421.744;20101.87;;;
2023;3521705;;;;;;1058158.523;58842.16;;;
2023;3521804;;;;;;1082752.493;43000.5;;;
2023;3521903;;;;;;1278534.349;75256.6;;;
2023;3522000;;;;;;308304.551;85214.08;;;
2023;3522109;;;;;;2956406.115;26284.77;;;
2023;3522158;;;;;;67981.734;19866.08;;;
2023;3522208;;;;;;6215133.643;39206.76;;;
2023;3522307;;;;;;7962801.863;50464.55;;;
2023;3522406;;;;;;4558511.821;50803.67;;;
2023;3522505;;;;;;15615097.192;67220.4;;;
2023;3522604;;;;;;6365973.525;88389.29;;;
2023;3522653;;;;;;77308.055;17953.57;;;
2023;3522703;;;;;;2524858.407;63931.8;;;
2023;3522802;;;;;;408306.917;28988.78;;;
2023;3522901;;;;;;1311337.801;96005.4;;;
2023;3523008;;;;;;209348.725;52613.4;;;
2023;3523107;;;;;;11979259.765;32439.94;;;
2023;3523206;;;;;;1406445.26;31649.61;;;
2023;3523305;;;;;;400626.557;25800.27;;;
2023;3523404;;;;;;10327467.002;84936.81;;;
2023;3523503;;;;;;601160.989;31523.91;;;
2023;3523602;;;;;;1570273.265;97242.59;;;
2023;3523701;;;;;;190876.434;33029.32;;;
2023;3523800;;;;;;251137.683;31212.74;;;
2023;3523909;;;;;;14012530.257;83288.93;;;
2023;3524006;;;;;;10529260.248;149105.87;;;
2023;3524105;;;;;;2218625.13;59051.53;;;
2023;3524204;;;;;;247094.751;39719.46;;;
2023;3524303;;;;;;4156253.295;57869.61;;;
2023;3524402;;;;;;19692996.445;81960.24;;;
2023;3524501;;;;;;880800.415;115696.89;;;
2023;3524600;;;;;;698900.817;43418.08;;;
2023;3524709;;;;;;14680877.677;247373.54;;;
2023;3524808;;;;;;2590208.251;53104.15;;;
2023;3524907;;;;;;461642.156;72165.41;;;
2023;3525003;;;;;;5547106.684;46991.46;;;
2023;3525102;;;;;;2398612.345;52970.55;;;
2023;3525201;;;;;;3546443.823;94483.65;;;
2023;3525300;;;;;;6542932.931;49011.83;;;
2023;3525409;;;;;;308788.507;79934.9;;;
2023;3525508;;;;;;335736.757;26198.73;;;
2023;3525607;;;;;;186999.917;42781.95;;;
2023;3525706;;;;;;1940540.325;52972.47;;;
2023;3525805;;;;;;82839.206;19473.25;;;
2023;3525854;;;;;;287950.527;94224.65;;;
2023;3525904;;;;;;65418378.096;147597.65;;;
2023;3526001;;;;;;940870.636;46012.84;;;
2023;3526100;;;;;;446417.514;26024.11;;;
2023;3526209;;;;;;660665.184;24108.35;;;
2023;3526308;;;;;;101410.723;19950.96;;;
2023;3526407;;;;;;1688979.269;64315.12;;;
2023;3526506;;;;;;262293.976;27071.32;;;
2023;3526605;;;;;;169896.176;23692.12;;;
2023;3526704;;;;;;4938511.737;50310.32;;;
2023;3526803;;;;;;6564647.742;98709.09;;;
2023;3526902;;;;;;20876940.083;71528.46;;;
2023;3527009;;;;;;405308.216;57785.6;;;
2023;3527108;;;;;;8610362.609;115144.13;;;
2023;3527207;;;;;;4501317.953;53047.17;;;
2023;3527256;;;;;;55440.123;28430.83;;;
2023;3527306;;;;;;20154612.051;388732.46;;;
2023;3527405;;;;;;600068.339;29912.18;;;
2023;3527504;;;;;;138654.329;58454.61;;;
2023;3527603;;;;;;2385616.849;194506.06;;;
2023;3527702;;;;;;117808.607;25060.33;;;
2023;3527801;;;;;;115243.875;28948.47;;;
2023;3527900;;;;;;135644.625;50975.06;;;
2023;3528007;;;;;;691847.287;41110.42;;;
2023;3528106;;;;;;245038.153;32754.73;;;
2023;3528205;;;;;;123749.527;31226.22;;;
2023;3528304;;;;;;168948.851;53380.36;;;
2023;3528403;;;;;;2923463.212;58437.71;;;
2023;3528502;;;;;;2767181.265;29484.21;;;
2023;3528601;;;;;;361118.423;36583.77;;;
2023;3528700;;;;;;201667.809;44099.67;;;
2023;3528809;;;;;;1039675.675;82038.64;;;
2023;3528858;;;;;;163561.59;49684.57;;;
2023;3528908;;;;;;90254.596;25691.6;;;
2023;3529005;;;;;;12507570.77;52635.31;;;
2023;3529104;;;;;;56364.596;30303.55;;;
2023;3529203;;;;;;949416.286;38158.28;;;
2023;3529302;;;;;;7646780.494;96754.27;;;
2023;3529401;;;;;;25000732.02;59773.04;;;
2023;3529500;;;;;;593744.816;96402.8;;;
2023;3529609;;;;;;437548.09;95701.68;;;
2023;3529658;;;;;;108331.327;55497.61;;;
2023;3529708;;;;;;1113098.239;57255.19;;;
2023;3529807;;;;;;309941.386;27599.41;;;
2023;3529906;;;;;;560826.527;30228.35;;;
2023;3530003;;;;;;77240.19;24708.95;;;
2023;3530102;;;;;;978818.314;34979.03;;;
2023;3530201;;;;;;651108.007;40906.45;;;
2023;3530300;;;;;;3345887.627;52826.75;;;
2023;3530409;;;;;;378154.379;80992.58;;;
2023;3530508;;;;;;4014553.266;59315.81;;;
2023;3530607;;;;;;26072522.197;57745.81;;;
2023;3530706;;;;;;9433837.649;61395.03;;;
2023;3530805;;;;;;8092719.13;87434.03;;;
2023;3530904;;;;;;179188.607;48143.1;;;
2023;3531001;;;;;;77880.84;40206.94;;;
2023;3531100;;;;;;1535905.805;24792.27;;;
2023;3531209;;;;;;304555.388;35302.58;;;
2023;3531308;;;;;;3062782.095;64379.33;;;
2023;3531407;;;;;;1038559.71;46613.99;;;
2023;3531506;;;;;;958013.847;52780.22;;;
2023;3531605;;;;;;161947.18;38357.93;;;
2023;3531704;;;;;;113890.985;27523.2;;;
2023;3531803;;;;;;6049397.718;93554.14;;;
2023;3531902;;;;;;1980195.494;70890.9;;;
2023;3532009;;;;;;765640.893;55804.73;;;
2023;3532058;;;;;;171027.138;42396.42;;;
2023;3532108;;;;;;113474.072;30365.02;;;
2023;3532157;;;;;;189555.515;71261.47;;;
2023;3532207;;;;;;896056.601;156845.2;;;
2023;3532306;;;;;;159424.698;22778.21;;;
2023;3532405;;;;;;595409.604;32684.28;;;
2023;3532504;;;;;;384591.644;39652.71;;;
2023;3532603;;;;;;507862.208;51549.15;;;
2023;3532702;;;;;;146719.324;30888.28;;;
2023;3532801;;;;;;361490.478;54010.23;;;
2023;3532827;;;;;;260753.457;30687.71;;;
2023;3532843;;;;;;57172.272;28135.96;;;
2023;3532868;;;;;;91227.505;85901.61;;;
2023;3532900;;;;;;556399.529;59757.23;;;
2023;3533007;;;;;;732340.979;37712.6;;;
2023;3533106;;;;;;47451.061;22008.84;;;
2023;3533205;;;;;;285939.288;62039.33;;;
2023;3533254;;;;;;105506.875;23913.62;;;
2023;3533304;;;;;;70079.78;24702.07;;;
2023;3533403;;;;;;5613296.888;90509.31;;;
2023;3533502;;;;;;2313783.253;60374.26;;;
2023;3533601;;;;;;1235536.788;167167.74;;;
2023;3533700;;;;;;163910.353;37845.84;;;
2023;3533809;;;;;;143211.547;57010.97;;;
2023;3533908;;;;;;3569675.501;64815.98;;;
2023;3534005;;;;;;370589.412;77675.42;;;
2023;3534104;;;;;;194078.729;31894.61;;;
2023;3534203;;;;;;830370.242;137843.67;;;
2023;3534302;;;;;;3247647.904;84752.94;;;
2023;3534401;;;;;;119404052.763;163878.12;;;
2023;3534500;;;;;;123399.289;49959.23;;;
2023;3534609;;;;;;1615247.661;51651.56;;;
2023;3534708;;;;;;4902761.91;47155.54;;;
2023;3534757;;;;;;670735.495;65157.91;;;
2023;3534807;;;;;;186891.202;24025.09;;;
2023;3534906;;;;;;285243.693;19173.47;;;
2023;3535002;;;;;;603348.105;52574.77;;;
2023;3535101;;;;;;209646.424;21725.02;;;
2023;3535200;;;;;;308863.583;34692.08;;;
2023;3535309;;;;;;1405806.538;71746.79;;;
2023;3535408;;;;;;397152.926;26540.56;;;
2023;3535507;;;;;;3133901.5;76213.56;;;
2023;3535606;;;;;;408569.087;23126.12;;;
2023;3535705;;;;;;436076.194;71499.62;;;
2023;3535804;;;;;;1222547.491;63034.16;;;
2023;3535903;;;;;;160652.727;39854.31;;;
2023;3536000;;;;;;1150355.727;108729.27;;;
2023;3536109;;;;;;515970.722;72133.47;;;
2023;3536208;;;;;;753096.869;39156.5;;;
2023;3536257;;;;;;67930.902;23489.25;;;
2023;3536307;;;;;;1850012.193;127481.55;;;
2023;3536406;;;;;;322393.938;40527.21;;;
2023;3536505;;;;;;67067300.461;606740.73;;;
2023;3536570;;;;;;74506.181;35648.89;;;
2023;3536604;;;;;;426145.814;57587.27;;;
2023;3536703;;;;;;3840420.972;85672.05;;;
2023;3536802;;;;;;147569.268;22505.61;;;
2023;3536901;;;;;;116927.575;41954.64;;;
2023;3537008;;;;;;1417487.589;91303.55;;;
2023;3537107;;;;;;1817291.527;42152.8;;;
2023;3537156;;;;;;177967.145;63469.02;;;
2023;3537206;;;;;;208399.244;18473.47;;;
2023;3537305;;;;;;2743179.555;44475.1;;;
2023;3537404;;;;;;1495859.413;62081.74;;;
2023;3537503;;;;;;410463.048;46979.86;;;
2023;3537602;;;;;;2366996.023;34629.51;;;
2023;3537701;;;;;;160075.041;29004.36;;;
2023;3537800;;;;;;1839652.07;34730.07;;;
2023;3537909;;;;;;1502793.869;54411.6;;;
2023;3538006;;;;;;13674680.185;82662.43;;;
2023;3538105;;;;;;733295.538;50426.04;;;
2023;3538204;;;;;;416404.895;27351.87;;;
2023;3538303;;;;;;100296.285;30728.03;;;
2023;3538501;;;;;;227360.717;18203.42;;;
2023;3538600;;;;;;799448.681;30713.77;;;
2023;3538709;;;;;;44351587.75;104770.09;;;
2023;3538808;;;;;;1088629.415;36982.93;;;
2023;3538907;;;;;;737808.736;32892.37;;;
2023;3539004;;;;;;535545.259;49200.3;;;
2023;3539103;;;;;;693313.531;37741.62;;;
2023;3539202;;;;;;1410928.462;55662.32;;;
2023;3539301;;;;;;4304413.432;58527.61;;;
2023;3539400;;;;;;389654.818;25791.29;;;
2023;3539509;;;;;;1830159.52;54349.34;;;
2023;3539608;;;;;;331486.812;75526.73;;;
2023;3539707;;;;;;160405.565;53026.63;;;
2023;3539806;;;;;;4610760.103;44434.64;;;
2023;3539905;;;;;;199994.46;35764.39;;;
2023;3540002;;;;;;2509065.063;124235.74;;;
2023;3540101;;;;;;124380.214;36636.29;;;
2023;3540200;;;;;;2153953.579;57275.34;;;
2023;3540259;;;;;;131996.978;31983.76;;;
2023;3540309;;;;;;152498.657;63887.16;;;
2023;3540408;;;;;;156037.352;37808.91;;;
2023;3540507;;;;;;309199.549;29585.64;;;
2023;3540606;;;;;;5067048.835;89687.04;;;
2023;3540705;;;;;;3069355.36;58298.46;;;
2023;3540754;;;;;;355270.826;17422.07;;;
2023;3540804;;;;;;1017222.502;54996.89;;;
2023;3540853;;;;;;44001.326;17068.01;;;
2023;3540903;;;;;;1456795.944;85302.49;;;
2023;3541000;;;;;;11396645.549;32567.89;;;
2023;3541059;;;;;;252654.531;49288.83;;;
2023;3541109;;;;;;112971.57;29698.1;;;
2023;3541208;;;;;;351783.368;24277.67;;;
2023;3541307;;;;;;1521762.21;38520.75;;;
2023;3541406;;;;;;11617598.706;51480.93;;;
2023;3541505;;;;;;1096298.255;31143.95;;;
2023;3541604;;;;;;3349680.915;95348.29;;;
2023;3541653;;;;;;209960.369;61662.37;;;
2023;3541703;;;;;;1087543.316;82621.23;;;
2023;3541802;;;;;;1095800.38;335620.33;;;
2023;3541901;;;;;;481508.718;52572.19;;;
2023;3542008;;;;;;371696.18;52812.76;;;
2023;3542107;;;;;;594930.466;66361.46;;;
2023;3542206;;;;;;1999656.704;69947.42;;;
2023;3542305;;;;;;122058.723;27160.37;;;
2023;3542404;;;;;;1293798.465;64224.3;;;
2023;3542503;;;;;;270644.409;35322.95;;;
2023;3542602;;;;;;2931914.98;48908.45;;;
2023;3542701;;;;;;311796.861;48687.83;;;
2023;3542800;;;;;;61921.669;19770.65;;;
2023;3542909;;;;;;494054.078;44958.97;;;
2023;3543006;;;;;;640748.923;34398.93;;;
2023;3543105;;;;;;282574.463;61322.58;;;
2023;3543204;;;;;;326854.578;69885.52;;;
2023;3543238;;;;;;56509.323;27905.84;;;
2023;3543253;;;;;;127268.877;17083.07;;;
2023;3543303;;;;;;4853228.612;41997.84;;;
2023;3543402;;;;;;52306819.755;74869.27;;;
2023;3543501;;;;;;119164.482;21283.17;;;
2023;3543600;;;;;;232910.865;57523.06;;;
2023;3543709;;;;;;346936.887;38133.31;;;
2023;3543808;;;;;;495679.83;53534.92;;;
2023;3543907;;;;;;15427116.506;76592.54;;;
2023;3544004;;;;;;2037525.868;65038.49;;;
2023;3544103;;;;;;1166050.396;26399.15;;;
2023;3544202;;;;;;390634.838;37892.6;;;
2023;3544251;;;;;;1542730.941;88459.34;;;
2023;3544301;;;;;;450314.327;41572.59;;;
2023;3544400;;;;;;88678.676;32843.95;;;
2023;3544509;;;;;;196382.182;51234.59;;;
2023;3544608;;;;;;183224.581;35842.05;;;
2023;3544707;;;;;;72625.441;29355.47;;;
2023;3544806;;;;;;266233.881;41359.93;;;
2023;3544905;;;;;;529464.336;46399.47;;;
2023;3545001;;;;;;310985.155;20456.86;;;
2023;3545100;;;;;;114823.55;23881.77;;;
2023;3545159;;;;;;471342.306;57755.46;;;
2023;3545209;;;;;;11498958.795;85609.32;;;
2023;3545308;;;;;;2856415.228;65292.48;;;
2023;3545407;;;;;;394927.897;43638.44;;;
2023;3545506;;;;;;455962.205;125092.51;;;
2023;3545605;;;;;;560338.958;39972.82;;;
2023;3545704;;;;;;333896.991;52228.53;;;
2023;3545803;;;;;;10803991.725;58926.47;;;
2023;3546009;;;;;;357556.385;25585.43;;;
2023;3546108;;;;;;130552.835;50251.28;;;
2023;3546207;;;;;;200489.693;46876.24;;;
2023;3546256;;;;;;101458.892;47948.44;;;
2023;3546306;;;;;;788978.101;27334.33;;;
2023;3546405;;;;;;4319822.468;93015.43;;;
2023;3546504;;;;;;152154.555;24869.98;;;
2023;3546603;;;;;;1988880.172;57161.58;;;
2023;3546702;;;;;;3568256.895;151126.89;;;
2023;3546801;;;;;;2298061.229;43217.76;;;
2023;3546900;;;;;;185362.45;25928.44;;;
2023;3547007;;;;;;197769.076;37720.59;;;
2023;3547106;;;;;;97262.169;32903.3;;;
2023;3547205;;;;;;56776.266;33997.76;;;
2023;3547304;;;;;;14328397.388;92978.15;;;
2023;3547403;;;;;;105525.401;38611.56;;;
2023;3547502;;;;;;992179.626;39954.08;;;
2023;3547601;;;;;;1131988.61;48352.85;;;
2023;3547650;;;;;;66139.508;40206.39;;;
2023;3547700;;;;;;630472.796;35098.41;;;
2023;3547809;;;;;;36931350.665;49312.88;;;
2023;3547908;;;;;;282936.894;41761.9;;;
2023;3548005;;;;;;2146889.718;92363.18;;;
2023;3548054;;;;;;380219.452;45377.66;;;
2023;3548104;;;;;;253743.152;41420.69;;;
2023;3548203;;;;;;191747.438;26881.74;;;
2023;3548302;;;;;;60255.674;20085.22;;;
2023;3548401;;;;;;97801.855;25083.83;;;
2023;3548500;;;;;;30961718.45;73963.51;;;
2023;3548609;;;;;;354768.094;30389.59;;;
2023;3548708;;;;;;71965791.185;88766.77;;;
2023;3548807;;;;;;22553448.009;136147.1;;;
2023;3548906;;;;;;18386920.167;72146.03;;;
2023;3549003;;;;;;59556.069;22888.57;;;
2023;3549102;;;;;;5011180.867;54147.42;;;
2023;3549201;;;;;;72713.498;28183.53;;;
2023;3549250;;;;;;69614.459;37710.97;;;
2023;3549300;;;;;;83376.43;37188.42;;;
2023;3549409;;;;;;2733786.441;56299.4;;;
2023;3549508;;;;;;336021.818;44062.66;;;
2023;3549607;;;;;;80553.126;20906.6;;;
2023;3549706;;;;;;2876972.561;55109.14;;;
2023;3549805;;;;;;26390120.821;54934.44;;;
2023;3549904;;;;;;61394524.128;88077.14;;;
2023;3549953;;;;;;346115.309;21542.0;;;
2023;3550001;;;;;;252579.139;24434.47;;;
2023;3550100;;;;;;1889877.382;50681.9;;;
2023;3550209;;;;;;1157726.376;36134.91;;;
2023;3550308;;;;;;1066825104.983;93156.23;;;
2023;3550407;;;;;;1243177.03;32496.26;;;
2023;3550506;;;;;;393936.414;54584.51;;;
2023;3550605;;;;;;4532567.306;57024.9;;;
2023;3550704;;;;;;17400619.207;213255.95;;;
2023;3550803;;;;;;481876.411;46152.32;;;
2023;3550902;;;;;;648091.535;48213.92;;;
2023;3551009;;;;;;7414656.3;22474.72;;;
2023;3551108;;;;;;270123.317;26051.05;;;
2023;3551207;;;;;;115634.692;31218.87;;;
2023;3551306;;;;;;454541.519;145220.93;;;
2023;3551405;;;;;;269296.727;21127.94;;;
2023;3551504;;;;;;1454534.798;33126.12;;;
2023;3551603;;;;;;1025007.433;34288.07;;;
2023;3551702;;;;;;9075017.911;71520.47;;;
2023;3551801;;;;;;461849.31;36280.39;;;
2023;3551900;;;;;;340596.56;23366.94;;;
2023;3552007;;;;;;116266.107;18795.04;;;
2023;3552106;;;;;;1449300.539;36122.34;;;
2023;3552205;;;;;;58816286.432;81273.66;;;
2023;3552304;;;;;;302800.668;41169.36;;;
2023;3552403;;;;;;19026093.466;68060.93;;;
2023;3552502;;;;;;18618697.595;60562.59;;;
2023;3552551;;;;;;511504.073;150089.22;;;
2023;3552601;;;;;;397691.073;35122.41;;;
2023;3552700;;;;;;512361.457;34691.68;;;
2023;3552809;;;;;;12084179.332;44176.69;;;
2023;3552908;;;;;;242091.189;38672.71;;;
2023;3553005;;;;;;409335.494;32310.01;;;
2023;3553104;;;;;;155640.314;27415.94;;;
2023;3553203;;;;;;188353.34;28765.02;;;
2023;3553302;;;;;;966714.25;45099.8;;;
2023;3553401;;;;;;1592466.95;63030.55;;;
2023;3553500;;;;;;223954.353;28008.3;;;
2023;3553609;;;;;;358652.712;30353.14;;;
2023;3553658;;;;;;92382.788;35274.07;;;
2023;3553708;;;;;;2307144.805;44147.43;;;
2023;3553807;;;;;;1279103.093;52529.9;;;
2023;3553856;;;;;;433013.79;62974.66;;;
2023;3553906;;;;;;187170.91;28636.92;;;
2023;3553955;;;;;;1153082.93;77481.72;;;
2023;3554003;;;;;;6784534.581;54739.59;;;
2023;3554102;;;;;;22607800.468;72754.95;;;
2023;3554201;;;;;;341127.352;82657.46;;;
2023;3554300;;;;;;822760.153;37106.4;;;
2023;3554409;;;;;;237426.174;30038.74;;;
2023;3554508;;;;;;2954947.719;78457.58;;;
2023;3554607;;;;;;80267.648;32576.16;;;
2023;3554656;;;;;;44086.733;21547.77;;;
2023;3554706;;;;;;380075.254;40715.08;;;
2023;3554755;;;;;;66640.706;39619.92;;;
2023;3554805;;;;;;1091770.581;21334.89;;;
2023;3554904;;;;;;155504.752;22854.9;;;
2023;3554953;;;;;;239682.024;35361.76;;;
2023;3555000;;;;;;3128301.71;48934.77;;;
2023;3555109;;;;;;446937.811;28190.85;;;
2023;3555208;;;;;;88091.265;48455.04;;;
2023;3555307;;;;;;100226.09;60051.58;;;
2023;3555356;;;;;;298745.87;55684.23;;;
2023;3555406;;;;;;3506919.269;37716.51;;;
2023;3555505;;;;;;201026.244;39171.13;;;
2023;3555604;;;;;;521823.515;50204.3;;;
2023;3555703;;;;;;72243.943;45067.96;;;
2023;3555802;;;;;;366620.323;41505.75;;;
2023;3555901;;;;;;66749.681;48125.22;;;
2023;3556008;;;;;;647135.023;47084.91;;;
2023;3556107;;;;;;565653.229;40122.94;;;
2023;3556206;;;;;;10200700.888;80718.99;;;
2023;3556305;;;;;;1426927.115;58864.2;;;
2023;3556354;;;;;;222012.401;21119.9;;;
2023;3556404;;;;;;1431641.524;35672.43;;;
2023;3556453;;;;;;3524292.853;69905.64;;;
2023;3556503;;;;;;4736061.572;40908.88;;;
2023;3556602;;;;;;302804.606;29756.74;;;
2023;3556701;;;;;;14699664.334;192052.06;;;
2023;3556800;;;;;;563835.943;32378.31;;;
2023;3556909;;;;;;705941.182;87056.5;;;
2023;3556958;;;;;;64481.075;35942.63;;;
2023;3557006;;;;;;5209654.121;40724.92;;;
2023;3557105;;;;;;4582202.643;47418.12;;;
2023;3557154;;;;;;177562.313;65959.25;;;
2023;3557204;;;;;;477220.027;39081.16;;;
2023;3557303;;;;;;532211.875;47119.25;;;
2023;4100103;;;;;;297166.248;41039.39;;;
2023;4100202;;;;;;467129.251;74669.0;;;
2023;4100301;;;;;;279388.38;27302.69;;;
2023;4100400;;;;;;2242619.546;18715.79;;;
2023;4100459;;;;;;115509.036;32175.22;;;
2023;4100509;;;;;;546400.969;29153.82;;;
2023;4100608;;;;;;562666.681;40453.42;;;
2023;4100707;;;;;;488593.684;50230.67;;;
2023;4100806;;;;;;436442.873;42266.4;;;
2023;4100905;;;;;;163898.554;34418.01;;;
2023;4101002;;;;;;1001174.451;51028.26;;;
2023;4101051;;;;;;124322.819;42605.49;;;
2023;4101101;;;;;;861172.558;43322.9;;;
2023;4101150;;;;;;179777.974;55572.79;;;
2023;4101200;;;;;;1001674.868;55368.68;;;
2023;4101309;;;;;;282610.628;40269.4;;;
2023;4101408;;;;;;4834012.856;37146.42;;;
2023;4101507;;;;;;5715471.043;47973.54;;;
2023;4101606;;;;;;1632919.107;63347.91;;;
2023;4101655;;;;;;154285.064;43743.99;;;
2023;4101705;;;;;;630796.431;43548.25;;;
2023;4101804;;;;;;34075051.609;224671.66;;;
2023;4101853;;;;;;144972.888;62246.84;;;
2023;4101903;;;;;;637193.778;46183.5;;;
2023;4102000;;;;;;2033730.672;55252.41;;;
2023;4102109;;;;;;1164815.716;45723.88;;;
2023;4102208;;;;;;254751.637;64007.95;;;
2023;4102307;;;;;;1302016.129;97201.65;;;
2023;4102406;;;;;;1362233.291;43559.41;;;
2023;4102505;;;;;;342155.193;31695.71;;;
2023;4102604;;;;;;323296.511;33128.04;;;
2023;4102703;;;;;;187138.061;66502.51;;;
2023;4102752;;;;;;126094.802;31281.27;;;
2023;4102802;;;;;;564053.919;38026.96;;;
2023;4102901;;;;;;656377.314;42256.96;;;
2023;4103008;;;;;;342930.48;75237.05;;;
2023;4103024;;;;;;165031.3;67222.53;;;
2023;4103040;;;;;;449414.068;72838.58;;;
2023;4103057;;;;;;222436.901;28071.29;;;
2023;4103107;;;;;;305498.453;22971.54;;;
2023;4103156;;;;;;142417.578;35783.31;;;
2023;4103206;;;;;;221658.047;33681.51;;;
2023;4103222;;;;;;331505.224;103530.68;;;
2023;4103305;;;;;;296465.288;38327.77;;;
2023;4103354;;;;;;261007.315;53771.59;;;
2023;4103370;;;;;;298634.398;80537.86;;;
2023;4103404;;;;;;121532.272;46262.76;;;
2023;4103453;;;;;;2697733.865;142008.42;;;
2023;4103479;;;;;;199025.998;44494.97;;;
2023;4103503;;;;;;250999.041;28817.34;;;
2023;4103602;;;;;;985512.34;42457.02;;;
2023;4103701;;;;;;6771172.732;63159.21;;;
2023;4103800;;;;;;349367.41;36931.02;;;
2023;4103909;;;;;;674422.201;42893.99;;;
2023;4103958;;;;;;195119.696;49573.09;;;
2023;4104006;;;;;;2871767.402;60047.41;;;
2023;4104055;;;;;;237197.428;58901.77;;;
2023;4104105;;;;;;306673.047;40846.17;;;
2023;4104204;;;;;;7070392.747;51863.48;;;
2023;4104253;;;;;;700582.723;23228.87;;;
2023;4104303;;;;;;5991907.747;60261.36;;;
2023;4104402;;;;;;475234.993;31175.22;;;
2023;4104428;;;;;;901448.618;60204.94;;;
2023;4104451;;;;;;386335.113;35372.19;;;
2023;4104501;;;;;;1592680.617;77763.81;;;
2023;4104600;;;;;;1300219.755;88764.32;;;
2023;4104659;;;;;;1989895.5;85465.6;;;
2023;4104709;;;;;;575813.719;34061.74;;;
2023;4104808;;;;;;19204178.185;55176.33;;;
2023;4104907;;;;;;4517500.842;61820.06;;;
2023;4105003;;;;;;413684.795;39602.22;;;
2023;4105102;;;;;;376524.952;34760.43;;;
2023;4105201;;;;;;374010.068;23181.48;;;
2023;4105300;;;;;;1070583.204;96562.03;;;
2023;4105409;;;;;;1196359.965;56739.86;;;
2023;4105508;;;;;;3986696.636;50130.1;;;
2023;4105607;;;;;;620523.946;54113.89;;;
2023;4105706;;;;;;915574.92;60754.81;;;
2023;4105805;;;;;;7628974.586;32853.49;;;
2023;4105904;;;;;;1171687.956;51174.35;;;
2023;4106001;;;;;;309516.653;37201.52;;;
2023;4106100;;;;;;168785.167;48767.75;;;
2023;4106209;;;;;;627817.968;32821.93;;;
2023;4106308;;;;;;993480.192;56867.78;;;
2023;4106407;;;;;;2382241.244;52697.46;;;
2023;4106456;;;;;;328942.49;58230.22;;;
2023;4106506;;;;;;1109441.321;47552.24;;;
2023;4106555;;;;;;104934.666;27908.16;;;
2023;4106571;;;;;;206651.374;50000.33;;;
2023;4106605;;;;;;1089269.489;45708.09;;;
2023;4106704;;;;;;281275.104;62589.03;;;
2023;4106803;;;;;;507964.016;31791.46;;;
2023;4106852;;;;;;189223.664;65430.04;;;
2023;4106902;;;;;;120065276.017;67691.3;;;
2023;4107009;;;;;;332954.115;24397.6;;;
2023;4107108;;;;;;413933.429;80500.47;;;
2023;4107124;;;;;;85753.794;27043.14;;;
2023;4107157;;;;;;134492.64;29513.42;;;
2023;4107207;;;;;;2609172.747;58150.9;;;
2023;4107256;;;;;;859149.606;93783.39;;;
2023;4107306;;;;;;242635.313;38349.19;;;
2023;4107405;;;;;;389459.999;64920.82;;;
2023;4107504;;;;;;698650.245;56098.46;;;
2023;4107520;;;;;;75224.394;40683.83;;;
2023;4107538;;;;;;420777.808;91973.29;;;
2023;4107546;;;;;;201751.523;42057.85;;;
2023;4107553;;;;;;255636.46;84118.61;;;
2023;4107603;;;;;;625078.517;38140.13;;;
2023;4107652;;;;;;4139460.922;27805.32;;;
2023;4107702;;;;;;243623.571;54234.99;;;
2023;4107736;;;;;;323922.046;51786.1;;;
2023;4107751;;;;;;191681.526;23775.93;;;
2023;4107801;;;;;;310640.443;64824.8;;;
2023;4107850;;;;;;206356.743;47286.15;;;
2023;4107900;;;;;;364240.154;34828.85;;;
2023;4108007;;;;;;623832.373;54502.22;;;
2023;4108106;;;;;;101261.114;38182.92;;;
2023;4108205;;;;;;405548.522;53117.03;;;
2023;4108304;;;;;;16973250.994;59468.67;;;
2023;4108320;;;;;;254090.328;31307.33;;;
2023;4108403;;;;;;4525403.384;46814.84;;;
2023;4108452;;;;;;187782.428;38120.67;;;
2023;4108502;;;;;;437293.913;39531.18;;;
2023;4108551;;;;;;96133.019;32291.91;;;
2023;4108601;;;;;;1335666.436;46969.32;;;
2023;4108650;;;;;;308612.143;47001.54;;;
2023;4108700;;;;;;177555.382;31475.87;;;
2023;4108809;;;;;;1438846.331;44828.06;;;
2023;4108908;;;;;;404827.015;61458.48;;;
2023;4108957;;;;;;357064.021;45451.12;;;
2023;4109005;;;;;;228918.643;49485.22;;;
2023;4109104;;;;;;106182.693;48463.12;;;
2023;4109203;;;;;;192290.817;40499.33;;;
2023;4109302;;;;;;604224.361;43991.58;;;
2023;4109401;;;;;;9864113.348;54170.74;;;
2023;4109500;;;;;;146080.935;19660.96;;;
2023;4109609;;;;;;1220949.312;29027.37;;;
2023;4109658;;;;;;386520.653;78227.21;;;
2023;4109708;;;;;;1236456.989;42887.86;;;
2023;4109757;;;;;;208091.029;33465.91;;;
2023;4109807;;;;;;4037854.555;78248.45;;;
2023;4109906;;;;;;329105.838;36603.92;;;
2023;4110003;;;;;;267157.99;50048.33;;;
2023;4110052;;;;;;94790.95;44212.2;;;
2023;4110078;;;;;;320470.89;22490.76;;;
2023;4110102;;;;;;1503417.717;50241.2;;;
2023;4110201;;;;;;249949.243;25847.91;;;
2023;4110300;;;;;;76239.164;30062.76;;;
2023;4110409;;;;;;772540.182;173682.59;;;
2023;4110508;;;;;;776103.694;54879.34;;;
2023;4110607;;;;;;850007.477;53982.44;;;
2023;4110656;;;;;;126065.431;53805.14;;;
2023;4110706;;;;;;2816144.413;47529.86;;;
2023;4110805;;;;;;409528.021;38330.96;;;
2023;4110904;;;;;;164294.738;36664.75;;;
2023;4110953;;;;;;566775.591;49349.2;;;
2023;4111001;;;;;;279453.255;47300.82;;;
2023;4111100;;;;;;276022.49;45168.14;;;
2023;4111209;;;;;;970545.41;78624.87;;;
2023;4111258;;;;;;799717.726;25618.02;;;
2023;4111308;;;;;;151824.849;42504.16;;;
2023;4111407;;;;;;711072.742;53751.06;;;
2023;4111506;;;;;;1142266.373;34910.34;;;
2023;4111555;;;;;;280429.774;41052.52;;;
2023;4111605;;;;;;167214.759;61748.43;;;
2023;4111704;;;;;;156575.521;28851.21;;;
2023;4111803;;;;;;1956993.425;48470.43;;;
2023;4111902;;;;;;1452483.418;96051.01;;;
2023;4112009;;;;;;2062534.661;58693.11;;;
2023;4112108;;;;;;962904.172;44978.71;;;
2023;4112207;;;;;;336925.472;57397.87;;;
2023;4112306;;;;;;169939.686;34179.34;;;
2023;4112405;;;;;;441907.453;48327.59;;;
2023;4112504;;;;;;424449.093;35358.97;;;
2023;4112603;;;;;;78978.799;58807.74;;;
2023;4112702;;;;;;301470.024;25520.19;;;
2023;4112751;;;;;;556585.94;52977.91;;;
2023;4112801;;;;;;872245.893;73021.84;;;
2023;4112900;;;;;;157361.134;47213.06;;;
2023;4112959;;;;;;497086.538;63966.87;;;
2023;4113007;;;;;;370464.609;55375.88;;;
2023;4113106;;;;;;201236.29;43918.88;;;
2023;4113205;;;;;;2647565.699;58830.87;;;
2023;4113254;;;;;;125483.191;22407.71;;;
2023;4113304;;;;;;1230923.929;38195.42;;;
2023;4113403;;;;;;226118.022;60266.0;;;
2023;4113429;;;;;;146836.824;37287.16;;;
2023;4113452;;;;;;249057.3;48127.01;;;
2023;4113502;;;;;;909384.486;39155.41;;;
2023;4113601;;;;;;333368.278;72455.61;;;
2023;4113700;;;;;;27999537.379;50362.05;;;
2023;4113734;;;;;;599341.015;89587.6;;;
2023;4113759;;;;;;147289.656;30231.87;;;
2023;4113809;;;;;;164845.924;34250.14;;;
2023;4113908;;;;;;973316.236;72484.08;;;
2023;4114005;;;;;;859221.279;63873.13;;;
2023;4114104;;;;;;995409.852;31643.51;;;
2023;4114203;;;;;;2916499.996;79434.03;;;
2023;4114302;;;;;;801432.662;29207.79;;;
2023;4114351;;;;;;104399.309;37689.28;;;
2023;4114401;;;;;;1869714.524;112613.05;;;
2023;4114500;;;;;;656196.29;46081.2;;;
2023;4114609;;;;;;3919007.285;70187.82;;;
2023;4114708;;;;;;176407.211;30077.96;;;
2023;4114807;;;;;;2964620.45;70837.51;;;
2023;4114906;;;;;;510268.194;58806.98;;;
2023;4115002;;;;;;237236.998;32708.81;;;
2023;4115101;;;;;;403956.783;41023.34;;;
2023;4115200;;;;;;27817345.988;67903.99;;;
2023;4115309;;;;;;554033.71;86961.81;;;
2023;4115358;;;;;;535683.462;81721.35;;;
2023;4115408;;;;;;738402.903;46437.51;;;
2023;4115457;;;;;;134982.203;29896.39;;;
2023;4115507;;;;;;134313.245;28583.37;;;
2023;4115606;;;;;;1440814.615;78092.93;;;
2023;4115705;;;;;;1148204.622;29246.91;;;
2023;4115739;;;;;;157347.724;48162.76;;;
2023;4115754;;;;;;527212.083;56188.01;;;
2023;4115804;;;;;;3007596.291;55318.22;;;
2023;4115853;;;;;;311868.781;52582.83;;;
2023;4115903;;;;;;178999.342;79981.83;;;
2023;4116000;;;;;;69393.856;35296.98;;;
2023;4116059;;;;;;496708.391;44894.11;;;
2023;4116109;;;;;;382098.401;34192.25;;;
2023;4116208;;;;;;534711.882;29204.87;;;
2023;4116307;;;;;;176663.312;44713.57;;;
2023;4116406;;;;;;126912.839;34590.58;;;
2023;4116505;;;;;;71238.316;53846.04;;;
2023;4116604;;;;;;108097.018;32956.41;;;
2023;4116703;;;;;;1040812.716;75612.98;;;
2023;4116802;;;;;;341725.195;50327.72;;;
2023;4116901;;;;;;1253498.273;47150.58;;;
2023;4116950;;;;;;198769.677;35513.61;;;
2023;4117008;;;;;;327433.498;45319.52;;;
2023;4117057;;;;;;378371.953;31337.75;;;
2023;4117107;;;;;;718418.014;55592.2;;;
2023;4117206;;;;;;132741.265;22756.95;;;
2023;4117214;;;;;;131608.565;31455.2;;;
2023;4117222;;;;;;484275.344;58192.18;;;
2023;4117255;;;;;;560124.346;44107.75;;;
2023;4117271;;;;;;237201.942;34638.13;;;
2023;4117297;;;;;;124922.572;39975.22;;;
2023;4117305;;;;;;3592270.012;148490.0;;;
2023;4117404;;;;;;186572.952;58541.87;;;
2023;4117453;;;;;;297137.278;43793.26;;;
2023;4117503;;;;;;1342361.599;29205.9;;;
2023;4117602;;;;;;1728162.368;35819.06;;;
2023;4117701;;;;;;2220002.904;65573.86;;;
2023;4117800;;;;;;406780.675;31211.59;;;
2023;4117909;;;;;;3698095.404;105626.67;;;
2023;4118006;;;;;;533427.301;40273.86;;;
2023;4118105;;;;;;517609.255;54160.22;;;
2023;4118204;;;;;;15291702.668;104860.51;;;
2023;4118303;;;;;;88780.754;37022.83;;;
2023;4118402;;;;;;4189765.044;45540.43;;;
2023;4118451;;;;;;269743.771;47051.07;;;
2023;4118501;;;;;;5817896.335;63350.93;;;
2023;4118600;;;;;;488531.529;86221.59;;;
2023;4118709;;;;;;473855.158;74705.21;;;
2023;4118808;;;;;;530692.825;39764.19;;;
2023;4118857;;;;;;354948.365;49373.82;;;
2023;4118907;;;;;;364026.037;30647.08;;;
2023;4119004;;;;;;270487.39;43479.73;;;
2023;4119103;;;;;;853225.172;62484.45;;;
2023;4119152;;;;;;9852601.347;77567.93;;;
2023;4119202;;;;;;251910.694;38365.93;;;
2023;4119251;;;;;;82103.55;29736.89;;;
2023;4119301;;;;;;1851108.012;61938.97;;;
2023;4119400;;;;;;1441276.078;60939.33;;;
2023;4119509;;;;;;1901529.26;16015.58;;;
2023;4119608;;;;;;1448744.092;43017.52;;;
2023;4119657;;;;;;160572.52;52715.86;;;
2023;4119707;;;;;;149539.866;36741.98;;;
2023;4119806;;;;;;526047.929;36597.18;;;
2023;4119905;;;;;;25583325.309;71387.82;;;
2023;4119954;;;;;;809708.324;26613.26;;;
2023;4120002;;;;;;732948.49;63054.76;;;
2023;4120101;;;;;;391661.502;95573.82;;;
2023;4120150;;;;;;169167.894;54394.82;;;
2023;4120200;;;;;;152980.46;48076.83;;;
2023;4120309;;;;;;98341.081;27608.39;;;
2023;4120333;;;;;;207954.973;56067.67;;;
2023;4120358;;;;;;378687.142;66007.87;;;
2023;4120408;;;;;;197135.572;45464.85;;;
2023;4120507;;;;;;462476.453;45871.5;;;
2023;4120606;;;;;;1905943.321;38587.32;;;
2023;4120655;;;;;;409019.0;97362.29;;;
2023;4120705;;;;;;244506.54;30189.72;;;
2023;4120804;;;;;;2336181.03;96572.32;;;
2023;4120853;;;;;;307122.319;68554.09;;;
2023;4120903;;;;;;1927945.223;62721.88;;;
2023;4121000;;;;;;342243.778;32030.3;;;
2023;4121109;;;;;;314953.109;62978.03;;;
2023;4121208;;;;;;594458.541;32311.04;;;
2023;4121257;;;;;;126585.131;29989.37;;;
2023;4121307;;;;;;197169.89;56141.77;;;
2023;4121356;;;;;;235642.158;90008.46;;;
2023;4121406;;;;;;958986.554;49825.25;;;
2023;4121505;;;;;;635752.238;43802.69;;;
2023;4121604;;;;;;460071.759;67212.82;;;
2023;4121703;;;;;;764370.781;31106.12;;;
2023;4121752;;;;;;257839.287;39346.76;;;
2023;4121802;;;;;;609741.425;49315.87;;;
2023;4121901;;;;;;487933.203;37360.89;;;
2023;4122008;;;;;;996992.189;71086.79;;;
2023;4122107;;;;;;118815.326;37164.63;;;
2023;4122156;;;;;;514284.564;36921.86;;;
2023;4122172;;;;;;174699.513;45876.97;;;
2023;4122206;;;;;;1850825.583;49279.13;;;
2023;4122305;;;;;;1456164.794;46487.19;;;
2023;4122404;;;;;;4602703.668;64220.79;;;
2023;4122503;;;;;;639474.291;56837.11;;;
2023;4122602;;;;;;538735.802;59221.26;;;
2023;4122651;;;;;;166638.258;30660.21;;;
2023;4122701;;;;;;741344.575;84033.62;;;
2023;4122800;;;;;;144580.81;35479.95;;;
2023;4122909;;;;;;124159.798;23913.67;;;
2023;4123006;;;;;;628454.439;41283.22;;;
2023;4123105;;;;;;141542.179;41703.65;;;
2023;4123204;;;;;;179165.999;53243.98;;;
2023;4123303;;;;;;387175.483;44952.45;;;
2023;4123402;;;;;;449905.935;39541.74;;;
2023;4123501;;;;;;1641044.228;64374.87;;;
2023;4123600;;;;;;85155.059;48715.71;;;
2023;4123709;;;;;;293691.548;32954.62;;;
2023;4123808;;;;;;514078.556;36537.21;;;
2023;4123824;;;;;;158188.01;43410.54;;;
2023;4123857;;;;;;353046.217;35195.52;;;
2023;4123907;;;;;;497961.396;44999.22;;;
2023;4123956;;;;;;115471.2;34407.39;;;
2023;4124004;;;;;;184041.762;33377.18;;;
2023;4124020;;;;;;713314.961;54145.66;;;
2023;4124053;;;;;;765144.141;31536.73;;;
2023;4124103;;;;;;1837883.729;41422.7;;;
2023;4124202;;;;;;70026.829;28089.38;;;
2023;4124301;;;;;;114799.018;54023.07;;;
2023;4124400;;;;;;804866.436;33999.34;;;
2023;4124509;;;;;;836727.448;135370.89;;;
2023;4124608;;;;;;567835.843;86205.53;;;
2023;4124707;;;;;;349305.515;32253.51;;;
2023;4124806;;;;;;1220178.115;102656.75;;;
2023;4124905;;;;;;191655.66;34310.0;;;
2023;4125001;;;;;;410617.462;38494.18;;;
2023;4125100;;;;;;875907.408;63813.74;;;
2023;4125209;;;;;;531520.961;56677.43;;;
2023;4125308;;;;;;417316.417;80750.08;;;
2023;4125357;;;;;;183231.543;28172.13;;;
2023;4125407;;;;;;232640.965;38516.72;;;
2023;4125456;;;;;;109673.662;27716.37;;;
2023;4125506;;;;;;33957963.934;103019.05;;;
2023;4125555;;;;;;83030.479;38835.58;;;
2023;4125605;;;;;;1934142.346;45653.17;;;
2023;4125704;;;;;;1484412.447;50972.2;;;
2023;4125753;;;;;;267876.552;46313.37;;;
2023;4125803;;;;;;453058.246;52135.59;;;
2023;4125902;;;;;;111291.046;41823.02;;;
2023;4126009;;;;;;277568.679;34424.99;;;
2023;4126108;;;;;;221193.951;42277.13;;;
2023;4126207;;;;;;183023.364;27337.32;;;
2023;4126256;;;;;;2398689.677;20249.8;;;
2023;4126272;;;;;;1143427.458;187201.61;;;
2023;4126306;;;;;;690924.291;40007.2;;;
2023;4126355;;;;;;272573.448;54438.48;;;
2023;4126405;;;;;;465712.008;82925.93;;;
2023;4126504;;;;;;863930.912;54232.95;;;
2023;4126603;;;;;;851120.988;37311.87;;;
2023;4126652;;;;;;190979.06;55517.17;;;
2023;4126678;;;;;;474596.193;44325.79;;;
2023;4126702;;;;;;184145.474;37734.73;;;
2023;4126801;;;;;;731142.879;46073.66;;;
2023;4126900;;;;;;187714.218;32674.36;;;
2023;4127007;;;;;;633083.072;66312.25;;;
2023;4127106;;;;;;6409425.43;85411.18;;;
2023;4127205;;;;;;709922.487;40409.98;;;
2023;4127304;;;;;;539546.294;36352.67;;;
2023;4127403;;;;;;921399.935;50852.69;;;
2023;4127502;;;;;;1448624.415;72572.74;;;
2023;4127601;;;;;;554175.374;31449.71;;;
2023;4127700;;;;;;9508571.518;63192.47;;;
2023;4127809;;;;;;350464.58;41593.23;;;
2023;4127858;;;;;;453549.65;40731.89;;;
2023;4127882;;;;;;142466.834;22908.32;;;
2023;4127908;;;;;;297521.394;36881.29;;;
2023;4127957;;;;;;520417.306;64432.01;;;
2023;4127965;;;;;;697870.372;49038.74;;;
2023;4128005;;;;;;2129921.863;86060.93;;;
2023;4128104;;;;;;5096996.048;43528.72;;;
2023;4128203;;;;;;2223372.504;40400.71;;;
2023;4128302;;;;;;131664.6;61640.73;;;
2023;4128401;;;;;;395052.698;37963.93;;;
2023;4128500;;;;;;767255.933;39986.24;;;
2023;4128534;;;;;;378783.843;39126.52;;;
2023;4128559;;;;;;335606.889;40852.94;;;
2023;4128609;;;;;;606828.158;76503.8;;;
2023;4128625;;;;;;147760.207;48366.68;;;
2023;4128633;;;;;;116147.313;20387.45;;;
2023;4128658;;;;;;241579.027;63389.93;;;
2023;4128708;;;;;;631024.629;65013.87;;;
2023;4128807;;;;;;138497.562;23887.13;;;
2023;4200051;;;;;;115985.219;44644.04;;;
2023;4200101;;;;;;1085858.106;62434.34;;;
2023;4200200;;;;;;496110.326;45141.98;;;
2023;4200309;;;;;;279405.695;46144.62;;;
2023;4200408;;;;;;747811.766;114906.54;;;
2023;4200507;;;;;;240633.331;39866.36;;;
2023;4200556;;;;;;183331.993;64576.26;;;
2023;4200606;;;;;;281792.179;41790.33;;;
2023;4200705;;;;;;414786.613;39575.1;;;
2023;4200754;;;;;;94012.018;50653.03;;;
2023;4200804;;;;;;261385.394;43982.06;;;
2023;4200903;;;;;;192261.927;35883.15;;;
2023;4201000;;;;;;251490.95;30354.97;;;
2023;4201109;;;;;;117402.73;32675.41;;;
2023;4201208;;;;;;1163092.146;103625.46;;;
2023;4201257;;;;;;510609.771;52044.62;;;
2023;4201273;;;;;;400560.968;91494.05;;;
2023;4201307;;;;;;9900039.604;218625.97;;;
2023;4201406;;;;;;3023099.859;42033.03;;;
2023;4201505;;;;;;343668.227;38902.9;;;
2023;4201604;;;;;;154297.375;43390.71;;;
2023;4201653;;;;;;194587.973;77525.09;;;
2023;4201703;;;;;;315202.085;37889.42;;;
2023;4201802;;;;;;146755.371;45477.34;;;
2023;4201901;;;;;;468008.17;69027.75;;;
2023;4201950;;;;;;302101.421;19096.17;;;
2023;4202008;;;;;;9004372.567;64707.5;;;
2023;4202057;;;;;;321609.088;21567.13;;;
2023;4202073;;;;;;308869.231;19712.12;;;
2023;4202081;;;;;;130219.536;41418.43;;;
2023;4202099;;;;;;66205.889;39691.78;;;
2023;4202107;;;;;;2468504.623;54409.5;;;
2023;4202131;;;;;;277735.033;47298.2;;;
2023;4202156;;;;;;86050.263;32374.06;;;
2023;4202206;;;;;;496824.432;47226.66;;;
2023;4202305;;;;;;3523317.578;45892.67;;;
2023;4202404;;;;;;24871919.56;68847.51;;;
2023;4202438;;;;;;145083.681;41275.58;;;
2023;4202453;;;;;;1178867.901;47045.57;;;
2023;4202503;;;;;;338788.253;84150.09;;;
2023;4202537;;;;;;187851.87;67645.61;;;
2023;4202578;;;;;;103571.913;47357.98;;;
2023;4202602;;;;;;454469.762;53987.85;;;
2023;4202701;;;;;;554189.345;103335.7;;;
2023;4202800;;;;;;2195934.726;65020.42;;;
2023;4202859;;;;;;273815.765;68011.86;;;
2023;4202875;;;;;;143765.601;57760.39;;;
2023;4202909;;;;;;11071535.293;78307.71;;;
2023;4203006;;;;;;5375160.552;72913.19;;;
2023;4203105;;;;;;382026.643;60600.67;;;
2023;4203154;;;;;;135172.658;39260.14;;;
2023;4203204;;;;;;2703377.996;26227.55;;;
2023;4203253;;;;;;281798.429;107351.78;;;
2023;4203303;;;;;;872665.444;69807.65;;;
2023;4203402;;;;;;401476.284;55322.62;;;
2023;4203501;;;;;;532118.702;55296.55;;;
2023;4203600;;;;;;3456853.516;93600.5;;;
2023;4203709;;;;;;412707.977;32190.0;;;
2023;4203808;;;;;;2759647.733;50160.82;;;
2023;4203907;;;;;;1482553.727;63590.71;;;
2023;4203956;;;;;;689018.546;28739.04;;;
2023;4204004;;;;;;676611.076;64036.63;;;
2023;4204103;;;;;;248344.204;53824.06;;;
2023;4204152;;;;;;96486.981;34398.21;;;
2023;4204178;;;;;;152293.215;45912.94;;;
2023;4204194;;;;;;147114.718;49869.4;;;
2023;4204202;;;;;;17619284.312;69153.54;;;
2023;4204251;;;;;;1084929.853;62930.97;;;
2023;4204301;;;;;;5510391.821;67491.26;;;
2023;4204350;;;;;;529197.692;110687.66;;;
2023;4204400;;;;;;484592.888;46649.3;;;
2023;4204459;;;;;;74760.809;36203.78;;;
2023;4204509;;;;;;1055553.352;69139.54;;;
2023;4204558;;;;;;763282.446;48533.25;;;
2023;4204608;;;;;;12339547.621;57528.91;;;
2023;4204707;;;;;;1090030.707;99518.92;;;
2023;4204756;;;;;;106831.281;54284.19;;;
2023;4204806;;;;;;2003887.722;50040.9;;;
2023;4204905;;;;;;382121.357;44797.35;;;
2023;4205001;;;;;;674812.751;44963.54;;;
2023;4205100;;;;;;184448.32;43697.78;;;
2023;4205159;;;;;;184032.493;50600.08;;;
2023;4205175;;;;;;75980.775;22334.15;;;
2023;4205191;;;;;;241247.32;106323.19;;;
2023;4205209;;;;;;253179.087;51827.86;;;
2023;4205308;;;;;;845386.994;75534.94;;;
2023;4205357;;;;;;95652.975;53647.21;;;
2023;4205407;;;;;;31190132.216;58059.37;;;
2023;4205431;;;;;;104803.4;39076.58;;;
2023;4205456;;;;;;1525924.405;48548.39;;;
2023;4205506;;;;;;1596213.305;47675.2;;;
2023;4205555;;;;;;114310.223;47411.95;;;
2023;4205605;;;;;;159894.354;49811.33;;;
2023;4205704;;;;;;1005307.519;33556.11;;;
2023;4205803;;;;;;1982039.347;106877.29;;;
2023;4205902;;;;;;5058949.212;69711.3;;;
2023;4206009;;;;;;661697.403;39118.97;;;
2023;4206108;;;;;;406387.201;64742.27;;;
2023;4206207;;;;;;456980.67;36749.55;;;
2023;4206306;;;;;;1492565.307;60814.3;;;
2023;4206405;;;;;;615278.476;56991.34;;;
2023;4206504;;;;;;3136749.682;67152.27;;;
2023;4206603;;;;;;262918.154;54445.67;;;
2023;4206652;;;;;;617585.465;73303.91;;;
2023;4206702;;;;;;723521.698;33305.18;;;
2023;4206751;;;;;;90693.309;45165.99;;;
2023;4206801;;;;;;174344.419;53332.65;;;
2023;4206900;;;;;;774395.357;38988.79;;;
2023;4207007;;;;;;4878273.748;82633.59;;;
2023;4207106;;;;;;1190605.336;69846.61;;;
2023;4207205;;;;;;320779.62;26999.38;;;
2023;4207304;;;;;;3250687.753;61824.83;;;
2023;4207403;;;;;;319440.817;53400.34;;;
2023;4207502;;;;;;4484717.577;62680.37;;;
2023;4207577;;;;;;381384.196;132563.15;;;
2023;4207601;;;;;;134994.59;29487.68;;;
2023;4207650;;;;;;486273.637;52091.44;;;
2023;4207684;;;;;;435899.804;56390.66;;;
2023;4207700;;;;;;564807.509;72262.99;;;
2023;4207759;;;;;;258922.509;64957.98;;;
2023;4207809;;;;;;339803.198;33330.38;;;
2023;4207858;;;;;;78559.622;37969.85;;;
2023;4207908;;;;;;636425.684;61879.02;;;
2023;4208005;;;;;;550221.666;77857.88;;;
2023;4208104;;;;;;1404661.539;63700.58;;;
2023;4208203;;;;;;48195908.536;182522.93;;;
2023;4208302;;;;;;3799730.364;50035.95;;;
2023;4208401;;;;;;1369949.152;82338.57;;;
2023;4208450;;;;;;1990651.159;64736.62;;;
2023;4208500;;;;;;1565743.138;59028.96;;;
2023;4208609;;;;;;236969.898;54981.41;;;
2023;4208708;;;;;;733561.608;69047.59;;;
2023;4208807;;;;;;887385.693;43552.67;;;
2023;4208906;;;;;;15509262.572;84907.82;;;
2023;4208955;;;;;;82848.772;46649.08;;;
2023;4209003;;;;;;2754514.296;91372.46;;;
2023;4209102;;;;;;49815876.84;80828.33;;;
2023;4209151;;;;;;171771.933;28700.41;;;
2023;4209177;;;;;;109998.735;43052.34;;;
2023;4209201;;;;;;186584.359;83000.16;;;
2023;4209300;;;;;;8341649.834;50561.28;;;
2023;4209409;;;;;;1404149.986;32818.74;;;
2023;4209458;;;;;;108718.509;63876.91;;;
2023;4209508;;;;;;536260.96;67607.28;;;
2023;4209607;;;;;;481730.009;33497.67;;;
2023;4209706;;;;;;466724.315;40683.78;;;
2023;4209805;;;;;;169622.368;50937.65;;;
2023;4209854;;;;;;201026.15;44191.28;;;
2023;4209904;;;;;;579987.199;45054.55;;;
2023;4210001;;;;;;1138041.979;97401.74;;;
2023;4210035;;;;;;346309.27;59770.33;;;
2023;4210050;;;;;;70007.53;39374.31;;;
2023;4210100;;;;;;3296811.911;59631.95;;;
2023;4210209;;;;;;86474.067;26905.43;;;
2023;4210308;;;;;;417208.898;56189.75;;;
2023;4210407;;;;;;355365.128;45472.19;;;
2023;4210506;;;;;;2499222.596;88464.92;;;
2023;4210555;;;;;;111255.266;50941.06;;;
2023;4210605;;;;;;1050211.472;61194.0;;;
2023;4210704;;;;;;77764.272;28165.26;;;
2023;4210803;;;;;;469315.843;66987.7;;;
2023;4210852;;;;;;106937.446;42587.59;;;
2023;4210902;;;;;;203355.814;49842.11;;;
2023;4211009;;;;;;1249316.724;124112.53;;;
2023;4211058;;;;;;325033.469;35651.36;;;
2023;4211108;;;;;;285959.084;36964.72;;;
2023;4211207;;;;;;1019641.349;55005.74;;;
2023;4211256;;;;;;194418.422;64590.84;;;
2023;4211306;;;;;;7939673.784;91893.31;;;
2023;4211405;;;;;;266502.424;51697.85;;;
2023;4211454;;;;;;191951.536;42317.36;;;
2023;4211504;;;;;;972888.071;70874.05;;;
2023;4211603;;;;;;1333549.26;97595.82;;;
2023;4211652;;;;;;160908.453;60880.99;;;
2023;4211702;;;;;;1408943.914;59547.1;;;
2023;4211751;;;;;;1267787.562;73231.72;;;
2023;4211801;;;;;;307201.54;43686.23;;;
2023;4211850;;;;;;170819.679;78321.72;;;
2023;4211876;;;;;;73787.528;38291.4;;;
2023;4211892;;;;;;111005.961;50115.56;;;
2023;4211900;;;;;;10294550.237;46247.27;;;
2023;4212007;;;;;;361215.376;47497.09;;;
2023;4212056;;;;;;205053.15;80067.61;;;
2023;4212106;;;;;;1211264.223;77515.95;;;
2023;4212205;;;;;;1183058.194;61778.5;;;
2023;4212239;;;;;;194243.981;45522.38;;;
2023;4212254;;;;;;301934.066;23411.19;;;
2023;4212270;;;;;;218824.223;54244.97;;;
2023;4212304;;;;;;417795.002;46098.97;;;
2023;4212403;;;;;;305366.304;71935.53;;;
2023;4212502;;;;;;1340663.262;39826.02;;;
2023;4212601;;;;;;166701.472;55715.73;;;
2023;4212650;;;;;;164482.919;16141.6;;;
2023;4212700;;;;;;265681.595;39559.5;;;
2023;4212809;;;;;;2097521.043;77322.26;;;
2023;4212908;;;;;;1941701.252;88371.62;;;
2023;4213005;;;;;;323208.867;93063.31;;;
2023;4213104;;;;;;953671.082;165309.6;;;
2023;4213153;;;;;;144006.502;48882.04;;;
2023;4213203;;;;;;3184672.108;92877.37;;;
2023;4213302;;;;;;205504.401;46316.07;;;
2023;4213351;;;;;;158355.365;49331.89;;;
2023;4213401;;;;;;390492.155;36669.37;;;
2023;4213500;;;;;;2090678.166;75508.46;;;
2023;4213609;;;;;;1314938.113;39882.87;;;
2023;4213708;;;;;;912670.161;53300.83;;;
2023;4213807;;;;;;312293.605;37762.23;;;
2023;4213906;;;;;;88879.33;52622.46;;;
2023;4214003;;;;;;1091871.499;54566.29;;;
2023;4214102;;;;;;81283.338;35325.22;;;
2023;4214151;;;;;;134567.034;45400.48;;;
2023;4214201;;;;;;670409.31;60824.65;;;
2023;4214300;;;;;;227901.573;69503.38;;;
2023;4214409;;;;;;328939.713;52605.1;;;
2023;4214508;;;;;;265322.667;41122.55;;;
2023;4214607;;;;;;348707.84;45011.98;;;
2023;4214706;;;;;;565977.434;52091.8;;;
2023;4214805;;;;;;4621903.114;63673.98;;;
2023;4214904;;;;;;373207.524;76997.63;;;
2023;4215000;;;;;;1731868.057;44111.66;;;
2023;4215059;;;;;;96784.355;40377.29;;;
2023;4215075;;;;;;198674.043;41668.21;;;
2023;4215109;;;;;;456659.972;35796.82;;;
2023;4215208;;;;;;132525.469;27477.81;;;
2023;4215307;;;;;;383453.011;51202.16;;;
2023;4215356;;;;;;115351.402;31759.75;;;
2023;4215406;;;;;;347635.839;79188.12;;;
2023;4215455;;;;;;701076.24;54422.93;;;
2023;4215505;;;;;;672249.587;43242.61;;;
2023;4215554;;;;;;128409.249;52952.27;;;
2023;4215604;;;;;;108833.819;52123.48;;;
2023;4215653;;;;;;277593.894;28349.05;;;
2023;4215679;;;;;;342768.701;42495.5;;;
2023;4215687;;;;;;89006.068;34552.04;;;
2023;4215695;;;;;;62417.195;37805.69;;;
2023;4215703;;;;;;1749916.489;64165.32;;;
2023;4215752;;;;;;110781.413;41274.74;;;
2023;4215802;;;;;;5038223.34;60499.58;;;
2023;4215901;;;;;;265329.55;90064.34;;;
2023;4216008;;;;;;794989.549;77318.57;;;
2023;4216057;;;;;;197298.749;32429.12;;;
2023;4216107;;;;;;536173.65;58115.51;;;
2023;4216206;;;;;;7396331.907;140417.13;;;
2023;4216255;;;;;;463168.42;73577.19;;;
2023;4216305;;;;;;1303724.455;39885.11;;;
2023;4216354;;;;;;455830.482;102135.44;;;
2023;4216404;;;;;;434705.1;50150.57;;;
2023;4216503;;;;;;1484850.704;57243.95;;;
2023;4216602;;;;;;15575672.162;57623.86;;;
2023;4216701;;;;;;681891.491;48132.38;;;
2023;4216800;;;;;;355893.941;40869.77;;;
2023;4216909;;;;;;1843473.333;74360.59;;;
2023;4217006;;;;;;1241477.563;91900.03;;;
2023;4217105;;;;;;148540.885;43624.34;;;
2023;4217154;;;;;;73871.298;41477.43;;;
2023;4217204;;;;;;3105097.849;70045.07;;;
2023;4217253;;;;;;148310.928;25677.1;;;
2023;4217303;;;;;;718462.655;69991.49;;;
2023;4217402;;;;;;906591.286;45191.73;;;
2023;4217501;;;;;;1506647.813;80915.56;;;
2023;4217550;;;;;;147398.192;44625.55;;;
2023;4217600;;;;;;804481.763;58661.35;;;
2023;4217709;;;;;;1304359.187;43491.69;;;
2023;4217758;;;;;;123619.65;43651.01;;;
2023;4217808;;;;;;1038272.967;56705.24;;;
2023;4217907;;;;;;760284.682;93366.66;;;
2023;4217956;;;;;;88349.107;37934.35;;;
2023;4218004;;;;;;3687049.288;71465.52;;;
2023;4218103;;;;;;197892.454;36742.01;;;
2023;4218202;;;;;;2737816.587;59389.93;;;
2023;4218251;;;;;;304452.754;41467.28;;;
2023;4218301;;;;;;2060109.557;104330.47;;;
2023;4218350;;;;;;198899.904;52591.2;;;
2023;4218400;;;;;;255516.011;34707.42;;;
2023;4218509;;;;;;1194854.233;135979.77;;;
2023;4218608;;;;;;433329.734;59572.41;;;
2023;4218707;;;;;;6007107.895;54566.42;;;
2023;4218756;;;;;;229505.878;46685.49;;;
2023;4218806;;;;;;992638.805;76105.1;;;
2023;4218855;;;;;;116752.879;42088.28;;;
2023;4218905;;;;;;471775.601;43545.84;;;
2023;4218954;;;;;;131850.079;49642.35;;;
2023;4219002;;;;;;1222446.926;58437.16;;;
2023;4219101;;;;;;301834.497;83058.47;;;
2023;4219150;;;;;;100063.874;38090.55;;;
2023;4219176;;;;;;661591.361;144578.53;;;
2023;4219200;;;;;;401953.374;64946.42;;;
2023;4219309;;;;;;4129522.675;74451.42;;;
2023;4219358;;;;;;193745.239;36079.19;;;
2023;4219408;;;;;;197838.976;46495.65;;;
2023;4219507;;;;;;3145564.606;60952.29;;;
2023;4219606;;;;;;249449.508;68286.21;;;
2023;4219705;;;;;;1737477.331;54435.66;;;
2023;4219853;;;;;;135060.002;34366.41;;;
2023;4220000;;;;;;420207.739;26294.21;;;
2023;4300034;;;;;;382340.49;91688.37;;;
2023;4300059;;;;;;418737.672;107039.28;;;
2023;4300109;;;;;;780151.895;48634.87;;;
2023;4300208;;;;;;383524.803;57072.14;;;
2023;4300307;;;;;;153719.013;25105.18;;;
2023;4300406;;;;;;3102027.8;42840.36;;;
2023;4300455;;;;;;136099.35;37277.28;;;
2023;4300471;;;;;;223166.993;113340.27;;;
2023;4300505;;;;;;302869.447;42555.77;;;
2023;4300554;;;;;;72441.818;40245.45;;;
2023;4300570;;;;;;203171.417;66136.53;;;
2023;4300604;;;;;;4129934.297;22048.07;;;
2023;4300638;;;;;;174054.484;32778.62;;;
2023;4300646;;;;;;203478.293;26598.47;;;
2023;4300661;;;;;;112013.387;98690.21;;;
2023;4300703;;;;;;333257.468;55943.84;;;
2023;4300802;;;;;;926442.744;71018.99;;;
2023;4300851;;;;;;233581.546;56804.85;;;
2023;4300877;;;;;;322955.377;37883.33;;;
2023;4300901;;;;;;1185217.051;182819.23;;;
2023;4301008;;;;;;1943138.022;88493.4;;;
2023;4301057;;;;;;353686.792;31987.59;;;
2023;4301073;;;;;;96550.913;37149.25;;;
2023;4301107;;;;;;404984.553;27736.77;;;
2023;4301206;;;;;;472739.311;39205.45;;;
2023;4301305;;;;;;965508.115;54989.64;;;
2023;4301404;;;;;;404652.153;39202.88;;;
2023;4301503;;;;;;350687.048;49054.0;;;
2023;4301552;;;;;;177755.631;52342.65;;;
2023;4301602;;;;;;4414767.606;37432.95;;;
2023;4301636;;;;;;333149.046;22276.77;;;
2023;4301651;;;;;;462911.085;71646.97;;;
2023;4301701;;;;;;324768.863;45460.37;;;
2023;4301750;;;;;;142447.239;24188.7;;;
2023;4301800;;;;;;300014.763;62102.0;;;
2023;4301859;;;;;;63072.239;19953.25;;;
2023;4301875;;;;;;332589.973;78422.54;;;
2023;4301909;;;;;;581054.183;47529.99;;;
2023;4301925;;;;;;78570.978;46327.23;;;
2023;4301958;;;;;;167381.582;67006.24;;;
2023;4302006;;;;;;274473.968;29526.03;;;
2023;4302055;;;;;;49986.472;24008.87;;;
2023;4302105;;;;;;9062598.061;73589.32;;;
2023;4302154;;;;;;173199.979;89601.64;;;
2023;4302204;;;;;;354601.866;50904.66;;;
2023;4302220;;;;;;269990.931;121126.48;;;
2023;4302238;;;;;;196998.485;86745.26;;;
2023;4302253;;;;;;134911.77;48546.88;;;
2023;4302303;;;;;;593402.555;52972.91;;;
2023;4302352;;;;;;951019.165;72364.87;;;
2023;4302378;;;;;;73593.306;35111.31;;;
2023;4302402;;;;;;509724.682;41461.26;;;
2023;4302451;;;;;;199040.09;31882.12;;;
2023;4302501;;;;;;250550.159;42538.23;;;
2023;4302584;;;;;;119424.69;55520.54;;;
2023;4302600;;;;;;109438.7;33487.97;;;
2023;4302659;;;;;;132265.49;26634.21;;;
2023;4302709;;;;;;567080.683;29714.98;;;
2023;4302808;;;;;;1175802.486;36161.85;;;
2023;4302907;;;;;;566822.982;50804.25;;;
2023;4303004;;;;;;3371237.249;42103.62;;;
2023;4303103;;;;;;7781824.403;57110.95;;;
2023;4303202;;;;;;154022.394;33461.31;;;
2023;4303301;;;;;;180411.933;38352.88;;;
2023;4303400;;;;;;159894.473;33063.37;;;
2023;4303509;;;;;;3154677.298;50718.28;;;
2023;4303558;;;;;;612434.517;205446.0;;;
2023;4303608;;;;;;275332.193;43284.42;;;
2023;4303673;;;;;;236802.103;73041.98;;;
2023;4303707;;;;;;203771.408;34643.22;;;
2023;4303806;;;;;;294874.639;55805.19;;;
2023;4303905;;;;;;4528757.407;72015.35;;;
2023;4304002;;;;;;287302.289;57749.2;;;
2023;4304101;;;;;;105020.137;29067.3;;;
2023;4304200;;;;;;1234676.842;42713.51;;;
2023;4304309;;;;;;375021.605;59583.99;;;
2023;4304358;;;;;;1699384.339;158672.67;;;
2023;4304408;;;;;;1959718.764;40038.38;;;
2023;4304507;;;;;;1825527.908;36745.73;;;
2023;4304606;;;;;;29166696.701;83895.04;;;
2023;4304614;;;;;;66952.744;40430.4;;;
2023;4304622;;;;;;223070.869;128719.49;;;
2023;4304630;;;;;;2588160.821;40698.19;;;
2023;4304655;;;;;;220125.611;70575.7;;;
2023;4304663;;;;;;854021.503;32243.04;;;
2023;4304671;;;;;;399404.821;100076.38;;;
2023;4304689;;;;;;315947.179;28313.22;;;
2023;4304697;;;;;;88568.866;30321.42;;;
2023;4304705;;;;;;3744966.585;60594.24;;;
2023;4304713;;;;;;158174.358;21392.26;;;
2023;4304804;;;;;;3815080.263;125413.55;;;
2023;4304853;;;;;;61763.318;45281.03;;;
2023;4304903;;;;;;875949.222;92546.14;;;
2023;4304952;;;;;;177158.193;59052.73;;;
2023;4305009;;;;;;425026.002;49000.0;;;
2023;4305108;;;;;;37860601.686;81683.97;;;
2023;4305116;;;;;;123347.044;45215.19;;;
2023;4305124;;;;;;131165.766;22583.64;;;
2023;4305132;;;;;;104220.011;27411.89;;;
2023;4305157;;;;;;61938.119;26035.36;;;
2023;4305173;;;;;;251120.043;27361.09;;;
2023;4305207;;;;;;807006.841;58884.12;;;
2023;4305306;;;;;;603052.913;63213.09;;;
2023;4305355;;;;;;1857420.42;53050.97;;;
2023;4305371;;;;;;125647.296;45392.81;;;
2023;4305405;;;;;;265708.116;67903.94;;;
2023;4305439;;;;;;522359.628;83417.38;;;
2023;4305447;;;;;;163414.982;35548.18;;;
2023;4305454;;;;;;406916.434;23836.71;;;
2023;4305504;;;;;;233409.517;56256.81;;;
2023;4305587;;;;;;90397.865;37308.24;;;
2023;4305603;;;;;;198977.308;61073.45;;;
2023;4305702;;;;;;470591.921;73461.12;;;
2023;4305801;;;;;;471924.803;45442.93;;;
2023;4305835;;;;;;56010.85;43419.26;;;
2023;4305850;;;;;;139283.039;62995.49;;;
2023;4305871;;;;;;143057.556;50693.68;;;
2023;4305900;;;;;;397095.211;64631.38;;;
2023;4305934;;;;;;58153.052;36187.34;;;
2023;4305959;;;;;;205101.892;53328.63;;;
2023;4305975;;;;;;349363.704;130995.01;;;
2023;4306007;;;;;;500660.437;38853.05;;;
2023;4306056;;;;;;300530.225;41174.16;;;
2023;4306072;;;;;;98786.982;36696.5;;;
2023;4306106;;;;;;4399886.112;74684.47;;;
2023;4306130;;;;;;104945.418;64186.8;;;
2023;4306205;;;;;;685746.234;55774.4;;;
2023;4306304;;;;;;206879.586;47877.71;;;
2023;4306320;;;;;;117581.469;42741.36;;;
2023;4306353;;;;;;51411.752;20507.28;;;
2023;4306379;;;;;;202939.142;72323.29;;;
2023;4306403;;;;;;2639523.25;85952.76;;;
2023;4306429;;;;;;125756.576;60170.61;;;
2023;4306452;;;;;;166002.207;53600.97;;;
2023;4306502;;;;;;418179.091;32041.92;;;
2023;4306551;;;;;;83655.809;32652.54;;;
2023;4306601;;;;;;2288172.309;61874.27;;;
2023;4306700;;;;;;112216.054;36445.62;;;
2023;4306734;;;;;;228266.041;51066.23;;;
2023;4306759;;;;;;89703.861;47512.64;;;
2023;4306767;;;;;;2623491.095;66318.44;;;
2023;4306809;;;;;;1411421.633;61467.71;;;
2023;4306908;;;;;;1189528.484;49940.32;;;
2023;4306924;;;;;;50748.221;39157.58;;;
2023;4306932;;;;;;478944.287;52263.67;;;
2023;4306957;;;;;;209711.318;78104.77;;;
2023;4306973;;;;;;152045.966;49785.84;;;
2023;4307005;;;;;;8497105.637;80385.09;;;
2023;4307054;;;;;;163434.285;53867.6;;;
2023;4307104;;;;;;199382.551;32205.23;;;
2023;4307203;;;;;;161671.677;32793.44;;;
2023;4307302;;;;;;299811.189;44174.33;;;
2023;4307401;;;;;;363781.013;113859.47;;;
2023;4307450;;;;;;101345.983;31415.37;;;
2023;4307500;;;;;;861537.803;56780.98;;;
2023;4307559;;;;;;397872.381;71277.75;;;
2023;4307609;;;;;;2309196.099;48184.54;;;
2023;4307708;;;;;;3998587.375;52518.32;;;
2023;4307807;;;;;;2376913.365;73856.18;;;
2023;4307815;;;;;;145288.697;47325.31;;;
2023;4307831;;;;;;224861.798;85401.37;;;
2023;4307864;;;;;;189848.106;73986.01;;;
2023;4307906;;;;;;4960620.721;70577.65;;;
2023;4308003;;;;;;298533.378;44543.92;;;
2023;4308052;;;;;;113640.03;45095.25;;;
2023;4308078;;;;;;145765.54;33970.06;;;
2023;4308102;;;;;;676580.784;49155.83;;;
2023;4308201;;;;;;3336287.608;107998.43;;;
2023;4308250;;;;;;77406.347;46406.68;;;
2023;4308300;;;;;;260495.099;27276.97;;;
2023;4308409;;;;;;263216.073;41044.14;;;
2023;4308433;;;;;;64512.753;26958.94;;;
2023;4308458;;;;;;330897.86;73910.62;;;
2023;4308508;;;;;;1792336.004;54934.13;;;
2023;4308607;;;;;;3565441.782;103842.78;;;
2023;4308656;;;;;;134739.375;50126.26;;;
2023;4308706;;;;;;349015.734;61609.13;;;
2023;4308805;;;;;;234057.579;30748.5;;;
2023;4308854;;;;;;152255.931;87302.71;;;
2023;4308904;;;;;;879960.498;53003.28;;;
2023;4309001;;;;;;1017467.927;63540.12;;;
2023;4309050;;;;;;595368.852;77744.69;;;
2023;4309100;;;;;;3565829.854;88848.11;;;
2023;4309126;;;;;;87589.213;43490.18;;;
2023;4309159;;;;;;124279.775;37603.56;;;
2023;4309209;;;;;;15545558.074;58646.11;;;
2023;4309258;;;;;;107683.668;75994.12;;;
2023;4309308;;;;;;9001785.047;96872.55;;;
2023;4309407;;;;;;1264537.17;50045.0;;;
2023;4309506;;;;;;295742.866;39884.41;;;
2023;4309555;;;;;;306940.865;57073.42;;;
2023;4309571;;;;;;88439.464;34492.77;;;
2023;4309605;;;;;;1828050.073;96973.64;;;
2023;4309654;;;;;;228859.975;38296.52;;;
2023;4309704;;;;;;218021.109;46575.76;;;
2023;4309753;;;;;;105468.908;28260.69;;;
2023;4309803;;;;;;298760.648;65995.28;;;
2023;4309902;;;;;;380199.36;56109.7;;;
2023;4309951;;;;;;188101.758;50524.24;;;
2023;4310009;;;;;;1708041.504;79138.28;;;
2023;4310108;;;;;;2656127.263;79713.31;;;
2023;4310207;;;;;;6105244.061;72012.79;;;
2023;4310306;;;;;;164900.365;39668.12;;;
2023;4310330;;;;;;762866.405;28439.7;;;
2023;4310363;;;;;;590476.017;191712.99;;;
2023;4310405;;;;;;443606.056;69022.26;;;
2023;4310413;;;;;;76395.812;37932.38;;;
2023;4310439;;;;;;392922.433;72776.89;;;
2023;4310462;;;;;;122375.56;71148.58;;;
2023;4310504;;;;;;255785.427;34186.77;;;
2023;4310538;;;;;;304166.514;54588.39;;;
2023;4310553;;;;;;114341.75;38177.55;;;
2023;4310579;;;;;;93880.969;48467.2;;;
2023;4310603;;;;;;2068939.243;57843.3;;;
2023;4310652;;;;;;103482.518;39227.64;;;
2023;4310702;;;;;;85113.004;26531.49;;;
2023;4310751;;;;;;53952.316;27969.06;;;
2023;4310801;;;;;;1538878.471;66957.25;;;
2023;4310850;;;;;;106763.479;28251.78;;;
2023;4310876;;;;;;125145.633;61345.9;;;
2023;4310900;;;;;;188689.161;56527.61;;;
2023;4311007;;;;;;1034801.744;38897.93;;;
2023;4311106;;;;;;328936.711;31093.37;;;
2023;4311122;;;;;;101810.11;27590.82;;;
2023;4311130;;;;;;211635.216;63193.56;;;
2023;4311155;;;;;;345893.658;48147.78;;;
2023;4311205;;;;;;1306881.92;71704.26;;;
2023;4311239;;;;;;84224.157;37416.33;;;
2023;4311254;;;;;;149770.842;28041.72;;;
2023;4311270;;;;;;81864.351;47102.62;;;
2023;4311304;;;;;;1608162.616;58142.47;;;
2023;4311403;;;;;;6705226.542;72137.22;;;
2023;4311429;;;;;;65433.099;25156.9;;;
2023;4311502;;;;;;369844.902;51675.97;;;
2023;4311601;;;;;;152570.985;31911.94;;;
2023;4311627;;;;;;353108.597;56515.46;;;
2023;4311643;;;;;;76154.302;45249.14;;;
2023;4311700;;;;;;260894.592;45491.65;;;
2023;4311718;;;;;;367963.281;83155.54;;;
2023;4311734;;;;;;101220.214;32328.4;;;
2023;4311759;;;;;;303342.219;44602.59;;;
2023;4311775;;;;;;228748.225;30836.91;;;
2023;4311791;;;;;;104146.76;42164.68;;;
2023;4311809;;;;;;3738294.771;82844.93;;;
2023;4311908;;;;;;192535.053;44568.3;;;
2023;4311981;;;;;;117787.008;30078.4;;;
2023;4312005;;;;;;71582.525;38526.65;;;
2023;4312054;;;;;;137494.749;34642.16;;;
2023;4312104;;;;;;174005.675;37038.24;;;
2023;4312138;;;;;;128502.171;50333.79;;;
2023;4312153;;;;;;295044.211;60721.18;;;
2023;4312179;;;;;;61648.446;34344.54;;;
2023;4312203;;;;;;159588.3;38096.99;;;
2023;4312252;;;;;;291060.534;38782.22;;;
2023;4312302;;;;;;200597.337;45312.25;;;
2023;4312351;;;;;;73732.732;49187.95;;;
2023;4312377;;;;;;117051.122;36808.53;;;
2023;4312385;;;;;;126816.218;49595.71;;;
2023;4312401;;;;;;5259436.987;81767.31;;;
2023;4312427;;;;;;102288.927;37115.0;;;
2023;4312443;;;;;;103248.39;33620.45;;;
2023;4312450;;;;;;153226.152;25343.39;;;
2023;4312476;;;;;;304040.26;50429.63;;;
2023;4312500;;;;;;494341.206;40888.44;;;
2023;4312609;;;;;;273362.887;59413.8;;;
2023;4312617;;;;;;950302.141;330080.63;;;
2023;4312625;;;;;;71170.277;41354.02;;;
2023;4312658;;;;;;2951959.557;164932.37;;;
2023;4312674;;;;;;101822.964;52703.4;;;
2023;4312708;;;;;;539373.949;39315.84;;;
2023;4312757;;;;;;201942.301;63845.18;;;
2023;4312807;;;;;;474774.986;95836.69;;;
2023;4312906;;;;;;765058.372;79288.88;;;
2023;4312955;;;;;;137786.208;67476.11;;;
2023;4313003;;;;;;153973.167;50582.51;;;
2023;4313011;;;;;;225891.713;73796.7;;;
2023;4313037;;;;;;197237.834;40542.21;;;
2023;4313060;;;;;;1054362.101;52487.16;;;
2023;4313086;;;;;;115883.567;49459.48;;;
2023;4313102;;;;;;306852.216;54932.37;;;
2023;4313201;;;;;;1103618.078;47365.58;;;
2023;4313300;;;;;;1559275.729;60691.1;;;
2023;4313334;;;;;;204996.501;94774.16;;;
2023;4313359;;;;;;206673.612;59628.86;;;
2023;4313375;;;;;;3229383.162;111265.96;;;
2023;4313391;;;;;;131684.47;36907.08;;;
2023;4313409;;;;;;11936582.053;52434.84;;;
2023;4313425;;;;;;140898.981;44058.47;;;
2023;4313441;;;;;;73352.814;34181.18;;;
2023;4313466;;;;;;67740.643;41154.7;;;
2023;4313490;;;;;;120313.354;28163.24;;;
2023;4313508;;;;;;2141949.769;45192.63;;;
2023;4313607;;;;;;162820.804;44841.86;;;
2023;4313656;;;;;;739854.785;57603.14;;;
2023;4313706;;;;;;1708324.224;51430.76;;;
2023;4313805;;;;;;265325.492;33846.85;;;
2023;4313904;;;;;;4011216.467;92180.09;;;
2023;4313953;;;;;;576614.361;56464.39;;;
2023;4314001;;;;;;488255.924;67869.88;;;
2023;4314027;;;;;;230034.251;35286.74;;;
2023;4314035;;;;;;159254.017;36872.89;;;
2023;4314050;;;;;;1725746.396;33154.28;;;
2023;4314068;;;;;;144618.439;36308.92;;;
2023;4314076;;;;;;281871.212;46783.6;;;
2023;4314100;;;;;;14069539.725;68227.53;;;
2023;4314134;;;;;;238557.905;111267.68;;;
2023;4314159;;;;;;301261.996;37761.59;;;
2023;4314175;;;;;;172851.793;83867.92;;;
2023;4314209;;;;;;242414.966;32391.1;;;
2023;4314308;;;;;;293083.799;78260.03;;;
2023;4314407;;;;;;12480919.075;38322.06;;;
2023;4314423;;;;;;393451.853;73528.66;;;
2023;4314456;;;;;;154126.687;52087.42;;;
2023;4314464;;;;;;249015.902;110772.2;;;
2023;4314472;;;;;;500997.765;131668.27;;;
2023;4314498;;;;;;140566.168;30961.71;;;
2023;4314506;;;;;;357895.602;31915.07;;;
2023;4314548;;;;;;93134.27;34202.82;;;
2023;4314555;;;;;;72015.695;31865.35;;;
2023;4314605;;;;;;744360.817;42525.18;;;
2023;4314704;;;;;;325777.528;31306.7;;;
2023;4314753;;;;;;100774.015;46418.25;;;
2023;4314779;;;;;;271978.148;82517.64;;;
2023;4314787;;;;;;78317.469;49725.38;;;
2023;4314803;;;;;;1816676.821;53320.33;;;
2023;4314902;;;;;;104743272.125;78586.94;;;
2023;4315008;;;;;;128971.832;29580.7;;;
2023;4315057;;;;;;79556.903;37141.41;;;
2023;4315073;;;;;;48373.04;31008.36;;;
2023;4315107;;;;;;230081.527;23151.69;;;
2023;4315131;;;;;;57903.861;33297.22;;;
2023;4315149;;;;;;371733.887;120810.49;;;
2023;4315156;;;;;;181523.261;33993.12;;;
2023;4315172;;;;;;93358.025;46102.73;;;
2023;4315206;;;;;;153757.741;41034.89;;;
2023;4315305;;;;;;720056.58;30640.71;;;
2023;4315313;;;;;;136522.53;87965.55;;;
2023;4315321;;;;;;156253.021;62326.69;;;
2023;4315354;;;;;;172890.809;44217.6;;;
2023;4315404;;;;;;207603.983;21318.95;;;
2023;4315453;;;;;;75597.034;42091.89;;;
2023;4315503;;;;;;643230.024;43057.1;;;
2023;4315552;;;;;;116659.938;41149.89;;;
2023;4315602;;;;;;14106680.075;73510.58;;;
2023;4315701;;;;;;1248018.944;36013.71;;;
2023;4315750;;;;;;165771.634;37060.5;;;
2023;4315800;;;;;;626610.876;60146.95;;;
2023;4315909;;;;;;301149.817;45258.46;;;
2023;4315958;;;;;;91405.286;39897.55;;;
2023;4316006;;;;;;951008.499;44747.02;;;
2023;4316105;;;;;;402815.63;41200.33;;;
2023;4316204;;;;;;227715.902;45625.31;;;
2023;4316303;;;;;;396753.067;60333.5;;;
2023;4316402;;;;;;1498312.719;40903.98;;;
2023;4316428;;;;;;67102.486;27057.45;;;
2023;4316436;;;;;;170088.539;66053.8;;;
2023;4316451;;;;;;594921.188;58308.46;;;
2023;4316477;;;;;;162260.348;56399.15;;;
2023;4316501;;;;;;395635.911;57513.58;;;
2023;4316600;;;;;;877957.067;53537.23;;;
2023;4316709;;;;;;875560.86;107801.14;;;
2023;4316733;;;;;;91361.099;54576.52;;;
2023;4316758;;;;;;427743.869;62108.88;;;
2023;4316808;;;;;;13396617.903;100540.49;;;
2023;4316907;;;;;;10932023.988;40230.46;;;
2023;4316956;;;;;;271501.038;42823.51;;;
2023;4316972;;;;;;278310.094;107207.28;;;
2023;4317004;;;;;;237629.272;33831.05;;;
2023;4317103;;;;;;3143614.301;37237.35;;;
2023;4317202;;;;;;4530356.238;58864.08;;;
2023;4317251;;;;;;53741.883;35708.89;;;
2023;4317301;;;;;;1990738.865;64252.62;;;
2023;4317400;;;;;;1861691.263;38041.83;;;
2023;4317509;;;;;;3379818.284;43941.11;;;
2023;4317558;;;;;;112424.775;53766.03;;;
2023;4317608;;;;;;2178830.731;50733.01;;;
2023;4317707;;;;;;433322.536;42070.15;;;
2023;4317756;;;;;;166647.313;79773.73;;;
2023;4317806;;;;;;728450.437;52398.97;;;
2023;4317905;;;;;;766616.238;50040.22;;;
2023;4317954;;;;;;105537.385;44928.64;;;
2023;4318002;;;;;;2550388.196;42737.25;;;
2023;4318051;;;;;;130564.498;47409.04;;;
2023;4318101;;;;;;592569.47;33634.32;;;
2023;4318200;;;;;;1202081.557;54907.12;;;
2023;4318309;;;;;;2682926.041;45872.18;;;
2023;4318408;;;;;;712278.282;33872.85;;;
2023;4318424;;;;;;198261.234;44443.23;;;
2023;4318432;;;;;;117972.869;44534.87;;;
2023;4318440;;;;;;113153.705;38857.73;;;
2023;4318457;;;;;;76281.491;32295.3;;;
2023;4318465;;;;;;55693.984;29281.8;;;
2023;4318481;;;;;;149146.05;33538.58;;;
2023;4318499;;;;;;214097.053;88984.64;;;
2023;4318507;;;;;;1273463.684;50051.63;;;
2023;4318606;;;;;;426237.689;62370.16;;;
2023;4318614;;;;;;111513.648;46854.47;;;
2023;4318622;;;;;;177177.208;42468.17;;;
2023;4318705;;;;;;11740912.547;54003.8;;;
2023;4318804;;;;;;1719595.707;40953.48;;;
2023;4318903;;;;;;1712989.662;49291.83;;;
2023;4319000;;;;;;1488757.457;70610.77;;;
2023;4319109;;;;;;304939.015;55635.65;;;
2023;4319125;;;;;;211209.833;73849.59;;;
2023;4319158;;;;;;517182.43;73296.83;;;
2023;4319208;;;;;;178748.939;34925.55;;;
2023;4319307;;;;;;214702.705;36726.43;;;
2023;4319356;;;;;;122650.888;34569.02;;;
2023;4319364;;;;;;72910.985;41497.43;;;
2023;4319372;;;;;;139485.247;45434.93;;;
2023;4319406;;;;;;505803.24;32471.16;;;
2023;4319505;;;;;;1123567.771;45995.08;;;
2023;4319604;;;;;;1059509.123;49932.09;;;
2023;4319703;;;;;;124877.898;38259.16;;;
2023;4319711;;;;;;84856.729;38448.9;;;
2023;4319737;;;;;;67840.614;26677.39;;;
2023;4319752;;;;;;105310.987;46784.09;;;
2023;4319802;;;;;;469885.58;58032.06;;;
2023;4319901;;;;;;4674054.049;61786.88;;;
2023;4320008;;;;;;4729407.944;35799.83;;;
2023;4320107;;;;;;1427660.579;62476.94;;;
2023;4320206;;;;;;827495.705;69246.5;;;
2023;4320230;;;;;;122594.738;45338.29;;;
2023;4320263;;;;;;181685.939;30235.64;;;
2023;4320305;;;;;;286809.651;56160.1;;;
2023;4320321;;;;;;93393.407;34939.55;;;
2023;4320354;;;;;;179897.373;33904.52;;;
2023;4320404;;;;;;988516.381;58281.73;;;
2023;4320453;;;;;;70328.654;36233.21;;;
2023;4320503;;;;;;389513.968;70296.69;;;
2023;4320552;;;;;;344570.747;58770.38;;;
2023;4320578;;;;;;77185.838;42178.05;;;
2023;4320602;;;;;;142412.486;41812.24;;;
2023;4320651;;;;;;72204.098;35603.6;;;
2023;4320677;;;;;;248267.158;29013.34;;;
2023;4320701;;;;;;523240.067;36780.55;;;
2023;4320800;;;;;;1312842.494;43774.55;;;
2023;4320859;;;;;;176254.446;39510.08;;;
2023;4320909;;;;;;1870496.881;76169.6;;;
2023;4321006;;;;;;584149.166;55150.03;;;
2023;4321105;;;;;;634090.285;43150.07;;;
2023;4321204;;;;;;1815774.92;34105.46;;;
2023;4321303;;;;;;1123745.154;44596.6;;;
2023;4321329;;;;;;188337.259;60383.86;;;
2023;4321352;;;;;;135924.272;26079.1;;;
2023;4321402;;;;;;614913.536;42416.61;;;
2023;4321436;;;;;;342570.174;33149.81;;;
2023;4321451;;;;;;2003350.793;61083.35;;;
2023;4321469;;;;;;173558.886;53124.85;;;
2023;4321477;;;;;;162975.258;31775.25;;;
2023;4321493;;;;;;82303.849;32225.47;;;
2023;4321501;;;;;;1835529.325;43963.72;;;
2023;4321600;;;;;;1579725.122;29046.01;;;
2023;4321626;;;;;;86077.838;39999.0;;;
2023;4321634;;;;;;134290.645;51829.66;;;
2023;4321667;;;;;;372783.278;34006.87;;;
2023;4321709;;;;;;1046073.454;43732.17;;;
2023;4321808;;;;;;1525082.331;61208.96;;;
2023;4321832;;;;;;79196.797;28694.49;;;
2023;4321857;;;;;;165900.513;35178.23;;;
2023;4321907;;;;;;1228031.658;48279.28;;;
2023;4321956;;;;;;403530.887;53405.36;;;
2023;4322004;;;;;;7571335.466;275341.31;;;
2023;4322103;;;;;;231162.492;41711.02;;;
2023;4322152;;;;;;94250.377;25604.56;;;
2023;4322186;;;;;;79798.196;58077.29;;;
2023;4322202;;;;;;1275253.921;63746.76;;;
2023;4322251;;;;;;604244.088;120151.94;;;
2023;4322301;;;;;;375005.554;44841.03;;;
2023;4322327;;;;;;161326.001;47185.14;;;
2023;4322343;;;;;;73526.022;36873.63;;;
2023;4322350;;;;;;64312.655;54968.08;;;
2023;4322376;;;;;;71038.009;35608.02;;;
2023;4322400;;;;;;3915554.297;33406.32;;;
2023;4322509;;;;;;3701332.67;57655.85;;;
2023;4322525;;;;;;156860.172;49796.88;;;
2023;4322533;;;;;;380488.696;38425.44;;;
2023;4322541;;;;;;298091.166;49206.2;;;
2023;4322558;;;;;;81723.911;40780.39;;;
2023;4322608;;;;;;4683133.717;68105.43;;;
2023;4322707;;;;;;1126736.42;42177.75;;;
2023;4322806;;;;;;2395417.386;99721.8;;;
2023;4322855;;;;;;104348.308;57397.31;;;
2023;4322905;;;;;;191223.343;40122.4;;;
2023;4323002;;;;;;5545183.665;24741.59;;;
2023;4323101;;;;;;147863.798;31696.42;;;
2023;4323200;;;;;;235753.534;84803.43;;;
2023;4323309;;;;;;376708.951;103321.16;;;
2023;4323358;;;;;;155270.798;74685.33;;;
2023;4323408;;;;;;393599.585;89190.93;;;
2023;4323457;;;;;;217497.78;56302.82;;;
2023;4323507;;;;;;137184.989;51573.3;;;
2023;4323606;;;;;;76366.871;48029.48;;;
2023;4323705;;;;;;94255.711;33868.38;;;
2023;4323754;;;;;;89071.444;27372.91;;;
2023;4323770;;;;;;234678.22;75751.52;;;
2023;4323804;;;;;;914703.994;55561.2;;;
2023;5000203;;;;;;1544633.286;92266.49;;;
2023;5000252;;;;;;384368.067;84718.55;;;
2023;5000609;;;;;;2426261.174;61697.68;;;
2023;5000708;;;;;;783841.0;32505.64;;;
2023;5000807;;;;;;623710.209;81498.79;;;
2023;5000856;;;;;;1243471.217;115898.15;;;
2023;5000906;;;;;;851780.994;91559.82;;;
2023;5001003;;;;;;2189221.716;79107.53;;;
2023;5001102;;;;;;1437450.67;30712.79;;;
2023;5001243;;;;;;1348751.703;125488.62;;;
2023;5001508;;;;;;1001346.231;126114.13;;;
2023;5001904;;;;;;1841917.456;79975.57;;;
2023;5002001;;;;;;784829.39;73266.37;;;
2023;5002100;;;;;;1176300.428;54425.6;;;
2023;5002159;;;;;;386420.183;45105.66;;;
2023;5002209;;;;;;1586576.757;67060.18;;;
2023;5002308;;;;;;1159416.526;100130.97;;;
2023;5002407;;;;;;2553085.299;83401.45;;;
2023;5002605;;;;;;872276.48;64218.25;;;
2023;5002704;;;;;;42269767.537;47065.77;;;
2023;5002803;;;;;;251147.647;49870.46;;;
2023;5002902;;;;;;1059973.419;50503.78;;;
2023;5002951;;;;;;3329527.327;107428.37;;;
2023;5003108;;;;;;172551.44;36075.99;;;
2023;5003157;;;;;;388241.057;27170.62;;;
2023;5003207;;;;;;4187429.397;43497.63;;;
2023;5003256;;;;;;3341491.28;128336.26;;;
2023;5003306;;;;;;1400833.097;43570.44;;;
2023;5003454;;;;;;712633.366;52157.9;;;
2023;5003488;;;;;;456776.952;41151.08;;;
2023;5003504;;;;;;259999.126;46611.53;;;
2023;5003702;;;;;;20257953.123;83240.35;;;
2023;5003751;;;;;;704591.974;61882.31;;;
2023;5003801;;;;;;769333.268;37329.97;;;
2023;5003900;;;;;;186834.917;52793.14;;;
2023;5004007;;;;;;449930.239;43080.26;;;
2023;5004106;;;;;;477599.794;48048.27;;;
2023;5004304;;;;;;962593.231;69712.72;;;
2023;5004403;;;;;;946306.681;112601.94;;;
2023;5004502;;;;;;1525654.29;63208.12;;;
2023;5004601;;;;;;1546552.505;79624.8;;;
2023;5004700;;;;;;2005468.709;72084.71;;;
2023;5004809;;;;;;242175.215;29722.04;;;
2023;5004908;;;;;;717700.528;100532.36;;;
2023;5005004;;;;;;1130237.391;47130.54;;;
2023;5005103;;;;;;729978.052;203563.32;;;
2023;5005152;;;;;;517929.686;76969.79;;;
2023;5005202;;;;;;420685.263;19546.76;;;
2023;5005251;;;;;;1257650.182;184975.76;;;
2023;5005400;;;;;;5921262.311;131446.32;;;
2023;5005608;;;;;;782434.815;30640.46;;;
2023;5005681;;;;;;1018195.256;53050.34;;;
2023;5005707;;;;;;3670206.619;72739.3;;;
2023;5005806;;;;;;618784.393;46806.69;;;
2023;5006002;;;;;;2592615.07;118807.4;;;
2023;5006200;;;;;;3568744.549;73486.9;;;
2023;5006259;;;;;;450886.303;95506.52;;;
2023;5006275;;;;;;1389705.72;252215.19;;;
2023;5006309;;;;;;2012106.193;49127.28;;;
2023;5006358;;;;;;371182.61;28727.08;;;
2023;5006408;;;;;;460934.465;66407.5;;;
2023;5006606;;;;;;6069789.697;65963.79;;;
2023;5006903;;;;;;571510.637;44444.41;;;
2023;5007109;;;;;;3353286.399;144850.38;;;
2023;5007208;;;;;;3833911.208;101963.01;;;
2023;5007307;;;;;;170385.672;35196.38;;;
2023;5007406;;;;;;926596.607;46755.3;;;
2023;5007505;;;;;;352336.836;67770.12;;;
2023;5007554;;;;;;642966.615;91499.45;;;
2023;5007695;;;;;;2883850.034;97496.54;;;
2023;5007703;;;;;;493949.383;44929.0;;;
2023;5007802;;;;;;2691218.217;330535.28;;;
2023;5007901;;;;;;4102346.427;87065.38;;;
2023;5007935;;;;;;1489092.586;102582.85;;;
2023;5007950;;;;;;378151.187;34988.08;;;
2023;5007976;;;;;;215369.24;59412.2;;;
2023;5008008;;;;;;1348544.08;76396.11;;;
2023;5008305;;;;;;14761815.743;111703.31;;;
2023;5008404;;;;;;384733.891;60721.89;;;
2023;5100102;;;;;;169373.16;33780.05;;;
2023;5100201;;;;;;2479715.078;84866.53;;;
2023;5100250;;;;;;3034592.885;51773.38;;;
2023;5100300;;;;;;2036608.914;118455.7;;;
2023;5100359;;;;;;307732.425;53846.44;;;
2023;5100409;;;;;;1233308.155;94491.89;;;
2023;5100508;;;;;;171250.947;21382.31;;;
2023;5100607;;;;;;1194825.9;109576.84;;;
2023;5100805;;;;;;291453.184;33929.36;;;
2023;5101001;;;;;;169004.88;44533.57;;;
2023;5101209;;;;;;31096.863;30788.97;;;
2023;5101258;;;;;;864362.159;58458.15;;;
2023;5101308;;;;;;325466.983;30774.11;;;
2023;5101407;;;;;;1451935.796;58959.47;;;
2023;5101605;;;;;;143657.129;19806.58;;;
2023;5101704;;;;;;1774197.962;60340.71;;;
2023;5101803;;;;;;3537695.616;51115.38;;;
2023;5101852;;;;;;1001993.682;137636.49;;;
2023;5101902;;;;;;2668090.616;156909.59;;;
2023;5102504;;;;;;2795729.007;31174.15;;;
2023;5102603;;;;;;614855.73;40063.58;;;
2023;5102637;;;;;;7917232.816;172492.49;;;
2023;5102678;;;;;;5099105.108;114368.18;;;
2023;5102686;;;;;;2905079.082;329299.37;;;
2023;5102694;;;;;;299034.729;66674.41;;;
2023;5102702;;;;;;3000653.747;116043.54;;;
2023;5102793;;;;;;423097.807;40950.23;;;
2023;5102850;;;;;;261557.048;34846.4;;;
2023;5103007;;;;;;1817595.686;95713.31;;;
2023;5103056;;;;;;1192573.273;124317.03;;;
2023;5103106;;;;;;363690.468;58471.14;;;
2023;5103205;;;;;;1958222.209;62423.4;;;
2023;5103254;;;;;;852175.362;33073.64;;;
2023;5103304;;;;;;1088026.122;59657.1;;;
2023;5103353;;;;;;1967776.07;56101.95;;;
2023;5103361;;;;;;179152.247;47646.87;;;
2023;5103379;;;;;;327751.37;29765.81;;;
2023;5103403;;;;;;39050753.124;59997.13;;;
2023;5103437;;;;;;135779.445;27693.14;;;
2023;5103452;;;;;;777253.691;110814.61;;;
2023;5103502;;;;;;5741877.728;261696.26;;;
2023;5103601;;;;;;724833.869;92077.47;;;
2023;5103700;;;;;;1151310.745;109429.78;;;
2023;5103809;;;;;;112556.915;35317.51;;;
2023;5103858;;;;;;1385921.341;160370.44;;;
2023;5103908;;;;;;506492.689;83898.08;;;
2023;5103957;;;;;;115168.195;39644.82;;;
2023;5104104;;;;;;1286329.067;41462.39;;;
2023;5104203;;;;;;706015.521;64382.23;;;
2023;5104500;;;;;;109660.036;49552.66;;;
2023;5104526;;;;;;2175037.191;278315.7;;;
2023;5104542;;;;;;856165.704;113564.89;;;
2023;5104559;;;;;;666706.687;132810.1;;;
2023;5104609;;;;;;2049318.896;167482.75;;;
2023;5104807;;;;;;1711568.286;59909.98;;;
2023;5104906;;;;;;210301.005;28319.55;;;
2023;5105002;;;;;;371424.149;44391.56;;;
2023;5105101;;;;;;1859025.469;53258.05;;;
2023;5105150;;;;;;1845535.594;40234.92;;;
2023;5105176;;;;;;386050.781;37799.94;;;
2023;5105200;;;;;;555049.279;48349.24;;;
2023;5105234;;;;;;284218.596;59335.82;;;
2023;5105259;;;;;;8238966.09;98319.36;;;
2023;5105309;;;;;;95373.982;38012.75;;;
2023;5105507;;;;;;946662.625;56436.31;;;
2023;5105580;;;;;;1029291.947;90320.46;;;
2023;5105606;;;;;;1790693.803;89129.15;;;
2023;5105622;;;;;;1163378.799;43433.97;;;
2023;5105903;;;;;;1492553.257;96343.48;;;
2023;5106000;;;;;;399398.981;67058.26;;;
2023;5106109;;;;;;433626.055;33510.51;;;
2023;5106158;;;;;;506046.124;37113.76;;;
2023;5106174;;;;;;183701.698;43738.5;;;
2023;5106182;;;;;;486836.952;72989.05;;;
2023;5106190;;;;;;483790.87;114128.54;;;
2023;5106208;;;;;;216719.961;55116.98;;;
2023;5106216;;;;;;1057941.889;90368.32;;;
2023;5106224;;;;;;7647129.14;136949.61;;;
2023;5106232;;;;;;771963.918;47209.14;;;
2023;5106240;;;;;;3184846.567;276222.6;;;
2023;5106257;;;;;;1185191.829;48683.17;;;
2023;5106265;;;;;;626984.284;96163.23;;;
2023;5106273;;;;;;132645.925;39607.62;;;
2023;5106281;;;;;;930871.638;134538.46;;;
2023;5106299;;;;;;833109.069;71382.84;;;
2023;5106307;;;;;;2920746.389;110538.03;;;
2023;5106315;;;;;;71502.683;35485.2;;;
2023;5106372;;;;;;1490775.394;82518.29;;;
2023;5106422;;;;;;1146389.168;35042.77;;;
2023;5106455;;;;;;296059.771;93512.25;;;
2023;5106505;;;;;;861874.49;27609.14;;;
2023;5106653;;;;;;244682.231;35297.49;;;
2023;5106703;;;;;;49856.433;24828.9;;;
2023;5106752;;;;;;2856804.986;54919.55;;;
2023;5106778;;;;;;558329.6;46040.21;;;
2023;5106802;;;;;;1444695.035;258304.14;;;
2023;5106828;;;;;;323734.076;31726.19;;;
2023;5106851;;;;;;99846.604;30969.79;;;
2023;5107008;;;;;;1242006.768;53343.93;;;
2023;5107040;;;;;;8571209.082;100664.85;;;
2023;5107065;;;;;;3771292.384;140882.83;;;
2023;5107107;;;;;;550357.836;30834.1;;;
2023;5107156;;;;;;54023.705;25458.86;;;
2023;5107180;;;;;;814506.222;80732.11;;;
2023;5107198;;;;;;192863.566;74378.54;;;
2023;5107206;;;;;;129894.841;28642.74;;;
2023;5107248;;;;;;1133112.545;210850.86;;;
2023;5107263;;;;;;193731.027;76907.91;;;
2023;5107297;;;;;;70175.759;24408.96;;;
2023;5107305;;;;;;1683035.797;112872.09;;;
2023;5107354;;;;;;843182.106;141378.62;;;
2023;5107404;;;;;;81084.751;19347.35;;;
2023;5107578;;;;;;135694.082;38714.43;;;
2023;5107602;;;;;;16568249.913;67650.08;;;
2023;5107701;;;;;;650377.244;42087.44;;;
2023;5107743;;;;;;601239.101;225944.8;;;
2023;5107750;;;;;;120131.448;32653.29;;;
2023;5107768;;;;;;1341337.475;409443.67;;;
2023;5107776;;;;;;306137.44;40302.45;;;
2023;5107792;;;;;;1313632.329;320476.29;;;
2023;5107800;;;;;;743716.874;48781.11;;;
2023;5107859;;;;;;2351792.282;172659.3;;;
2023;5107875;;;;;;6410246.748;221470.66;;;
2023;5107883;;;;;;160051.61;88917.56;;;
2023;5107909;;;;;;11736046.947;59782.63;;;
2023;5107925;;;;;;13748756.925;124271.31;;;
2023;5107941;;;;;;1540339.296;156889.32;;;
2023;5107958;;;;;;5602199.726;52635.43;;;
2023;5108006;;;;;;2467467.464;171709.64;;;
2023;5108055;;;;;;571448.179;53828.95;;;
2023;5108105;;;;;;326968.26;108088.68;;;
2023;5108204;;;;;;241589.373;58018.58;;;
2023;5108303;;;;;;601637.343;156758.04;;;
2023;5108352;;;;;;81317.584;28001.92;;;
2023;5108402;;;;;;13984217.795;46601.94;;;
2023;5108501;;;;;;1504304.388;117523.78;;;
2023;5108600;;;;;;920620.833;46290.27;;;
2023;5108808;;;;;;236922.134;51617.02;;;
2023;5108857;;;;;;551799.376;156361.4;;;
2023;5108907;;;;;;1490869.448;255023.85;;;
2023;5108956;;;;;;441951.196;53163.86;;;
2023;5200050;;;;;;477983.256;24988.67;;;
2023;5200100;;;;;;633024.793;36735.42;;;
2023;5200134;;;;;;1188179.252;55089.91;;;
2023;5200159;;;;;;59485.587;25897.08;;;
2023;5200175;;;;;;476287.771;96142.06;;;
2023;5200209;;;;;;74935.31;40331.17;;;
2023;5200258;;;;;;3062184.834;13567.92;;;
2023;5200308;;;;;;1832280.539;67842.14;;;
2023;5200506;;;;;;66408.229;33658.5;;;
2023;5200555;;;;;;623005.66;102603.04;;;
2023;5200605;;;;;;408321.96;39619.83;;;
2023;5200803;;;;;;223108.934;26415.93;;;
2023;5200829;;;;;;124600.604;38127.48;;;
2023;5200852;;;;;;106098.53;20174.66;;;
2023;5200902;;;;;;130844.617;43513.34;;;
2023;5201108;;;;;;20432108.565;51225.11;;;
2023;5201207;;;;;;26737.509;28936.7;;;
2023;5201306;;;;;;730524.309;39481.4;;;
2023;5201405;;;;;;20888936.559;39577.67;;;
2023;5201454;;;;;;151337.296;52059.61;;;
2023;5201504;;;;;;518582.383;119903.44;;;
2023;5201603;;;;;;87231.852;22961.79;;;
2023;5201702;;;;;;360573.464;19607.04;;;
2023;5201801;;;;;;237888.678;20007.46;;;
2023;5202155;;;;;;252817.717;35344.29;;;
2023;5202353;;;;;;268947.159;91292.31;;;
2023;5202502;;;;;;379920.608;45773.57;;;
2023;5202601;;;;;;111362.652;33910.67;;;
2023;5202809;;;;;;83608.255;29152.11;;;
2023;5203104;;;;;;175462.198;52361.15;;;
2023;5203203;;;;;;1686186.91;162586.72;;;
2023;5203302;;;;;;1983166.35;57574.87;;;
2023;5203401;;;;;;418165.846;53432.9;;;
2023;5203500;;;;;;1512295.116;63122.76;;;
2023;5203559;;;;;;158519.717;15396.24;;;
2023;5203575;;;;;;282293.776;85569.5;;;
2023;5203609;;;;;;106412.044;26656.32;;;
2023;5203807;;;;;;305496.957;53643.01;;;
2023;5203906;;;;;;561621.016;53513.2;;;
2023;5203939;;;;;;78971.058;28905.95;;;
2023;5203962;;;;;;68010.224;21624.87;;;
2023;5204003;;;;;;484327.515;64064.49;;;
2023;5204102;;;;;;365149.751;31716.3;;;
2023;5204201;;;;;;45522.396;32400.28;;;
2023;5204250;;;;;;890575.737;114440.47;;;
2023;5204300;;;;;;1219984.319;88571.53;;;
2023;5204409;;;;;;1456337.725;88193.41;;;
2023;5204508;;;;;;3782024.337;38348.69;;;
2023;5204557;;;;;;103501.566;22964.63;;;
2023;5204607;;;;;;78260.089;20841.57;;;
2023;5204656;;;;;;135964.665;36667.92;;;
2023;5204706;;;;;;422671.019;33786.65;;;
2023;5204805;;;;;;964884.983;130003.37;;;
2023;5204854;;;;;;237750.969;29420.98;;;
2023;5204904;;;;;;404844.061;22357.19;;;
2023;5204953;;;;;;80964.078;20215.75;;;
2023;5205000;;;;;;543627.158;55986.32;;;
2023;5205059;;;;;;140320.937;47008.69;;;
2023;5205109;;;;;;10345992.501;90415.66;;;
2023;5205208;;;;;;126676.041;24435.96;;;
2023;5205307;;;;;;373218.617;38945.91;;;
2023;5205406;;;;;;986057.14;44727.26;;;
2023;5205455;;;;;;533170.015;65904.82;;;
2023;5205471;;;;;;2486006.102;193162.87;;;
2023;5205497;;;;;;1351012.615;14722.21;;;
2023;5205513;;;;;;530183.33;21193.77;;;
2023;5205521;;;;;;87396.982;21686.6;;;
2023;5205703;;;;;;87369.887;35603.05;;;
2023;5205802;;;;;;340461.045;32234.52;;;
2023;5205901;;;;;;1081678.378;118035.62;;;
2023;5206206;;;;;;5707718.214;91562.29;;;
2023;5206305;;;;;;134732.071;38450.93;;;
2023;5206404;;;;;;611858.852;35854.61;;;
2023;5206503;;;;;;140959.31;36301.65;;;
2023;5206602;;;;;;115381.253;39419.63;;;
2023;5206701;;;;;;59529.127;15790.22;;;
2023;5206800;;;;;;60603.878;22248.12;;;
2023;5206909;;;;;;496504.304;261043.27;;;
2023;5207105;;;;;;121730.795;59035.3;;;
2023;5207253;;;;;;682107.609;98060.32;;;
2023;5207352;;;;;;516262.695;129033.42;;;
2023;5207402;;;;;;1196282.559;101837.28;;;
2023;5207501;;;;;;113691.244;35473.09;;;
2023;5207535;;;;;;211347.189;29893.52;;;
2023;5207600;;;;;;248809.058;42336.07;;;
2023;5207808;;;;;;351012.722;33689.67;;;
2023;5207907;;;;;;287568.896;20923.23;;;
2023;5208004;;;;;;3918238.829;33806.77;;;
2023;5208103;;;;;;133519.621;28652.28;;;
2023;5208152;;;;;;244381.602;70712.27;;;
2023;5208301;;;;;;113664.844;25502.55;;;
2023;5208400;;;;;;396359.317;28378.27;;;
2023;5208509;;;;;;210732.246;42375.28;;;
2023;5208608;;;;;;2691742.145;36519.49;;;
2023;5208707;;;;;;75780845.992;52722.02;;;
2023;5208806;;;;;;1604686.6;22313.35;;;
2023;5208905;;;;;;793947.242;32983.56;;;
2023;5209101;;;;;;2725199.918;76413.19;;;
2023;5209150;;;;;;338160.136;77029.64;;;
2023;5209200;;;;;;497333.981;25445.59;;;
2023;5209291;;;;;;60565.106;27680.58;;;
2023;5209408;;;;;;100115.074;24507.97;;;
2023;5209457;;;;;;73546.692;34033.64;;;
2023;5209606;;;;;;96556.956;28788.6;;;
2023;5209705;;;;;;1528148.591;55084.3;;;
2023;5209804;;;;;;110996.861;31310.82;;;
2023;5209903;;;;;;265592.202;25093.75;;;
2023;5209937;;;;;;373360.719;62707.54;;;
2023;5209952;;;;;;754046.791;44197.1;;;
2023;5210000;;;;;;1880643.106;36024.89;;;
2023;5210109;;;;;;2797965.496;109517.99;;;
2023;5210158;;;;;;95822.2;32827.06;;;
2023;5210208;;;;;;1227630.812;34402.84;;;
2023;5210307;;;;;;90979.919;35539.03;;;
2023;5210406;;;;;;2305609.003;51540.42;;;
2023;5210562;;;;;;126630.316;25514.87;;;
2023;5210604;;;;;;119889.318;24447.25;;;
2023;5210802;;;;;;188305.516;42992.13;;;
2023;5210901;;;;;;599908.34;28449.2;;;
2023;5211008;;;;;;300250.649;37498.52;;;
2023;5211206;;;;;;734912.624;28143.55;;;
2023;5211305;;;;;;412359.244;67588.8;;;
2023;5211404;;;;;;359650.707;46490.53;;;
2023;5211503;;;;;;6555376.192;60714.79;;;
2023;5211602;;;;;;145721.78;54111.32;;;
2023;5211701;;;;;;446722.52;71224.89;;;
2023;5211800;;;;;;1205295.699;26652.27;;;
2023;5211909;;;;;;10026116.752;94828.45;;;
2023;5212006;;;;;;112607.354;38511.41;;;
2023;5212055;;;;;;51231.518;24131.66;;;
2023;5212105;;;;;;423165.114;59109.53;;;
2023;5212204;;;;;;884366.458;45074.74;;;
2023;5212253;;;;;;67251.224;48382.18;;;
2023;5212303;;;;;;452341.998;51725.79;;;
2023;5212501;;;;;;6264671.451;29956.01;;;
2023;5212600;;;;;;101347.894;39573.56;;;
2023;5212709;;;;;;139649.963;17189.8;;;
2023;5212808;;;;;;411527.717;38460.53;;;
2023;5212907;;;;;;76281.11;27658.13;;;
2023;5212956;;;;;;225034.902;55674.15;;;
2023;5213004;;;;;;327507.996;31784.55;;;
2023;5213053;;;;;;179168.053;68541.72;;;
2023;5213087;;;;;;1286496.521;47516.03;;;
2023;5213103;;;;;;4536324.835;64729.74;;;
2023;5213400;;;;;;73136.307;43404.34;;;
2023;5213509;;;;;;141790.415;21188.05;;;
2023;5213707;;;;;;818049.454;93427.3;;;
2023;5213756;;;;;;1619838.607;129369.75;;;
2023;5213772;;;;;;124015.25;32816.95;;;
2023;5213806;;;;;;2524023.048;49152.36;;;
2023;5213855;;;;;;68988.212;28089.66;;;
2023;5213905;;;;;;170963.243;36734.69;;;
2023;5214002;;;;;;1366985.928;92677.01;;;
2023;5214051;;;;;;319879.696;51685.2;;;
2023;5214101;;;;;;105710.908;29660.75;;;
2023;5214408;;;;;;313258.311;38253.55;;;
2023;5214507;;;;;;1548491.902;48493.42;;;
2023;5214606;;;;;;1516123.426;43362.41;;;
2023;5214705;;;;;;60720.586;25982.28;;;
2023;5214804;;;;;;71369.034;33969.08;;;
2023;5214838;;;;;;932185.498;72741.75;;;
2023;5214861;;;;;;196167.995;23606.26;;;
2023;5214879;;;;;;72974.5;24244.02;;;
2023;5214903;;;;;;80909.862;26303.6;;;
2023;5215009;;;;;;261700.994;27602.68;;;
2023;5215207;;;;;;105687.062;29965.14;;;
2023;5215231;;;;;;1349983.116;13005.12;;;
2023;5215256;;;;;;190861.982;51362.21;;;
2023;5215306;;;;;;1147584.372;69978.92;;;
2023;5215405;;;;;;217325.705;53568.08;;;
2023;5215504;;;;;;486717.154;67599.6;;;
2023;5215603;;;;;;1036140.69;29631.96;;;
2023;5215652;;;;;;259527.745;82863.26;;;
2023;5215702;;;;;;2083486.395;65399.16;;;
2023;5215801;;;;;;58940.54;26091.43;;;
2023;5215900;;;;;;233772.067;60704.25;;;
2023;5216007;;;;;;207977.155;84715.75;;;
2023;5216304;;;;;;317829.996;41781.25;;;
2023;5216403;;;;;;1824836.047;171201.43;;;
2023;5216452;;;;;;790810.676;266805.22;;;
2023;5216809;;;;;;244842.867;25576.4;;;
2023;5216908;;;;;;121146.635;52038.93;;;
2023;5217104;;;;;;1311747.478;52716.61;;;
2023;5217203;;;;;;953112.485;81379.14;;;
2023;5217302;;;;;;830089.05;31101.13;;;
2023;5217401;;;;;;1928361.815;59566.98;;;
2023;5217609;;;;;;1939904.035;18469.82;;;
2023;5217708;;;;;;840051.957;45881.91;;;
2023;5218003;;;;;;2072827.411;46772.74;;;
2023;5218052;;;;;;388338.529;95414.87;;;
2023;5218102;;;;;;305583.932;93165.83;;;
2023;5218300;;;;;;938125.116;26869.6;;;
2023;5218391;;;;;;86823.042;23793.65;;;
2023;5218508;;;;;;3123504.061;64472.6;;;
2023;5218607;;;;;;410814.324;33770.19;;;
2023;5218706;;;;;;125402.078;31508.06;;;
2023;5218789;;;;;;579153.561;149884.46;;;
2023;5218805;;;;;;22310032.201;98849.92;;;
2023;5218904;;;;;;767419.393;38782.06;;;
2023;5219001;;;;;;279278.064;35271.29;;;
2023;5219100;;;;;;183431.007;29831.03;;;
2023;5219209;;;;;;293229.492;97678.05;;;
2023;5219258;;;;;;350881.007;70870.73;;;
2023;5219308;;;;;;1995751.751;51848.48;;;
2023;5219357;;;;;;147693.638;41744.95;;;
2023;5219407;;;;;;216188.957;36493.75;;;
2023;5219456;;;;;;179620.41;66798.22;;;
2023;5219506;;;;;;100776.701;35736.42;;;
2023;5219605;;;;;;105474.001;32029.76;;;
2023;5219704;;;;;;259907.338;24415.91;;;
2023;5219712;;;;;;329277.361;77168.35;;;
2023;5219738;;;;;;200105.898;27092.59;;;
2023;5219753;;;;;;972898.933;13488.69;;;
2023;5219803;;;;;;276813.387;28505.14;;;
2023;5219902;;;;;;173868.772;27260.7;;;
2023;5220009;;;;;;597270.189;42537.58;;;
2023;5220058;;;;;;148706.508;83825.54;;;
2023;5220108;;;;;;2008425.161;59329.59;;;
2023;5220157;;;;;;221722.563;45838.86;;;
2023;5220207;;;;;;880801.58;40219.25;;;
2023;5220264;;;;;;337469.253;75597.95;;;
2023;5220280;;;;;;66123.93;30855.78;;;
2023;5220405;;;;;;2537275.047;149076.09;;;
2023;5220454;;;;;;5495055.229;35307.32;;;
2023;5220504;;;;;;819679.537;102115.3;;;
2023;5220603;;;;;;1594191.158;71665.15;;;
2023;5220686;;;;;;233338.966;40637.23;;;
2023;5220702;;;;;;104247.756;35615.91;;;
2023;5221007;;;;;;97089.853;24115.71;;;
2023;5221080;;;;;;47498.504;17585.53;;;
2023;5221197;;;;;;258448.263;32533.77;;;
2023;5221304;;;;;;96755.905;33124.24;;;
2023;5221403;;;;;;3631624.099;25497.43;;;
2023;5221452;;;;;;82138.118;26326.32;;;
2023;5221502;;;;;;359273.563;80194.99;;;
2023;5221551;;;;;;757325.604;151920.88;;;
2023;5221577;;;;;;86672.408;30976.56;;;
2023;5221601;;;;;;1637351.708;38484.27;;;
2023;5221700;;;;;;405663.867;29547.95;;;
2023;5221809;;;;;;152304.129;42866.35;;;
2023;5221858;;;;;;3621839.692;18212.92;;;
2023;5221908;;;;;;122375.692;32932.1;;;
2023;5222005;;;;;;914943.447;61175.68;;;
2023;5222054;;;;;;677599.603;77280.98;;;
2023;5222203;;;;;;201846.438;47887.65;;;
2023;5222302;;;;;;444209.156;76390.22;;;
2023;5300108;;;;;;365669107.906;129790.44;;;
