id_uf;nome_uf;id_regiao_intermediaria;nome_regiao_intermediaria;id_regiao_imediata;nome_regiao_imediata;id_municipio;nome_municipio
11;rondônia;1102;ji-paraná;110005;cacoal;1100015;alta floresta d'oeste
11;rondônia;1102;ji-paraná;110005;cacoal;1100379;alto alegre dos parecis
11;rondônia;1101;porto velho;110002;ariquemes;1100403;alto paraíso
11;rondônia;1102;ji-paraná;110004;ji-paraná;1100346;alvorada d'oeste
11;rondônia;1101;porto velho;110002;ariquemes;1100023;ariquemes
11;rondônia;1101;porto velho;110002;ariquemes;1100452;buritis
11;rondônia;1102;ji-paraná;110006;vilhena;1100031;cabixi
11;rondônia;1101;porto velho;110002;ariquemes;1100601;cacaulândia
11;rondônia;1102;ji-paraná;110005;cacoal;1100049;cacoal
11;rondônia;1101;porto velho;110002;ariquemes;1100700;campo novo de rondônia
11;rondônia;1101;porto velho;110001;porto velho;1100809;candeias do jamari
11;rondônia;1102;ji-paraná;110005;cacoal;1100908;castanheiras
11;rondônia;1102;ji-paraná;110006;vilhena;1100056;cerejeiras
11;rondônia;1102;ji-paraná;110006;vilhena;1100924;chupinguaia
11;rondônia;1102;ji-paraná;110006;vilhena;1100064;colorado do oeste
11;rondônia;1102;ji-paraná;110006;vilhena;1100072;corumbiara
11;rondônia;1102;ji-paraná;110004;ji-paraná;1100080;costa marques
11;rondônia;1101;porto velho;110002;ariquemes;1100940;cujubim
11;rondônia;1102;ji-paraná;110005;cacoal;1100098;espigão d'oeste
11;rondônia;1101;porto velho;110003;jaru;1101005;governador jorge teixeira
11;rondônia;1101;porto velho;110001;porto velho;1100106;guajará-mirim
11;rondônia;1101;porto velho;110001;porto velho;1101104;itapuã do oeste
11;rondônia;1101;porto velho;110003;jaru;1100114;jaru
11;rondônia;1102;ji-paraná;110004;ji-paraná;1100122;ji-paraná
11;rondônia;1101;porto velho;110003;jaru;1100130;machadinho d'oeste
11;rondônia;1102;ji-paraná;110005;cacoal;1101203;ministro andreazza
11;rondônia;1102;ji-paraná;110004;ji-paraná;1101302;mirante da serra
11;rondônia;1101;porto velho;110002;ariquemes;1101401;monte negro
11;rondônia;1102;ji-paraná;110005;cacoal;1100148;nova brasilândia d'oeste
11;rondônia;1101;porto velho;110001;porto velho;1100338;nova mamoré
11;rondônia;1102;ji-paraná;110004;ji-paraná;1101435;nova união
11;rondônia;1102;ji-paraná;110005;cacoal;1100502;novo horizonte do oeste
11;rondônia;1102;ji-paraná;110004;ji-paraná;1100155;ouro preto do oeste
11;rondônia;1102;ji-paraná;110005;cacoal;1101450;parecis
11;rondônia;1102;ji-paraná;110005;cacoal;1100189;pimenta bueno
11;rondônia;1102;ji-paraná;110006;vilhena;1101468;pimenteiras do oeste
11;rondônia;1101;porto velho;110001;porto velho;1100205;porto velho
11;rondônia;1102;ji-paraná;110004;ji-paraná;1100254;presidente médici
11;rondônia;1102;ji-paraná;110005;cacoal;1101476;primavera de rondônia
11;rondônia;1101;porto velho;110002;ariquemes;1100262;rio crespo
11;rondônia;1102;ji-paraná;110005;cacoal;1100288;rolim de moura
11;rondônia;1102;ji-paraná;110005;cacoal;1100296;santa luzia d'oeste
11;rondônia;1102;ji-paraná;110004;ji-paraná;1101500;seringueiras
11;rondônia;1102;ji-paraná;110005;cacoal;1101484;são felipe d'oeste
11;rondônia;1102;ji-paraná;110004;ji-paraná;1101492;são francisco do guaporé
11;rondônia;1102;ji-paraná;110004;ji-paraná;1100320;são miguel do guaporé
11;rondônia;1102;ji-paraná;110004;ji-paraná;1101559;teixeirópolis
11;rondônia;1101;porto velho;110003;jaru;1101609;theobroma
11;rondônia;1102;ji-paraná;110004;ji-paraná;1101708;urupá
11;rondônia;1101;porto velho;110003;jaru;1101757;vale do anari
11;rondônia;1102;ji-paraná;110004;ji-paraná;1101807;vale do paraíso
11;rondônia;1102;ji-paraná;110006;vilhena;1100304;vilhena
12;acre;1201;rio branco;120001;rio branco;1200013;acrelândia
12;acre;1201;rio branco;120002;brasiléia;1200054;assis brasil
12;acre;1201;rio branco;120002;brasiléia;1200104;brasiléia
12;acre;1201;rio branco;120001;rio branco;1200138;bujari
12;acre;1201;rio branco;120001;rio branco;1200179;capixaba
12;acre;1202;cruzeiro do sul;120004;cruzeiro do sul;1200203;cruzeiro do sul
12;acre;1201;rio branco;120002;brasiléia;1200252;epitaciolândia
12;acre;1202;cruzeiro do sul;120005;tarauacá;1200302;feijó
12;acre;1202;cruzeiro do sul;120005;tarauacá;1200328;jordão
12;acre;1201;rio branco;120003;sena madureira;1200344;manoel urbano
12;acre;1202;cruzeiro do sul;120004;cruzeiro do sul;1200351;marechal thaumaturgo
12;acre;1202;cruzeiro do sul;120004;cruzeiro do sul;1200336;mâncio lima
12;acre;1201;rio branco;120001;rio branco;1200385;plácido de castro
12;acre;1201;rio branco;120001;rio branco;1200807;porto acre
12;acre;1202;cruzeiro do sul;120004;cruzeiro do sul;1200393;porto walter
12;acre;1201;rio branco;120001;rio branco;1200401;rio branco
12;acre;1202;cruzeiro do sul;120004;cruzeiro do sul;1200427;rodrigues alves
12;acre;1201;rio branco;120003;sena madureira;1200435;santa rosa do purus
12;acre;1201;rio branco;120003;sena madureira;1200500;sena madureira
12;acre;1201;rio branco;120001;rio branco;1200450;senador guiomard
12;acre;1202;cruzeiro do sul;120005;tarauacá;1200609;tarauacá
12;acre;1201;rio branco;120002;brasiléia;1200708;xapuri
13;amazonas;1302;tefé;130005;tefé;1300029;alvarães
13;amazonas;1302;tefé;130006;tabatinga;1300060;amaturá
13;amazonas;1301;manaus;130004;manacapuru;1300086;anamã
13;amazonas;1301;manaus;130003;coari;1300102;anori
13;amazonas;1303;lábrea;130009;manicoré;1300144;apuí
13;amazonas;1302;tefé;130006;tabatinga;1300201;atalaia do norte
13;amazonas;1301;manaus;130001;manaus;1300300;autazes
13;amazonas;1301;manaus;130002;são gabriel da cachoeira;1300409;barcelos
13;amazonas;1304;parintins;130010;parintins;1300508;barreirinha
13;amazonas;1302;tefé;130006;tabatinga;1300607;benjamin constant
13;amazonas;1301;manaus;130003;coari;1300631;beruri
13;amazonas;1304;parintins;130010;parintins;1300680;boa vista do ramos
13;amazonas;1303;lábrea;130008;lábrea;1300706;boca do acre
13;amazonas;1301;manaus;130001;manaus;1300805;borba
13;amazonas;1301;manaus;130004;manacapuru;1300839;caapiranga
13;amazonas;1303;lábrea;130008;lábrea;1300904;canutama
13;amazonas;1302;tefé;130005;tefé;1301001;carauari
13;amazonas;1301;manaus;130001;manaus;1301100;careiro
13;amazonas;1301;manaus;130001;manaus;1301159;careiro da várzea
13;amazonas;1301;manaus;130003;coari;1301209;coari
13;amazonas;1301;manaus;130003;coari;1301308;codajás
13;amazonas;1302;tefé;130007;eirunepé;1301407;eirunepé
13;amazonas;1302;tefé;130007;eirunepé;1301506;envira
13;amazonas;1302;tefé;130005;tefé;1301605;fonte boa
13;amazonas;1302;tefé;130007;eirunepé;1301654;guajará
13;amazonas;1303;lábrea;130009;manicoré;1301704;humaitá
13;amazonas;1302;tefé;130007;eirunepé;1301803;ipixuna
13;amazonas;1301;manaus;130001;manaus;1301852;iranduba
13;amazonas;1304;parintins;130011;itacoatiara;1301902;itacoatiara
13;amazonas;1302;tefé;130007;eirunepé;1301951;itamarati
13;amazonas;1304;parintins;130011;itacoatiara;1302009;itapiranga
13;amazonas;1302;tefé;130005;tefé;1302108;japurá
13;amazonas;1302;tefé;130005;tefé;1302207;juruá
13;amazonas;1302;tefé;130005;tefé;1302306;jutaí
13;amazonas;1303;lábrea;130008;lábrea;1302405;lábrea
13;amazonas;1301;manaus;130004;manacapuru;1302504;manacapuru
13;amazonas;1301;manaus;130001;manaus;1302553;manaquiri
13;amazonas;1301;manaus;130001;manaus;1302603;manaus
13;amazonas;1303;lábrea;130009;manicoré;1302702;manicoré
13;amazonas;1302;tefé;130005;tefé;1302801;maraã
13;amazonas;1304;parintins;130010;parintins;1302900;maués
13;amazonas;1304;parintins;130010;parintins;1303007;nhamundá
13;amazonas;1301;manaus;130001;manaus;1303106;nova olinda do norte
13;amazonas;1301;manaus;130004;manacapuru;1303205;novo airão
13;amazonas;1303;lábrea;130009;manicoré;1303304;novo aripuanã
13;amazonas;1304;parintins;130010;parintins;1303403;parintins
13;amazonas;1303;lábrea;130008;lábrea;1303502;pauini
13;amazonas;1301;manaus;130001;manaus;1303536;presidente figueiredo
13;amazonas;1301;manaus;130001;manaus;1303569;rio preto da eva
13;amazonas;1301;manaus;130002;são gabriel da cachoeira;1303601;santa isabel do rio negro
13;amazonas;1302;tefé;130006;tabatinga;1303700;santo antônio do içá
13;amazonas;1304;parintins;130011;itacoatiara;1304005;silves
13;amazonas;1301;manaus;130002;são gabriel da cachoeira;1303809;são gabriel da cachoeira
13;amazonas;1302;tefé;130006;tabatinga;1303908;são paulo de olivença
13;amazonas;1304;parintins;130011;itacoatiara;1303957;são sebastião do uatumã
13;amazonas;1302;tefé;130006;tabatinga;1304062;tabatinga
13;amazonas;1303;lábrea;130008;lábrea;1304104;tapauá
13;amazonas;1302;tefé;130005;tefé;1304203;tefé
13;amazonas;1302;tefé;130006;tabatinga;1304237;tonantins
13;amazonas;1302;tefé;130005;tefé;1304260;uarini
13;amazonas;1304;parintins;130011;itacoatiara;1304302;urucará
13;amazonas;1304;parintins;130011;itacoatiara;1304401;urucurituba
14;roraima;1401;boa vista;140001;boa vista;1400050;alto alegre
14;roraima;1401;boa vista;140002;pacaraima;1400027;amajari
14;roraima;1401;boa vista;140001;boa vista;1400100;boa vista
14;roraima;1401;boa vista;140001;boa vista;1400159;bonfim
14;roraima;1401;boa vista;140001;boa vista;1400175;cantá
14;roraima;1402;rorainópolis - caracaraí;140004;caracaraí;1400209;caracaraí
14;roraima;1402;rorainópolis - caracaraí;140003;rorainópolis;1400233;caroebe
14;roraima;1402;rorainópolis - caracaraí;140004;caracaraí;1400282;iracema
14;roraima;1401;boa vista;140001;boa vista;1400308;mucajaí
14;roraima;1401;boa vista;140002;pacaraima;1400407;normandia
14;roraima;1401;boa vista;140002;pacaraima;1400456;pacaraima
14;roraima;1402;rorainópolis - caracaraí;140003;rorainópolis;1400472;rorainópolis
14;roraima;1402;rorainópolis - caracaraí;140003;rorainópolis;1400506;são joão da baliza
14;roraima;1402;rorainópolis - caracaraí;140003;rorainópolis;1400605;são luiz
14;roraima;1401;boa vista;140002;pacaraima;1400704;uiramutã
15;pará;1501;belém;150003;abaetetuba;1500107;abaetetuba
15;pará;1503;marabá;150009;marabá;1500131;abel figueiredo
15;pará;1501;belém;150001;belém;1500206;acará
15;pará;1507;breves;150020;breves;1500305;afuá
15;pará;1505;santarém;150015;santarém;1500404;alenquer
15;pará;1506;altamira;150019;almeirim - porto de moz;1500503;almeirim
15;pará;1506;altamira;150018;altamira;1500602;altamira
15;pará;1507;breves;150020;breves;1500701;anajás
15;pará;1501;belém;150001;belém;1500800;ananindeua
15;pará;1506;altamira;150018;altamira;1500859;anapu
15;pará;1502;castanhal;150005;bragança;1500909;augusto corrêa
15;pará;1502;castanhal;150007;paragominas;1500958;aurora do pará
15;pará;1505;santarém;150016;itaituba;1501006;aveiro
15;pará;1507;breves;150020;breves;1501105;bagre
15;pará;1503;marabá;150011;tucuruí;1501204;baião
15;pará;1504;redenção;150012;redenção;1501253;bannach
15;pará;1501;belém;150001;belém;1501303;barcarena
15;pará;1505;santarém;150015;santarém;1501451;belterra
15;pará;1501;belém;150001;belém;1501402;belém
15;pará;1501;belém;150001;belém;1501501;benevides
15;pará;1503;marabá;150009;marabá;1501576;bom jesus do tocantins
15;pará;1502;castanhal;150006;capanema;1501600;bonito
15;pará;1502;castanhal;150005;bragança;1501709;bragança
15;pará;1506;altamira;150018;altamira;1501725;brasil novo
15;pará;1503;marabá;150009;marabá;1501758;brejo grande do araguaia
15;pará;1503;marabá;150011;tucuruí;1501782;breu branco
15;pará;1507;breves;150020;breves;1501808;breves
15;pará;1501;belém;150001;belém;1501907;bujaru
15;pará;1507;breves;150021;soure-salvaterra;1502004;cachoeira do arari
15;pará;1502;castanhal;150005;bragança;1501956;cachoeira do piriá
15;pará;1501;belém;150002;cametá;1502103;cametá
15;pará;1503;marabá;150010;parauapebas;1502152;canaã dos carajás
15;pará;1502;castanhal;150006;capanema;1502202;capanema
15;pará;1502;castanhal;150008;capitão poço;1502301;capitão poço
15;pará;1502;castanhal;150004;castanhal;1502400;castanhal
15;pará;1507;breves;150020;breves;1502509;chaves
15;pará;1501;belém;150001;belém;1502608;colares
15;pará;1504;redenção;150012;redenção;1502707;conceição do araguaia
15;pará;1501;belém;150001;belém;1502756;concórdia do pará
15;pará;1504;redenção;150012;redenção;1502764;cumaru do norte
15;pará;1503;marabá;150010;parauapebas;1502772;curionópolis
15;pará;1507;breves;150020;breves;1502806;curralinho
15;pará;1505;santarém;150017;oriximiná;1502855;curuá
15;pará;1502;castanhal;150004;castanhal;1502905;curuçá
15;pará;1502;castanhal;150007;paragominas;1502939;dom eliseu
15;pará;1503;marabá;150010;parauapebas;1502954;eldorado do carajás
15;pará;1505;santarém;150017;oriximiná;1503002;faro
15;pará;1504;redenção;150012;redenção;1503044;floresta do araguaia
15;pará;1502;castanhal;150008;capitão poço;1503077;garrafão do norte
15;pará;1503;marabá;150011;tucuruí;1503093;goianésia do pará
15;pará;1507;breves;150020;breves;1503101;gurupá
15;pará;1502;castanhal;150004;castanhal;1503200;igarapé-açu
15;pará;1501;belém;150003;abaetetuba;1503309;igarapé-miri
15;pará;1502;castanhal;150004;castanhal;1503408;inhangapi
15;pará;1502;castanhal;150007;paragominas;1503457;ipixuna do pará
15;pará;1502;castanhal;150004;castanhal;1503507;irituia
15;pará;1505;santarém;150016;itaituba;1503606;itaituba
15;pará;1503;marabá;150009;marabá;1503705;itupiranga
15;pará;1505;santarém;150016;itaituba;1503754;jacareacanga
15;pará;1503;marabá;150009;marabá;1503804;jacundá
15;pará;1505;santarém;150017;oriximiná;1503903;juruti
15;pará;1501;belém;150002;cametá;1504000;limoeiro do ajuru
15;pará;1502;castanhal;150004;castanhal;1504109;magalhães barata
15;pará;1503;marabá;150009;marabá;1504208;marabá
15;pará;1502;castanhal;150004;castanhal;1504307;maracanã
15;pará;1502;castanhal;150004;castanhal;1504406;marapanim
15;pará;1501;belém;150001;belém;1504422;marituba
15;pará;1506;altamira;150018;altamira;1504455;medicilândia
15;pará;1507;breves;150020;breves;1504505;melgaço
15;pará;1501;belém;150002;cametá;1504604;mocajuba
15;pará;1501;belém;150003;abaetetuba;1504703;moju
15;pará;1505;santarém;150015;santarém;1504752;mojuí dos campos
15;pará;1505;santarém;150015;santarém;1504802;monte alegre
15;pará;1507;breves;150021;soure-salvaterra;1504901;muaná
15;pará;1502;castanhal;150007;paragominas;1504059;mãe do rio
15;pará;1502;castanhal;150008;capitão poço;1504950;nova esperança do piriá
15;pará;1503;marabá;150009;marabá;1504976;nova ipixuna
15;pará;1502;castanhal;150006;capanema;1505007;nova timboteua
15;pará;1505;santarém;150016;itaituba;1505031;novo progresso
15;pará;1503;marabá;150011;tucuruí;1505064;novo repartimento
15;pará;1501;belém;150002;cametá;1505205;oeiras do pará
15;pará;1505;santarém;150017;oriximiná;1505304;oriximiná
15;pará;1504;redenção;150013;tucumã - são félix do xingu;1505437;ourilândia do norte
15;pará;1502;castanhal;150008;capitão poço;1505403;ourém
15;pará;1503;marabá;150011;tucuruí;1505486;pacajá
15;pará;1503;marabá;150009;marabá;1505494;palestina do pará
15;pará;1502;castanhal;150007;paragominas;1505502;paragominas
15;pará;1503;marabá;150010;parauapebas;1505536;parauapebas
15;pará;1504;redenção;150012;redenção;1505551;pau d'arco
15;pará;1502;castanhal;150006;capanema;1505601;peixe-boi
15;pará;1503;marabá;150009;marabá;1505635;piçarra
15;pará;1505;santarém;150016;itaituba;1505650;placas
15;pará;1507;breves;150021;soure-salvaterra;1505700;ponta de pedras
15;pará;1507;breves;150020;breves;1505809;portel
15;pará;1506;altamira;150019;almeirim - porto de moz;1505908;porto de moz
15;pará;1505;santarém;150015;santarém;1506005;prainha
15;pará;1502;castanhal;150006;capanema;1506104;primavera
15;pará;1502;castanhal;150006;capanema;1506112;quatipuru
15;pará;1504;redenção;150012;redenção;1506138;redenção
15;pará;1504;redenção;150014;xinguara;1506161;rio maria
15;pará;1503;marabá;150009;marabá;1506187;rondon do pará
15;pará;1505;santarém;150016;itaituba;1506195;rurópolis
15;pará;1502;castanhal;150006;capanema;1506203;salinópolis
15;pará;1507;breves;150021;soure-salvaterra;1506302;salvaterra
15;pará;1501;belém;150001;belém;1506351;santa bárbara do pará
15;pará;1507;breves;150021;soure-salvaterra;1506401;santa cruz do arari
15;pará;1501;belém;150001;belém;1506500;santa izabel do pará
15;pará;1502;castanhal;150005;bragança;1506559;santa luzia do pará
15;pará;1504;redenção;150012;redenção;1506583;santa maria das barreiras
15;pará;1502;castanhal;150004;castanhal;1506609;santa maria do pará
15;pará;1504;redenção;150012;redenção;1506708;santana do araguaia
15;pará;1505;santarém;150015;santarém;1506807;santarém
15;pará;1502;castanhal;150006;capanema;1506906;santarém novo
15;pará;1501;belém;150001;belém;1507003;santo antônio do tauá
15;pará;1504;redenção;150014;xinguara;1507755;sapucaia
15;pará;1506;altamira;150018;altamira;1507805;senador josé porfírio
15;pará;1507;breves;150021;soure-salvaterra;1507904;soure
15;pará;1501;belém;150001;belém;1507102;são caetano de odivelas
15;pará;1503;marabá;150009;marabá;1507151;são domingos do araguaia
15;pará;1502;castanhal;150004;castanhal;1507201;são domingos do capim
15;pará;1502;castanhal;150004;castanhal;1507409;são francisco do pará
15;pará;1504;redenção;150013;tucumã - são félix do xingu;1507300;são félix do xingu
15;pará;1503;marabá;150009;marabá;1507458;são geraldo do araguaia
15;pará;1502;castanhal;150004;castanhal;1507466;são joão da ponta
15;pará;1502;castanhal;150006;capanema;1507474;são joão de pirabas
15;pará;1503;marabá;150009;marabá;1507508;são joão do araguaia
15;pará;1502;castanhal;150004;castanhal;1507607;são miguel do guamá
15;pará;1507;breves;150020;breves;1507706;são sebastião da boa vista
15;pará;1501;belém;150003;abaetetuba;1507953;tailândia
15;pará;1502;castanhal;150004;castanhal;1507961;terra alta
15;pará;1505;santarém;150017;oriximiná;1507979;terra santa
15;pará;1501;belém;150001;belém;1508001;tomé-açu
15;pará;1502;castanhal;150005;bragança;1508035;tracuateua
15;pará;1505;santarém;150016;itaituba;1508050;trairão
15;pará;1504;redenção;150013;tucumã - são félix do xingu;1508084;tucumã
15;pará;1503;marabá;150011;tucuruí;1508100;tucuruí
15;pará;1502;castanhal;150007;paragominas;1508126;ulianópolis
15;pará;1506;altamira;150018;altamira;1508159;uruará
15;pará;1501;belém;150001;belém;1508209;vigia
15;pará;1502;castanhal;150005;bragança;1508308;viseu
15;pará;1506;altamira;150018;altamira;1508357;vitória do xingu
15;pará;1504;redenção;150014;xinguara;1508407;xinguara
15;pará;1504;redenção;150014;xinguara;1500347;água azul do norte
15;pará;1505;santarém;150017;oriximiná;1505106;óbidos
16;amapá;1602;oiapoque - porto grande;160003;oiapoque;1600105;amapá
16;amapá;1602;oiapoque - porto grande;160003;oiapoque;1600204;calçoene
16;amapá;1602;oiapoque - porto grande;160003;oiapoque;1600212;cutias
16;amapá;1602;oiapoque - porto grande;160004;porto grande;1600238;ferreira gomes
16;amapá;1601;macapá;160001;macapá;1600253;itaubal
16;amapá;1601;macapá;160002;laranjal do jari;1600279;laranjal do jari
16;amapá;1601;macapá;160001;macapá;1600303;macapá
16;amapá;1601;macapá;160001;macapá;1600402;mazagão
16;amapá;1602;oiapoque - porto grande;160003;oiapoque;1600501;oiapoque
16;amapá;1602;oiapoque - porto grande;160004;porto grande;1600154;pedra branca do amapari
16;amapá;1602;oiapoque - porto grande;160004;porto grande;1600535;porto grande
16;amapá;1602;oiapoque - porto grande;160003;oiapoque;1600550;pracuúba
16;amapá;1601;macapá;160001;macapá;1600600;santana
16;amapá;1602;oiapoque - porto grande;160004;porto grande;1600055;serra do navio
16;amapá;1602;oiapoque - porto grande;160003;oiapoque;1600709;tartarugalzinho
16;amapá;1601;macapá;160002;laranjal do jari;1600808;vitória do jari
17;tocantins;1701;palmas;170003;paraíso do tocantins;1700251;abreulândia
17;tocantins;1702;araguaína;170008;tocantinópolis;1700301;aguiarnópolis
17;tocantins;1703;gurupi;170010;gurupi;1700350;aliança do tocantins
17;tocantins;1703;gurupi;170011;dianópolis;1700400;almas
17;tocantins;1703;gurupi;170010;gurupi;1700707;alvorada
17;tocantins;1702;araguaína;170005;araguaína;1701002;ananás
17;tocantins;1702;araguaína;170005;araguaína;1701051;angico
17;tocantins;1701;palmas;170001;palmas;1701101;aparecida do rio negro
17;tocantins;1702;araguaína;170005;araguaína;1701309;aragominas
17;tocantins;1701;palmas;170003;paraíso do tocantins;1701903;araguacema
17;tocantins;1702;araguaína;170005;araguaína;1702158;araguanã
17;tocantins;1702;araguaína;170009;araguatins;1702208;araguatins
17;tocantins;1703;gurupi;170010;gurupi;1702000;araguaçu
17;tocantins;1702;araguaína;170005;araguaína;1702109;araguaína
17;tocantins;1702;araguaína;170005;araguaína;1702307;arapoema
17;tocantins;1703;gurupi;170011;dianópolis;1702406;arraias
17;tocantins;1702;araguaína;170009;araguatins;1702554;augustinópolis
17;tocantins;1703;gurupi;170011;dianópolis;1702703;aurora do tocantins
17;tocantins;1702;araguaína;170009;araguatins;1702901;axixá do tocantins
17;tocantins;1702;araguaína;170005;araguaína;1703008;babaçulândia
17;tocantins;1702;araguaína;170007;colinas do tocantins;1703057;bandeirantes do tocantins
17;tocantins;1702;araguaína;170005;araguaína;1703073;barra do ouro
17;tocantins;1701;palmas;170003;paraíso do tocantins;1703107;barrolândia
17;tocantins;1702;araguaína;170007;colinas do tocantins;1703206;bernardo sayão
17;tocantins;1702;araguaína;170006;guaraí;1703305;bom jesus do tocantins
17;tocantins;1702;araguaína;170007;colinas do tocantins;1703602;brasilândia do tocantins
17;tocantins;1701;palmas;170002;porto nacional;1703701;brejinho de nazaré
17;tocantins;1702;araguaína;170009;araguatins;1703800;buriti do tocantins
17;tocantins;1702;araguaína;170008;tocantinópolis;1703826;cachoeirinha
17;tocantins;1702;araguaína;170005;araguaína;1703842;campos lindos
17;tocantins;1703;gurupi;170010;gurupi;1703867;cariri do tocantins
17;tocantins;1702;araguaína;170005;araguaína;1703883;carmolândia
17;tocantins;1702;araguaína;170009;araguatins;1703891;carrasco bonito
17;tocantins;1701;palmas;170003;paraíso do tocantins;1703909;caseara
17;tocantins;1702;araguaína;170006;guaraí;1704105;centenário
17;tocantins;1701;palmas;170002;porto nacional;1705102;chapada da natividade
17;tocantins;1701;palmas;170003;paraíso do tocantins;1704600;chapada de areia
17;tocantins;1702;araguaína;170007;colinas do tocantins;1705508;colinas do tocantins
17;tocantins;1702;araguaína;170006;guaraí;1716703;colméia
17;tocantins;1703;gurupi;170011;dianópolis;1705557;combinado
17;tocantins;1703;gurupi;170011;dianópolis;1705607;conceição do tocantins
17;tocantins;1702;araguaína;170006;guaraí;1706001;couto magalhães
17;tocantins;1701;palmas;170003;paraíso do tocantins;1706100;cristalândia
17;tocantins;1703;gurupi;170010;gurupi;1706258;crixás do tocantins
17;tocantins;1702;araguaína;170005;araguaína;1706506;darcinópolis
17;tocantins;1703;gurupi;170011;dianópolis;1707009;dianópolis
17;tocantins;1701;palmas;170003;paraíso do tocantins;1707108;divinópolis do tocantins
17;tocantins;1701;palmas;170004;miracema do tocantins;1707207;dois irmãos do tocantins
17;tocantins;1703;gurupi;170010;gurupi;1707306;dueré
17;tocantins;1702;araguaína;170009;araguatins;1707405;esperantina
17;tocantins;1703;gurupi;170010;gurupi;1707652;figueirópolis
17;tocantins;1702;araguaína;170005;araguaína;1707702;filadélfia
17;tocantins;1703;gurupi;170010;gurupi;1708205;formoso do araguaia
17;tocantins;1701;palmas;170002;porto nacional;1707553;fátima
17;tocantins;1702;araguaína;170006;guaraí;1708304;goianorte
17;tocantins;1702;araguaína;170005;araguaína;1709005;goiatins
17;tocantins;1702;araguaína;170006;guaraí;1709302;guaraí
17;tocantins;1703;gurupi;170010;gurupi;1709500;gurupi
17;tocantins;1701;palmas;170002;porto nacional;1709807;ipueiras
17;tocantins;1702;araguaína;170007;colinas do tocantins;1710508;itacajá
17;tocantins;1702;araguaína;170009;araguatins;1710706;itaguatins
17;tocantins;1702;araguaína;170007;colinas do tocantins;1710904;itapiratins
17;tocantins;1702;araguaína;170006;guaraí;1711100;itaporã do tocantins
17;tocantins;1703;gurupi;170010;gurupi;1711506;jaú do tocantins
17;tocantins;1702;araguaína;170007;colinas do tocantins;1711803;juarina
17;tocantins;1701;palmas;170003;paraíso do tocantins;1711902;lagoa da confusão
17;tocantins;1701;palmas;170001;palmas;1711951;lagoa do tocantins
17;tocantins;1701;palmas;170001;palmas;1712009;lajeado
17;tocantins;1703;gurupi;170011;dianópolis;1712157;lavandeira
17;tocantins;1701;palmas;170001;palmas;1712405;lizarda
17;tocantins;1702;araguaína;170008;tocantinópolis;1712454;luzinópolis
17;tocantins;1701;palmas;170003;paraíso do tocantins;1712504;marianópolis do tocantins
17;tocantins;1701;palmas;170001;palmas;1712702;mateiros
17;tocantins;1702;araguaína;170008;tocantinópolis;1712801;maurilândia do tocantins
17;tocantins;1701;palmas;170004;miracema do tocantins;1713205;miracema do tocantins
17;tocantins;1701;palmas;170004;miracema do tocantins;1713304;miranorte
17;tocantins;1701;palmas;170002;porto nacional;1713601;monte do carmo
17;tocantins;1701;palmas;170003;paraíso do tocantins;1713700;monte santo do tocantins
17;tocantins;1702;araguaína;170005;araguaína;1713957;muricilândia
17;tocantins;1701;palmas;170002;porto nacional;1714203;natividade
17;tocantins;1702;araguaína;170008;tocantinópolis;1714302;nazaré
17;tocantins;1702;araguaína;170005;araguaína;1714880;nova olinda
17;tocantins;1701;palmas;170003;paraíso do tocantins;1715002;nova rosalândia
17;tocantins;1701;palmas;170001;palmas;1715101;novo acordo
17;tocantins;1703;gurupi;170011;dianópolis;1715150;novo alegre
17;tocantins;1703;gurupi;170011;dianópolis;1715259;novo jardim
17;tocantins;1701;palmas;170002;porto nacional;1715507;oliveira de fátima
17;tocantins;1701;palmas;170001;palmas;1721000;palmas
17;tocantins;1702;araguaína;170007;colinas do tocantins;1715705;palmeirante
17;tocantins;1702;araguaína;170008;tocantinópolis;1713809;palmeiras do tocantins
17;tocantins;1703;gurupi;170010;gurupi;1715754;palmeirópolis
17;tocantins;1703;gurupi;170010;gurupi;1716208;paranã
17;tocantins;1701;palmas;170003;paraíso do tocantins;1716109;paraíso do tocantins
17;tocantins;1702;araguaína;170005;araguaína;1716307;pau d'arco
17;tocantins;1702;araguaína;170006;guaraí;1716505;pedro afonso
17;tocantins;1703;gurupi;170010;gurupi;1716604;peixe
17;tocantins;1702;araguaína;170006;guaraí;1716653;pequizeiro
17;tocantins;1701;palmas;170002;porto nacional;1717008;pindorama do tocantins
17;tocantins;1702;araguaína;170005;araguaína;1717206;piraquê
17;tocantins;1701;palmas;170003;paraíso do tocantins;1717503;pium
17;tocantins;1703;gurupi;170011;dianópolis;1717800;ponte alta do bom jesus
17;tocantins;1701;palmas;170002;porto nacional;1717909;ponte alta do tocantins
17;tocantins;1703;gurupi;170011;dianópolis;1718006;porto alegre do tocantins
17;tocantins;1701;palmas;170002;porto nacional;1718204;porto nacional
17;tocantins;1702;araguaína;170009;araguatins;1718303;praia norte
17;tocantins;1702;araguaína;170006;guaraí;1718402;presidente kennedy
17;tocantins;1701;palmas;170003;paraíso do tocantins;1718451;pugmil
17;tocantins;1702;araguaína;170006;guaraí;1718501;recursolândia
17;tocantins;1702;araguaína;170005;araguaína;1718550;riachinho
17;tocantins;1703;gurupi;170011;dianópolis;1718659;rio da conceição
17;tocantins;1701;palmas;170004;miracema do tocantins;1718709;rio dos bois
17;tocantins;1701;palmas;170001;palmas;1718758;rio sono
17;tocantins;1702;araguaína;170009;araguatins;1718808;sampaio
17;tocantins;1703;gurupi;170010;gurupi;1718840;sandolândia
17;tocantins;1702;araguaína;170005;araguaína;1718865;santa fé do araguaia
17;tocantins;1702;araguaína;170006;guaraí;1718881;santa maria do tocantins
17;tocantins;1701;palmas;170002;porto nacional;1718899;santa rita do tocantins
17;tocantins;1701;palmas;170002;porto nacional;1718907;santa rosa do tocantins
17;tocantins;1701;palmas;170001;palmas;1719004;santa tereza do tocantins
17;tocantins;1702;araguaína;170008;tocantinópolis;1720002;santa terezinha do tocantins
17;tocantins;1701;palmas;170002;porto nacional;1720655;silvanópolis
17;tocantins;1703;gurupi;170010;gurupi;1720853;sucupira
17;tocantins;1702;araguaína;170009;araguatins;1720101;são bento do tocantins
17;tocantins;1701;palmas;170001;palmas;1720150;são félix do tocantins
17;tocantins;1702;araguaína;170009;araguatins;1720200;são miguel do tocantins
17;tocantins;1703;gurupi;170010;gurupi;1720259;são salvador do tocantins
17;tocantins;1702;araguaína;170009;araguatins;1720309;são sebastião do tocantins
17;tocantins;1703;gurupi;170010;gurupi;1720499;são valério
17;tocantins;1702;araguaína;170009;araguatins;1720804;sítio novo do tocantins
17;tocantins;1702;araguaína;170006;guaraí;1708254;tabocão
17;tocantins;1703;gurupi;170011;dianópolis;1720903;taguatinga
17;tocantins;1703;gurupi;170011;dianópolis;1720937;taipas do tocantins
17;tocantins;1703;gurupi;170010;gurupi;1720978;talismã
17;tocantins;1702;araguaína;170008;tocantinópolis;1721208;tocantinópolis
17;tocantins;1701;palmas;170004;miracema do tocantins;1721109;tocantínia
17;tocantins;1702;araguaína;170006;guaraí;1721257;tupirama
17;tocantins;1702;araguaína;170007;colinas do tocantins;1721307;tupiratins
17;tocantins;1702;araguaína;170005;araguaína;1722081;wanderlândia
17;tocantins;1702;araguaína;170005;araguaína;1722107;xambioá
21;maranhão;2103;caxias;210013;caxias;2100105;afonso cunha
21;maranhão;2101;são luís;210001;são luís;2100204;alcântara
21;maranhão;2103;caxias;210013;caxias;2100303;aldeias altas
21;maranhão;2102;santa inês - bacabal;210010;bacabal;2100402;altamira do maranhão
21;maranhão;2102;santa inês - bacabal;210010;bacabal;2100436;alto alegre do maranhão
21;maranhão;2102;santa inês - bacabal;210009;santa inês;2100477;alto alegre do pindaré
21;maranhão;2105;imperatriz;210022;balsas;2100501;alto parnaíba
21;maranhão;2102;santa inês - bacabal;210011;governador nunes freire;2100550;amapá do maranhão
21;maranhão;2105;imperatriz;210019;imperatriz;2100600;amarante do maranhão
21;maranhão;2101;são luís;210004;itapecuru mirim;2100709;anajatuba
21;maranhão;2101;são luís;210003;chapadinha;2100808;anapurus
21;maranhão;2101;são luís;210008;cururupu;2100832;apicum-açu
21;maranhão;2102;santa inês - bacabal;210009;santa inês;2100873;araguanã
21;maranhão;2101;são luís;210007;tutóia - araioses;2100907;araioses
21;maranhão;2105;imperatriz;210020;barra do corda;2100956;arame
21;maranhão;2101;são luís;210005;viana;2101004;arari
21;maranhão;2101;são luís;210001;são luís;2101103;axixá
21;maranhão;2105;imperatriz;210021;açailândia;2100055;açailândia
21;maranhão;2102;santa inês - bacabal;210010;bacabal;2101202;bacabal
21;maranhão;2101;são luís;210001;são luís;2101251;bacabeira
21;maranhão;2101;são luís;210008;cururupu;2101301;bacuri
21;maranhão;2101;são luís;210002;pinheiro;2101350;bacurituba
21;maranhão;2105;imperatriz;210022;balsas;2101400;balsas
21;maranhão;2105;imperatriz;210020;barra do corda;2101608;barra do corda
21;maranhão;2101;são luís;210006;barreirinhas;2101707;barreirinhas
21;maranhão;2104;presidente dutra;210017;são joão dos patos;2101509;barão de grajaú
21;maranhão;2102;santa inês - bacabal;210009;santa inês;2101772;bela vista do maranhão
21;maranhão;2101;são luís;210003;chapadinha;2101731;belágua
21;maranhão;2104;presidente dutra;210017;são joão dos patos;2101806;benedito leite
21;maranhão;2101;são luís;210002;pinheiro;2101905;bequimão
21;maranhão;2102;santa inês - bacabal;210012;pedreiras;2101939;bernardo do mearim
21;maranhão;2102;santa inês - bacabal;210011;governador nunes freire;2101970;boa vista do gurupi
21;maranhão;2102;santa inês - bacabal;210009;santa inês;2102002;bom jardim
21;maranhão;2105;imperatriz;210021;açailândia;2102036;bom jesus das selvas
21;maranhão;2102;santa inês - bacabal;210010;bacabal;2102077;bom lugar
21;maranhão;2101;são luís;210003;chapadinha;2102101;brejo
21;maranhão;2102;santa inês - bacabal;210010;bacabal;2102150;brejo de areia
21;maranhão;2101;são luís;210003;chapadinha;2102200;buriti
21;maranhão;2103;caxias;210014;timon;2102309;buriti bravo
21;maranhão;2105;imperatriz;210021;açailândia;2102325;buriticupu
21;maranhão;2105;imperatriz;210019;imperatriz;2102358;buritirana
21;maranhão;2101;são luís;210001;são luís;2102374;cachoeira grande
21;maranhão;2101;são luís;210005;viana;2102408;cajapió
21;maranhão;2101;são luís;210005;viana;2102507;cajari
21;maranhão;2105;imperatriz;210019;imperatriz;2102556;campestre do maranhão
21;maranhão;2101;são luís;210004;itapecuru mirim;2102705;cantanhede
21;maranhão;2102;santa inês - bacabal;210012;pedreiras;2102754;capinzal do norte
21;maranhão;2105;imperatriz;210022;balsas;2102804;carolina
21;maranhão;2102;santa inês - bacabal;210011;governador nunes freire;2102903;carutapera
21;maranhão;2103;caxias;210013;caxias;2103000;caxias
21;maranhão;2101;são luís;210008;cururupu;2103109;cedral
21;maranhão;2101;são luís;210008;cururupu;2103125;central do maranhão
21;maranhão;2102;santa inês - bacabal;210011;governador nunes freire;2103158;centro do guilherme
21;maranhão;2102;santa inês - bacabal;210011;governador nunes freire;2103174;centro novo do maranhão
21;maranhão;2101;são luís;210003;chapadinha;2103208;chapadinha
21;maranhão;2105;imperatriz;210019;imperatriz;2103257;cidelândia
21;maranhão;2103;caxias;210015;codó;2103307;codó
21;maranhão;2103;caxias;210013;caxias;2103406;coelho neto
21;maranhão;2104;presidente dutra;210018;colinas;2103505;colinas
21;maranhão;2102;santa inês - bacabal;210010;bacabal;2103554;conceição do lago-açu
21;maranhão;2103;caxias;210015;codó;2103604;coroatá
21;maranhão;2101;são luís;210008;cururupu;2103703;cururupu
21;maranhão;2102;santa inês - bacabal;210011;governador nunes freire;2102606;cândido mendes
21;maranhão;2105;imperatriz;210019;imperatriz;2103752;davinópolis
21;maranhão;2104;presidente dutra;210016;presidente dutra;2103802;dom pedro
21;maranhão;2103;caxias;210013;caxias;2103901;duque bacelar
21;maranhão;2102;santa inês - bacabal;210012;pedreiras;2104008;esperantinópolis
21;maranhão;2105;imperatriz;210019;imperatriz;2104057;estreito
21;maranhão;2105;imperatriz;210022;balsas;2104073;feira nova do maranhão
21;maranhão;2105;imperatriz;210020;barra do corda;2104081;fernando falcão
21;maranhão;2105;imperatriz;210020;barra do corda;2104099;formosa da serra negra
21;maranhão;2105;imperatriz;210022;balsas;2104107;fortaleza dos nogueiras
21;maranhão;2104;presidente dutra;210016;presidente dutra;2104206;fortuna
21;maranhão;2102;santa inês - bacabal;210011;governador nunes freire;2104305;godofredo viana
21;maranhão;2104;presidente dutra;210016;presidente dutra;2104404;gonçalves dias
21;maranhão;2104;presidente dutra;210016;presidente dutra;2104503;governador archer
21;maranhão;2105;imperatriz;210019;imperatriz;2104552;governador edison lobão
21;maranhão;2104;presidente dutra;210016;presidente dutra;2104602;governador eugênio barros
21;maranhão;2104;presidente dutra;210016;presidente dutra;2104628;governador luiz rocha
21;maranhão;2102;santa inês - bacabal;210009;santa inês;2104651;governador newton bello
21;maranhão;2102;santa inês - bacabal;210011;governador nunes freire;2104677;governador nunes freire
21;maranhão;2105;imperatriz;210020;barra do corda;2104800;grajaú
21;maranhão;2104;presidente dutra;210016;presidente dutra;2104701;graça aranha
21;maranhão;2101;são luís;210008;cururupu;2104909;guimarães
21;maranhão;2101;são luís;210006;barreirinhas;2105005;humberto de campos
21;maranhão;2101;são luís;210001;são luís;2105104;icatu
21;maranhão;2102;santa inês - bacabal;210009;santa inês;2105153;igarapé do meio
21;maranhão;2102;santa inês - bacabal;210012;pedreiras;2105203;igarapé grande
21;maranhão;2105;imperatriz;210019;imperatriz;2105302;imperatriz
21;maranhão;2105;imperatriz;210020;barra do corda;2105351;itaipava do grajaú
21;maranhão;2101;são luís;210004;itapecuru mirim;2105401;itapecuru mirim
21;maranhão;2105;imperatriz;210021;açailândia;2105427;itinga do maranhão
21;maranhão;2104;presidente dutra;210018;colinas;2105450;jatobá
21;maranhão;2105;imperatriz;210020;barra do corda;2105476;jenipapo dos vieiras
21;maranhão;2102;santa inês - bacabal;210012;pedreiras;2105609;joselândia
21;maranhão;2105;imperatriz;210019;imperatriz;2105500;joão lisboa
21;maranhão;2102;santa inês - bacabal;210011;governador nunes freire;2105658;junco do maranhão
21;maranhão;2102;santa inês - bacabal;210010;bacabal;2105708;lago da pedra
21;maranhão;2102;santa inês - bacabal;210012;pedreiras;2105807;lago do junco
21;maranhão;2102;santa inês - bacabal;210012;pedreiras;2105948;lago dos rodrigues
21;maranhão;2102;santa inês - bacabal;210010;bacabal;2105906;lago verde
21;maranhão;2104;presidente dutra;210017;são joão dos patos;2105922;lagoa do mato
21;maranhão;2102;santa inês - bacabal;210010;bacabal;2105963;lagoa grande do maranhão
21;maranhão;2105;imperatriz;210019;imperatriz;2105989;lajeado novo
21;maranhão;2102;santa inês - bacabal;210012;pedreiras;2106003;lima campos
21;maranhão;2105;imperatriz;210022;balsas;2106102;loreto
21;maranhão;2102;santa inês - bacabal;210011;governador nunes freire;2106201;luís domingues
21;maranhão;2101;são luís;210007;tutóia - araioses;2106300;magalhães de almeida
21;maranhão;2102;santa inês - bacabal;210011;governador nunes freire;2106326;maracaçumé
21;maranhão;2102;santa inês - bacabal;210010;bacabal;2106359;marajá do sena
21;maranhão;2102;santa inês - bacabal;210011;governador nunes freire;2106375;maranhãozinho
21;maranhão;2101;são luís;210003;chapadinha;2106409;mata roma
21;maranhão;2101;são luís;210005;viana;2106508;matinha
21;maranhão;2103;caxias;210014;timon;2106607;matões
21;maranhão;2101;são luís;210004;itapecuru mirim;2106631;matões do norte
21;maranhão;2101;são luís;210003;chapadinha;2106672;milagres do maranhão
21;maranhão;2104;presidente dutra;210018;colinas;2106706;mirador
21;maranhão;2101;são luís;210004;itapecuru mirim;2106755;miranda do norte
21;maranhão;2101;são luís;210008;cururupu;2106805;mirinzal
21;maranhão;2105;imperatriz;210019;imperatriz;2107001;montes altos
21;maranhão;2102;santa inês - bacabal;210009;santa inês;2106904;monção
21;maranhão;2101;são luís;210001;são luís;2107100;morros
21;maranhão;2101;são luís;210004;itapecuru mirim;2107209;nina rodrigues
21;maranhão;2105;imperatriz;210022;balsas;2107258;nova colinas
21;maranhão;2104;presidente dutra;210017;são joão dos patos;2107308;nova iorque
21;maranhão;2102;santa inês - bacabal;210009;santa inês;2107357;nova olinda do maranhão
21;maranhão;2102;santa inês - bacabal;210010;bacabal;2107407;olho d'água das cunhãs
21;maranhão;2101;são luís;210005;viana;2107456;olinda nova do maranhão
21;maranhão;2101;são luís;210002;pinheiro;2107605;palmeirândia
21;maranhão;2104;presidente dutra;210017;são joão dos patos;2107704;paraibano
21;maranhão;2103;caxias;210014;timon;2107803;parnarama
21;maranhão;2104;presidente dutra;210017;são joão dos patos;2107902;passagem franca
21;maranhão;2104;presidente dutra;210017;são joão dos patos;2108009;pastos bons
21;maranhão;2101;são luís;210007;tutóia - araioses;2108058;paulino neves
21;maranhão;2102;santa inês - bacabal;210010;bacabal;2108108;paulo ramos
21;maranhão;2101;são luís;210001;são luís;2107506;paço do lumiar
21;maranhão;2102;santa inês - bacabal;210012;pedreiras;2108207;pedreiras
21;maranhão;2101;são luís;210002;pinheiro;2108256;pedro do rosário
21;maranhão;2101;são luís;210005;viana;2108306;penalva
21;maranhão;2101;são luís;210002;pinheiro;2108405;peri mirim
21;maranhão;2103;caxias;210015;codó;2108454;peritoró
21;maranhão;2102;santa inês - bacabal;210009;santa inês;2108504;pindaré-mirim
21;maranhão;2101;são luís;210002;pinheiro;2108603;pinheiro
21;maranhão;2102;santa inês - bacabal;210009;santa inês;2108702;pio xii
21;maranhão;2101;são luís;210004;itapecuru mirim;2108801;pirapemas
21;maranhão;2105;imperatriz;210019;imperatriz;2109007;porto franco
21;maranhão;2101;são luís;210008;cururupu;2109056;porto rico do maranhão
21;maranhão;2102;santa inês - bacabal;210012;pedreiras;2108900;poção de pedras
21;maranhão;2104;presidente dutra;210016;presidente dutra;2109106;presidente dutra
21;maranhão;2101;são luís;210001;são luís;2109205;presidente juscelino
21;maranhão;2102;santa inês - bacabal;210011;governador nunes freire;2109239;presidente médici
21;maranhão;2101;são luís;210002;pinheiro;2109270;presidente sarney
21;maranhão;2101;são luís;210004;itapecuru mirim;2109304;presidente vargas
21;maranhão;2101;são luís;210006;barreirinhas;2109403;primeira cruz
21;maranhão;2101;são luís;210001;são luís;2109452;raposa
21;maranhão;2105;imperatriz;210022;balsas;2109502;riachão
21;maranhão;2105;imperatriz;210019;imperatriz;2109551;ribamar fiquene
21;maranhão;2101;são luís;210001;são luís;2109601;rosário
21;maranhão;2105;imperatriz;210022;balsas;2109700;sambaíba
21;maranhão;2104;presidente dutra;210016;presidente dutra;2109759;santa filomena do maranhão
21;maranhão;2101;são luís;210002;pinheiro;2109809;santa helena
21;maranhão;2102;santa inês - bacabal;210009;santa inês;2109908;santa inês
21;maranhão;2102;santa inês - bacabal;210009;santa inês;2110005;santa luzia
21;maranhão;2102;santa inês - bacabal;210011;governador nunes freire;2110039;santa luzia do paruá
21;maranhão;2101;são luís;210003;chapadinha;2110104;santa quitéria do maranhão
21;maranhão;2101;são luís;210001;são luís;2110203;santa rita
21;maranhão;2101;são luís;210007;tutóia - araioses;2110237;santana do maranhão
21;maranhão;2101;são luís;210006;barreirinhas;2110278;santo amaro do maranhão
21;maranhão;2102;santa inês - bacabal;210012;pedreiras;2110302;santo antônio dos lopes
21;maranhão;2102;santa inês - bacabal;210010;bacabal;2111722;satubinha
21;maranhão;2104;presidente dutra;210016;presidente dutra;2111748;senador alexandre costa
21;maranhão;2105;imperatriz;210019;imperatriz;2111763;senador la rocque
21;maranhão;2101;são luís;210008;cururupu;2111789;serrano do maranhão
21;maranhão;2104;presidente dutra;210018;colinas;2111904;sucupira do norte
21;maranhão;2104;presidente dutra;210017;são joão dos patos;2111953;sucupira do riachão
21;maranhão;2101;são luís;210003;chapadinha;2110401;são benedito do rio preto
21;maranhão;2101;são luís;210002;pinheiro;2110500;são bento
21;maranhão;2101;são luís;210007;tutóia - araioses;2110609;são bernardo
21;maranhão;2104;presidente dutra;210017;são joão dos patos;2110658;são domingos do azeitão
21;maranhão;2104;presidente dutra;210016;presidente dutra;2110708;são domingos do maranhão
21;maranhão;2105;imperatriz;210021;açailândia;2110856;são francisco do brejão
21;maranhão;2104;presidente dutra;210017;são joão dos patos;2110906;são francisco do maranhão
21;maranhão;2105;imperatriz;210022;balsas;2110807;são félix de balsas
21;maranhão;2101;são luís;210001;são luís;2111201;são josé de ribamar
21;maranhão;2104;presidente dutra;210016;presidente dutra;2111250;são josé dos basílios
21;maranhão;2101;são luís;210005;viana;2111003;são joão batista
21;maranhão;2102;santa inês - bacabal;210009;santa inês;2111029;são joão do carú
21;maranhão;2105;imperatriz;210019;imperatriz;2111052;são joão do paraíso
21;maranhão;2103;caxias;210013;caxias;2111078;são joão do soter
21;maranhão;2104;presidente dutra;210017;são joão dos patos;2111102;são joão dos patos
21;maranhão;2101;são luís;210001;são luís;2111300;são luís
21;maranhão;2102;santa inês - bacabal;210010;bacabal;2111409;são luís gonzaga do maranhão
21;maranhão;2102;santa inês - bacabal;210010;bacabal;2111508;são mateus do maranhão
21;maranhão;2105;imperatriz;210019;imperatriz;2111532;são pedro da água branca
21;maranhão;2105;imperatriz;210020;barra do corda;2111573;são pedro dos crentes
21;maranhão;2105;imperatriz;210022;balsas;2111607;são raimundo das mangabeiras
21;maranhão;2102;santa inês - bacabal;210012;pedreiras;2111631;são raimundo do doca bezerra
21;maranhão;2102;santa inês - bacabal;210012;pedreiras;2111672;são roberto
21;maranhão;2101;são luís;210005;viana;2111706;são vicente ferrer
21;maranhão;2105;imperatriz;210020;barra do corda;2111805;sítio novo
21;maranhão;2105;imperatriz;210022;balsas;2112001;tasso fragoso
21;maranhão;2103;caxias;210015;codó;2112100;timbiras
21;maranhão;2103;caxias;210014;timon;2112209;timon
21;maranhão;2102;santa inês - bacabal;210012;pedreiras;2112233;trizidela do vale
21;maranhão;2102;santa inês - bacabal;210009;santa inês;2112274;tufilândia
21;maranhão;2104;presidente dutra;210016;presidente dutra;2112308;tuntum
21;maranhão;2101;são luís;210002;pinheiro;2112407;turiaçu
21;maranhão;2101;são luís;210002;pinheiro;2112456;turilândia
21;maranhão;2101;são luís;210007;tutóia - araioses;2112506;tutóia
21;maranhão;2101;são luís;210003;chapadinha;2112605;urbano santos
21;maranhão;2101;são luís;210004;itapecuru mirim;2112704;vargem grande
21;maranhão;2101;são luís;210005;viana;2112803;viana
21;maranhão;2105;imperatriz;210019;imperatriz;2112852;vila nova dos martírios
21;maranhão;2102;santa inês - bacabal;210010;bacabal;2113009;vitorino freire
21;maranhão;2101;são luís;210005;viana;2112902;vitória do mearim
21;maranhão;2102;santa inês - bacabal;210009;santa inês;2114007;zé doca
21;maranhão;2101;são luís;210007;tutóia - araioses;2100154;água doce do maranhão
22;piauí;2203;picos;220010;paulistana;2200053;acauã
22;piauí;2201;teresina;220002;amarante - água branca - regeneração;2200103;agricolândia
22;piauí;2203;picos;220009;picos;2200251;alagoinha do piauí
22;piauí;2203;picos;220009;picos;2200277;alegrete do piauí
22;piauí;2201;teresina;220001;teresina;2200301;alto longá
22;piauí;2201;teresina;220001;teresina;2200400;altos
22;piauí;2205;corrente - bom jesus;220016;bom jesus;2200459;alvorada do gurguéia
22;piauí;2201;teresina;220002;amarante - água branca - regeneração;2200509;amarante
22;piauí;2201;teresina;220002;amarante - água branca - regeneração;2200608;angical do piauí
22;piauí;2206;floriano;220018;uruçuí;2200806;antônio almeida
22;piauí;2204;são raimundo nonato;220013;são raimundo nonato;2200707;anísio de abreu
22;piauí;2201;teresina;220004;valença do piauí;2200905;aroazes
22;piauí;2203;picos;220009;picos;2200954;aroeiras do itaim
22;piauí;2206;floriano;220017;floriano;2201002;arraial
22;piauí;2201;teresina;220003;campo maior;2201051;assunção do piauí
22;piauí;2205;corrente - bom jesus;220015;corrente;2201101;avelino lopes
22;piauí;2206;floriano;220018;uruçuí;2201150;baixa grande do ribeiro
22;piauí;2201;teresina;220004;valença do piauí;2201176;barra d'alcântara
22;piauí;2201;teresina;220005;barras;2201200;barras
22;piauí;2205;corrente - bom jesus;220015;corrente;2201309;barreiras do piauí
22;piauí;2201;teresina;220002;amarante - água branca - regeneração;2201408;barro duro
22;piauí;2202;parnaíba;220008;esperantina;2201507;batalha
22;piauí;2203;picos;220012;simplício mendes;2201556;bela vista do piauí
22;piauí;2203;picos;220009;picos;2201572;belém do piauí
22;piauí;2201;teresina;220001;teresina;2201606;beneditinos
22;piauí;2206;floriano;220018;uruçuí;2201705;bertolínia
22;piauí;2203;picos;220010;paulistana;2201739;betânia do piauí
22;piauí;2201;teresina;220005;barras;2201770;boa hora
22;piauí;2203;picos;220009;picos;2201804;bocaina
22;piauí;2205;corrente - bom jesus;220016;bom jesus;2201903;bom jesus
22;piauí;2202;parnaíba;220006;parnaíba;2201919;bom princípio do piauí
22;piauí;2204;são raimundo nonato;220013;são raimundo nonato;2201929;bonfim do piauí
22;piauí;2201;teresina;220003;campo maior;2201945;boqueirão do piauí
22;piauí;2202;parnaíba;220007;piripiri;2201960;brasileira
22;piauí;2206;floriano;220019;canto do buriti;2201988;brejo do piauí
22;piauí;2202;parnaíba;220006;parnaíba;2202000;buriti dos lopes
22;piauí;2201;teresina;220003;campo maior;2202026;buriti dos montes
22;piauí;2201;teresina;220005;barras;2202059;cabeceiras do piauí
22;piauí;2203;picos;220011;oeiras;2202075;cajazeiras do piauí
22;piauí;2202;parnaíba;220006;parnaíba;2202083;cajueiro da praia
22;piauí;2203;picos;220009;picos;2202091;caldeirão grande do piauí
22;piauí;2203;picos;220012;simplício mendes;2202109;campinas do piauí
22;piauí;2204;são raimundo nonato;220014;são joão do piauí;2202117;campo alegre do fidalgo
22;piauí;2203;picos;220009;picos;2202133;campo grande do piauí
22;piauí;2201;teresina;220005;barras;2202174;campo largo do piauí
22;piauí;2201;teresina;220003;campo maior;2202208;campo maior
22;piauí;2206;floriano;220017;floriano;2202251;canavieira
22;piauí;2206;floriano;220019;canto do buriti;2202307;canto do buriti
22;piauí;2202;parnaíba;220007;piripiri;2202406;capitão de campos
22;piauí;2204;são raimundo nonato;220014;são joão do piauí;2202455;capitão gervásio oliveira
22;piauí;2204;são raimundo nonato;220013;são raimundo nonato;2202505;caracol
22;piauí;2202;parnaíba;220006;parnaíba;2202539;caraúbas do piauí
22;piauí;2203;picos;220010;paulistana;2202554;caridade do piauí
22;piauí;2201;teresina;220003;campo maior;2202604;castelo do piauí
22;piauí;2202;parnaíba;220006;parnaíba;2202653;caxingó
22;piauí;2202;parnaíba;220006;parnaíba;2202703;cocal
22;piauí;2201;teresina;220003;campo maior;2202711;cocal de telha
22;piauí;2202;parnaíba;220006;parnaíba;2202729;cocal dos alves
22;piauí;2201;teresina;220001;teresina;2202737;coivaras
22;piauí;2205;corrente - bom jesus;220016;bom jesus;2202752;colônia do gurguéia
22;piauí;2203;picos;220011;oeiras;2202778;colônia do piauí
22;piauí;2203;picos;220012;simplício mendes;2202802;conceição do canindé
22;piauí;2204;são raimundo nonato;220013;são raimundo nonato;2202851;coronel josé dias
22;piauí;2205;corrente - bom jesus;220015;corrente;2202901;corrente
22;piauí;2205;corrente - bom jesus;220015;corrente;2203008;cristalândia do piauí
22;piauí;2205;corrente - bom jesus;220016;bom jesus;2203107;cristino castro
22;piauí;2205;corrente - bom jesus;220015;corrente;2203206;curimatá
22;piauí;2205;corrente - bom jesus;220016;bom jesus;2203230;currais
22;piauí;2203;picos;220010;paulistana;2203271;curral novo do piauí
22;piauí;2201;teresina;220001;teresina;2203255;curralinhos
22;piauí;2201;teresina;220001;teresina;2203305;demerval lobão
22;piauí;2204;são raimundo nonato;220013;são raimundo nonato;2203354;dirceu arcoverde
22;piauí;2203;picos;220009;picos;2203404;dom expedito lopes
22;piauí;2204;são raimundo nonato;220013;são raimundo nonato;2203453;dom inocêncio
22;piauí;2202;parnaíba;220007;piripiri;2203420;domingos mourão
22;piauí;2201;teresina;220002;amarante - água branca - regeneração;2203503;elesbão veloso
22;piauí;2206;floriano;220019;canto do buriti;2203602;eliseu martins
22;piauí;2202;parnaíba;220008;esperantina;2203701;esperantina
22;piauí;2204;são raimundo nonato;220013;são raimundo nonato;2203750;fartura do piauí
22;piauí;2206;floriano;220019;canto do buriti;2203800;flores do piauí
22;piauí;2203;picos;220011;oeiras;2203859;floresta do piauí
22;piauí;2206;floriano;220017;floriano;2203909;floriano
22;piauí;2201;teresina;220002;amarante - água branca - regeneração;2204006;francinópolis
22;piauí;2206;floriano;220017;floriano;2204105;francisco ayres
22;piauí;2203;picos;220009;picos;2204154;francisco macedo
22;piauí;2203;picos;220009;picos;2204204;francisco santos
22;piauí;2203;picos;220009;picos;2204303;fronteiras
22;piauí;2203;picos;220009;picos;2204352;geminiano
22;piauí;2205;corrente - bom jesus;220015;corrente;2204402;gilbués
22;piauí;2206;floriano;220017;floriano;2204501;guadalupe
22;piauí;2204;são raimundo nonato;220013;são raimundo nonato;2204550;guaribas
22;piauí;2201;teresina;220002;amarante - água branca - regeneração;2204600;hugo napoleão
22;piauí;2202;parnaíba;220006;parnaíba;2204659;ilha grande
22;piauí;2201;teresina;220004;valença do piauí;2204709;inhuma
22;piauí;2201;teresina;220004;valença do piauí;2204808;ipiranga do piauí
22;piauí;2203;picos;220009;picos;2204907;isaías coelho
22;piauí;2203;picos;220009;picos;2205003;itainópolis
22;piauí;2206;floriano;220017;floriano;2205102;itaueira
22;piauí;2203;picos;220010;paulistana;2205151;jacobina do piauí
22;piauí;2203;picos;220009;picos;2205201;jaicós
22;piauí;2201;teresina;220002;amarante - água branca - regeneração;2205250;jardim do mulato
22;piauí;2201;teresina;220003;campo maior;2205276;jatobá do piauí
22;piauí;2206;floriano;220017;floriano;2205300;jerumenha
22;piauí;2202;parnaíba;220008;esperantina;2205409;joaquim pires
22;piauí;2202;parnaíba;220008;esperantina;2205458;joca marques
22;piauí;2201;teresina;220001;teresina;2205508;josé de freitas
22;piauí;2204;são raimundo nonato;220014;são joão do piauí;2205359;joão costa
22;piauí;2201;teresina;220003;campo maior;2205516;juazeiro do piauí
22;piauí;2204;são raimundo nonato;220013;são raimundo nonato;2205532;jurema
22;piauí;2205;corrente - bom jesus;220015;corrente;2205524;júlio borges
22;piauí;2201;teresina;220001;teresina;2205557;lagoa alegre
22;piauí;2202;parnaíba;220007;piripiri;2205573;lagoa de são francisco
22;piauí;2204;são raimundo nonato;220014;são joão do piauí;2205565;lagoa do barro do piauí
22;piauí;2201;teresina;220001;teresina;2205581;lagoa do piauí
22;piauí;2201;teresina;220004;valença do piauí;2205599;lagoa do sítio
22;piauí;2201;teresina;220002;amarante - água branca - regeneração;2205540;lagoinha do piauí
22;piauí;2206;floriano;220017;floriano;2205607;landri sales
22;piauí;2202;parnaíba;220008;esperantina;2205805;luzilândia
22;piauí;2202;parnaíba;220006;parnaíba;2205706;luís correia
22;piauí;2202;parnaíba;220008;esperantina;2205854;madeiro
22;piauí;2206;floriano;220018;uruçuí;2205904;manoel emídio
22;piauí;2203;picos;220009;picos;2205953;marcolândia
22;piauí;2206;floriano;220017;floriano;2206001;marcos parente
22;piauí;2203;picos;220009;picos;2206050;massapê do piauí
22;piauí;2202;parnaíba;220008;esperantina;2206100;matias olímpio
22;piauí;2201;teresina;220001;teresina;2206209;miguel alves
22;piauí;2201;teresina;220002;amarante - água branca - regeneração;2206308;miguel leão
22;piauí;2202;parnaíba;220007;piripiri;2206357;milton brandão
22;piauí;2201;teresina;220001;teresina;2206407;monsenhor gil
22;piauí;2203;picos;220009;picos;2206506;monsenhor hipólito
22;piauí;2205;corrente - bom jesus;220015;corrente;2206605;monte alegre do piauí
22;piauí;2205;corrente - bom jesus;220015;corrente;2206654;morro cabeça no tempo
22;piauí;2202;parnaíba;220008;esperantina;2206670;morro do chapéu do piauí
22;piauí;2202;parnaíba;220006;parnaíba;2206696;murici dos portelas
22;piauí;2206;floriano;220017;floriano;2206704;nazaré do piauí
22;piauí;2201;teresina;220001;teresina;2206720;nazária
22;piauí;2201;teresina;220003;campo maior;2206753;nossa senhora de nazaré
22;piauí;2201;teresina;220005;barras;2206803;nossa senhora dos remédios
22;piauí;2204;são raimundo nonato;220014;são joão do piauí;2207959;nova santa rita
22;piauí;2201;teresina;220004;valença do piauí;2206902;novo oriente do piauí
22;piauí;2201;teresina;220001;teresina;2206951;novo santo antônio
22;piauí;2203;picos;220011;oeiras;2207009;oeiras
22;piauí;2201;teresina;220002;amarante - água branca - regeneração;2207108;olho d'água do piauí
22;piauí;2203;picos;220009;picos;2207207;padre marcos
22;piauí;2203;picos;220012;simplício mendes;2207306;paes landim
22;piauí;2206;floriano;220019;canto do buriti;2207355;pajeú do piauí
22;piauí;2205;corrente - bom jesus;220016;bom jesus;2207405;palmeira do piauí
22;piauí;2201;teresina;220002;amarante - água branca - regeneração;2207504;palmeirais
22;piauí;2203;picos;220009;picos;2207553;paquetá
22;piauí;2205;corrente - bom jesus;220015;corrente;2207603;parnaguá
22;piauí;2202;parnaíba;220006;parnaíba;2207702;parnaíba
22;piauí;2201;teresina;220002;amarante - água branca - regeneração;2207751;passagem franca do piauí
22;piauí;2203;picos;220010;paulistana;2207777;patos do piauí
22;piauí;2201;teresina;220001;teresina;2207793;pau d'arco do piauí
22;piauí;2203;picos;220010;paulistana;2207801;paulistana
22;piauí;2206;floriano;220019;canto do buriti;2207850;pavussu
22;piauí;2202;parnaíba;220007;piripiri;2207900;pedro ii
22;piauí;2204;são raimundo nonato;220014;são joão do piauí;2207934;pedro laurentino
22;piauí;2203;picos;220009;picos;2208007;picos
22;piauí;2201;teresina;220004;valença do piauí;2208106;pimenteiras
22;piauí;2203;picos;220009;picos;2208205;pio ix
22;piauí;2202;parnaíba;220007;piripiri;2208304;piracuruca
22;piauí;2202;parnaíba;220007;piripiri;2208403;piripiri
22;piauí;2201;teresina;220005;barras;2208502;porto
22;piauí;2206;floriano;220017;floriano;2208551;porto alegre do piauí
22;piauí;2201;teresina;220002;amarante - água branca - regeneração;2208601;prata do piauí
22;piauí;2203;picos;220010;paulistana;2208650;queimada nova
22;piauí;2205;corrente - bom jesus;220016;bom jesus;2208700;redenção do gurguéia
22;piauí;2201;teresina;220002;amarante - água branca - regeneração;2208809;regeneração
22;piauí;2205;corrente - bom jesus;220015;corrente;2208858;riacho frio
22;piauí;2204;são raimundo nonato;220014;são joão do piauí;2208874;ribeira do piauí
22;piauí;2206;floriano;220018;uruçuí;2208908;ribeiro gonçalves
22;piauí;2206;floriano;220019;canto do buriti;2209005;rio grande do piauí
22;piauí;2203;picos;220009;picos;2209104;santa cruz do piauí
22;piauí;2201;teresina;220004;valença do piauí;2209153;santa cruz dos milagres
22;piauí;2205;corrente - bom jesus;220015;corrente;2209203;santa filomena
22;piauí;2205;corrente - bom jesus;220016;bom jesus;2209302;santa luz
22;piauí;2203;picos;220011;oeiras;2209377;santa rosa do piauí
22;piauí;2203;picos;220009;picos;2209351;santana do piauí
22;piauí;2203;picos;220009;picos;2209401;santo antônio de lisboa
22;piauí;2201;teresina;220002;amarante - água branca - regeneração;2209450;santo antônio dos milagres
22;piauí;2203;picos;220011;oeiras;2209500;santo inácio do piauí
22;piauí;2205;corrente - bom jesus;220015;corrente;2210623;sebastião barros
22;piauí;2206;floriano;220018;uruçuí;2210631;sebastião leal
22;piauí;2201;teresina;220003;campo maior;2210656;sigefredo pacheco
22;piauí;2203;picos;220012;simplício mendes;2210805;simplício mendes
22;piauí;2203;picos;220010;paulistana;2210706;simões
22;piauí;2203;picos;220012;simplício mendes;2210904;socorro do piauí
22;piauí;2203;picos;220009;picos;2210938;sussuapara
22;piauí;2204;são raimundo nonato;220013;são raimundo nonato;2209559;são braz do piauí
22;piauí;2203;picos;220012;simplício mendes;2209658;são francisco de assis do piauí
22;piauí;2206;floriano;220017;floriano;2209708;são francisco do piauí
22;piauí;2201;teresina;220002;amarante - água branca - regeneração;2209609;são félix do piauí
22;piauí;2205;corrente - bom jesus;220015;corrente;2209757;são gonçalo do gurguéia
22;piauí;2201;teresina;220002;amarante - água branca - regeneração;2209807;são gonçalo do piauí
22;piauí;2202;parnaíba;220007;piripiri;2210052;são josé do divino
22;piauí;2206;floriano;220017;floriano;2210102;são josé do peixe
22;piauí;2203;picos;220009;picos;2210201;são josé do piauí
22;piauí;2203;picos;220009;picos;2209856;são joão da canabrava
22;piauí;2202;parnaíba;220007;piripiri;2209872;são joão da fronteira
22;piauí;2201;teresina;220003;campo maior;2209906;são joão da serra
22;piauí;2203;picos;220011;oeiras;2209955;são joão da varjota
22;piauí;2202;parnaíba;220008;esperantina;2209971;são joão do arraial
22;piauí;2204;são raimundo nonato;220014;são joão do piauí;2210003;são joão do piauí
22;piauí;2203;picos;220009;picos;2210300;são julião
22;piauí;2204;são raimundo nonato;220013;são raimundo nonato;2210359;são lourenço do piauí
22;piauí;2203;picos;220009;picos;2210375;são luis do piauí
22;piauí;2201;teresina;220002;amarante - água branca - regeneração;2210383;são miguel da baixa grande
22;piauí;2203;picos;220011;oeiras;2210391;são miguel do fidalgo
22;piauí;2201;teresina;220003;campo maior;2210409;são miguel do tapuio
22;piauí;2201;teresina;220002;amarante - água branca - regeneração;2210508;são pedro do piauí
22;piauí;2204;são raimundo nonato;220013;são raimundo nonato;2210607;são raimundo nonato
22;piauí;2206;floriano;220019;canto do buriti;2210953;tamboril do piauí
22;piauí;2203;picos;220011;oeiras;2210979;tanque do piauí
22;piauí;2201;teresina;220001;teresina;2211001;teresina
22;piauí;2201;teresina;220001;teresina;2211100;união
22;piauí;2206;floriano;220018;uruçuí;2211209;uruçuí
22;piauí;2201;teresina;220004;valença do piauí;2211308;valença do piauí
22;piauí;2203;picos;220009;picos;2211506;vera mendes
22;piauí;2203;picos;220009;picos;2211605;vila nova do piauí
22;piauí;2204;são raimundo nonato;220013;são raimundo nonato;2211357;várzea branca
22;piauí;2201;teresina;220002;amarante - água branca - regeneração;2211407;várzea grande
22;piauí;2203;picos;220009;picos;2211704;wall ferraz
22;piauí;2201;teresina;220002;amarante - água branca - regeneração;2200202;água branca
23;ceará;2304;juazeiro do norte;230012;brejo santo;2300101;abaiara
23;ceará;2301;fortaleza;230003;redenção-acarape;2300150;acarape
23;ceará;2306;sobral;230017;acaraú;2300200;acaraú
23;ceará;2303;iguatu;230009;iguatu;2300309;acopiara
23;ceará;2304;juazeiro do norte;230011;juazeiro do norte;2300408;aiuaba
23;ceará;2306;sobral;230015;sobral;2300507;alcântaras
23;ceará;2304;juazeiro do norte;230011;juazeiro do norte;2300606;altaneira
23;ceará;2302;quixadá;230007;russas - limoeiro do norte;2300705;alto santo
23;ceará;2301;fortaleza;230002;itapipoca;2300754;amontada
23;ceará;2304;juazeiro do norte;230011;juazeiro do norte;2300804;antonina do norte
23;ceará;2301;fortaleza;230005;itapagé;2300903;apuiarés
23;ceará;2301;fortaleza;230001;fortaleza;2301000;aquiraz
23;ceará;2302;quixadá;230008;aracati;2301109;aracati
23;ceará;2301;fortaleza;230003;redenção-acarape;2301208;aracoiaba
23;ceará;2305;crateús;230013;crateús;2301257;ararendá
23;ceará;2304;juazeiro do norte;230011;juazeiro do norte;2301307;araripe
23;ceará;2301;fortaleza;230003;redenção-acarape;2301406;aratuba
23;ceará;2305;crateús;230014;tauá;2301505;arneiroz
23;ceará;2304;juazeiro do norte;230011;juazeiro do norte;2301604;assaré
23;ceará;2304;juazeiro do norte;230011;juazeiro do norte;2301703;aurora
23;ceará;2303;iguatu;230010;icó;2301802;baixio
23;ceará;2302;quixadá;230006;quixadá;2301851;banabuiú
23;ceará;2304;juazeiro do norte;230011;juazeiro do norte;2301901;barbalha
23;ceará;2301;fortaleza;230003;redenção-acarape;2301950;barreira
23;ceará;2304;juazeiro do norte;230012;brejo santo;2302008;barro
23;ceará;2306;sobral;230018;camocim;2302057;barroquinha
23;ceará;2301;fortaleza;230003;redenção-acarape;2302107;baturité
23;ceará;2301;fortaleza;230001;fortaleza;2302206;beberibe
23;ceará;2306;sobral;230017;acaraú;2302305;bela cruz
23;ceará;2301;fortaleza;230004;canindé;2302404;boa viagem
23;ceará;2304;juazeiro do norte;230012;brejo santo;2302503;brejo santo
23;ceará;2306;sobral;230018;camocim;2302602;camocim
23;ceará;2304;juazeiro do norte;230011;juazeiro do norte;2302701;campos sales
23;ceará;2301;fortaleza;230004;canindé;2302800;canindé
23;ceará;2301;fortaleza;230003;redenção-acarape;2302909;capistrano
23;ceará;2301;fortaleza;230004;canindé;2303006;caridade
23;ceará;2304;juazeiro do norte;230011;juazeiro do norte;2303204;caririaçu
23;ceará;2306;sobral;230015;sobral;2303105;cariré
23;ceará;2303;iguatu;230009;iguatu;2303303;cariús
23;ceará;2306;sobral;230016;são benedito - ipu - guaraciaba do norte - tianguá;2303402;carnaubal
23;ceará;2301;fortaleza;230001;fortaleza;2303501;cascavel
23;ceará;2303;iguatu;230009;iguatu;2303600;catarina
23;ceará;2306;sobral;230015;sobral;2303659;catunda
23;ceará;2301;fortaleza;230001;fortaleza;2303709;caucaia
23;ceará;2303;iguatu;230009;iguatu;2303808;cedro
23;ceará;2306;sobral;230018;camocim;2303907;chaval
23;ceará;2301;fortaleza;230001;fortaleza;2303956;chorozinho
23;ceará;2302;quixadá;230006;quixadá;2303931;choró
23;ceará;2306;sobral;230015;sobral;2304004;coreaú
23;ceará;2305;crateús;230013;crateús;2304103;crateús
23;ceará;2304;juazeiro do norte;230011;juazeiro do norte;2304202;crato
23;ceará;2306;sobral;230016;são benedito - ipu - guaraciaba do norte - tianguá;2304236;croatá
23;ceará;2306;sobral;230017;acaraú;2304251;cruz
23;ceará;2302;quixadá;230006;quixadá;2304269;deputado irapuan pinheiro
23;ceará;2302;quixadá;230007;russas - limoeiro do norte;2304277;ereré
23;ceará;2301;fortaleza;230001;fortaleza;2304285;eusébio
23;ceará;2304;juazeiro do norte;230011;juazeiro do norte;2304301;farias brito
23;ceará;2306;sobral;230015;sobral;2304350;forquilha
23;ceará;2301;fortaleza;230001;fortaleza;2304400;fortaleza
23;ceará;2302;quixadá;230008;aracati;2304459;fortim
23;ceará;2306;sobral;230015;sobral;2304509;frecheirinha
23;ceará;2301;fortaleza;230005;itapagé;2304608;general sampaio
23;ceará;2306;sobral;230018;camocim;2304707;granja
23;ceará;2304;juazeiro do norte;230011;juazeiro do norte;2304806;granjeiro
23;ceará;2306;sobral;230015;sobral;2304657;graça
23;ceará;2306;sobral;230015;sobral;2304905;groaíras
23;ceará;2301;fortaleza;230001;fortaleza;2304954;guaiúba
23;ceará;2306;sobral;230016;são benedito - ipu - guaraciaba do norte - tianguá;2305001;guaraciaba do norte
23;ceará;2301;fortaleza;230003;redenção-acarape;2305100;guaramiranga
23;ceará;2306;sobral;230015;sobral;2305209;hidrolândia
23;ceará;2301;fortaleza;230001;fortaleza;2305233;horizonte
23;ceará;2302;quixadá;230006;quixadá;2305266;ibaretama
23;ceará;2306;sobral;230016;são benedito - ipu - guaraciaba do norte - tianguá;2305308;ibiapina
23;ceará;2302;quixadá;230006;quixadá;2305332;ibicuitinga
23;ceará;2302;quixadá;230008;aracati;2305357;icapuí
23;ceará;2303;iguatu;230010;icó;2305407;icó
23;ceará;2303;iguatu;230009;iguatu;2305506;iguatu
23;ceará;2305;crateús;230013;crateús;2305605;independência
23;ceará;2305;crateús;230013;crateús;2305654;ipaporanga
23;ceará;2303;iguatu;230010;icó;2305704;ipaumirim
23;ceará;2306;sobral;230016;são benedito - ipu - guaraciaba do norte - tianguá;2305803;ipu
23;ceará;2306;sobral;230016;são benedito - ipu - guaraciaba do norte - tianguá;2305902;ipueiras
23;ceará;2302;quixadá;230007;russas - limoeiro do norte;2306009;iracema
23;ceará;2301;fortaleza;230005;itapagé;2306108;irauçuba
23;ceará;2301;fortaleza;230001;fortaleza;2306256;itaitinga
23;ceará;2302;quixadá;230008;aracati;2306207;itaiçaba
23;ceará;2301;fortaleza;230005;itapagé;2306306;itapajé
23;ceará;2301;fortaleza;230002;itapipoca;2306405;itapipoca
23;ceará;2301;fortaleza;230003;redenção-acarape;2306504;itapiúna
23;ceará;2306;sobral;230017;acaraú;2306553;itarema
23;ceará;2301;fortaleza;230004;canindé;2306603;itatira
23;ceará;2302;quixadá;230007;russas - limoeiro do norte;2306702;jaguaretama
23;ceará;2302;quixadá;230007;russas - limoeiro do norte;2306801;jaguaribara
23;ceará;2302;quixadá;230007;russas - limoeiro do norte;2306900;jaguaribe
23;ceará;2302;quixadá;230008;aracati;2307007;jaguaruana
23;ceará;2304;juazeiro do norte;230011;juazeiro do norte;2307106;jardim
23;ceará;2304;juazeiro do norte;230012;brejo santo;2307205;jati
23;ceará;2306;sobral;230017;acaraú;2307254;jijoca de jericoacoara
23;ceará;2304;juazeiro do norte;230011;juazeiro do norte;2307304;juazeiro do norte
23;ceará;2303;iguatu;230009;iguatu;2307403;jucás
23;ceará;2304;juazeiro do norte;230011;juazeiro do norte;2307502;lavras da mangabeira
23;ceará;2302;quixadá;230007;russas - limoeiro do norte;2307601;limoeiro do norte
23;ceará;2301;fortaleza;230004;canindé;2307635;madalena
23;ceará;2301;fortaleza;230001;fortaleza;2307650;maracanaú
23;ceará;2301;fortaleza;230001;fortaleza;2307700;maranguape
23;ceará;2306;sobral;230017;acaraú;2307809;marco
23;ceará;2306;sobral;230015;sobral;2307908;martinópole
23;ceará;2306;sobral;230015;sobral;2308005;massapê
23;ceará;2304;juazeiro do norte;230012;brejo santo;2308104;mauriti
23;ceará;2306;sobral;230015;sobral;2308203;meruoca
23;ceará;2304;juazeiro do norte;230012;brejo santo;2308302;milagres
23;ceará;2302;quixadá;230006;quixadá;2308351;milhã
23;ceará;2301;fortaleza;230002;itapipoca;2308377;miraíma
23;ceará;2304;juazeiro do norte;230011;juazeiro do norte;2308401;missão velha
23;ceará;2303;iguatu;230009;iguatu;2308500;mombaça
23;ceará;2305;crateús;230013;crateús;2308609;monsenhor tabosa
23;ceará;2302;quixadá;230007;russas - limoeiro do norte;2308708;morada nova
23;ceará;2306;sobral;230015;sobral;2308807;moraújo
23;ceará;2306;sobral;230015;sobral;2308906;morrinhos
23;ceará;2306;sobral;230015;sobral;2309003;mucambo
23;ceará;2301;fortaleza;230003;redenção-acarape;2309102;mulungu
23;ceará;2304;juazeiro do norte;230011;juazeiro do norte;2309201;nova olinda
23;ceará;2305;crateús;230013;crateús;2309300;nova russas
23;ceará;2305;crateús;230013;crateús;2309409;novo oriente
23;ceará;2301;fortaleza;230003;redenção-acarape;2309458;ocara
23;ceará;2303;iguatu;230010;icó;2309508;orós
23;ceará;2301;fortaleza;230001;fortaleza;2309607;pacajus
23;ceará;2301;fortaleza;230001;fortaleza;2309706;pacatuba
23;ceará;2301;fortaleza;230003;redenção-acarape;2309805;pacoti
23;ceará;2306;sobral;230015;sobral;2309904;pacujá
23;ceará;2302;quixadá;230007;russas - limoeiro do norte;2310001;palhano
23;ceará;2301;fortaleza;230001;fortaleza;2310100;palmácia
23;ceará;2301;fortaleza;230001;fortaleza;2310209;paracuru
23;ceará;2301;fortaleza;230001;fortaleza;2310258;paraipaba
23;ceará;2305;crateús;230014;tauá;2310308;parambu
23;ceará;2301;fortaleza;230004;canindé;2310407;paramoti
23;ceará;2302;quixadá;230006;quixadá;2310506;pedra branca
23;ceará;2304;juazeiro do norte;230012;brejo santo;2310605;penaforte
23;ceará;2301;fortaleza;230005;itapagé;2310704;pentecoste
23;ceará;2302;quixadá;230007;russas - limoeiro do norte;2310803;pereiro
23;ceará;2301;fortaleza;230001;fortaleza;2310852;pindoretama
23;ceará;2303;iguatu;230009;iguatu;2310902;piquet carneiro
23;ceará;2306;sobral;230016;são benedito - ipu - guaraciaba do norte - tianguá;2310951;pires ferreira
23;ceará;2305;crateús;230013;crateús;2311009;poranga
23;ceará;2304;juazeiro do norte;230012;brejo santo;2311108;porteiras
23;ceará;2304;juazeiro do norte;230011;juazeiro do norte;2311207;potengi
23;ceará;2302;quixadá;230007;russas - limoeiro do norte;2311231;potiretama
23;ceará;2305;crateús;230013;crateús;2311264;quiterianópolis
23;ceará;2302;quixadá;230006;quixadá;2311306;quixadá
23;ceará;2303;iguatu;230009;iguatu;2311355;quixelô
23;ceará;2302;quixadá;230006;quixadá;2311405;quixeramobim
23;ceará;2302;quixadá;230007;russas - limoeiro do norte;2311504;quixeré
23;ceará;2301;fortaleza;230003;redenção-acarape;2311603;redenção
23;ceará;2306;sobral;230015;sobral;2311702;reriutaba
23;ceará;2302;quixadá;230007;russas - limoeiro do norte;2311801;russas
23;ceará;2303;iguatu;230009;iguatu;2311900;saboeiro
23;ceará;2304;juazeiro do norte;230011;juazeiro do norte;2311959;salitre
23;ceará;2306;sobral;230015;sobral;2312205;santa quitéria
23;ceará;2306;sobral;230015;sobral;2312007;santana do acaraú
23;ceará;2304;juazeiro do norte;230011;juazeiro do norte;2312106;santana do cariri
23;ceará;2302;quixadá;230006;quixadá;2312700;senador pompeu
23;ceará;2306;sobral;230015;sobral;2312809;senador sá
23;ceará;2306;sobral;230015;sobral;2312908;sobral
23;ceará;2302;quixadá;230006;quixadá;2313005;solonópole
23;ceará;2306;sobral;230016;são benedito - ipu - guaraciaba do norte - tianguá;2312304;são benedito
23;ceará;2301;fortaleza;230001;fortaleza;2312403;são gonçalo do amarante
23;ceará;2302;quixadá;230007;russas - limoeiro do norte;2312502;são joão do jaguaribe
23;ceará;2301;fortaleza;230001;fortaleza;2312601;são luís do curu
23;ceará;2302;quixadá;230007;russas - limoeiro do norte;2313104;tabuleiro do norte
23;ceará;2305;crateús;230013;crateús;2313203;tamboril
23;ceará;2304;juazeiro do norte;230011;juazeiro do norte;2313252;tarrafas
23;ceará;2305;crateús;230014;tauá;2313302;tauá
23;ceará;2301;fortaleza;230005;itapagé;2313351;tejuçuoca
23;ceará;2306;sobral;230016;são benedito - ipu - guaraciaba do norte - tianguá;2313401;tianguá
23;ceará;2301;fortaleza;230002;itapipoca;2313500;trairi
23;ceará;2301;fortaleza;230002;itapipoca;2313559;tururu
23;ceará;2306;sobral;230016;são benedito - ipu - guaraciaba do norte - tianguá;2313609;ubajara
23;ceará;2303;iguatu;230010;icó;2313708;umari
23;ceará;2301;fortaleza;230002;itapipoca;2313757;umirim
23;ceará;2301;fortaleza;230002;itapipoca;2313807;uruburetama
23;ceará;2306;sobral;230015;sobral;2313906;uruoca
23;ceará;2306;sobral;230015;sobral;2313955;varjota
23;ceará;2306;sobral;230016;são benedito - ipu - guaraciaba do norte - tianguá;2314102;viçosa do ceará
23;ceará;2304;juazeiro do norte;230011;juazeiro do norte;2314003;várzea alegre
24;rio grande do norte;2402;caicó;240008;currais novos;2400109;acari
24;rio grande do norte;2403;mossoró;240011;açu;2400307;afonso bezerra
24;rio grande do norte;2403;mossoró;240010;pau dos ferros;2400505;alexandria
24;rio grande do norte;2403;mossoró;240010;pau dos ferros;2400604;almino afonso
24;rio grande do norte;2403;mossoró;240011;açu;2400703;alto do rodrigues
24;rio grande do norte;2403;mossoró;240011;açu;2400802;angicos
24;rio grande do norte;2403;mossoró;240010;pau dos ferros;2400901;antônio martins
24;rio grande do norte;2403;mossoró;240009;mossoró;2401008;apodi
24;rio grande do norte;2403;mossoró;240009;mossoró;2401107;areia branca
24;rio grande do norte;2401;natal;240003;canguaretama;2401206;arês
24;rio grande do norte;2403;mossoró;240011;açu;2400208;açu
24;rio grande do norte;2403;mossoró;240009;mossoró;2401453;baraúna
24;rio grande do norte;2401;natal;240006;são paulo do potengi;2401503;barcelona
24;rio grande do norte;2401;natal;240003;canguaretama;2401404;baía formosa
24;rio grande do norte;2401;natal;240001;natal;2401602;bento fernandes
24;rio grande do norte;2402;caicó;240008;currais novos;2401651;bodó
24;rio grande do norte;2401;natal;240001;natal;2401701;bom jesus
24;rio grande do norte;2401;natal;240001;natal;2401800;brejinho
24;rio grande do norte;2402;caicó;240007;caicó;2402006;caicó
24;rio grande do norte;2401;natal;240005;joão câmara;2401859;caiçara do norte
24;rio grande do norte;2401;natal;240006;são paulo do potengi;2401909;caiçara do rio do vento
24;rio grande do norte;2403;mossoró;240009;mossoró;2401305;campo grande
24;rio grande do norte;2401;natal;240004;santa cruz;2402105;campo redondo
24;rio grande do norte;2401;natal;240003;canguaretama;2402204;canguaretama
24;rio grande do norte;2403;mossoró;240009;mossoró;2402303;caraúbas
24;rio grande do norte;2403;mossoró;240011;açu;2402501;carnaubais
24;rio grande do norte;2402;caicó;240008;currais novos;2402402;carnaúba dos dantas
24;rio grande do norte;2401;natal;240001;natal;2402600;ceará-mirim
24;rio grande do norte;2402;caicó;240008;currais novos;2402709;cerro corá
24;rio grande do norte;2401;natal;240004;santa cruz;2402808;coronel ezequiel
24;rio grande do norte;2403;mossoró;240010;pau dos ferros;2402907;coronel joão pessoa
24;rio grande do norte;2402;caicó;240007;caicó;2403004;cruzeta
24;rio grande do norte;2402;caicó;240008;currais novos;2403103;currais novos
24;rio grande do norte;2403;mossoró;240010;pau dos ferros;2403202;doutor severiano
24;rio grande do norte;2403;mossoró;240010;pau dos ferros;2403301;encanto
24;rio grande do norte;2402;caicó;240007;caicó;2403400;equador
24;rio grande do norte;2401;natal;240003;canguaretama;2403509;espírito santo
24;rio grande do norte;2401;natal;240001;natal;2403608;extremoz
24;rio grande do norte;2403;mossoró;240009;mossoró;2403707;felipe guerra
24;rio grande do norte;2403;mossoró;240011;açu;2403756;fernando pedroza
24;rio grande do norte;2402;caicó;240008;currais novos;2403806;florânia
24;rio grande do norte;2403;mossoró;240010;pau dos ferros;2403905;francisco dantas
24;rio grande do norte;2403;mossoró;240010;pau dos ferros;2404002;frutuoso gomes
24;rio grande do norte;2401;natal;240005;joão câmara;2404101;galinhos
24;rio grande do norte;2401;natal;240003;canguaretama;2404200;goianinha
24;rio grande do norte;2403;mossoró;240009;mossoró;2404309;governador dix-sept rosado
24;rio grande do norte;2403;mossoró;240009;mossoró;2404408;grossos
24;rio grande do norte;2403;mossoró;240011;açu;2404507;guamaré
24;rio grande do norte;2401;natal;240001;natal;2404606;ielmo marinho
24;rio grande do norte;2403;mossoró;240011;açu;2404705;ipanguaçu
24;rio grande do norte;2402;caicó;240007;caicó;2404804;ipueira
24;rio grande do norte;2403;mossoró;240011;açu;2404853;itajá
24;rio grande do norte;2403;mossoró;240009;mossoró;2404903;itaú
24;rio grande do norte;2401;natal;240005;joão câmara;2405108;jandaíra
24;rio grande do norte;2403;mossoró;240009;mossoró;2405207;janduís
24;rio grande do norte;2401;natal;240002;santo antônio - passa e fica - nova cruz;2405306;januário cicco
24;rio grande do norte;2401;natal;240004;santa cruz;2405405;japi
24;rio grande do norte;2401;natal;240005;joão câmara;2405504;jardim de angicos
24;rio grande do norte;2402;caicó;240007;caicó;2405603;jardim de piranhas
24;rio grande do norte;2402;caicó;240007;caicó;2405702;jardim do seridó
24;rio grande do norte;2401;natal;240004;santa cruz;2405009;jaçanã
24;rio grande do norte;2403;mossoró;240010;pau dos ferros;2406007;josé da penha
24;rio grande do norte;2401;natal;240005;joão câmara;2405801;joão câmara
24;rio grande do norte;2403;mossoró;240010;pau dos ferros;2405900;joão dias
24;rio grande do norte;2402;caicó;240007;caicó;2406106;jucurutu
24;rio grande do norte;2401;natal;240001;natal;2406155;jundiá
24;rio grande do norte;2401;natal;240002;santo antônio - passa e fica - nova cruz;2406205;lagoa d'anta
24;rio grande do norte;2401;natal;240002;santo antônio - passa e fica - nova cruz;2406304;lagoa de pedras
24;rio grande do norte;2401;natal;240006;são paulo do potengi;2406403;lagoa de velhos
24;rio grande do norte;2402;caicó;240008;currais novos;2406502;lagoa nova
24;rio grande do norte;2401;natal;240001;natal;2406601;lagoa salgada
24;rio grande do norte;2403;mossoró;240011;açu;2406700;lajes
24;rio grande do norte;2401;natal;240004;santa cruz;2406809;lajes pintadas
24;rio grande do norte;2403;mossoró;240010;pau dos ferros;2406908;lucrécia
24;rio grande do norte;2403;mossoró;240010;pau dos ferros;2407005;luís gomes
24;rio grande do norte;2403;mossoró;240011;açu;2407203;macau
24;rio grande do norte;2401;natal;240001;natal;2407104;macaíba
24;rio grande do norte;2403;mossoró;240010;pau dos ferros;2407252;major sales
24;rio grande do norte;2403;mossoró;240010;pau dos ferros;2407302;marcelino vieira
24;rio grande do norte;2403;mossoró;240010;pau dos ferros;2407401;martins
24;rio grande do norte;2401;natal;240001;natal;2407500;maxaranguape
24;rio grande do norte;2403;mossoró;240009;mossoró;2407609;messias targino
24;rio grande do norte;2401;natal;240003;canguaretama;2407708;montanhas
24;rio grande do norte;2401;natal;240001;natal;2407807;monte alegre
24;rio grande do norte;2401;natal;240002;santo antônio - passa e fica - nova cruz;2407906;monte das gameleiras
24;rio grande do norte;2403;mossoró;240009;mossoró;2408003;mossoró
24;rio grande do norte;2401;natal;240001;natal;2408102;natal
24;rio grande do norte;2401;natal;240002;santo antônio - passa e fica - nova cruz;2408300;nova cruz
24;rio grande do norte;2401;natal;240001;natal;2408201;nísia floresta
24;rio grande do norte;2403;mossoró;240010;pau dos ferros;2408409;olho d'água do borges
24;rio grande do norte;2402;caicó;240007;caicó;2408508;ouro branco
24;rio grande do norte;2403;mossoró;240010;pau dos ferros;2408607;paraná
24;rio grande do norte;2401;natal;240005;joão câmara;2408805;parazinho
24;rio grande do norte;2403;mossoró;240011;açu;2408706;paraú
24;rio grande do norte;2402;caicó;240007;caicó;2408904;parelhas
24;rio grande do norte;2401;natal;240001;natal;2403251;parnamirim
24;rio grande do norte;2401;natal;240002;santo antônio - passa e fica - nova cruz;2409100;passa e fica
24;rio grande do norte;2401;natal;240002;santo antônio - passa e fica - nova cruz;2409209;passagem
24;rio grande do norte;2403;mossoró;240010;pau dos ferros;2409308;patu
24;rio grande do norte;2403;mossoró;240010;pau dos ferros;2409407;pau dos ferros
24;rio grande do norte;2401;natal;240005;joão câmara;2409506;pedra grande
24;rio grande do norte;2401;natal;240005;joão câmara;2409605;pedra preta
24;rio grande do norte;2401;natal;240005;joão câmara;2409704;pedro avelino
24;rio grande do norte;2401;natal;240003;canguaretama;2409803;pedro velho
24;rio grande do norte;2403;mossoró;240011;açu;2409902;pendências
24;rio grande do norte;2403;mossoró;240010;pau dos ferros;2410009;pilões
24;rio grande do norte;2403;mossoró;240010;pau dos ferros;2410207;portalegre
24;rio grande do norte;2403;mossoró;240011;açu;2410256;porto do mangue
24;rio grande do norte;2401;natal;240001;natal;2410108;poço branco
24;rio grande do norte;2401;natal;240001;natal;2410405;pureza
24;rio grande do norte;2403;mossoró;240010;pau dos ferros;2410504;rafael fernandes
24;rio grande do norte;2403;mossoró;240010;pau dos ferros;2410603;rafael godeiro
24;rio grande do norte;2403;mossoró;240010;pau dos ferros;2410702;riacho da cruz
24;rio grande do norte;2403;mossoró;240010;pau dos ferros;2410801;riacho de santana
24;rio grande do norte;2401;natal;240006;são paulo do potengi;2410900;riachuelo
24;rio grande do norte;2401;natal;240001;natal;2408953;rio do fogo
24;rio grande do norte;2403;mossoró;240009;mossoró;2411007;rodolfo fernandes
24;rio grande do norte;2401;natal;240006;são paulo do potengi;2411106;ruy barbosa
24;rio grande do norte;2401;natal;240004;santa cruz;2411205;santa cruz
24;rio grande do norte;2401;natal;240006;são paulo do potengi;2409332;santa maria
24;rio grande do norte;2403;mossoró;240011;açu;2411403;santana do matos
24;rio grande do norte;2402;caicó;240007;caicó;2411429;santana do seridó
24;rio grande do norte;2401;natal;240002;santo antônio - passa e fica - nova cruz;2411502;santo antônio
24;rio grande do norte;2401;natal;240006;são paulo do potengi;2413102;senador elói de souza
24;rio grande do norte;2401;natal;240001;natal;2413201;senador georgino avelino
24;rio grande do norte;2401;natal;240002;santo antônio - passa e fica - nova cruz;2410306;serra caiada
24;rio grande do norte;2401;natal;240002;santo antônio - passa e fica - nova cruz;2413300;serra de são bento
24;rio grande do norte;2403;mossoró;240009;mossoró;2413359;serra do mel
24;rio grande do norte;2402;caicó;240007;caicó;2413409;serra negra do norte
24;rio grande do norte;2401;natal;240002;santo antônio - passa e fica - nova cruz;2413508;serrinha
24;rio grande do norte;2403;mossoró;240010;pau dos ferros;2413557;serrinha dos pintos
24;rio grande do norte;2403;mossoró;240009;mossoró;2413607;severiano melo
24;rio grande do norte;2401;natal;240005;joão câmara;2411601;são bento do norte
24;rio grande do norte;2401;natal;240004;santa cruz;2411700;são bento do trairí
24;rio grande do norte;2402;caicó;240007;caicó;2411809;são fernando
24;rio grande do norte;2403;mossoró;240010;pau dos ferros;2411908;são francisco do oeste
24;rio grande do norte;2401;natal;240001;natal;2412005;são gonçalo do amarante
24;rio grande do norte;2401;natal;240001;natal;2412203;são josé de mipibu
24;rio grande do norte;2401;natal;240002;santo antônio - passa e fica - nova cruz;2412302;são josé do campestre
24;rio grande do norte;2402;caicó;240007;caicó;2412401;são josé do seridó
24;rio grande do norte;2402;caicó;240007;caicó;2412104;são joão do sabugi
24;rio grande do norte;2403;mossoró;240010;pau dos ferros;2412500;são miguel
24;rio grande do norte;2401;natal;240001;natal;2412559;são miguel do gostoso
24;rio grande do norte;2401;natal;240006;são paulo do potengi;2412609;são paulo do potengi
24;rio grande do norte;2401;natal;240006;são paulo do potengi;2412708;são pedro
24;rio grande do norte;2403;mossoró;240011;açu;2412807;são rafael
24;rio grande do norte;2401;natal;240006;são paulo do potengi;2412906;são tomé
24;rio grande do norte;2402;caicó;240008;currais novos;2413003;são vicente
24;rio grande do norte;2401;natal;240004;santa cruz;2413706;sítio novo
24;rio grande do norte;2403;mossoró;240010;pau dos ferros;2413805;taboleiro grande
24;rio grande do norte;2401;natal;240001;natal;2413904;taipu
24;rio grande do norte;2401;natal;240004;santa cruz;2414001;tangará
24;rio grande do norte;2403;mossoró;240010;pau dos ferros;2414100;tenente ananias
24;rio grande do norte;2402;caicó;240008;currais novos;2414159;tenente laurentino cruz
24;rio grande do norte;2403;mossoró;240009;mossoró;2411056;tibau
24;rio grande do norte;2401;natal;240003;canguaretama;2414209;tibau do sul
24;rio grande do norte;2402;caicó;240007;caicó;2414308;timbaúba dos batistas
24;rio grande do norte;2401;natal;240001;natal;2414407;touros
24;rio grande do norte;2403;mossoró;240011;açu;2414456;triunfo potiguar
24;rio grande do norte;2403;mossoró;240010;pau dos ferros;2414506;umarizal
24;rio grande do norte;2403;mossoró;240009;mossoró;2414605;upanema
24;rio grande do norte;2403;mossoró;240010;pau dos ferros;2414753;venha-ver
24;rio grande do norte;2401;natal;240001;natal;2414803;vera cruz
24;rio grande do norte;2401;natal;240003;canguaretama;2415008;vila flor
24;rio grande do norte;2403;mossoró;240010;pau dos ferros;2414902;viçosa
24;rio grande do norte;2401;natal;240002;santo antônio - passa e fica - nova cruz;2414704;várzea
24;rio grande do norte;2403;mossoró;240010;pau dos ferros;2400406;água nova
25;paraíba;2503;patos;250010;itaporanga;2500205;aguiar
25;paraíba;2502;campina grande;250005;campina grande;2500304;alagoa grande
25;paraíba;2502;campina grande;250005;campina grande;2500403;alagoa nova
25;paraíba;2501;joão pessoa;250002;guarabira;2500502;alagoinha
25;paraíba;2502;campina grande;250005;campina grande;2500536;alcantil
25;paraíba;2502;campina grande;250005;campina grande;2500577;algodão de jandaíra
25;paraíba;2501;joão pessoa;250001;joão pessoa;2500601;alhandra
25;paraíba;2502;campina grande;250008;sumé;2500734;amparo
25;paraíba;2504;sousa - cajazeiras;250014;sousa;2500775;aparecida
25;paraíba;2501;joão pessoa;250002;guarabira;2500908;arara
25;paraíba;2501;joão pessoa;250002;guarabira;2501005;araruna
25;paraíba;2501;joão pessoa;250002;guarabira;2500809;araçagi
25;paraíba;2502;campina grande;250005;campina grande;2501104;areia
25;paraíba;2503;patos;250009;patos;2501153;areia de baraúnas
25;paraíba;2502;campina grande;250005;campina grande;2501203;areial
25;paraíba;2502;campina grande;250005;campina grande;2501302;aroeiras
25;paraíba;2502;campina grande;250005;campina grande;2501351;assunção
25;paraíba;2501;joão pessoa;250002;guarabira;2501500;bananeiras
25;paraíba;2502;campina grande;250006;cuité - nova floresta;2501534;baraúna
25;paraíba;2502;campina grande;250006;cuité - nova floresta;2501609;barra de santa rosa
25;paraíba;2502;campina grande;250005;campina grande;2501575;barra de santana
25;paraíba;2502;campina grande;250005;campina grande;2501708;barra de são miguel
25;paraíba;2501;joão pessoa;250001;joão pessoa;2501807;bayeux
25;paraíba;2501;joão pessoa;250003;mamanguape - rio tinto;2501401;baía da traição
25;paraíba;2501;joão pessoa;250002;guarabira;2501906;belém
25;paraíba;2503;patos;250011;catolé do rocha - são bento;2502003;belém do brejo do cruz
25;paraíba;2504;sousa - cajazeiras;250014;sousa;2502052;bernardino batista
25;paraíba;2503;patos;250010;itaporanga;2502102;boa ventura
25;paraíba;2502;campina grande;250005;campina grande;2502151;boa vista
25;paraíba;2504;sousa - cajazeiras;250015;cajazeiras;2502201;bom jesus
25;paraíba;2503;patos;250011;catolé do rocha - são bento;2502300;bom sucesso
25;paraíba;2504;sousa - cajazeiras;250015;cajazeiras;2502409;bonito de santa fé
25;paraíba;2502;campina grande;250005;campina grande;2502508;boqueirão
25;paraíba;2501;joão pessoa;250002;guarabira;2502706;borborema
25;paraíba;2503;patos;250011;catolé do rocha - são bento;2502805;brejo do cruz
25;paraíba;2503;patos;250011;catolé do rocha - são bento;2502904;brejo dos santos
25;paraíba;2501;joão pessoa;250001;joão pessoa;2503001;caaporã
25;paraíba;2502;campina grande;250005;campina grande;2503100;cabaceiras
25;paraíba;2501;joão pessoa;250001;joão pessoa;2503209;cabedelo
25;paraíba;2504;sousa - cajazeiras;250015;cajazeiras;2503308;cachoeira dos índios
25;paraíba;2503;patos;250009;patos;2503407;cacimba de areia
25;paraíba;2501;joão pessoa;250002;guarabira;2503506;cacimba de dentro
25;paraíba;2503;patos;250009;patos;2503555;cacimbas
25;paraíba;2501;joão pessoa;250002;guarabira;2503605;caiçara
25;paraíba;2504;sousa - cajazeiras;250015;cajazeiras;2503704;cajazeiras
25;paraíba;2503;patos;250012;pombal;2503753;cajazeirinhas
25;paraíba;2501;joão pessoa;250001;joão pessoa;2503803;caldas brandão
25;paraíba;2502;campina grande;250007;monteiro;2503902;camalaú
25;paraíba;2502;campina grande;250005;campina grande;2504009;campina grande
25;paraíba;2501;joão pessoa;250003;mamanguape - rio tinto;2504033;capim
25;paraíba;2502;campina grande;250005;campina grande;2504074;caraúbas
25;paraíba;2504;sousa - cajazeiras;250015;cajazeiras;2504108;carrapateira
25;paraíba;2501;joão pessoa;250002;guarabira;2504157;casserengue
25;paraíba;2503;patos;250009;patos;2504207;catingueira
25;paraíba;2503;patos;250011;catolé do rocha - são bento;2504306;catolé do rocha
25;paraíba;2502;campina grande;250005;campina grande;2504355;caturité
25;paraíba;2503;patos;250010;itaporanga;2504405;conceição
25;paraíba;2503;patos;250012;pombal;2504504;condado
25;paraíba;2501;joão pessoa;250001;joão pessoa;2504603;conde
25;paraíba;2502;campina grande;250008;sumé;2504702;congo
25;paraíba;2503;patos;250009;patos;2504801;coremas
25;paraíba;2502;campina grande;250008;sumé;2504850;coxixola
25;paraíba;2501;joão pessoa;250001;joão pessoa;2504900;cruz do espírito santo
25;paraíba;2502;campina grande;250005;campina grande;2505006;cubati
25;paraíba;2501;joão pessoa;250002;guarabira;2505204;cuitegi
25;paraíba;2502;campina grande;250006;cuité - nova floresta;2505105;cuité
25;paraíba;2501;joão pessoa;250001;joão pessoa;2505238;cuité de mamanguape
25;paraíba;2501;joão pessoa;250003;mamanguape - rio tinto;2505279;curral de cima
25;paraíba;2503;patos;250010;itaporanga;2505303;curral velho
25;paraíba;2502;campina grande;250006;cuité - nova floresta;2505352;damião
25;paraíba;2503;patos;250009;patos;2505402;desterro
25;paraíba;2503;patos;250010;itaporanga;2505600;diamante
25;paraíba;2501;joão pessoa;250002;guarabira;2505709;dona inês
25;paraíba;2501;joão pessoa;250002;guarabira;2505808;duas estradas
25;paraíba;2503;patos;250009;patos;2505907;emas
25;paraíba;2502;campina grande;250005;campina grande;2506004;esperança
25;paraíba;2502;campina grande;250005;campina grande;2506103;fagundes
25;paraíba;2502;campina grande;250006;cuité - nova floresta;2506202;frei martinho
25;paraíba;2502;campina grande;250005;campina grande;2506251;gado bravo
25;paraíba;2501;joão pessoa;250002;guarabira;2506301;guarabira
25;paraíba;2501;joão pessoa;250001;joão pessoa;2506400;gurinhém
25;paraíba;2502;campina grande;250005;campina grande;2506509;gurjão
25;paraíba;2503;patos;250010;itaporanga;2506608;ibiara
25;paraíba;2503;patos;250010;itaporanga;2502607;igaracy
25;paraíba;2503;patos;250009;patos;2506707;imaculada
25;paraíba;2502;campina grande;250005;campina grande;2506806;ingá
25;paraíba;2501;joão pessoa;250004;itabaiana;2506905;itabaiana
25;paraíba;2503;patos;250010;itaporanga;2507002;itaporanga
25;paraíba;2501;joão pessoa;250003;mamanguape - rio tinto;2507101;itapororoca
25;paraíba;2502;campina grande;250005;campina grande;2507200;itatuba
25;paraíba;2501;joão pessoa;250003;mamanguape - rio tinto;2507309;jacaraú
25;paraíba;2503;patos;250011;catolé do rocha - são bento;2507408;jericó
25;paraíba;2504;sousa - cajazeiras;250014;sousa;2513653;joca claudino
25;paraíba;2501;joão pessoa;250001;joão pessoa;2507507;joão pessoa
25;paraíba;2501;joão pessoa;250001;joão pessoa;2507606;juarez távora
25;paraíba;2502;campina grande;250005;campina grande;2507705;juazeirinho
25;paraíba;2502;campina grande;250005;campina grande;2507804;junco do seridó
25;paraíba;2501;joão pessoa;250001;joão pessoa;2507903;juripiranga
25;paraíba;2503;patos;250013;princesa isabel;2508000;juru
25;paraíba;2503;patos;250012;pombal;2508109;lagoa
25;paraíba;2501;joão pessoa;250002;guarabira;2508208;lagoa de dentro
25;paraíba;2502;campina grande;250005;campina grande;2508307;lagoa seca
25;paraíba;2504;sousa - cajazeiras;250014;sousa;2508406;lastro
25;paraíba;2502;campina grande;250008;sumé;2508505;livramento
25;paraíba;2501;joão pessoa;250002;guarabira;2508554;logradouro
25;paraíba;2501;joão pessoa;250001;joão pessoa;2508604;lucena
25;paraíba;2503;patos;250009;patos;2508802;malta
25;paraíba;2501;joão pessoa;250003;mamanguape - rio tinto;2508901;mamanguape
25;paraíba;2503;patos;250013;princesa isabel;2509008;manaíra
25;paraíba;2501;joão pessoa;250003;mamanguape - rio tinto;2509057;marcação
25;paraíba;2501;joão pessoa;250001;joão pessoa;2509107;mari
25;paraíba;2504;sousa - cajazeiras;250014;sousa;2509156;marizópolis
25;paraíba;2502;campina grande;250005;campina grande;2509206;massaranduba
25;paraíba;2501;joão pessoa;250003;mamanguape - rio tinto;2509305;mataraca
25;paraíba;2502;campina grande;250005;campina grande;2509339;matinhas
25;paraíba;2503;patos;250011;catolé do rocha - são bento;2509370;mato grosso
25;paraíba;2503;patos;250009;patos;2509396;maturéia
25;paraíba;2501;joão pessoa;250004;itabaiana;2509404;mogeiro
25;paraíba;2502;campina grande;250005;campina grande;2509503;montadas
25;paraíba;2504;sousa - cajazeiras;250015;cajazeiras;2509602;monte horebe
25;paraíba;2502;campina grande;250007;monteiro;2509701;monteiro
25;paraíba;2501;joão pessoa;250002;guarabira;2509800;mulungu
25;paraíba;2503;patos;250009;patos;2508703;mãe d'água
25;paraíba;2501;joão pessoa;250004;itabaiana;2509909;natuba
25;paraíba;2504;sousa - cajazeiras;250014;sousa;2510006;nazarezinho
25;paraíba;2502;campina grande;250006;cuité - nova floresta;2510105;nova floresta
25;paraíba;2503;patos;250010;itaporanga;2510204;nova olinda
25;paraíba;2502;campina grande;250006;cuité - nova floresta;2510303;nova palmeira
25;paraíba;2503;patos;250009;patos;2510402;olho d'água
25;paraíba;2502;campina grande;250005;campina grande;2510501;olivedos
25;paraíba;2502;campina grande;250007;monteiro;2510600;ouro velho
25;paraíba;2502;campina grande;250008;sumé;2510659;parari
25;paraíba;2503;patos;250009;patos;2510709;passagem
25;paraíba;2503;patos;250009;patos;2510808;patos
25;paraíba;2503;patos;250012;pombal;2510907;paulista
25;paraíba;2503;patos;250010;itaporanga;2511004;pedra branca
25;paraíba;2502;campina grande;250006;cuité - nova floresta;2511103;pedra lavrada
25;paraíba;2501;joão pessoa;250001;joão pessoa;2511202;pedras de fogo
25;paraíba;2501;joão pessoa;250003;mamanguape - rio tinto;2512721;pedro régis
25;paraíba;2503;patos;250010;itaporanga;2511301;piancó
25;paraíba;2502;campina grande;250006;cuité - nova floresta;2511400;picuí
25;paraíba;2501;joão pessoa;250001;joão pessoa;2511509;pilar
25;paraíba;2501;joão pessoa;250002;guarabira;2511608;pilões
25;paraíba;2501;joão pessoa;250002;guarabira;2511707;pilõezinhos
25;paraíba;2501;joão pessoa;250002;guarabira;2511806;pirpirituba
25;paraíba;2501;joão pessoa;250001;joão pessoa;2511905;pitimbu
25;paraíba;2502;campina grande;250005;campina grande;2512002;pocinhos
25;paraíba;2503;patos;250012;pombal;2512101;pombal
25;paraíba;2504;sousa - cajazeiras;250014;sousa;2512036;poço dantas
25;paraíba;2504;sousa - cajazeiras;250015;cajazeiras;2512077;poço de josé de moura
25;paraíba;2502;campina grande;250007;monteiro;2512200;prata
25;paraíba;2503;patos;250013;princesa isabel;2512309;princesa isabel
25;paraíba;2502;campina grande;250005;campina grande;2512408;puxinanã
25;paraíba;2502;campina grande;250005;campina grande;2512507;queimadas
25;paraíba;2503;patos;250009;patos;2512606;quixaba
25;paraíba;2502;campina grande;250005;campina grande;2512705;remígio
25;paraíba;2502;campina grande;250005;campina grande;2512788;riacho de santo antônio
25;paraíba;2503;patos;250011;catolé do rocha - são bento;2512804;riacho dos cavalos
25;paraíba;2501;joão pessoa;250002;guarabira;2512747;riachão
25;paraíba;2502;campina grande;250005;campina grande;2512754;riachão do bacamarte
25;paraíba;2501;joão pessoa;250001;joão pessoa;2512762;riachão do poço
25;paraíba;2501;joão pessoa;250003;mamanguape - rio tinto;2512903;rio tinto
25;paraíba;2503;patos;250009;patos;2513000;salgadinho
25;paraíba;2501;joão pessoa;250004;itabaiana;2513109;salgado de são félix
25;paraíba;2502;campina grande;250005;campina grande;2513158;santa cecília
25;paraíba;2504;sousa - cajazeiras;250014;sousa;2513208;santa cruz
25;paraíba;2504;sousa - cajazeiras;250015;cajazeiras;2513307;santa helena
25;paraíba;2503;patos;250010;itaporanga;2513356;santa inês
25;paraíba;2503;patos;250009;patos;2513406;santa luzia
25;paraíba;2501;joão pessoa;250001;joão pessoa;2513703;santa rita
25;paraíba;2503;patos;250009;patos;2513802;santa teresinha
25;paraíba;2503;patos;250010;itaporanga;2513505;santana de mangueira
25;paraíba;2503;patos;250010;itaporanga;2513604;santana dos garrotes
25;paraíba;2502;campina grande;250005;campina grande;2513851;santo andré
25;paraíba;2501;joão pessoa;250001;joão pessoa;2515302;sapé
25;paraíba;2502;campina grande;250008;sumé;2515500;serra branca
25;paraíba;2501;joão pessoa;250002;guarabira;2515609;serra da raiz
25;paraíba;2504;sousa - cajazeiras;250015;cajazeiras;2515708;serra grande
25;paraíba;2502;campina grande;250005;campina grande;2515807;serra redonda
25;paraíba;2501;joão pessoa;250002;guarabira;2515906;serraria
25;paraíba;2501;joão pessoa;250002;guarabira;2515930;sertãozinho
25;paraíba;2501;joão pessoa;250001;joão pessoa;2515971;sobrado
25;paraíba;2502;campina grande;250005;campina grande;2516102;soledade
25;paraíba;2501;joão pessoa;250002;guarabira;2516003;solânea
25;paraíba;2502;campina grande;250006;cuité - nova floresta;2516151;sossêgo
25;paraíba;2504;sousa - cajazeiras;250014;sousa;2516201;sousa
25;paraíba;2502;campina grande;250008;sumé;2516300;sumé
25;paraíba;2503;patos;250012;pombal;2513927;são bentinho
25;paraíba;2503;patos;250011;catolé do rocha - são bento;2513901;são bento
25;paraíba;2503;patos;250012;pombal;2513968;são domingos
25;paraíba;2502;campina grande;250005;campina grande;2513943;são domingos do cariri
25;paraíba;2504;sousa - cajazeiras;250014;sousa;2513984;são francisco
25;paraíba;2504;sousa - cajazeiras;250014;sousa;2514206;são josé da lagoa tapada
25;paraíba;2503;patos;250010;itaporanga;2514305;são josé de caiana
25;paraíba;2503;patos;250009;patos;2514404;são josé de espinharas
25;paraíba;2504;sousa - cajazeiras;250015;cajazeiras;2514503;são josé de piranhas
25;paraíba;2503;patos;250013;princesa isabel;2514552;são josé de princesa
25;paraíba;2503;patos;250009;patos;2514602;são josé do bonfim
25;paraíba;2503;patos;250011;catolé do rocha - são bento;2514651;são josé do brejo do cruz
25;paraíba;2503;patos;250009;patos;2514701;são josé do sabugi
25;paraíba;2502;campina grande;250008;sumé;2514800;são josé dos cordeiros
25;paraíba;2501;joão pessoa;250004;itabaiana;2514453;são josé dos ramos
25;paraíba;2502;campina grande;250005;campina grande;2514008;são joão do cariri
25;paraíba;2504;sousa - cajazeiras;250015;cajazeiras;2500700;são joão do rio do peixe
25;paraíba;2502;campina grande;250007;monteiro;2514107;são joão do tigre
25;paraíba;2503;patos;250009;patos;2514909;são mamede
25;paraíba;2501;joão pessoa;250001;joão pessoa;2515005;são miguel de taipu
25;paraíba;2502;campina grande;250005;campina grande;2515104;são sebastião de lagoa de roça
25;paraíba;2502;campina grande;250007;monteiro;2515203;são sebastião do umbuzeiro
25;paraíba;2502;campina grande;250005;campina grande;2515401;são vicente do seridó
25;paraíba;2501;joão pessoa;250002;guarabira;2516409;tacima
25;paraíba;2502;campina grande;250005;campina grande;2516508;taperoá
25;paraíba;2503;patos;250013;princesa isabel;2516607;tavares
25;paraíba;2503;patos;250009;patos;2516706;teixeira
25;paraíba;2502;campina grande;250005;campina grande;2516755;tenório
25;paraíba;2504;sousa - cajazeiras;250015;cajazeiras;2516805;triunfo
25;paraíba;2504;sousa - cajazeiras;250014;sousa;2516904;uiraúna
25;paraíba;2502;campina grande;250005;campina grande;2517001;umbuzeiro
25;paraíba;2504;sousa - cajazeiras;250014;sousa;2517209;vieirópolis
25;paraíba;2503;patos;250009;patos;2505501;vista serrana
25;paraíba;2503;patos;250009;patos;2517100;várzea
25;paraíba;2502;campina grande;250007;monteiro;2517407;zabelê
25;paraíba;2503;patos;250009;patos;2500106;água branca
26;pernambuco;2601;recife;260001;recife;2600054;abreu e lima
26;pernambuco;2603;serra talhada;260014;afogados da ingazeira;2600104;afogados da ingazeira
26;pernambuco;2604;petrolina;260015;petrolina;2600203;afrânio
26;pernambuco;2602;caruaru;260009;caruaru;2600302;agrestina
26;pernambuco;2602;caruaru;260012;belo jardim ¿ pesqueira;2600609;alagoinha
26;pernambuco;2601;recife;260002;goiana ¿ timbaúba;2600708;aliança
26;pernambuco;2602;caruaru;260009;caruaru;2600807;altinho
26;pernambuco;2601;recife;260018;escada - ribeirão;2600906;amaraji
26;pernambuco;2602;caruaru;260010;garanhuns;2601003;angelim
26;pernambuco;2604;petrolina;260016;araripina;2601102;araripina
26;pernambuco;2601;recife;260001;recife;2601052;araçoiaba
26;pernambuco;2602;caruaru;260011;arcoverde;2601201;arcoverde
26;pernambuco;2602;caruaru;260009;caruaru;2601300;barra de guabiraba
26;pernambuco;2601;recife;260007;barreiros - sirinhaém;2601409;barreiros
26;pernambuco;2602;caruaru;260012;belo jardim ¿ pesqueira;2601706;belo jardim
26;pernambuco;2601;recife;260003;palmares;2601508;belém de maria
26;pernambuco;2604;petrolina;260017;salgueiro;2601607;belém do são francisco
26;pernambuco;2603;serra talhada;260013;serra talhada;2601805;betânia
26;pernambuco;2602;caruaru;260009;caruaru;2601904;bezerros
26;pernambuco;2604;petrolina;260016;araripina;2602001;bodocó
26;pernambuco;2602;caruaru;260010;garanhuns;2602100;bom conselho
26;pernambuco;2601;recife;260004;limoeiro;2602209;bom jardim
26;pernambuco;2602;caruaru;260009;caruaru;2602308;bonito
26;pernambuco;2603;serra talhada;260014;afogados da ingazeira;2602506;brejinho
26;pernambuco;2602;caruaru;260009;caruaru;2602605;brejo da madre de deus
26;pernambuco;2602;caruaru;260010;garanhuns;2602407;brejão
26;pernambuco;2601;recife;260006;carpina;2602704;buenos aires
26;pernambuco;2602;caruaru;260011;arcoverde;2602803;buíque
26;pernambuco;2601;recife;260001;recife;2602902;cabo de santo agostinho
26;pernambuco;2604;petrolina;260017;salgueiro;2603009;cabrobó
26;pernambuco;2602;caruaru;260009;caruaru;2603108;cachoeirinha
26;pernambuco;2602;caruaru;260010;garanhuns;2603207;caetés
26;pernambuco;2603;serra talhada;260013;serra talhada;2603405;calumbi
26;pernambuco;2602;caruaru;260010;garanhuns;2603306;calçado
26;pernambuco;2601;recife;260001;recife;2603454;camaragibe
26;pernambuco;2602;caruaru;260009;caruaru;2603504;camocim de são félix
26;pernambuco;2601;recife;260002;goiana ¿ timbaúba;2603603;camutanga
26;pernambuco;2602;caruaru;260010;garanhuns;2603702;canhotinho
26;pernambuco;2602;caruaru;260010;garanhuns;2603801;capoeiras
26;pernambuco;2603;serra talhada;260013;serra talhada;2603926;carnaubeira da penha
26;pernambuco;2603;serra talhada;260014;afogados da ingazeira;2603900;carnaíba
26;pernambuco;2601;recife;260006;carpina;2604007;carpina
26;pernambuco;2602;caruaru;260009;caruaru;2604106;caruaru
26;pernambuco;2601;recife;260008;surubim;2604155;casinhas
26;pernambuco;2601;recife;260003;palmares;2604205;catende
26;pernambuco;2604;petrolina;260017;salgueiro;2604304;cedro
26;pernambuco;2601;recife;260005;vitória de santo antão;2604403;chã de alegria
26;pernambuco;2602;caruaru;260009;caruaru;2604502;chã grande
26;pernambuco;2601;recife;260002;goiana ¿ timbaúba;2604601;condado
26;pernambuco;2602;caruaru;260010;garanhuns;2604700;correntes
26;pernambuco;2601;recife;260018;escada - ribeirão;2604809;cortês
26;pernambuco;2602;caruaru;260009;caruaru;2604908;cumaru
26;pernambuco;2602;caruaru;260009;caruaru;2605004;cupira
26;pernambuco;2602;caruaru;260011;arcoverde;2605103;custódia
26;pernambuco;2604;petrolina;260015;petrolina;2605152;dormentes
26;pernambuco;2601;recife;260018;escada - ribeirão;2605202;escada
26;pernambuco;2604;petrolina;260016;araripina;2605301;exu
26;pernambuco;2601;recife;260004;limoeiro;2605400;feira nova
26;pernambuco;2601;recife;260001;recife;2605459;fernando de noronha
26;pernambuco;2601;recife;260002;goiana ¿ timbaúba;2605509;ferreiros
26;pernambuco;2603;serra talhada;260013;serra talhada;2605608;flores
26;pernambuco;2603;serra talhada;260013;serra talhada;2605707;floresta
26;pernambuco;2601;recife;260008;surubim;2605806;frei miguelinho
26;pernambuco;2601;recife;260003;palmares;2605905;gameleira
26;pernambuco;2602;caruaru;260010;garanhuns;2606002;garanhuns
26;pernambuco;2601;recife;260005;vitória de santo antão;2606101;glória do goitá
26;pernambuco;2601;recife;260002;goiana ¿ timbaúba;2606200;goiana
26;pernambuco;2604;petrolina;260016;araripina;2606309;granito
26;pernambuco;2602;caruaru;260009;caruaru;2606408;gravatá
26;pernambuco;2602;caruaru;260010;garanhuns;2606507;iati
26;pernambuco;2602;caruaru;260011;arcoverde;2606606;ibimirim
26;pernambuco;2602;caruaru;260009;caruaru;2606705;ibirajuba
26;pernambuco;2601;recife;260001;recife;2606804;igarassu
26;pernambuco;2603;serra talhada;260014;afogados da ingazeira;2606903;iguaracy
26;pernambuco;2601;recife;260001;recife;2607604;ilha de itamaracá
26;pernambuco;2602;caruaru;260011;arcoverde;2607000;inajá
26;pernambuco;2603;serra talhada;260014;afogados da ingazeira;2607109;ingazeira
26;pernambuco;2601;recife;260001;recife;2607208;ipojuca
26;pernambuco;2604;petrolina;260016;araripina;2607307;ipubi
26;pernambuco;2604;petrolina;260017;salgueiro;2607406;itacuruba
26;pernambuco;2601;recife;260002;goiana ¿ timbaúba;2607653;itambé
26;pernambuco;2603;serra talhada;260014;afogados da ingazeira;2607703;itapetim
26;pernambuco;2601;recife;260001;recife;2607752;itapissuma
26;pernambuco;2601;recife;260002;goiana ¿ timbaúba;2607802;itaquitinga
26;pernambuco;2602;caruaru;260011;arcoverde;2607505;itaíba
26;pernambuco;2601;recife;260001;recife;2607901;jaboatão dos guararapes
26;pernambuco;2601;recife;260003;palmares;2607950;jaqueira
26;pernambuco;2602;caruaru;260009;caruaru;2608008;jataúba
26;pernambuco;2603;serra talhada;260013;serra talhada;2608057;jatobá
26;pernambuco;2601;recife;260003;palmares;2608206;joaquim nabuco
26;pernambuco;2601;recife;260004;limoeiro;2608107;joão alfredo
26;pernambuco;2602;caruaru;260010;garanhuns;2608255;jucati
26;pernambuco;2602;caruaru;260010;garanhuns;2608305;jupi
26;pernambuco;2602;caruaru;260010;garanhuns;2608404;jurema
26;pernambuco;2601;recife;260006;carpina;2608503;lagoa de itaenga
26;pernambuco;2601;recife;260006;carpina;2608453;lagoa do carro
26;pernambuco;2602;caruaru;260010;garanhuns;2608602;lagoa do ouro
26;pernambuco;2602;caruaru;260009;caruaru;2608701;lagoa dos gatos
26;pernambuco;2604;petrolina;260015;petrolina;2608750;lagoa grande
26;pernambuco;2602;caruaru;260010;garanhuns;2608800;lajedo
26;pernambuco;2601;recife;260004;limoeiro;2608909;limoeiro
26;pernambuco;2601;recife;260002;goiana ¿ timbaúba;2609006;macaparana
26;pernambuco;2601;recife;260004;limoeiro;2609105;machados
26;pernambuco;2602;caruaru;260011;arcoverde;2609154;manari
26;pernambuco;2601;recife;260003;palmares;2609204;maraial
26;pernambuco;2603;serra talhada;260013;serra talhada;2609303;mirandiba
26;pernambuco;2604;petrolina;260016;araripina;2614303;moreilândia
26;pernambuco;2601;recife;260001;recife;2609402;moreno
26;pernambuco;2601;recife;260006;carpina;2609501;nazaré da mata
26;pernambuco;2601;recife;260001;recife;2609600;olinda
26;pernambuco;2601;recife;260004;limoeiro;2609709;orobó
26;pernambuco;2604;petrolina;260015;petrolina;2609808;orocó
26;pernambuco;2604;petrolina;260016;araripina;2609907;ouricuri
26;pernambuco;2601;recife;260003;palmares;2610004;palmares
26;pernambuco;2602;caruaru;260010;garanhuns;2610103;palmeirina
26;pernambuco;2602;caruaru;260009;caruaru;2610202;panelas
26;pernambuco;2602;caruaru;260010;garanhuns;2610301;paranatama
26;pernambuco;2604;petrolina;260017;salgueiro;2610400;parnamirim
26;pernambuco;2601;recife;260004;limoeiro;2610509;passira
26;pernambuco;2601;recife;260001;recife;2610608;paudalho
26;pernambuco;2601;recife;260001;recife;2610707;paulista
26;pernambuco;2602;caruaru;260011;arcoverde;2610806;pedra
26;pernambuco;2602;caruaru;260012;belo jardim ¿ pesqueira;2610905;pesqueira
26;pernambuco;2604;petrolina;260015;petrolina;2611101;petrolina
26;pernambuco;2603;serra talhada;260013;serra talhada;2611002;petrolândia
26;pernambuco;2601;recife;260005;vitória de santo antão;2611309;pombos
26;pernambuco;2602;caruaru;260012;belo jardim ¿ pesqueira;2611200;poção
26;pernambuco;2601;recife;260018;escada - ribeirão;2611408;primavera
26;pernambuco;2602;caruaru;260010;garanhuns;2611507;quipapá
26;pernambuco;2603;serra talhada;260014;afogados da ingazeira;2611533;quixaba
26;pernambuco;2601;recife;260001;recife;2611606;recife
26;pernambuco;2602;caruaru;260009;caruaru;2611705;riacho das almas
26;pernambuco;2601;recife;260018;escada - ribeirão;2611804;ribeirão
26;pernambuco;2601;recife;260007;barreiros - sirinhaém;2611903;rio formoso
26;pernambuco;2602;caruaru;260009;caruaru;2612000;sairé
26;pernambuco;2601;recife;260004;limoeiro;2612109;salgadinho
26;pernambuco;2604;petrolina;260017;salgueiro;2612208;salgueiro
26;pernambuco;2602;caruaru;260010;garanhuns;2612307;saloá
26;pernambuco;2602;caruaru;260012;belo jardim ¿ pesqueira;2612406;sanharó
26;pernambuco;2604;petrolina;260016;araripina;2612455;santa cruz
26;pernambuco;2603;serra talhada;260013;serra talhada;2612471;santa cruz da baixa verde
26;pernambuco;2602;caruaru;260009;caruaru;2612505;santa cruz do capibaribe
26;pernambuco;2604;petrolina;260016;araripina;2612554;santa filomena
26;pernambuco;2604;petrolina;260015;petrolina;2612604;santa maria da boa vista
26;pernambuco;2601;recife;260008;surubim;2612703;santa maria do cambucá
26;pernambuco;2603;serra talhada;260014;afogados da ingazeira;2612802;santa terezinha
26;pernambuco;2603;serra talhada;260013;serra talhada;2613909;serra talhada
26;pernambuco;2604;petrolina;260017;salgueiro;2614006;serrita
26;pernambuco;2602;caruaru;260011;arcoverde;2614105;sertânia
26;pernambuco;2601;recife;260007;barreiros - sirinhaém;2614204;sirinhaém
26;pernambuco;2603;serra talhada;260014;afogados da ingazeira;2614402;solidão
26;pernambuco;2601;recife;260008;surubim;2614501;surubim
26;pernambuco;2601;recife;260003;palmares;2612901;são benedito do sul
26;pernambuco;2602;caruaru;260012;belo jardim ¿ pesqueira;2613008;são bento do una
26;pernambuco;2602;caruaru;260009;caruaru;2613107;são caitano
26;pernambuco;2602;caruaru;260009;caruaru;2613305;são joaquim do monte
26;pernambuco;2601;recife;260007;barreiros - sirinhaém;2613404;são josé da coroa grande
26;pernambuco;2603;serra talhada;260013;serra talhada;2613503;são josé do belmonte
26;pernambuco;2603;serra talhada;260014;afogados da ingazeira;2613602;são josé do egito
26;pernambuco;2602;caruaru;260010;garanhuns;2613206;são joão
26;pernambuco;2601;recife;260001;recife;2613701;são lourenço da mata
26;pernambuco;2601;recife;260002;goiana ¿ timbaúba;2613800;são vicente férrer
26;pernambuco;2603;serra talhada;260014;afogados da ingazeira;2614600;tabira
26;pernambuco;2602;caruaru;260012;belo jardim ¿ pesqueira;2614709;tacaimbó
26;pernambuco;2603;serra talhada;260013;serra talhada;2614808;tacaratu
26;pernambuco;2601;recife;260007;barreiros - sirinhaém;2614857;tamandaré
26;pernambuco;2602;caruaru;260009;caruaru;2615003;taquaritinga do norte
26;pernambuco;2602;caruaru;260010;garanhuns;2615102;terezinha
26;pernambuco;2604;petrolina;260017;salgueiro;2615201;terra nova
26;pernambuco;2601;recife;260002;goiana ¿ timbaúba;2615300;timbaúba
26;pernambuco;2602;caruaru;260009;caruaru;2615409;toritama
26;pernambuco;2601;recife;260006;carpina;2615508;tracunhaém
26;pernambuco;2604;petrolina;260016;araripina;2615607;trindade
26;pernambuco;2603;serra talhada;260013;serra talhada;2615706;triunfo
26;pernambuco;2602;caruaru;260011;arcoverde;2615805;tupanatinga
26;pernambuco;2603;serra talhada;260014;afogados da ingazeira;2615904;tuparetama
26;pernambuco;2602;caruaru;260011;arcoverde;2616001;venturosa
26;pernambuco;2604;petrolina;260017;salgueiro;2616100;verdejante
26;pernambuco;2601;recife;260008;surubim;2616183;vertente do lério
26;pernambuco;2601;recife;260008;surubim;2616209;vertentes
26;pernambuco;2601;recife;260002;goiana ¿ timbaúba;2616308;vicência
26;pernambuco;2601;recife;260005;vitória de santo antão;2616407;vitória de santo antão
26;pernambuco;2601;recife;260003;palmares;2616506;xexéu
26;pernambuco;2601;recife;260003;palmares;2600401;água preta
26;pernambuco;2602;caruaru;260010;garanhuns;2600500;águas belas
27;alagoas;2701;maceió;270004;são miguel dos campos;2700201;anadia
27;alagoas;2702;arapiraca;270007;arapiraca;2700300;arapiraca
27;alagoas;2701;maceió;270006;atalaia;2700409;atalaia
27;alagoas;2701;maceió;270001;maceió;2700508;barra de santo antônio
27;alagoas;2701;maceió;270001;maceió;2700607;barra de são miguel
27;alagoas;2702;arapiraca;270011;pão de açúcar - olho d'água das flores ¿ batalha;2700706;batalha
27;alagoas;2702;arapiraca;270011;pão de açúcar - olho d'água das flores ¿ batalha;2700904;belo monte
27;alagoas;2702;arapiraca;270008;palmeira dos índios;2700805;belém
27;alagoas;2701;maceió;270004;são miguel dos campos;2701001;boca da mata
27;alagoas;2701;maceió;270005;união dos palmares;2701100;branquinha
27;alagoas;2702;arapiraca;270008;palmeira dos índios;2701209;cacimbinhas
27;alagoas;2701;maceió;270006;atalaia;2701308;cajueiro
27;alagoas;2701;maceió;270002;porto calvo - são luís do quitunde;2701357;campestre
27;alagoas;2701;maceió;270004;são miguel dos campos;2701407;campo alegre
27;alagoas;2702;arapiraca;270007;arapiraca;2701506;campo grande
27;alagoas;2702;arapiraca;270010;santana do ipanema;2701605;canapi
27;alagoas;2701;maceió;270006;atalaia;2701704;capela
27;alagoas;2702;arapiraca;270010;santana do ipanema;2701803;carneiros
27;alagoas;2701;maceió;270006;atalaia;2701902;chã preta
27;alagoas;2702;arapiraca;270007;arapiraca;2702009;coité do nóia
27;alagoas;2701;maceió;270002;porto calvo - são luís do quitunde;2702108;colônia leopoldina
27;alagoas;2701;maceió;270001;maceió;2702207;coqueiro seco
27;alagoas;2701;maceió;270003;penedo;2702306;coruripe
27;alagoas;2702;arapiraca;270007;arapiraca;2702355;craíbas
27;alagoas;2702;arapiraca;270009;delmiro gouveia;2702405;delmiro gouveia
27;alagoas;2702;arapiraca;270010;santana do ipanema;2702504;dois riachos
27;alagoas;2702;arapiraca;270008;palmeira dos índios;2702553;estrela de alagoas
27;alagoas;2702;arapiraca;270007;arapiraca;2702603;feira grande
27;alagoas;2701;maceió;270003;penedo;2702702;feliz deserto
27;alagoas;2701;maceió;270001;maceió;2702801;flexeiras
27;alagoas;2702;arapiraca;270007;arapiraca;2702900;girau do ponciano
27;alagoas;2701;maceió;270005;união dos palmares;2703007;ibateguara
27;alagoas;2702;arapiraca;270008;palmeira dos índios;2703106;igaci
27;alagoas;2701;maceió;270003;penedo;2703205;igreja nova
27;alagoas;2702;arapiraca;270009;delmiro gouveia;2703304;inhapi
27;alagoas;2702;arapiraca;270011;pão de açúcar - olho d'água das flores ¿ batalha;2703403;jacaré dos homens
27;alagoas;2701;maceió;270002;porto calvo - são luís do quitunde;2703502;jacuípe
27;alagoas;2701;maceió;270002;porto calvo - são luís do quitunde;2703601;japaratinga
27;alagoas;2702;arapiraca;270007;arapiraca;2703700;jaramataia
27;alagoas;2701;maceió;270004;são miguel dos campos;2703759;jequiá da praia
27;alagoas;2701;maceió;270001;maceió;2703809;joaquim gomes
27;alagoas;2701;maceió;270002;porto calvo - são luís do quitunde;2703908;jundiá
27;alagoas;2702;arapiraca;270007;arapiraca;2704005;junqueiro
27;alagoas;2702;arapiraca;270007;arapiraca;2704104;lagoa da canoa
27;alagoas;2702;arapiraca;270007;arapiraca;2704203;limoeiro de anadia
27;alagoas;2701;maceió;270001;maceió;2704302;maceió
27;alagoas;2702;arapiraca;270008;palmeira dos índios;2704401;major isidoro
27;alagoas;2701;maceió;270006;atalaia;2704906;mar vermelho
27;alagoas;2701;maceió;270002;porto calvo - são luís do quitunde;2704500;maragogi
27;alagoas;2702;arapiraca;270010;santana do ipanema;2704609;maravilha
27;alagoas;2701;maceió;270001;maceió;2704708;marechal deodoro
27;alagoas;2702;arapiraca;270007;arapiraca;2704807;maribondo
27;alagoas;2702;arapiraca;270009;delmiro gouveia;2705002;mata grande
27;alagoas;2701;maceió;270002;porto calvo - são luís do quitunde;2705101;matriz de camaragibe
27;alagoas;2701;maceió;270001;maceió;2705200;messias
27;alagoas;2702;arapiraca;270008;palmeira dos índios;2705309;minador do negrão
27;alagoas;2702;arapiraca;270011;pão de açúcar - olho d'água das flores ¿ batalha;2705408;monteirópolis
27;alagoas;2701;maceió;270005;união dos palmares;2705507;murici
27;alagoas;2701;maceió;270002;porto calvo - são luís do quitunde;2705606;novo lino
27;alagoas;2702;arapiraca;270011;pão de açúcar - olho d'água das flores ¿ batalha;2705705;olho d'água das flores
27;alagoas;2702;arapiraca;270009;delmiro gouveia;2705804;olho d'água do casado
27;alagoas;2702;arapiraca;270007;arapiraca;2705903;olho d'água grande
27;alagoas;2702;arapiraca;270010;santana do ipanema;2706000;olivença
27;alagoas;2702;arapiraca;270010;santana do ipanema;2706109;ouro branco
27;alagoas;2702;arapiraca;270011;pão de açúcar - olho d'água das flores ¿ batalha;2706208;palestina
27;alagoas;2702;arapiraca;270008;palmeira dos índios;2706307;palmeira dos índios
27;alagoas;2702;arapiraca;270009;delmiro gouveia;2706422;pariconha
27;alagoas;2701;maceió;270001;maceió;2706448;paripueira
27;alagoas;2701;maceió;270002;porto calvo - são luís do quitunde;2706505;passo de camaragibe
27;alagoas;2702;arapiraca;270008;palmeira dos índios;2706604;paulo jacinto
27;alagoas;2701;maceió;270003;penedo;2706703;penedo
27;alagoas;2701;maceió;270003;penedo;2706802;piaçabuçu
27;alagoas;2701;maceió;270001;maceió;2706901;pilar
27;alagoas;2701;maceió;270006;atalaia;2707008;pindoba
27;alagoas;2702;arapiraca;270009;delmiro gouveia;2707107;piranhas
27;alagoas;2701;maceió;270002;porto calvo - são luís do quitunde;2707305;porto calvo
27;alagoas;2701;maceió;270002;porto calvo - são luís do quitunde;2707404;porto de pedras
27;alagoas;2701;maceió;270003;penedo;2707503;porto real do colégio
27;alagoas;2702;arapiraca;270010;santana do ipanema;2707206;poço das trincheiras
27;alagoas;2702;arapiraca;270011;pão de açúcar - olho d'água das flores ¿ batalha;2706406;pão de açúcar
27;alagoas;2702;arapiraca;270008;palmeira dos índios;2707602;quebrangulo
27;alagoas;2701;maceió;270001;maceió;2707701;rio largo
27;alagoas;2701;maceió;270004;são miguel dos campos;2707800;roteiro
27;alagoas;2701;maceió;270001;maceió;2707909;santa luzia do norte
27;alagoas;2702;arapiraca;270010;santana do ipanema;2708006;santana do ipanema
27;alagoas;2701;maceió;270005;união dos palmares;2708105;santana do mundaú
27;alagoas;2701;maceió;270001;maceió;2708907;satuba
27;alagoas;2702;arapiraca;270010;santana do ipanema;2708956;senador rui palmeira
27;alagoas;2701;maceió;270003;penedo;2708204;são brás
27;alagoas;2701;maceió;270005;união dos palmares;2708303;são josé da laje
27;alagoas;2702;arapiraca;270011;pão de açúcar - olho d'água das flores ¿ batalha;2708402;são josé da tapera
27;alagoas;2701;maceió;270002;porto calvo - são luís do quitunde;2708501;são luís do quitunde
27;alagoas;2701;maceió;270004;são miguel dos campos;2708600;são miguel dos campos
27;alagoas;2701;maceió;270002;porto calvo - são luís do quitunde;2708709;são miguel dos milagres
27;alagoas;2702;arapiraca;270007;arapiraca;2708808;são sebastião
27;alagoas;2702;arapiraca;270007;arapiraca;2709004;tanque d'arca
27;alagoas;2702;arapiraca;270007;arapiraca;2709103;taquarana
27;alagoas;2702;arapiraca;270007;arapiraca;2709152;teotônio vilela
27;alagoas;2702;arapiraca;270007;arapiraca;2709202;traipu
27;alagoas;2701;maceió;270005;união dos palmares;2709301;união dos palmares
27;alagoas;2701;maceió;270006;atalaia;2709400;viçosa
27;alagoas;2702;arapiraca;270009;delmiro gouveia;2700102;água branca
28;sergipe;2801;aracaju;280003;propriá;2800100;amparo do são francisco
28;sergipe;2801;aracaju;280003;propriá;2800209;aquidabã
28;sergipe;2801;aracaju;280001;aracaju;2800308;aracaju
28;sergipe;2801;aracaju;280002;estância;2800407;arauá
28;sergipe;2802;itabaiana;280004;itabaiana;2800506;areia branca
28;sergipe;2801;aracaju;280001;aracaju;2800605;barra dos coqueiros
28;sergipe;2801;aracaju;280002;estância;2800670;boquim
28;sergipe;2801;aracaju;280003;propriá;2800704;brejo grande
28;sergipe;2802;itabaiana;280004;itabaiana;2801009;campo do brito
28;sergipe;2801;aracaju;280003;propriá;2801108;canhoba
28;sergipe;2802;itabaiana;280006;nossa senhora da glória;2801207;canindé de são francisco
28;sergipe;2801;aracaju;280001;aracaju;2801306;capela
28;sergipe;2802;itabaiana;280004;itabaiana;2801405;carira
28;sergipe;2801;aracaju;280001;aracaju;2801504;carmópolis
28;sergipe;2801;aracaju;280003;propriá;2801603;cedro de são joão
28;sergipe;2801;aracaju;280002;estância;2801702;cristinápolis
28;sergipe;2801;aracaju;280001;aracaju;2801900;cumbe
28;sergipe;2801;aracaju;280001;aracaju;2802007;divina pastora
28;sergipe;2801;aracaju;280002;estância;2802106;estância
28;sergipe;2802;itabaiana;280006;nossa senhora da glória;2802205;feira nova
28;sergipe;2802;itabaiana;280004;itabaiana;2802304;frei paulo
28;sergipe;2802;itabaiana;280006;nossa senhora da glória;2802403;gararu
28;sergipe;2801;aracaju;280001;aracaju;2802502;general maynard
28;sergipe;2802;itabaiana;280006;nossa senhora da glória;2802601;graccho cardoso
28;sergipe;2801;aracaju;280003;propriá;2802700;ilha das flores
28;sergipe;2801;aracaju;280002;estância;2802809;indiaroba
28;sergipe;2802;itabaiana;280004;itabaiana;2802908;itabaiana
28;sergipe;2801;aracaju;280002;estância;2803005;itabaianinha
28;sergipe;2802;itabaiana;280006;nossa senhora da glória;2803104;itabi
28;sergipe;2801;aracaju;280001;aracaju;2803203;itaporanga d'ajuda
28;sergipe;2801;aracaju;280001;aracaju;2803302;japaratuba
28;sergipe;2801;aracaju;280003;propriá;2803401;japoatã
28;sergipe;2802;itabaiana;280005;lagarto;2803500;lagarto
28;sergipe;2801;aracaju;280001;aracaju;2803609;laranjeiras
28;sergipe;2802;itabaiana;280004;itabaiana;2803708;macambira
28;sergipe;2801;aracaju;280003;propriá;2803807;malhada dos bois
28;sergipe;2802;itabaiana;280004;itabaiana;2803906;malhador
28;sergipe;2801;aracaju;280001;aracaju;2804003;maruim
28;sergipe;2802;itabaiana;280004;itabaiana;2804102;moita bonita
28;sergipe;2802;itabaiana;280006;nossa senhora da glória;2804201;monte alegre de sergipe
28;sergipe;2801;aracaju;280003;propriá;2804300;muribeca
28;sergipe;2801;aracaju;280003;propriá;2804409;neópolis
28;sergipe;2802;itabaiana;280004;itabaiana;2804458;nossa senhora aparecida
28;sergipe;2802;itabaiana;280006;nossa senhora da glória;2804508;nossa senhora da glória
28;sergipe;2801;aracaju;280001;aracaju;2804607;nossa senhora das dores
28;sergipe;2801;aracaju;280003;propriá;2804706;nossa senhora de lourdes
28;sergipe;2801;aracaju;280001;aracaju;2804805;nossa senhora do socorro
28;sergipe;2801;aracaju;280003;propriá;2804904;pacatuba
28;sergipe;2802;itabaiana;280004;itabaiana;2805000;pedra mole
28;sergipe;2801;aracaju;280002;estância;2805109;pedrinhas
28;sergipe;2802;itabaiana;280004;itabaiana;2805208;pinhão
28;sergipe;2801;aracaju;280001;aracaju;2805307;pirambu
28;sergipe;2802;itabaiana;280006;nossa senhora da glória;2805604;porto da folha
28;sergipe;2802;itabaiana;280006;nossa senhora da glória;2805406;poço redondo
28;sergipe;2802;itabaiana;280005;lagarto;2805505;poço verde
28;sergipe;2801;aracaju;280003;propriá;2805703;propriá
28;sergipe;2801;aracaju;280001;aracaju;2805901;riachuelo
28;sergipe;2802;itabaiana;280005;lagarto;2805802;riachão do dantas
28;sergipe;2802;itabaiana;280004;itabaiana;2806008;ribeirópolis
28;sergipe;2801;aracaju;280001;aracaju;2806107;rosário do catete
28;sergipe;2802;itabaiana;280005;lagarto;2806206;salgado
28;sergipe;2801;aracaju;280002;estância;2806305;santa luzia do itanhy
28;sergipe;2801;aracaju;280001;aracaju;2806503;santa rosa de lima
28;sergipe;2801;aracaju;280003;propriá;2806404;santana do são francisco
28;sergipe;2801;aracaju;280001;aracaju;2806602;santo amaro das brotas
28;sergipe;2802;itabaiana;280005;lagarto;2807105;simão dias
28;sergipe;2801;aracaju;280001;aracaju;2807204;siriri
28;sergipe;2801;aracaju;280001;aracaju;2806701;são cristóvão
28;sergipe;2802;itabaiana;280004;itabaiana;2806800;são domingos
28;sergipe;2801;aracaju;280003;propriá;2806909;são francisco
28;sergipe;2802;itabaiana;280004;itabaiana;2807006;são miguel do aleixo
28;sergipe;2801;aracaju;280003;propriá;2807303;telha
28;sergipe;2802;itabaiana;280005;lagarto;2807402;tobias barreto
28;sergipe;2801;aracaju;280002;estância;2807501;tomar do geru
28;sergipe;2801;aracaju;280002;estância;2807600;umbaúba
29;bahia;2909;paulo afonso;290024;paulo afonso;2900207;abaré
29;bahia;2904;vitória da conquista;290013;brumado;2900108;abaíra
29;bahia;2901;salvador;290002;alagoinhas;2900306;acajutiba
29;bahia;2909;paulo afonso;290027;cícero dantas;2900355;adustina
29;bahia;2904;vitória da conquista;290012;jequié;2900603;aiquara
29;bahia;2901;salvador;290002;alagoinhas;2900702;alagoinhas
29;bahia;2903;ilhéus ¿ itabuna;290008;teixeira de freitas;2900801;alcobaça
29;bahia;2903;ilhéus ¿ itabuna;290007;ilhéus ¿ itabuna;2900900;almadina
29;bahia;2902;santo antônio de jesus;290003;santo antônio de jesus;2901007;amargosa
29;bahia;2910;feira de santana;290029;feira de santana;2901106;amélia rodrigues
29;bahia;2907;irecê;290020;irecê;2901155;américa dourada
29;bahia;2904;vitória da conquista;290011;vitória da conquista;2901205;anagé
29;bahia;2910;feira de santana;290031;itaberaba;2901304;andaraí
29;bahia;2908;juazeiro;290023;senhor do bonfim;2901353;andorinha
29;bahia;2906;barreiras;290018;barreiras;2901403;angical
29;bahia;2910;feira de santana;290029;feira de santana;2901502;anguera
29;bahia;2909;paulo afonso;290027;cícero dantas;2901601;antas
29;bahia;2910;feira de santana;290029;feira de santana;2901700;antônio cardoso
29;bahia;2908;juazeiro;290023;senhor do bonfim;2901809;antônio gonçalves
29;bahia;2901;salvador;290002;alagoinhas;2901908;aporá
29;bahia;2904;vitória da conquista;290012;jequié;2901957;apuarema
29;bahia;2904;vitória da conquista;290013;brumado;2902005;aracatu
29;bahia;2910;feira de santana;290033;serrinha;2902104;araci
29;bahia;2901;salvador;290002;alagoinhas;2902203;aramari
29;bahia;2903;ilhéus ¿ itabuna;290010;camacan;2902252;arataca
29;bahia;2902;santo antônio de jesus;290006;nazaré ¿ maragogipe;2902302;aratuípe
29;bahia;2901;salvador;290002;alagoinhas;2902054;araçás
29;bahia;2903;ilhéus ¿ itabuna;290007;ilhéus ¿ itabuna;2902401;aurelino leal
29;bahia;2906;barreiras;290018;barreiras;2902500;baianópolis
29;bahia;2910;feira de santana;290029;feira de santana;2902609;baixa grande
29;bahia;2909;paulo afonso;290025;ribeira do pombal;2902658;banzaê
29;bahia;2907;irecê;290021;xique-xique ¿ barra;2902708;barra
29;bahia;2904;vitória da conquista;290011;vitória da conquista;2902807;barra da estiva
29;bahia;2904;vitória da conquista;290011;vitória da conquista;2902906;barra do choça
29;bahia;2907;irecê;290020;irecê;2903003;barra do mendes
29;bahia;2904;vitória da conquista;290014;ipiaú;2903102;barra do rocha
29;bahia;2906;barreiras;290018;barreiras;2903201;barreiras
29;bahia;2907;irecê;290020;irecê;2903235;barro alto
29;bahia;2903;ilhéus ¿ itabuna;290007;ilhéus ¿ itabuna;2903300;barro preto
29;bahia;2910;feira de santana;290033;serrinha;2903276;barrocas
29;bahia;2903;ilhéus ¿ itabuna;290009;eunápolis - porto seguro;2903409;belmonte
29;bahia;2904;vitória da conquista;290011;vitória da conquista;2903508;belo campo
29;bahia;2910;feira de santana;290033;serrinha;2903607;biritinga
29;bahia;2904;vitória da conquista;290011;vitória da conquista;2903706;boa nova
29;bahia;2910;feira de santana;290031;itaberaba;2903805;boa vista do tupim
29;bahia;2905;guanambi;290017;bom jesus da lapa;2903904;bom jesus da lapa
29;bahia;2904;vitória da conquista;290011;vitória da conquista;2903953;bom jesus da serra
29;bahia;2910;feira de santana;290034;seabra;2904001;boninal
29;bahia;2907;irecê;290020;irecê;2904050;bonito
29;bahia;2905;guanambi;290017;bom jesus da lapa;2904100;boquira
29;bahia;2905;guanambi;290016;guanambi;2904209;botuporã
29;bahia;2906;barreiras;290018;barreiras;2904407;brejolândia
29;bahia;2902;santo antônio de jesus;290003;santo antônio de jesus;2904308;brejões
29;bahia;2907;irecê;290021;xique-xique ¿ barra;2904506;brotas de macaúbas
29;bahia;2904;vitória da conquista;290013;brumado;2904605;brumado
29;bahia;2903;ilhéus ¿ itabuna;290007;ilhéus ¿ itabuna;2904704;buerarema
29;bahia;2907;irecê;290021;xique-xique ¿ barra;2904753;buritirama
29;bahia;2904;vitória da conquista;290011;vitória da conquista;2904803;caatiba
29;bahia;2902;santo antônio de jesus;290004;cruz das almas;2904852;cabaceiras do paraguaçu
29;bahia;2902;santo antônio de jesus;290004;cruz das almas;2904902;cachoeira
29;bahia;2905;guanambi;290016;guanambi;2905008;caculé
29;bahia;2904;vitória da conquista;290011;vitória da conquista;2905156;caetanos
29;bahia;2905;guanambi;290016;guanambi;2905206;caetité
29;bahia;2907;irecê;290020;irecê;2905305;cafarnaum
29;bahia;2902;santo antônio de jesus;290005;valença;2905404;cairu
29;bahia;2910;feira de santana;290030;jacobina;2905503;caldeirão grande
29;bahia;2903;ilhéus ¿ itabuna;290010;camacan;2905602;camacan
29;bahia;2902;santo antônio de jesus;290005;valença;2905800;camamu
29;bahia;2901;salvador;290001;salvador;2905701;camaçari
29;bahia;2908;juazeiro;290022;juazeiro;2905909;campo alegre de lourdes
29;bahia;2908;juazeiro;290023;senhor do bonfim;2906006;campo formoso
29;bahia;2907;irecê;290020;irecê;2906204;canarana
29;bahia;2903;ilhéus ¿ itabuna;290010;camacan;2906303;canavieiras
29;bahia;2910;feira de santana;290029;feira de santana;2906402;candeal
29;bahia;2901;salvador;290001;salvador;2906501;candeias
29;bahia;2905;guanambi;290016;guanambi;2906600;candiba
29;bahia;2909;paulo afonso;290026;euclides da cunha;2906808;cansanção
29;bahia;2909;paulo afonso;290026;euclides da cunha;2906824;canudos
29;bahia;2906;barreiras;290019;santa maria da vitoria;2906105;canápolis
29;bahia;2910;feira de santana;290029;feira de santana;2906857;capela do alto alegre
29;bahia;2910;feira de santana;290030;jacobina;2906873;capim grosso
29;bahia;2903;ilhéus ¿ itabuna;290008;teixeira de freitas;2906907;caravelas
29;bahia;2904;vitória da conquista;290011;vitória da conquista;2906899;caraíbas
29;bahia;2901;salvador;290002;alagoinhas;2907004;cardeal da silva
29;bahia;2905;guanambi;290016;guanambi;2907103;carinhanha
29;bahia;2908;juazeiro;290022;juazeiro;2907202;casa nova
29;bahia;2902;santo antônio de jesus;290004;cruz das almas;2907301;castro alves
29;bahia;2906;barreiras;290018;barreiras;2907400;catolândia
29;bahia;2901;salvador;290001;salvador;2907509;catu
29;bahia;2904;vitória da conquista;290013;brumado;2907558;caturama
29;bahia;2910;feira de santana;290030;jacobina;2905107;caém
29;bahia;2907;irecê;290020;irecê;2907608;central
29;bahia;2909;paulo afonso;290024;paulo afonso;2907707;chorrochó
29;bahia;2909;paulo afonso;290025;ribeira do pombal;2907905;cipó
29;bahia;2903;ilhéus ¿ itabuna;290007;ilhéus ¿ itabuna;2908002;coaraci
29;bahia;2906;barreiras;290019;santa maria da vitoria;2908101;cocos
29;bahia;2910;feira de santana;290029;feira de santana;2908200;conceição da feira
29;bahia;2902;santo antônio de jesus;290004;cruz das almas;2908309;conceição do almeida
29;bahia;2910;feira de santana;290032;conceição do coité;2908408;conceição do coité
29;bahia;2910;feira de santana;290029;feira de santana;2908507;conceição do jacuípe
29;bahia;2901;salvador;290002;alagoinhas;2908606;conde
29;bahia;2904;vitória da conquista;290011;vitória da conquista;2908705;condeúba
29;bahia;2904;vitória da conquista;290011;vitória da conquista;2908804;contendas do sincorá
29;bahia;2910;feira de santana;290029;feira de santana;2908903;coração de maria
29;bahia;2904;vitória da conquista;290011;vitória da conquista;2909000;cordeiros
29;bahia;2906;barreiras;290019;santa maria da vitoria;2909109;coribe
29;bahia;2909;paulo afonso;290028;jeremoabo;2909208;coronel joão sá
29;bahia;2906;barreiras;290019;santa maria da vitoria;2909307;correntina
29;bahia;2906;barreiras;290018;barreiras;2909406;cotegipe
29;bahia;2904;vitória da conquista;290012;jequié;2909505;cravolândia
29;bahia;2906;barreiras;290018;barreiras;2909703;cristópolis
29;bahia;2901;salvador;290002;alagoinhas;2909604;crisópolis
29;bahia;2902;santo antônio de jesus;290004;cruz das almas;2909802;cruz das almas
29;bahia;2908;juazeiro;290022;juazeiro;2909901;curaçá
29;bahia;2904;vitória da conquista;290011;vitória da conquista;2906709;cândido sales
29;bahia;2909;paulo afonso;290027;cícero dantas;2907806;cícero dantas
29;bahia;2901;salvador;290001;salvador;2910057;dias d'ávila
29;bahia;2904;vitória da conquista;290013;brumado;2910107;dom basílio
29;bahia;2902;santo antônio de jesus;290003;santo antônio de jesus;2910206;dom macedo costa
29;bahia;2904;vitória da conquista;290014;ipiaú;2910008;dário meira
29;bahia;2902;santo antônio de jesus;290003;santo antônio de jesus;2910305;elísio medrado
29;bahia;2904;vitória da conquista;290011;vitória da conquista;2910404;encruzilhada
29;bahia;2901;salvador;290002;alagoinhas;2910503;entre rios
29;bahia;2901;salvador;290002;alagoinhas;2910602;esplanada
29;bahia;2909;paulo afonso;290026;euclides da cunha;2910701;euclides da cunha
29;bahia;2903;ilhéus ¿ itabuna;290009;eunápolis - porto seguro;2910727;eunápolis
29;bahia;2905;guanambi;290016;guanambi;2910776;feira da mata
29;bahia;2910;feira de santana;290029;feira de santana;2910800;feira de santana
29;bahia;2908;juazeiro;290023;senhor do bonfim;2910859;filadélfia
29;bahia;2903;ilhéus ¿ itabuna;290007;ilhéus ¿ itabuna;2910909;firmino alves
29;bahia;2903;ilhéus ¿ itabuna;290007;ilhéus ¿ itabuna;2911006;floresta azul
29;bahia;2906;barreiras;290018;barreiras;2911105;formosa do rio preto
29;bahia;2909;paulo afonso;290027;cícero dantas;2910750;fátima
29;bahia;2904;vitória da conquista;290014;ipiaú;2911204;gandu
29;bahia;2910;feira de santana;290029;feira de santana;2911253;gavião
29;bahia;2907;irecê;290021;xique-xique ¿ barra;2911303;gentio do ouro
29;bahia;2909;paulo afonso;290024;paulo afonso;2911402;glória
29;bahia;2904;vitória da conquista;290014;ipiaú;2911501;gongogi
29;bahia;2902;santo antônio de jesus;290004;cruz das almas;2911600;governador mangabeira
29;bahia;2905;guanambi;290016;guanambi;2911659;guajeru
29;bahia;2905;guanambi;290016;guanambi;2911709;guanambi
29;bahia;2903;ilhéus ¿ itabuna;290009;eunápolis - porto seguro;2911808;guaratinga
29;bahia;2909;paulo afonso;290027;cícero dantas;2911857;heliópolis
29;bahia;2910;feira de santana;290031;itaberaba;2911907;iaçu
29;bahia;2905;guanambi;290016;guanambi;2912004;ibiassucê
29;bahia;2903;ilhéus ¿ itabuna;290007;ilhéus ¿ itabuna;2912103;ibicaraí
29;bahia;2904;vitória da conquista;290011;vitória da conquista;2912202;ibicoara
29;bahia;2903;ilhéus ¿ itabuna;290007;ilhéus ¿ itabuna;2912301;ibicuí
29;bahia;2907;irecê;290020;irecê;2912400;ibipeba
29;bahia;2905;guanambi;290017;bom jesus da lapa;2912509;ibipitanga
29;bahia;2910;feira de santana;290031;itaberaba;2912608;ibiquera
29;bahia;2903;ilhéus ¿ itabuna;290007;ilhéus ¿ itabuna;2912707;ibirapitanga
29;bahia;2903;ilhéus ¿ itabuna;290008;teixeira de freitas;2912806;ibirapuã
29;bahia;2904;vitória da conquista;290014;ipiaú;2912905;ibirataia
29;bahia;2910;feira de santana;290034;seabra;2913002;ibitiara
29;bahia;2907;irecê;290020;irecê;2913101;ibititá
29;bahia;2907;irecê;290021;xique-xique ¿ barra;2913200;ibotirama
29;bahia;2910;feira de santana;290029;feira de santana;2913309;ichu
29;bahia;2905;guanambi;290016;guanambi;2913408;igaporã
29;bahia;2902;santo antônio de jesus;290005;valença;2913457;igrapiúna
29;bahia;2904;vitória da conquista;290011;vitória da conquista;2913507;iguaí
29;bahia;2903;ilhéus ¿ itabuna;290007;ilhéus ¿ itabuna;2913606;ilhéus
29;bahia;2901;salvador;290002;alagoinhas;2913705;inhambupe
29;bahia;2910;feira de santana;290029;feira de santana;2913804;ipecaetá
29;bahia;2904;vitória da conquista;290014;ipiaú;2913903;ipiaú
29;bahia;2910;feira de santana;290029;feira de santana;2914000;ipirá
29;bahia;2907;irecê;290021;xique-xique ¿ barra;2914109;ipupiara
29;bahia;2904;vitória da conquista;290012;jequié;2914208;irajuba
29;bahia;2904;vitória da conquista;290011;vitória da conquista;2914307;iramaia
29;bahia;2910;feira de santana;290034;seabra;2914406;iraquara
29;bahia;2910;feira de santana;290029;feira de santana;2914505;irará
29;bahia;2907;irecê;290020;irecê;2914604;irecê
29;bahia;2903;ilhéus ¿ itabuna;290009;eunápolis - porto seguro;2914653;itabela
29;bahia;2910;feira de santana;290031;itaberaba;2914703;itaberaba
29;bahia;2903;ilhéus ¿ itabuna;290007;ilhéus ¿ itabuna;2914802;itabuna
29;bahia;2903;ilhéus ¿ itabuna;290007;ilhéus ¿ itabuna;2914901;itacaré
29;bahia;2910;feira de santana;290031;itaberaba;2915007;itaeté
29;bahia;2904;vitória da conquista;290012;jequié;2915106;itagi
29;bahia;2904;vitória da conquista;290014;ipiaú;2915205;itagibá
29;bahia;2903;ilhéus ¿ itabuna;290009;eunápolis - porto seguro;2915304;itagimirim
29;bahia;2907;irecê;290020;irecê;2915353;itaguaçu da bahia
29;bahia;2903;ilhéus ¿ itabuna;290007;ilhéus ¿ itabuna;2915403;itaju do colônia
29;bahia;2903;ilhéus ¿ itabuna;290007;ilhéus ¿ itabuna;2915502;itajuípe
29;bahia;2903;ilhéus ¿ itabuna;290008;teixeira de freitas;2915601;itamaraju
29;bahia;2904;vitória da conquista;290014;ipiaú;2915700;itamari
29;bahia;2904;vitória da conquista;290011;vitória da conquista;2915809;itambé
29;bahia;2901;salvador;290001;salvador;2915908;itanagra
29;bahia;2903;ilhéus ¿ itabuna;290008;teixeira de freitas;2916005;itanhém
29;bahia;2902;santo antônio de jesus;290006;nazaré ¿ maragogipe;2916104;itaparica
29;bahia;2903;ilhéus ¿ itabuna;290009;eunápolis - porto seguro;2916302;itapebi
29;bahia;2904;vitória da conquista;290015;itapetinga;2916401;itapetinga
29;bahia;2901;salvador;290002;alagoinhas;2916500;itapicuru
29;bahia;2903;ilhéus ¿ itabuna;290007;ilhéus ¿ itabuna;2916609;itapitanga
29;bahia;2903;ilhéus ¿ itabuna;290007;ilhéus ¿ itabuna;2916203;itapé
29;bahia;2904;vitória da conquista;290012;jequié;2916708;itaquara
29;bahia;2904;vitória da conquista;290015;itapetinga;2916807;itarantim
29;bahia;2902;santo antônio de jesus;290004;cruz das almas;2916856;itatim
29;bahia;2904;vitória da conquista;290012;jequié;2916906;itiruçu
29;bahia;2908;juazeiro;290023;senhor do bonfim;2917003;itiúba
29;bahia;2904;vitória da conquista;290015;itapetinga;2917102;itororó
29;bahia;2904;vitória da conquista;290011;vitória da conquista;2917201;ituaçu
29;bahia;2902;santo antônio de jesus;290005;valença;2917300;ituberá
29;bahia;2905;guanambi;290016;guanambi;2917334;iuiu
29;bahia;2906;barreiras;290019;santa maria da vitoria;2917359;jaborandi
29;bahia;2905;guanambi;290016;guanambi;2917409;jacaraci
29;bahia;2910;feira de santana;290030;jacobina;2917508;jacobina
29;bahia;2904;vitória da conquista;290012;jequié;2917607;jaguaquara
29;bahia;2908;juazeiro;290023;senhor do bonfim;2917706;jaguarari
29;bahia;2902;santo antônio de jesus;290006;nazaré ¿ maragogipe;2917805;jaguaripe
29;bahia;2901;salvador;290002;alagoinhas;2917904;jandaíra
29;bahia;2904;vitória da conquista;290012;jequié;2918001;jequié
29;bahia;2909;paulo afonso;290028;jeremoabo;2918100;jeremoabo
29;bahia;2902;santo antônio de jesus;290003;santo antônio de jesus;2918209;jiquiriçá
29;bahia;2904;vitória da conquista;290012;jequié;2918308;jitaúna
29;bahia;2907;irecê;290020;irecê;2918357;joão dourado
29;bahia;2908;juazeiro;290022;juazeiro;2918407;juazeiro
29;bahia;2903;ilhéus ¿ itabuna;290008;teixeira de freitas;2918456;jucuruçu
29;bahia;2907;irecê;290020;irecê;2918506;jussara
29;bahia;2903;ilhéus ¿ itabuna;290010;camacan;2918555;jussari
29;bahia;2904;vitória da conquista;290013;brumado;2918605;jussiape
29;bahia;2904;vitória da conquista;290012;jequié;2918704;lafaiete coutinho
29;bahia;2905;guanambi;290016;guanambi;2918753;lagoa real
29;bahia;2902;santo antônio de jesus;290003;santo antônio de jesus;2918803;laje
29;bahia;2910;feira de santana;290031;itaberaba;2919009;lajedinho
29;bahia;2904;vitória da conquista;290012;jequié;2919058;lajedo do tabocal
29;bahia;2903;ilhéus ¿ itabuna;290008;teixeira de freitas;2918902;lajedão
29;bahia;2910;feira de santana;290029;feira de santana;2919108;lamarão
29;bahia;2907;irecê;290020;irecê;2919157;lapão
29;bahia;2901;salvador;290001;salvador;2919207;lauro de freitas
29;bahia;2910;feira de santana;290034;seabra;2919306;lençóis
29;bahia;2905;guanambi;290016;guanambi;2919405;licínio de almeida
29;bahia;2904;vitória da conquista;290013;brumado;2919504;livramento de nossa senhora
29;bahia;2906;barreiras;290018;barreiras;2919553;luís eduardo magalhães
29;bahia;2910;feira de santana;290029;feira de santana;2919603;macajuba
29;bahia;2904;vitória da conquista;290015;itapetinga;2919702;macarani
29;bahia;2905;guanambi;290017;bom jesus da lapa;2919801;macaúbas
29;bahia;2909;paulo afonso;290024;paulo afonso;2919900;macururé
29;bahia;2901;salvador;290001;salvador;2919926;madre de deus
29;bahia;2904;vitória da conquista;290011;vitória da conquista;2919959;maetinga
29;bahia;2904;vitória da conquista;290015;itapetinga;2920007;maiquinique
29;bahia;2910;feira de santana;290029;feira de santana;2920106;mairi
29;bahia;2905;guanambi;290016;guanambi;2920205;malhada
29;bahia;2904;vitória da conquista;290013;brumado;2920304;malhada de pedras
29;bahia;2904;vitória da conquista;290012;jequié;2920403;manoel vitorino
29;bahia;2906;barreiras;290018;barreiras;2920452;mansidão
29;bahia;2904;vitória da conquista;290012;jequié;2920502;maracás
29;bahia;2902;santo antônio de jesus;290006;nazaré ¿ maragogipe;2920601;maragogipe
29;bahia;2903;ilhéus ¿ itabuna;290007;ilhéus ¿ itabuna;2920700;maraú
29;bahia;2910;feira de santana;290031;itaberaba;2920809;marcionílio souza
29;bahia;2903;ilhéus ¿ itabuna;290010;camacan;2920908;mascote
29;bahia;2901;salvador;290001;salvador;2921005;mata de são joão
29;bahia;2905;guanambi;290016;guanambi;2921054;matina
29;bahia;2903;ilhéus ¿ itabuna;290008;teixeira de freitas;2921104;medeiros neto
29;bahia;2910;feira de santana;290030;jacobina;2921203;miguel calmon
29;bahia;2902;santo antônio de jesus;290003;santo antônio de jesus;2921302;milagres
29;bahia;2910;feira de santana;290030;jacobina;2921401;mirangaba
29;bahia;2904;vitória da conquista;290011;vitória da conquista;2921450;mirante
29;bahia;2909;paulo afonso;290026;euclides da cunha;2921500;monte santo
29;bahia;2907;irecê;290021;xique-xique ¿ barra;2921609;morpará
29;bahia;2907;irecê;290020;irecê;2921708;morro do chapéu
29;bahia;2905;guanambi;290016;guanambi;2921807;mortugaba
29;bahia;2910;feira de santana;290034;seabra;2921906;mucugê
29;bahia;2903;ilhéus ¿ itabuna;290008;teixeira de freitas;2922003;mucuri
29;bahia;2907;irecê;290020;irecê;2922052;mulungu do morro
29;bahia;2910;feira de santana;290029;feira de santana;2922102;mundo novo
29;bahia;2902;santo antônio de jesus;290003;santo antônio de jesus;2922201;muniz ferreira
29;bahia;2907;irecê;290021;xique-xique ¿ barra;2922250;muquém do são francisco
29;bahia;2902;santo antônio de jesus;290004;cruz das almas;2922300;muritiba
29;bahia;2902;santo antônio de jesus;290003;santo antônio de jesus;2922409;mutuípe
29;bahia;2902;santo antônio de jesus;290006;nazaré ¿ maragogipe;2922508;nazaré
29;bahia;2902;santo antônio de jesus;290005;valença;2922607;nilo peçanha
29;bahia;2910;feira de santana;290032;conceição do coité;2922656;nordestina
29;bahia;2904;vitória da conquista;290011;vitória da conquista;2922706;nova canaã
29;bahia;2910;feira de santana;290029;feira de santana;2922730;nova fátima
29;bahia;2904;vitória da conquista;290014;ipiaú;2922755;nova ibiá
29;bahia;2902;santo antônio de jesus;290003;santo antônio de jesus;2922805;nova itarana
29;bahia;2910;feira de santana;290031;itaberaba;2922854;nova redenção
29;bahia;2909;paulo afonso;290025;ribeira do pombal;2922904;nova soure
29;bahia;2903;ilhéus ¿ itabuna;290008;teixeira de freitas;2923001;nova viçosa
29;bahia;2910;feira de santana;290034;seabra;2923035;novo horizonte
29;bahia;2909;paulo afonso;290028;jeremoabo;2923050;novo triunfo
29;bahia;2909;paulo afonso;290025;ribeira do pombal;2923100;olindina
29;bahia;2907;irecê;290021;xique-xique ¿ barra;2923209;oliveira dos brejinhos
29;bahia;2910;feira de santana;290029;feira de santana;2923308;ouriçangas
29;bahia;2910;feira de santana;290030;jacobina;2923357;ourolândia
29;bahia;2905;guanambi;290016;guanambi;2923407;palmas de monte alto
29;bahia;2910;feira de santana;290034;seabra;2923506;palmeiras
29;bahia;2904;vitória da conquista;290013;brumado;2923605;paramirim
29;bahia;2905;guanambi;290017;bom jesus da lapa;2923704;paratinga
29;bahia;2909;paulo afonso;290027;cícero dantas;2923803;paripiranga
29;bahia;2903;ilhéus ¿ itabuna;290010;camacan;2923902;pau brasil
29;bahia;2909;paulo afonso;290024;paulo afonso;2924009;paulo afonso
29;bahia;2909;paulo afonso;290028;jeremoabo;2924207;pedro alexandre
29;bahia;2901;salvador;290002;alagoinhas;2924108;pedrão
29;bahia;2910;feira de santana;290034;seabra;2924306;piatã
29;bahia;2908;juazeiro;290022;juazeiro;2924405;pilão arcado
29;bahia;2905;guanambi;290016;guanambi;2924504;pindaí
29;bahia;2908;juazeiro;290023;senhor do bonfim;2924603;pindobaçu
29;bahia;2910;feira de santana;290029;feira de santana;2924652;pintadas
29;bahia;2904;vitória da conquista;290014;ipiaú;2924678;piraí do norte
29;bahia;2904;vitória da conquista;290011;vitória da conquista;2924702;piripá
29;bahia;2910;feira de santana;290030;jacobina;2924801;piritiba
29;bahia;2904;vitória da conquista;290012;jequié;2924900;planaltino
29;bahia;2904;vitória da conquista;290011;vitória da conquista;2925006;planalto
29;bahia;2901;salvador;290001;salvador;2925204;pojuca
29;bahia;2908;juazeiro;290023;senhor do bonfim;2925253;ponto novo
29;bahia;2903;ilhéus ¿ itabuna;290009;eunápolis - porto seguro;2925303;porto seguro
29;bahia;2904;vitória da conquista;290015;itapetinga;2925402;potiraguá
29;bahia;2904;vitória da conquista;290011;vitória da conquista;2925105;poções
29;bahia;2903;ilhéus ¿ itabuna;290008;teixeira de freitas;2925501;prado
29;bahia;2907;irecê;290020;irecê;2925600;presidente dutra
29;bahia;2904;vitória da conquista;290011;vitória da conquista;2925709;presidente jânio quadros
29;bahia;2902;santo antônio de jesus;290005;valença;2925758;presidente tancredo neves
29;bahia;2910;feira de santana;290029;feira de santana;2924058;pé de serra
29;bahia;2910;feira de santana;290032;conceição do coité;2925808;queimadas
29;bahia;2909;paulo afonso;290026;euclides da cunha;2925907;quijingue
29;bahia;2910;feira de santana;290030;jacobina;2925931;quixabeira
29;bahia;2910;feira de santana;290029;feira de santana;2925956;rafael jambeiro
29;bahia;2908;juazeiro;290022;juazeiro;2926004;remanso
29;bahia;2910;feira de santana;290032;conceição do coité;2926103;retirolândia
29;bahia;2905;guanambi;290016;guanambi;2926400;riacho de santana
29;bahia;2906;barreiras;290018;barreiras;2926202;riachão das neves
29;bahia;2910;feira de santana;290029;feira de santana;2926301;riachão do jacuípe
29;bahia;2909;paulo afonso;290025;ribeira do pombal;2926509;ribeira do amparo
29;bahia;2909;paulo afonso;290025;ribeira do pombal;2926608;ribeira do pombal
29;bahia;2904;vitória da conquista;290011;vitória da conquista;2926657;ribeirão do largo
29;bahia;2904;vitória da conquista;290013;brumado;2926707;rio de contas
29;bahia;2905;guanambi;290016;guanambi;2926806;rio do antônio
29;bahia;2904;vitória da conquista;290013;brumado;2926905;rio do pires
29;bahia;2901;salvador;290002;alagoinhas;2927002;rio real
29;bahia;2909;paulo afonso;290024;paulo afonso;2927101;rodelas
29;bahia;2910;feira de santana;290031;itaberaba;2927200;ruy barbosa
29;bahia;2902;santo antônio de jesus;290006;nazaré ¿ maragogipe;2927309;salinas da margarida
29;bahia;2901;salvador;290001;salvador;2927408;salvador
29;bahia;2909;paulo afonso;290024;paulo afonso;2927606;santa brígida
29;bahia;2910;feira de santana;290029;feira de santana;2927507;santa bárbara
29;bahia;2903;ilhéus ¿ itabuna;290009;eunápolis - porto seguro;2927705;santa cruz cabrália
29;bahia;2903;ilhéus ¿ itabuna;290007;ilhéus ¿ itabuna;2927804;santa cruz da vitória
29;bahia;2904;vitória da conquista;290012;jequié;2927903;santa inês
29;bahia;2903;ilhéus ¿ itabuna;290010;camacan;2928059;santa luzia
29;bahia;2906;barreiras;290019;santa maria da vitoria;2928109;santa maria da vitória
29;bahia;2906;barreiras;290018;barreiras;2928406;santa rita de cássia
29;bahia;2902;santo antônio de jesus;290004;cruz das almas;2928505;santa terezinha
29;bahia;2910;feira de santana;290032;conceição do coité;2928000;santaluz
29;bahia;2906;barreiras;290018;barreiras;2928208;santana
29;bahia;2910;feira de santana;290029;feira de santana;2928307;santanópolis
29;bahia;2901;salvador;290001;salvador;2928604;santo amaro
29;bahia;2902;santo antônio de jesus;290003;santo antônio de jesus;2928703;santo antônio de jesus
29;bahia;2910;feira de santana;290029;feira de santana;2928802;santo estêvão
29;bahia;2902;santo antônio de jesus;290004;cruz das almas;2929602;sapeaçu
29;bahia;2901;salvador;290001;salvador;2929750;saubara
29;bahia;2910;feira de santana;290030;jacobina;2929800;saúde
29;bahia;2910;feira de santana;290034;seabra;2929909;seabra
29;bahia;2905;guanambi;290016;guanambi;2930006;sebastião laranjeiras
29;bahia;2908;juazeiro;290023;senhor do bonfim;2930105;senhor do bonfim
29;bahia;2908;juazeiro;290022;juazeiro;2930204;sento sé
29;bahia;2905;guanambi;290017;bom jesus da lapa;2930154;serra do ramalho
29;bahia;2906;barreiras;290018;barreiras;2930303;serra dourada
29;bahia;2910;feira de santana;290029;feira de santana;2930402;serra preta
29;bahia;2910;feira de santana;290033;serrinha;2930501;serrinha
29;bahia;2910;feira de santana;290030;jacobina;2930600;serrolândia
29;bahia;2901;salvador;290001;salvador;2930709;simões filho
29;bahia;2908;juazeiro;290022;juazeiro;2930774;sobradinho
29;bahia;2910;feira de santana;290034;seabra;2930808;souto soares
29;bahia;2901;salvador;290002;alagoinhas;2929701;sátiro dias
29;bahia;2906;barreiras;290018;barreiras;2928901;são desidério
29;bahia;2910;feira de santana;290032;conceição do coité;2928950;são domingos
29;bahia;2902;santo antônio de jesus;290004;cruz das almas;2929107;são felipe
29;bahia;2901;salvador;290001;salvador;2929206;são francisco do conde
29;bahia;2902;santo antônio de jesus;290004;cruz das almas;2929008;são félix
29;bahia;2906;barreiras;290019;santa maria da vitoria;2929057;são félix do coribe
29;bahia;2907;irecê;290020;irecê;2929255;são gabriel
29;bahia;2910;feira de santana;290029;feira de santana;2929305;são gonçalo dos campos
29;bahia;2903;ilhéus ¿ itabuna;290007;ilhéus ¿ itabuna;2929354;são josé da vitória
29;bahia;2910;feira de santana;290030;jacobina;2929370;são josé do jacuípe
29;bahia;2902;santo antônio de jesus;290003;santo antônio de jesus;2929404;são miguel das matas
29;bahia;2901;salvador;290001;salvador;2929503;são sebastião do passé
29;bahia;2905;guanambi;290017;bom jesus da lapa;2930758;sítio do mato
29;bahia;2909;paulo afonso;290028;jeremoabo;2930766;sítio do quinto
29;bahia;2906;barreiras;290018;barreiras;2930907;tabocas do brejo velho
29;bahia;2904;vitória da conquista;290011;vitória da conquista;2931004;tanhaçu
29;bahia;2905;guanambi;290016;guanambi;2931053;tanque novo
29;bahia;2910;feira de santana;290029;feira de santana;2931103;tanquinho
29;bahia;2902;santo antônio de jesus;290005;valença;2931202;taperoá
29;bahia;2910;feira de santana;290030;jacobina;2931301;tapiramutá
29;bahia;2903;ilhéus ¿ itabuna;290008;teixeira de freitas;2931350;teixeira de freitas
29;bahia;2901;salvador;290002;alagoinhas;2931400;teodoro sampaio
29;bahia;2910;feira de santana;290033;serrinha;2931509;teofilândia
29;bahia;2904;vitória da conquista;290014;ipiaú;2931608;teolândia
29;bahia;2901;salvador;290001;salvador;2931707;terra nova
29;bahia;2904;vitória da conquista;290011;vitória da conquista;2931806;tremedal
29;bahia;2909;paulo afonso;290025;ribeira do pombal;2931905;tucano
29;bahia;2908;juazeiro;290022;juazeiro;2932002;uauá
29;bahia;2903;ilhéus ¿ itabuna;290007;ilhéus ¿ itabuna;2932200;ubaitaba
29;bahia;2904;vitória da conquista;290014;ipiaú;2932309;ubatã
29;bahia;2902;santo antônio de jesus;290003;santo antônio de jesus;2932101;ubaíra
29;bahia;2907;irecê;290020;irecê;2932408;uibaí
29;bahia;2910;feira de santana;290030;jacobina;2932457;umburanas
29;bahia;2903;ilhéus ¿ itabuna;290010;camacan;2932507;una
29;bahia;2905;guanambi;290016;guanambi;2932606;urandi
29;bahia;2903;ilhéus ¿ itabuna;290007;ilhéus ¿ itabuna;2932705;uruçuca
29;bahia;2910;feira de santana;290031;itaberaba;2932804;utinga
29;bahia;2910;feira de santana;290032;conceição do coité;2933000;valente
29;bahia;2902;santo antônio de jesus;290005;valença;2932903;valença
29;bahia;2902;santo antônio de jesus;290003;santo antônio de jesus;2933174;varzedo
29;bahia;2902;santo antônio de jesus;290006;nazaré ¿ maragogipe;2933208;vera cruz
29;bahia;2903;ilhéus ¿ itabuna;290008;teixeira de freitas;2933257;vereda
29;bahia;2904;vitória da conquista;290011;vitória da conquista;2933307;vitória da conquista
29;bahia;2910;feira de santana;290029;feira de santana;2933059;várzea da roça
29;bahia;2910;feira de santana;290030;jacobina;2933109;várzea do poço
29;bahia;2910;feira de santana;290030;jacobina;2933158;várzea nova
29;bahia;2910;feira de santana;290031;itaberaba;2933406;wagner
29;bahia;2906;barreiras;290018;barreiras;2933455;wanderley
29;bahia;2904;vitória da conquista;290014;ipiaú;2933505;wenceslau guimarães
29;bahia;2907;irecê;290021;xique-xique ¿ barra;2933604;xique-xique
29;bahia;2910;feira de santana;290029;feira de santana;2900405;água fria
29;bahia;2904;vitória da conquista;290013;brumado;2900504;érico cardoso
31;minas gerais;3111;uberlândia;310061;monte carmelo;3100104;abadia dos dourados
31;minas gerais;3113;divinópolis;310070;abaeté;3100203;abaeté
31;minas gerais;3106;juíz de fora;310028;manhuaçu;3100302;abre campo
31;minas gerais;3106;juíz de fora;310030;ponte nova;3100401;acaiaca
31;minas gerais;3108;varginha;310048;campo belo;3100807;aguanil
31;minas gerais;3104;governador valadares;310023;aimorés - resplendor;3101102;aimorés
31;minas gerais;3109;pouso alegre;310054;caxambu - baependi;3101201;aiuruoca
31;minas gerais;3109;pouso alegre;310053;são lourenço;3101300;alagoa
31;minas gerais;3109;pouso alegre;310050;pouso alegre;3101409;albertina
31;minas gerais;3108;varginha;310042;alfenas;3101607;alfenas
31;minas gerais;3107;barbacena;310037;barbacena;3101631;alfredo vasconcelos
31;minas gerais;3103;teófilo otoni;310015;almenara;3101706;almenara
31;minas gerais;3104;governador valadares;310020;governador valadares;3101805;alpercata
31;minas gerais;3108;varginha;310041;passos;3101904;alpinópolis
31;minas gerais;3108;varginha;310042;alfenas;3102001;alterosa
31;minas gerais;3106;juíz de fora;310028;manhuaçu;3102050;alto caparaó
31;minas gerais;3106;juíz de fora;310028;manhuaçu;3153509;alto jequitibá
31;minas gerais;3107;barbacena;310037;barbacena;3102100;alto rio doce
31;minas gerais;3105;ipatinga;310025;caratinga;3102209;alvarenga
31;minas gerais;3106;juíz de fora;310030;ponte nova;3102308;alvinópolis
31;minas gerais;3103;teófilo otoni;310016;diamantina;3102407;alvorada de minas
31;minas gerais;3106;juíz de fora;310036;além paraíba;3101508;além paraíba
31;minas gerais;3106;juíz de fora;310030;ponte nova;3102506;amparo do serra
31;minas gerais;3109;pouso alegre;310051;poços de caldas;3102605;andradas
31;minas gerais;3106;juíz de fora;310027;juiz de fora;3102803;andrelândia
31;minas gerais;3103;teófilo otoni;310014;capelinha;3102852;angelândia
31;minas gerais;3107;barbacena;310037;barbacena;3102902;antônio carlos
31;minas gerais;3105;ipatinga;310024;ipatinga;3103009;antônio dias
31;minas gerais;3106;juíz de fora;310031;muriaé;3103108;antônio prado de minas
31;minas gerais;3106;juíz de fora;310027;juiz de fora;3103306;aracitaba
31;minas gerais;3111;uberlândia;310059;uberlândia;3103504;araguari
31;minas gerais;3106;juíz de fora;310027;juiz de fora;3103603;arantina
31;minas gerais;3106;juíz de fora;310033;viçosa;3103702;araponga
31;minas gerais;3111;uberlândia;310059;uberlândia;3103751;araporã
31;minas gerais;3112;patos de minas;310062;patos de minas;3103801;arapuá
31;minas gerais;3110;uberaba;310056;araxá;3104007;araxá
31;minas gerais;3101;belo horizonte;310002;sete lagoas;3103207;araçaí
31;minas gerais;3103;teófilo otoni;310017;araçuaí;3103405;araçuaí
31;minas gerais;3113;divinópolis;310065;divinópolis;3103900;araújos
31;minas gerais;3108;varginha;310044;guaxupé;3104106;arceburgo
31;minas gerais;3113;divinópolis;310066;formiga;3104205;arcos
31;minas gerais;3108;varginha;310042;alfenas;3104304;areado
31;minas gerais;3106;juíz de fora;310032;cataguases;3104403;argirita
31;minas gerais;3103;teófilo otoni;310014;capelinha;3104452;aricanduva
31;minas gerais;3112;patos de minas;310063;unaí;3104502;arinos
31;minas gerais;3106;juíz de fora;310032;cataguases;3104601;astolfo dutra
31;minas gerais;3103;teófilo otoni;310013;teófilo otoni;3104700;ataléia
31;minas gerais;3101;belo horizonte;310004;curvelo;3104809;augusto de lima
31;minas gerais;3105;ipatinga;310024;ipatinga;3100500;açucena
31;minas gerais;3109;pouso alegre;310054;caxambu - baependi;3104908;baependi
31;minas gerais;3101;belo horizonte;310002;sete lagoas;3105004;baldim
31;minas gerais;3113;divinópolis;310066;formiga;3105103;bambuí
31;minas gerais;3103;teófilo otoni;310015;almenara;3105202;bandeira
31;minas gerais;3109;pouso alegre;310051;poços de caldas;3105301;bandeira do sul
31;minas gerais;3107;barbacena;310037;barbacena;3105608;barbacena
31;minas gerais;3106;juíz de fora;310030;ponte nova;3105707;barra longa
31;minas gerais;3107;barbacena;310037;barbacena;3105905;barroso
31;minas gerais;3101;belo horizonte;310003;santa bárbara - ouro preto;3105400;barão de cocais
31;minas gerais;3106;juíz de fora;310031;muriaé;3105509;barão do monte alto
31;minas gerais;3105;ipatinga;310026;joão monlevade;3106002;bela vista de minas
31;minas gerais;3106;juíz de fora;310027;juiz de fora;3106101;belmiro braga
31;minas gerais;3101;belo horizonte;310001;belo horizonte;3106200;belo horizonte
31;minas gerais;3105;ipatinga;310024;ipatinga;3106309;belo oriente
31;minas gerais;3107;barbacena;310038;conselheiro lafaiete;3106408;belo vale
31;minas gerais;3103;teófilo otoni;310017;araçuaí;3106507;berilo
31;minas gerais;3102;montes claros;310008;salinas;3106655;berizal
31;minas gerais;3103;teófilo otoni;310019;águas formosas;3106606;bertópolis
31;minas gerais;3101;belo horizonte;310001;belo horizonte;3106705;betim
31;minas gerais;3106;juíz de fora;310027;juiz de fora;3106804;bias fortes
31;minas gerais;3106;juíz de fora;310035;são joão nepomuceno - bicas;3106903;bicas
31;minas gerais;3113;divinópolis;310070;abaeté;3107000;biquinhas
31;minas gerais;3108;varginha;310046;três pontas - boa esperança;3107109;boa esperança
31;minas gerais;3106;juíz de fora;310027;juiz de fora;3107208;bocaina de minas
31;minas gerais;3102;montes claros;310006;montes claros;3107307;bocaiúva
31;minas gerais;3113;divinópolis;310067;dores do indaiá;3107406;bom despacho
31;minas gerais;3106;juíz de fora;310027;juiz de fora;3107505;bom jardim de minas
31;minas gerais;3108;varginha;310041;passos;3107604;bom jesus da penha
31;minas gerais;3101;belo horizonte;310005;itabira;3107703;bom jesus do amparo
31;minas gerais;3105;ipatinga;310025;caratinga;3107802;bom jesus do galho
31;minas gerais;3109;pouso alegre;310050;pouso alegre;3107901;bom repouso
31;minas gerais;3108;varginha;310043;lavras;3108008;bom sucesso
31;minas gerais;3113;divinópolis;310069;oliveira;3108107;bonfim
31;minas gerais;3112;patos de minas;310063;unaí;3108206;bonfinópolis de minas
31;minas gerais;3102;montes claros;310009;januária;3108255;bonito de minas
31;minas gerais;3109;pouso alegre;310050;pouso alegre;3108305;borda da mata
31;minas gerais;3109;pouso alegre;310051;poços de caldas;3108404;botelhos
31;minas gerais;3102;montes claros;310006;montes claros;3108503;botumirim
31;minas gerais;3112;patos de minas;310062;patos de minas;3108552;brasilândia de minas
31;minas gerais;3102;montes claros;310006;montes claros;3108602;brasília de minas
31;minas gerais;3109;pouso alegre;310052;itajubá;3108909;brazópolis
31;minas gerais;3105;ipatinga;310024;ipatinga;3108800;braúnas
31;minas gerais;3101;belo horizonte;310001;belo horizonte;3109006;brumadinho
31;minas gerais;3106;juíz de fora;310029;ubá;3108701;brás pires
31;minas gerais;3109;pouso alegre;310050;pouso alegre;3109105;bueno brandão
31;minas gerais;3101;belo horizonte;310004;curvelo;3109204;buenópolis
31;minas gerais;3105;ipatinga;310024;ipatinga;3109253;bugre
31;minas gerais;3112;patos de minas;310063;unaí;3109303;buritis
31;minas gerais;3102;montes claros;310010;pirapora;3109402;buritizeiro
31;minas gerais;3112;patos de minas;310063;unaí;3109451;cabeceira grande
31;minas gerais;3108;varginha;310044;guaxupé;3109501;cabo verde
31;minas gerais;3101;belo horizonte;310002;sete lagoas;3109600;cachoeira da prata
31;minas gerais;3109;pouso alegre;310050;pouso alegre;3109709;cachoeira de minas
31;minas gerais;3103;teófilo otoni;310018;pedra azul;3102704;cachoeira de pajeú
31;minas gerais;3111;uberlândia;310060;ituiutaba;3109808;cachoeira dourada
31;minas gerais;3101;belo horizonte;310002;sete lagoas;3109907;caetanópolis
31;minas gerais;3101;belo horizonte;310001;belo horizonte;3110004;caeté
31;minas gerais;3106;juíz de fora;310034;carangola;3110103;caiana
31;minas gerais;3106;juíz de fora;310033;viçosa;3110202;cajuri
31;minas gerais;3109;pouso alegre;310051;poços de caldas;3110301;caldas
31;minas gerais;3113;divinópolis;310065;divinópolis;3110400;camacho
31;minas gerais;3109;pouso alegre;310050;pouso alegre;3110509;camanducaia
31;minas gerais;3108;varginha;310045;três corações;3110707;cambuquira
31;minas gerais;3109;pouso alegre;310050;pouso alegre;3110608;cambuí
31;minas gerais;3108;varginha;310045;três corações;3110905;campanha
31;minas gerais;3103;teófilo otoni;310013;teófilo otoni;3110806;campanário
31;minas gerais;3109;pouso alegre;310051;poços de caldas;3111002;campestre
31;minas gerais;3111;uberlândia;310059;uberlândia;3111101;campina verde
31;minas gerais;3102;montes claros;310006;montes claros;3111150;campo azul
31;minas gerais;3108;varginha;310048;campo belo;3111200;campo belo
31;minas gerais;3108;varginha;310042;alfenas;3111309;campo do meio
31;minas gerais;3110;uberaba;310055;uberaba;3111408;campo florido
31;minas gerais;3110;uberaba;310056;araxá;3111507;campos altos
31;minas gerais;3108;varginha;310042;alfenas;3111606;campos gerais
31;minas gerais;3108;varginha;310043;lavras;3111903;cana verde
31;minas gerais;3106;juíz de fora;310033;viçosa;3111705;canaã
31;minas gerais;3108;varginha;310048;campo belo;3112000;candeias
31;minas gerais;3104;governador valadares;310021;guanhães;3112059;cantagalo
31;minas gerais;3111;uberlândia;310059;uberlândia;3111804;canápolis
31;minas gerais;3106;juíz de fora;310028;manhuaçu;3112109;caparaó
31;minas gerais;3107;barbacena;310038;conselheiro lafaiete;3112208;capela nova
31;minas gerais;3103;teófilo otoni;310014;capelinha;3112307;capelinha
31;minas gerais;3108;varginha;310041;passos;3112406;capetinga
31;minas gerais;3101;belo horizonte;310002;sete lagoas;3112505;capim branco
31;minas gerais;3111;uberlândia;310060;ituiutaba;3112604;capinópolis
31;minas gerais;3104;governador valadares;310020;governador valadares;3112653;capitão andrade
31;minas gerais;3102;montes claros;310006;montes claros;3112703;capitão enéas
31;minas gerais;3108;varginha;310049;piumhi;3112802;capitólio
31;minas gerais;3106;juíz de fora;310028;manhuaçu;3112901;caputira
31;minas gerais;3107;barbacena;310038;conselheiro lafaiete;3113107;caranaíba
31;minas gerais;3107;barbacena;310038;conselheiro lafaiete;3113206;carandaí
31;minas gerais;3106;juíz de fora;310034;carangola;3113305;carangola
31;minas gerais;3105;ipatinga;310025;caratinga;3113404;caratinga
31;minas gerais;3103;teófilo otoni;310013;teófilo otoni;3113008;caraí
31;minas gerais;3103;teófilo otoni;310016;diamantina;3113503;carbonita
31;minas gerais;3109;pouso alegre;310050;pouso alegre;3113602;careaçu
31;minas gerais;3103;teófilo otoni;310013;teófilo otoni;3113701;carlos chagas
31;minas gerais;3108;varginha;310045;três corações;3113909;carmo da cachoeira
31;minas gerais;3113;divinópolis;310065;divinópolis;3114006;carmo da mata
31;minas gerais;3109;pouso alegre;310053;são lourenço;3114105;carmo de minas
31;minas gerais;3113;divinópolis;310065;divinópolis;3114204;carmo do cajuru
31;minas gerais;3112;patos de minas;310062;patos de minas;3114303;carmo do paranaíba
31;minas gerais;3108;varginha;310041;passos;3114402;carmo do rio claro
31;minas gerais;3101;belo horizonte;310005;itabira;3113800;carmésia
31;minas gerais;3113;divinópolis;310069;oliveira;3114501;carmópolis de minas
31;minas gerais;3110;uberaba;310058;iturama;3114550;carneirinho
31;minas gerais;3108;varginha;310043;lavras;3114600;carrancas
31;minas gerais;3109;pouso alegre;310054;caxambu - baependi;3114808;carvalhos
31;minas gerais;3108;varginha;310042;alfenas;3114709;carvalhópolis
31;minas gerais;3107;barbacena;310038;conselheiro lafaiete;3114907;casa grande
31;minas gerais;3111;uberlândia;310059;uberlândia;3115003;cascalho rico
31;minas gerais;3106;juíz de fora;310032;cataguases;3115300;cataguases
31;minas gerais;3101;belo horizonte;310003;santa bárbara - ouro preto;3115359;catas altas
31;minas gerais;3107;barbacena;310038;conselheiro lafaiete;3115409;catas altas da noruega
31;minas gerais;3103;teófilo otoni;310013;teófilo otoni;3115458;catuji
31;minas gerais;3102;montes claros;310012;espinosa;3115474;catuti
31;minas gerais;3109;pouso alegre;310054;caxambu - baependi;3115508;caxambu
31;minas gerais;3113;divinópolis;310070;abaeté;3115607;cedro do abaeté
31;minas gerais;3104;governador valadares;310022;mantena;3115706;central de minas
31;minas gerais;3111;uberlândia;310059;uberlândia;3115805;centralina
31;minas gerais;3106;juíz de fora;310028;manhuaçu;3116001;chalé
31;minas gerais;3103;teófilo otoni;310014;capelinha;3116100;chapada do norte
31;minas gerais;3102;montes claros;310011;são francisco;3116159;chapada gaúcha
31;minas gerais;3106;juíz de fora;310027;juiz de fora;3116209;chiador
31;minas gerais;3106;juíz de fora;310027;juiz de fora;3115904;chácara
31;minas gerais;3107;barbacena;310037;barbacena;3116308;cipotânea
31;minas gerais;3108;varginha;310041;passos;3116407;claraval
31;minas gerais;3102;montes claros;310006;montes claros;3116506;claro dos poções
31;minas gerais;3113;divinópolis;310065;divinópolis;3116605;cláudio
31;minas gerais;3106;juíz de fora;310033;viçosa;3116704;coimbra
31;minas gerais;3104;governador valadares;310021;guanhães;3116803;coluna
31;minas gerais;3110;uberaba;310057;frutal;3116902;comendador gomes
31;minas gerais;3103;teófilo otoni;310018;pedra azul;3117009;comercinho
31;minas gerais;3108;varginha;310042;alfenas;3117108;conceição da aparecida
31;minas gerais;3107;barbacena;310039;são joão del rei;3115201;conceição da barra de minas
31;minas gerais;3110;uberaba;310055;uberaba;3117306;conceição das alagoas
31;minas gerais;3109;pouso alegre;310052;itajubá;3117207;conceição das pedras
31;minas gerais;3106;juíz de fora;310028;manhuaçu;3117405;conceição de ipanema
31;minas gerais;3101;belo horizonte;310002;sete lagoas;3117504;conceição do mato dentro
31;minas gerais;3113;divinópolis;310065;divinópolis;3117603;conceição do pará
31;minas gerais;3109;pouso alegre;310053;são lourenço;3117702;conceição do rio verde
31;minas gerais;3109;pouso alegre;310050;pouso alegre;3117801;conceição dos ouros
31;minas gerais;3101;belo horizonte;310001;belo horizonte;3117876;confins
31;minas gerais;3109;pouso alegre;310050;pouso alegre;3117900;congonhal
31;minas gerais;3107;barbacena;310038;conselheiro lafaiete;3118007;congonhas
31;minas gerais;3101;belo horizonte;310002;sete lagoas;3118106;congonhas do norte
31;minas gerais;3110;uberaba;310055;uberaba;3118205;conquista
31;minas gerais;3107;barbacena;310038;conselheiro lafaiete;3118304;conselheiro lafaiete
31;minas gerais;3104;governador valadares;310020;governador valadares;3118403;conselheiro pena
31;minas gerais;3109;pouso alegre;310050;pouso alegre;3118502;consolação
31;minas gerais;3101;belo horizonte;310001;belo horizonte;3118601;contagem
31;minas gerais;3108;varginha;310046;três pontas - boa esperança;3118700;coqueiral
31;minas gerais;3102;montes claros;310006;montes claros;3118809;coração de jesus
31;minas gerais;3101;belo horizonte;310002;sete lagoas;3118908;cordisburgo
31;minas gerais;3108;varginha;310040;varginha;3119005;cordislândia
31;minas gerais;3101;belo horizonte;310004;curvelo;3119104;corinto
31;minas gerais;3104;governador valadares;310020;governador valadares;3119203;coroaci
31;minas gerais;3112;patos de minas;310064;patrocínio;3119302;coromandel
31;minas gerais;3105;ipatinga;310024;ipatinga;3119401;coronel fabriciano
31;minas gerais;3103;teófilo otoni;310017;araçuaí;3119500;coronel murta
31;minas gerais;3106;juíz de fora;310027;juiz de fora;3119609;coronel pacheco
31;minas gerais;3107;barbacena;310039;são joão del rei;3119708;coronel xavier chaves
31;minas gerais;3103;teófilo otoni;310016;diamantina;3120102;couto de magalhães de minas
31;minas gerais;3108;varginha;310048;campo belo;3120201;cristais
31;minas gerais;3107;barbacena;310038;conselheiro lafaiete;3120409;cristiano otoni
31;minas gerais;3109;pouso alegre;310053;são lourenço;3120508;cristina
31;minas gerais;3102;montes claros;310006;montes claros;3120300;cristália
31;minas gerais;3103;teófilo otoni;310019;águas formosas;3120151;crisólita
31;minas gerais;3113;divinópolis;310069;oliveira;3120607;crucilândia
31;minas gerais;3112;patos de minas;310064;patrocínio;3120706;cruzeiro da fortaleza
31;minas gerais;3109;pouso alegre;310054;caxambu - baependi;3120805;cruzília
31;minas gerais;3104;governador valadares;310023;aimorés - resplendor;3120839;cuparaque
31;minas gerais;3102;montes claros;310008;salinas;3120870;curral de dentro
31;minas gerais;3101;belo horizonte;310004;curvelo;3120904;curvelo
31;minas gerais;3108;varginha;310041;passos;3115102;cássia
31;minas gerais;3113;divinópolis;310066;formiga;3119807;córrego danta
31;minas gerais;3109;pouso alegre;310050;pouso alegre;3119906;córrego do bom jesus
31;minas gerais;3113;divinópolis;310066;formiga;3119955;córrego fundo
31;minas gerais;3105;ipatinga;310025;caratinga;3120003;córrego novo
31;minas gerais;3102;montes claros;310009;januária;3117836;cônego marinho
31;minas gerais;3103;teófilo otoni;310016;diamantina;3121001;datas
31;minas gerais;3109;pouso alegre;310052;itajubá;3121100;delfim moreira
31;minas gerais;3108;varginha;310041;passos;3121209;delfinópolis
31;minas gerais;3110;uberaba;310055;uberaba;3121258;delta
31;minas gerais;3106;juíz de fora;310035;são joão nepomuceno - bicas;3121308;descoberto
31;minas gerais;3107;barbacena;310038;conselheiro lafaiete;3121407;desterro de entre rios
31;minas gerais;3107;barbacena;310037;barbacena;3121506;desterro do melo
31;minas gerais;3103;teófilo otoni;310016;diamantina;3121605;diamantina
31;minas gerais;3106;juíz de fora;310030;ponte nova;3121704;diogo de vasconcelos
31;minas gerais;3105;ipatinga;310024;ipatinga;3121803;dionísio
31;minas gerais;3106;juíz de fora;310034;carangola;3122009;divino
31;minas gerais;3104;governador valadares;310020;governador valadares;3122108;divino das laranjeiras
31;minas gerais;3104;governador valadares;310021;guanhães;3122207;divinolândia de minas
31;minas gerais;3106;juíz de fora;310029;ubá;3121902;divinésia
31;minas gerais;3113;divinópolis;310065;divinópolis;3122306;divinópolis
31;minas gerais;3103;teófilo otoni;310018;pedra azul;3122355;divisa alegre
31;minas gerais;3108;varginha;310042;alfenas;3122405;divisa nova
31;minas gerais;3103;teófilo otoni;310018;pedra azul;3122454;divisópolis
31;minas gerais;3112;patos de minas;310063;unaí;3122470;dom bosco
31;minas gerais;3105;ipatinga;310024;ipatinga;3122504;dom cavati
31;minas gerais;3104;governador valadares;310021;guanhães;3122603;dom joaquim
31;minas gerais;3106;juíz de fora;310030;ponte nova;3122702;dom silvério
31;minas gerais;3109;pouso alegre;310053;são lourenço;3122801;dom viçoso
31;minas gerais;3106;juíz de fora;310032;cataguases;3122900;dona euzébia
31;minas gerais;3107;barbacena;310037;barbacena;3123007;dores de campos
31;minas gerais;3104;governador valadares;310021;guanhães;3123106;dores de guanhães
31;minas gerais;3113;divinópolis;310067;dores do indaiá;3123205;dores do indaiá
31;minas gerais;3106;juíz de fora;310029;ubá;3123304;dores do turvo
31;minas gerais;3108;varginha;310049;piumhi;3123403;doresópolis
31;minas gerais;3111;uberlândia;310061;monte carmelo;3123502;douradoquara
31;minas gerais;3106;juíz de fora;310028;manhuaçu;3123528;durandé
31;minas gerais;3108;varginha;310040;varginha;3123601;elói mendes
31;minas gerais;3104;governador valadares;310020;governador valadares;3123700;engenheiro caldas
31;minas gerais;3102;montes claros;310006;montes claros;3123809;engenheiro navarro
31;minas gerais;3105;ipatinga;310025;caratinga;3123858;entre folhas
31;minas gerais;3107;barbacena;310038;conselheiro lafaiete;3123908;entre rios de minas
31;minas gerais;3106;juíz de fora;310033;viçosa;3124005;ervália
31;minas gerais;3101;belo horizonte;310001;belo horizonte;3124104;esmeraldas
31;minas gerais;3106;juíz de fora;310034;carangola;3124203;espera feliz
31;minas gerais;3102;montes claros;310012;espinosa;3124302;espinosa
31;minas gerais;3109;pouso alegre;310050;pouso alegre;3124401;espírito santo do dourado
31;minas gerais;3109;pouso alegre;310050;pouso alegre;3124500;estiva
31;minas gerais;3106;juíz de fora;310036;além paraíba;3124609;estrela dalva
31;minas gerais;3113;divinópolis;310067;dores do indaiá;3124708;estrela do indaiá
31;minas gerais;3111;uberlândia;310061;monte carmelo;3124807;estrela do sul
31;minas gerais;3106;juíz de fora;310031;muriaé;3124906;eugenópolis
31;minas gerais;3106;juíz de fora;310027;juiz de fora;3125002;ewbank da câmara
31;minas gerais;3109;pouso alegre;310050;pouso alegre;3125101;extrema
31;minas gerais;3108;varginha;310042;alfenas;3125200;fama
31;minas gerais;3106;juíz de fora;310034;carangola;3125309;faria lemos
31;minas gerais;3103;teófilo otoni;310015;almenara;3125606;felisburgo
31;minas gerais;3101;belo horizonte;310004;curvelo;3125705;felixlândia
31;minas gerais;3103;teófilo otoni;310016;diamantina;3125408;felício dos santos
31;minas gerais;3104;governador valadares;310020;governador valadares;3125804;fernandes tourinho
31;minas gerais;3101;belo horizonte;310005;itabira;3125903;ferros
31;minas gerais;3106;juíz de fora;310031;muriaé;3125952;fervedouro
31;minas gerais;3101;belo horizonte;310001;belo horizonte;3126000;florestal
31;minas gerais;3113;divinópolis;310066;formiga;3126109;formiga
31;minas gerais;3112;patos de minas;310063;unaí;3126208;formoso
31;minas gerais;3108;varginha;310041;passos;3126307;fortaleza de minas
31;minas gerais;3101;belo horizonte;310002;sete lagoas;3126406;fortuna de minas
31;minas gerais;3103;teófilo otoni;310017;araçuaí;3126505;francisco badaró
31;minas gerais;3102;montes claros;310006;montes claros;3126604;francisco dumont
31;minas gerais;3102;montes claros;310006;montes claros;3126703;francisco sá
31;minas gerais;3103;teófilo otoni;310013;teófilo otoni;3126752;franciscópolis
31;minas gerais;3103;teófilo otoni;310013;teófilo otoni;3126802;frei gaspar
31;minas gerais;3104;governador valadares;310020;governador valadares;3126901;frei inocêncio
31;minas gerais;3104;governador valadares;310021;guanhães;3126950;frei lagonegro
31;minas gerais;3110;uberaba;310057;frutal;3127008;fronteira
31;minas gerais;3103;teófilo otoni;310019;águas formosas;3127057;fronteira dos vales
31;minas gerais;3102;montes claros;310008;salinas;3127073;fruta de leite
31;minas gerais;3110;uberaba;310057;frutal;3127107;frutal
31;minas gerais;3101;belo horizonte;310002;sete lagoas;3127206;funilândia
31;minas gerais;3104;governador valadares;310020;governador valadares;3127305;galiléia
31;minas gerais;3102;montes claros;310012;espinosa;3127339;gameleiras
31;minas gerais;3102;montes claros;310006;montes claros;3127354;glaucilândia
31;minas gerais;3104;governador valadares;310020;governador valadares;3127370;goiabeira
31;minas gerais;3106;juíz de fora;310027;juiz de fora;3127388;goianá
31;minas gerais;3104;governador valadares;310020;governador valadares;3127503;gonzaga
31;minas gerais;3109;pouso alegre;310052;itajubá;3127404;gonçalves
31;minas gerais;3103;teófilo otoni;310016;diamantina;3127602;gouveia
31;minas gerais;3104;governador valadares;310020;governador valadares;3127701;governador valadares
31;minas gerais;3111;uberlândia;310061;monte carmelo;3127909;grupiara
31;minas gerais;3102;montes claros;310006;montes claros;3127800;grão mogol
31;minas gerais;3104;governador valadares;310021;guanhães;3128006;guanhães
31;minas gerais;3108;varginha;310041;passos;3128105;guapé
31;minas gerais;3106;juíz de fora;310030;ponte nova;3128204;guaraciaba
31;minas gerais;3102;montes claros;310006;montes claros;3128253;guaraciama
31;minas gerais;3106;juíz de fora;310029;ubá;3128402;guarani
31;minas gerais;3108;varginha;310044;guaxupé;3128303;guaranésia
31;minas gerais;3106;juíz de fora;310035;são joão nepomuceno - bicas;3128501;guarará
31;minas gerais;3112;patos de minas;310062;patos de minas;3128600;guarda-mor
31;minas gerais;3108;varginha;310044;guaxupé;3128709;guaxupé
31;minas gerais;3106;juíz de fora;310029;ubá;3128808;guidoval
31;minas gerais;3112;patos de minas;310064;patrocínio;3128907;guimarânia
31;minas gerais;3106;juíz de fora;310029;ubá;3129004;guiricema
31;minas gerais;3111;uberlândia;310060;ituiutaba;3129103;gurinhatã
31;minas gerais;3109;pouso alegre;310050;pouso alegre;3129202;heliodora
31;minas gerais;3105;ipatinga;310024;ipatinga;3129301;iapu
31;minas gerais;3107;barbacena;310037;barbacena;3129400;ibertioga
31;minas gerais;3102;montes claros;310010;pirapora;3129608;ibiaí
31;minas gerais;3102;montes claros;310006;montes claros;3129657;ibiracatu
31;minas gerais;3108;varginha;310041;passos;3129707;ibiraci
31;minas gerais;3101;belo horizonte;310001;belo horizonte;3129806;ibirité
31;minas gerais;3109;pouso alegre;310051;poços de caldas;3129905;ibitiúra de minas
31;minas gerais;3108;varginha;310043;lavras;3130002;ibituruna
31;minas gerais;3110;uberaba;310056;araxá;3129509;ibiá
31;minas gerais;3102;montes claros;310011;são francisco;3130051;icaraí de minas
31;minas gerais;3101;belo horizonte;310001;belo horizonte;3130101;igarapé
31;minas gerais;3113;divinópolis;310068;pará de minas;3130200;igaratinga
31;minas gerais;3113;divinópolis;310066;formiga;3130309;iguatama
31;minas gerais;3108;varginha;310043;lavras;3130408;ijaci
31;minas gerais;3108;varginha;310046;três pontas - boa esperança;3130507;ilicínea
31;minas gerais;3105;ipatinga;310025;caratinga;3130556;imbé de minas
31;minas gerais;3109;pouso alegre;310050;pouso alegre;3130606;inconfidentes
31;minas gerais;3102;montes claros;310008;salinas;3130655;indaiabira
31;minas gerais;3111;uberlândia;310059;uberlândia;3130705;indianópolis
31;minas gerais;3108;varginha;310043;lavras;3130804;ingaí
31;minas gerais;3105;ipatinga;310025;caratinga;3130903;inhapim
31;minas gerais;3101;belo horizonte;310002;sete lagoas;3131000;inhaúma
31;minas gerais;3101;belo horizonte;310004;curvelo;3131109;inimutaba
31;minas gerais;3105;ipatinga;310024;ipatinga;3131158;ipaba
31;minas gerais;3106;juíz de fora;310028;manhuaçu;3131208;ipanema
31;minas gerais;3105;ipatinga;310024;ipatinga;3131307;ipatinga
31;minas gerais;3111;uberlândia;310060;ituiutaba;3131406;ipiaçu
31;minas gerais;3109;pouso alegre;310050;pouso alegre;3131505;ipuiúna
31;minas gerais;3111;uberlândia;310061;monte carmelo;3131604;iraí de minas
31;minas gerais;3101;belo horizonte;310005;itabira;3131703;itabira
31;minas gerais;3104;governador valadares;310022;mantena;3131802;itabirinha
31;minas gerais;3101;belo horizonte;310003;santa bárbara - ouro preto;3131901;itabirito
31;minas gerais;3102;montes claros;310006;montes claros;3132008;itacambira
31;minas gerais;3102;montes claros;310009;januária;3132107;itacarambi
31;minas gerais;3113;divinópolis;310069;oliveira;3132206;itaguara
31;minas gerais;3103;teófilo otoni;310013;teófilo otoni;3132305;itaipé
31;minas gerais;3109;pouso alegre;310052;itajubá;3132404;itajubá
31;minas gerais;3103;teófilo otoni;310014;capelinha;3132503;itamarandiba
31;minas gerais;3106;juíz de fora;310032;cataguases;3132602;itamarati de minas
31;minas gerais;3103;teófilo otoni;310013;teófilo otoni;3132701;itambacuri
31;minas gerais;3101;belo horizonte;310005;itabira;3132800;itambé do mato dentro
31;minas gerais;3108;varginha;310047;são sebastião do paraíso;3132909;itamogi
31;minas gerais;3109;pouso alegre;310053;são lourenço;3133006;itamonte
31;minas gerais;3109;pouso alegre;310053;são lourenço;3133105;itanhandu
31;minas gerais;3104;governador valadares;310020;governador valadares;3133204;itanhomi
31;minas gerais;3103;teófilo otoni;310013;teófilo otoni;3133303;itaobim
31;minas gerais;3110;uberaba;310057;frutal;3133402;itapagipe
31;minas gerais;3113;divinópolis;310065;divinópolis;3133501;itapecerica
31;minas gerais;3109;pouso alegre;310050;pouso alegre;3133600;itapeva
31;minas gerais;3113;divinópolis;310065;divinópolis;3133709;itatiaiuçu
31;minas gerais;3107;barbacena;310038;conselheiro lafaiete;3133907;itaverava
31;minas gerais;3108;varginha;310041;passos;3133758;itaú de minas
31;minas gerais;3113;divinópolis;310065;divinópolis;3133808;itaúna
31;minas gerais;3103;teófilo otoni;310017;araçuaí;3134004;itinga
31;minas gerais;3104;governador valadares;310023;aimorés - resplendor;3134103;itueta
31;minas gerais;3111;uberlândia;310060;ituiutaba;3134202;ituiutaba
31;minas gerais;3108;varginha;310043;lavras;3134301;itumirim
31;minas gerais;3110;uberaba;310058;iturama;3134400;iturama
31;minas gerais;3108;varginha;310043;lavras;3134509;itutinga
31;minas gerais;3101;belo horizonte;310001;belo horizonte;3134608;jaboticatubas
31;minas gerais;3103;teófilo otoni;310015;almenara;3134707;jacinto
31;minas gerais;3109;pouso alegre;310050;pouso alegre;3134905;jacutinga
31;minas gerais;3108;varginha;310047;são sebastião do paraíso;3134806;jacuí
31;minas gerais;3105;ipatinga;310024;ipatinga;3135001;jaguaraçu
31;minas gerais;3104;governador valadares;310020;governador valadares;3135076;jampruca
31;minas gerais;3102;montes claros;310007;janaúba;3135100;janaúba
31;minas gerais;3102;montes claros;310009;januária;3135209;januária
31;minas gerais;3113;divinópolis;310065;divinópolis;3135308;japaraíba
31;minas gerais;3102;montes claros;310006;montes claros;3135357;japonvar
31;minas gerais;3102;montes claros;310007;janaúba;3135050;jaíba
31;minas gerais;3107;barbacena;310038;conselheiro lafaiete;3135407;jeceaba
31;minas gerais;3103;teófilo otoni;310017;araçuaí;3135456;jenipapo de minas
31;minas gerais;3106;juíz de fora;310030;ponte nova;3135506;jequeri
31;minas gerais;3102;montes claros;310006;montes claros;3135605;jequitaí
31;minas gerais;3101;belo horizonte;310002;sete lagoas;3135704;jequitibá
31;minas gerais;3103;teófilo otoni;310015;almenara;3135803;jequitinhonha
31;minas gerais;3109;pouso alegre;310053;são lourenço;3135902;jesuânia
31;minas gerais;3105;ipatinga;310024;ipatinga;3136108;joanésia
31;minas gerais;3102;montes claros;310006;montes claros;3136405;joaquim felício
31;minas gerais;3103;teófilo otoni;310015;almenara;3136009;joaíma
31;minas gerais;3103;teófilo otoni;310015;almenara;3136504;jordânia
31;minas gerais;3102;montes claros;310006;montes claros;3136579;josenópolis
31;minas gerais;3103;teófilo otoni;310017;araçuaí;3136520;josé gonçalves de minas
31;minas gerais;3104;governador valadares;310021;guanhães;3136553;josé raydan
31;minas gerais;3105;ipatinga;310026;joão monlevade;3136207;joão monlevade
31;minas gerais;3112;patos de minas;310062;patos de minas;3136306;joão pinheiro
31;minas gerais;3101;belo horizonte;310001;belo horizonte;3136652;juatuba
31;minas gerais;3106;juíz de fora;310027;juiz de fora;3136702;juiz de fora
31;minas gerais;3102;montes claros;310006;montes claros;3136801;juramento
31;minas gerais;3108;varginha;310044;guaxupé;3136900;juruaia
31;minas gerais;3102;montes claros;310009;januária;3136959;juvenília
31;minas gerais;3103;teófilo otoni;310013;teófilo otoni;3137007;ladainha
31;minas gerais;3112;patos de minas;310062;patos de minas;3137106;lagamar
31;minas gerais;3113;divinópolis;310065;divinópolis;3137205;lagoa da prata
31;minas gerais;3102;montes claros;310006;montes claros;3137304;lagoa dos patos
31;minas gerais;3107;barbacena;310039;são joão del rei;3137403;lagoa dourada
31;minas gerais;3112;patos de minas;310062;patos de minas;3137502;lagoa formosa
31;minas gerais;3112;patos de minas;310062;patos de minas;3137536;lagoa grande
31;minas gerais;3101;belo horizonte;310001;belo horizonte;3137601;lagoa santa
31;minas gerais;3106;juíz de fora;310028;manhuaçu;3137700;lajinha
31;minas gerais;3109;pouso alegre;310053;são lourenço;3137809;lambari
31;minas gerais;3107;barbacena;310038;conselheiro lafaiete;3137908;lamim
31;minas gerais;3106;juíz de fora;310032;cataguases;3138005;laranjal
31;minas gerais;3102;montes claros;310010;pirapora;3138104;lassance
31;minas gerais;3108;varginha;310043;lavras;3138203;lavras
31;minas gerais;3113;divinópolis;310065;divinópolis;3138302;leandro ferreira
31;minas gerais;3103;teófilo otoni;310014;capelinha;3138351;leme do prado
31;minas gerais;3106;juíz de fora;310032;cataguases;3138401;leopoldina
31;minas gerais;3106;juíz de fora;310027;juiz de fora;3138500;liberdade
31;minas gerais;3106;juíz de fora;310027;juiz de fora;3138609;lima duarte
31;minas gerais;3110;uberaba;310058;iturama;3138625;limeira do oeste
31;minas gerais;3102;montes claros;310006;montes claros;3138658;lontra
31;minas gerais;3106;juíz de fora;310028;manhuaçu;3138674;luisburgo
31;minas gerais;3102;montes claros;310006;montes claros;3138682;luislândia
31;minas gerais;3108;varginha;310043;lavras;3138708;luminárias
31;minas gerais;3113;divinópolis;310067;dores do indaiá;3138807;luz
31;minas gerais;3103;teófilo otoni;310019;águas formosas;3138906;machacalis
31;minas gerais;3108;varginha;310042;alfenas;3139003;machado
31;minas gerais;3107;barbacena;310039;são joão del rei;3139102;madre de deus de minas
31;minas gerais;3103;teófilo otoni;310013;teófilo otoni;3139201;malacacheta
31;minas gerais;3102;montes claros;310012;espinosa;3139250;mamonas
31;minas gerais;3102;montes claros;310007;janaúba;3139300;manga
31;minas gerais;3106;juíz de fora;310028;manhuaçu;3139409;manhuaçu
31;minas gerais;3106;juíz de fora;310028;manhuaçu;3139508;manhumirim
31;minas gerais;3104;governador valadares;310022;mantena;3139607;mantena
31;minas gerais;3106;juíz de fora;310035;são joão nepomuceno - bicas;3139805;mar de espanha
31;minas gerais;3113;divinópolis;310068;pará de minas;3139706;maravilhas
31;minas gerais;3109;pouso alegre;310052;itajubá;3139904;maria da fé
31;minas gerais;3101;belo horizonte;310003;santa bárbara - ouro preto;3140001;mariana
31;minas gerais;3104;governador valadares;310020;governador valadares;3140100;marilac
31;minas gerais;3106;juíz de fora;310035;são joão nepomuceno - bicas;3140209;maripá de minas
31;minas gerais;3105;ipatinga;310024;ipatinga;3140308;marliéria
31;minas gerais;3109;pouso alegre;310052;itajubá;3140407;marmelópolis
31;minas gerais;3113;divinópolis;310067;dores do indaiá;3140506;martinho campos
31;minas gerais;3106;juíz de fora;310028;manhuaçu;3140530;martins soares
31;minas gerais;3103;teófilo otoni;310015;almenara;3140555;mata verde
31;minas gerais;3104;governador valadares;310021;guanhães;3140605;materlândia
31;minas gerais;3101;belo horizonte;310001;belo horizonte;3140704;mateus leme
31;minas gerais;3104;governador valadares;310020;governador valadares;3171501;mathias lobato
31;minas gerais;3106;juíz de fora;310027;juiz de fora;3140803;matias barbosa
31;minas gerais;3102;montes claros;310007;janaúba;3140852;matias cardoso
31;minas gerais;3106;juíz de fora;310028;manhuaçu;3140902;matipó
31;minas gerais;3102;montes claros;310012;espinosa;3141009;mato verde
31;minas gerais;3101;belo horizonte;310002;sete lagoas;3141108;matozinhos
31;minas gerais;3112;patos de minas;310062;patos de minas;3141207;matutina
31;minas gerais;3113;divinópolis;310066;formiga;3141306;medeiros
31;minas gerais;3103;teófilo otoni;310018;pedra azul;3141405;medina
31;minas gerais;3104;governador valadares;310022;mantena;3141504;mendes pimentel
31;minas gerais;3106;juíz de fora;310029;ubá;3141603;mercês
31;minas gerais;3105;ipatinga;310024;ipatinga;3141702;mesquita
31;minas gerais;3103;teófilo otoni;310014;capelinha;3141801;minas novas
31;minas gerais;3109;pouso alegre;310054;caxambu - baependi;3141900;minduri
31;minas gerais;3102;montes claros;310006;montes claros;3142007;mirabela
31;minas gerais;3106;juíz de fora;310031;muriaé;3142106;miradouro
31;minas gerais;3102;montes claros;310007;janaúba;3142254;miravânia
31;minas gerais;3106;juíz de fora;310031;muriaé;3142205;miraí
31;minas gerais;3101;belo horizonte;310001;belo horizonte;3142304;moeda
31;minas gerais;3113;divinópolis;310067;dores do indaiá;3142403;moema
31;minas gerais;3101;belo horizonte;310004;curvelo;3142502;monjolos
31;minas gerais;3108;varginha;310040;varginha;3142601;monsenhor paulo
31;minas gerais;3102;montes claros;310009;januária;3142700;montalvânia
31;minas gerais;3111;uberlândia;310059;uberlândia;3142809;monte alegre de minas
31;minas gerais;3102;montes claros;310012;espinosa;3142908;monte azul
31;minas gerais;3108;varginha;310044;guaxupé;3143005;monte belo
31;minas gerais;3111;uberlândia;310061;monte carmelo;3143104;monte carmelo
31;minas gerais;3103;teófilo otoni;310013;teófilo otoni;3143153;monte formoso
31;minas gerais;3108;varginha;310047;são sebastião do paraíso;3143203;monte santo de minas
31;minas gerais;3109;pouso alegre;310050;pouso alegre;3143401;monte sião
31;minas gerais;3102;montes claros;310006;montes claros;3143302;montes claros
31;minas gerais;3102;montes claros;310012;espinosa;3143450;montezuma
31;minas gerais;3113;divinópolis;310070;abaeté;3143500;morada nova de minas
31;minas gerais;3101;belo horizonte;310004;curvelo;3143609;morro da garça
31;minas gerais;3101;belo horizonte;310002;sete lagoas;3143708;morro do pilar
31;minas gerais;3109;pouso alegre;310050;pouso alegre;3143807;munhoz
31;minas gerais;3106;juíz de fora;310031;muriaé;3143906;muriaé
31;minas gerais;3106;juíz de fora;310028;manhuaçu;3144003;mutum
31;minas gerais;3108;varginha;310044;guaxupé;3144102;muzambinho
31;minas gerais;3101;belo horizonte;310001;belo horizonte;3140159;mário campos
31;minas gerais;3104;governador valadares;310020;governador valadares;3144201;nacip raydan
31;minas gerais;3103;teófilo otoni;310013;teófilo otoni;3144300;nanuque
31;minas gerais;3105;ipatinga;310024;ipatinga;3144359;naque
31;minas gerais;3112;patos de minas;310063;unaí;3144375;natalândia
31;minas gerais;3109;pouso alegre;310050;pouso alegre;3144409;natércia
31;minas gerais;3107;barbacena;310039;são joão del rei;3144508;nazareno
31;minas gerais;3108;varginha;310043;lavras;3144607;nepomuceno
31;minas gerais;3102;montes claros;310008;salinas;3144656;ninheira
31;minas gerais;3104;governador valadares;310022;mantena;3144672;nova belém
31;minas gerais;3105;ipatinga;310026;joão monlevade;3144706;nova era
31;minas gerais;3101;belo horizonte;310001;belo horizonte;3144805;nova lima
31;minas gerais;3103;teófilo otoni;310013;teófilo otoni;3144904;nova módica
31;minas gerais;3110;uberaba;310055;uberaba;3145000;nova ponte
31;minas gerais;3102;montes claros;310007;janaúba;3145059;nova porteirinha
31;minas gerais;3108;varginha;310044;guaxupé;3145109;nova resende
31;minas gerais;3113;divinópolis;310065;divinópolis;3145208;nova serrana
31;minas gerais;3101;belo horizonte;310001;belo horizonte;3136603;nova união
31;minas gerais;3103;teófilo otoni;310013;teófilo otoni;3145307;novo cruzeiro
31;minas gerais;3103;teófilo otoni;310013;teófilo otoni;3145356;novo oriente de minas
31;minas gerais;3102;montes claros;310008;salinas;3145372;novorizonte
31;minas gerais;3106;juíz de fora;310027;juiz de fora;3145406;olaria
31;minas gerais;3102;montes claros;310006;montes claros;3145455;olhos-d'água
31;minas gerais;3113;divinópolis;310069;oliveira;3145604;oliveira
31;minas gerais;3106;juíz de fora;310027;juiz de fora;3145703;oliveira fortes
31;minas gerais;3109;pouso alegre;310053;são lourenço;3145505;olímpio noronha
31;minas gerais;3113;divinópolis;310068;pará de minas;3145802;onça de pitangui
31;minas gerais;3106;juíz de fora;310030;ponte nova;3145851;oratórios
31;minas gerais;3106;juíz de fora;310034;carangola;3145877;orizânia
31;minas gerais;3107;barbacena;310038;conselheiro lafaiete;3145901;ouro branco
31;minas gerais;3109;pouso alegre;310050;pouso alegre;3146008;ouro fino
31;minas gerais;3101;belo horizonte;310003;santa bárbara - ouro preto;3146107;ouro preto
31;minas gerais;3103;teófilo otoni;310013;teófilo otoni;3146206;ouro verde de minas
31;minas gerais;3102;montes claros;310008;salinas;3146255;padre carvalho
31;minas gerais;3103;teófilo otoni;310013;teófilo otoni;3146305;padre paraíso
31;minas gerais;3102;montes claros;310007;janaúba;3146552;pai pedro
31;minas gerais;3113;divinópolis;310070;abaeté;3146404;paineiras
31;minas gerais;3113;divinópolis;310066;formiga;3146503;pains
31;minas gerais;3106;juíz de fora;310027;juiz de fora;3146602;paiva
31;minas gerais;3106;juíz de fora;310032;cataguases;3146701;palma
31;minas gerais;3103;teófilo otoni;310015;almenara;3146750;palmópolis
31;minas gerais;3113;divinópolis;310068;pará de minas;3146909;papagaios
31;minas gerais;3112;patos de minas;310062;patos de minas;3147006;paracatu
31;minas gerais;3108;varginha;310042;alfenas;3147204;paraguaçu
31;minas gerais;3109;pouso alegre;310052;itajubá;3147303;paraisópolis
31;minas gerais;3101;belo horizonte;310002;sete lagoas;3147402;paraopeba
31;minas gerais;3113;divinópolis;310068;pará de minas;3147105;pará de minas
31;minas gerais;3109;pouso alegre;310053;são lourenço;3147600;passa quatro
31;minas gerais;3113;divinópolis;310069;oliveira;3147709;passa tempo
31;minas gerais;3106;juíz de fora;310027;juiz de fora;3147808;passa vinte
31;minas gerais;3101;belo horizonte;310005;itabira;3147501;passabém
31;minas gerais;3108;varginha;310041;passos;3147907;passos
31;minas gerais;3102;montes claros;310006;montes claros;3147956;patis
31;minas gerais;3112;patos de minas;310062;patos de minas;3148004;patos de minas
31;minas gerais;3112;patos de minas;310064;patrocínio;3148103;patrocínio
31;minas gerais;3106;juíz de fora;310031;muriaé;3148202;patrocínio do muriaé
31;minas gerais;3106;juíz de fora;310033;viçosa;3148301;paula cândido
31;minas gerais;3104;governador valadares;310021;guanhães;3148400;paulistas
31;minas gerais;3103;teófilo otoni;310013;teófilo otoni;3148509;pavão
31;minas gerais;3103;teófilo otoni;310018;pedra azul;3148707;pedra azul
31;minas gerais;3106;juíz de fora;310034;carangola;3148756;pedra bonita
31;minas gerais;3106;juíz de fora;310033;viçosa;3148806;pedra do anta
31;minas gerais;3113;divinópolis;310065;divinópolis;3148905;pedra do indaiá
31;minas gerais;3106;juíz de fora;310034;carangola;3149002;pedra dourada
31;minas gerais;3109;pouso alegre;310052;itajubá;3149101;pedralva
31;minas gerais;3102;montes claros;310009;januária;3149150;pedras de maria da cruz
31;minas gerais;3110;uberaba;310056;araxá;3149200;pedrinópolis
31;minas gerais;3101;belo horizonte;310001;belo horizonte;3149309;pedro leopoldo
31;minas gerais;3106;juíz de fora;310027;juiz de fora;3149408;pedro teixeira
31;minas gerais;3106;juíz de fora;310035;são joão nepomuceno - bicas;3149507;pequeri
31;minas gerais;3113;divinópolis;310068;pará de minas;3149606;pequi
31;minas gerais;3113;divinópolis;310065;divinópolis;3149705;perdigão
31;minas gerais;3110;uberaba;310056;araxá;3149804;perdizes
31;minas gerais;3108;varginha;310043;lavras;3149903;perdões
31;minas gerais;3105;ipatinga;310024;ipatinga;3149952;periquito
31;minas gerais;3103;teófilo otoni;310013;teófilo otoni;3150000;pescador
31;minas gerais;3104;governador valadares;310021;guanhães;3148608;peçanha
31;minas gerais;3106;juíz de fora;310027;juiz de fora;3150109;piau
31;minas gerais;3105;ipatinga;310025;caratinga;3150158;piedade de caratinga
31;minas gerais;3106;juíz de fora;310030;ponte nova;3150208;piedade de ponte nova
31;minas gerais;3107;barbacena;310039;são joão del rei;3150307;piedade do rio grande
31;minas gerais;3113;divinópolis;310069;oliveira;3150406;piedade dos gerais
31;minas gerais;3113;divinópolis;310066;formiga;3150505;pimenta
31;minas gerais;3105;ipatinga;310024;ipatinga;3150539;pingo-d'água
31;minas gerais;3102;montes claros;310011;são francisco;3150570;pintópolis
31;minas gerais;3113;divinópolis;310069;oliveira;3150604;piracema
31;minas gerais;3110;uberaba;310057;frutal;3150703;pirajuba
31;minas gerais;3107;barbacena;310038;conselheiro lafaiete;3150802;piranga
31;minas gerais;3109;pouso alegre;310052;itajubá;3151008;piranguinho
31;minas gerais;3109;pouso alegre;310052;itajubá;3150901;piranguçu
31;minas gerais;3106;juíz de fora;310036;além paraíba;3151107;pirapetinga
31;minas gerais;3102;montes claros;310010;pirapora;3151206;pirapora
31;minas gerais;3106;juíz de fora;310029;ubá;3151305;piraúba
31;minas gerais;3113;divinópolis;310065;divinópolis;3151404;pitangui
31;minas gerais;3108;varginha;310049;piumhi;3151503;piumhi
31;minas gerais;3110;uberaba;310057;frutal;3151602;planura
31;minas gerais;3106;juíz de fora;310028;manhuaçu;3151909;pocrane
31;minas gerais;3113;divinópolis;310067;dores do indaiá;3152006;pompéu
31;minas gerais;3106;juíz de fora;310030;ponte nova;3152105;ponte nova
31;minas gerais;3102;montes claros;310010;pirapora;3152131;ponto chique
31;minas gerais;3103;teófilo otoni;310013;teófilo otoni;3152170;ponto dos volantes
31;minas gerais;3102;montes claros;310007;janaúba;3152204;porteirinha
31;minas gerais;3106;juíz de fora;310033;viçosa;3152303;porto firme
31;minas gerais;3103;teófilo otoni;310013;teófilo otoni;3152402;poté
31;minas gerais;3109;pouso alegre;310050;pouso alegre;3152501;pouso alegre
31;minas gerais;3109;pouso alegre;310053;são lourenço;3152600;pouso alto
31;minas gerais;3108;varginha;310042;alfenas;3151701;poço fundo
31;minas gerais;3109;pouso alegre;310051;poços de caldas;3151800;poços de caldas
31;minas gerais;3107;barbacena;310039;são joão del rei;3152709;prados
31;minas gerais;3111;uberlândia;310059;uberlândia;3152808;prata
31;minas gerais;3110;uberaba;310056;araxá;3153004;pratinha
31;minas gerais;3108;varginha;310041;passos;3152907;pratápolis
31;minas gerais;3106;juíz de fora;310033;viçosa;3153103;presidente bernardes
31;minas gerais;3101;belo horizonte;310004;curvelo;3153202;presidente juscelino
31;minas gerais;3103;teófilo otoni;310016;diamantina;3153301;presidente kubitschek
31;minas gerais;3112;patos de minas;310062;patos de minas;3153400;presidente olegário
31;minas gerais;3101;belo horizonte;310002;sete lagoas;3153608;prudente de morais
31;minas gerais;3113;divinópolis;310067;dores do indaiá;3153707;quartel geral
31;minas gerais;3107;barbacena;310038;conselheiro lafaiete;3153806;queluzito
31;minas gerais;3101;belo horizonte;310001;belo horizonte;3153905;raposos
31;minas gerais;3105;ipatinga;310025;caratinga;3154002;raul soares
31;minas gerais;3106;juíz de fora;310032;cataguases;3154101;recreio
31;minas gerais;3106;juíz de fora;310028;manhuaçu;3154150;reduto
31;minas gerais;3107;barbacena;310039;são joão del rei;3154200;resende costa
31;minas gerais;3104;governador valadares;310023;aimorés - resplendor;3154309;resplendor
31;minas gerais;3107;barbacena;310037;barbacena;3154408;ressaquinha
31;minas gerais;3112;patos de minas;310063;unaí;3154457;riachinho
31;minas gerais;3102;montes claros;310007;janaúba;3154507;riacho dos machados
31;minas gerais;3101;belo horizonte;310001;belo horizonte;3154606;ribeirão das neves
31;minas gerais;3108;varginha;310043;lavras;3154705;ribeirão vermelho
31;minas gerais;3101;belo horizonte;310001;belo horizonte;3154804;rio acima
31;minas gerais;3106;juíz de fora;310030;ponte nova;3154903;rio casca
31;minas gerais;3103;teófilo otoni;310015;almenara;3155108;rio do prado
31;minas gerais;3106;juíz de fora;310030;ponte nova;3155009;rio doce
31;minas gerais;3107;barbacena;310038;conselheiro lafaiete;3155207;rio espera
31;minas gerais;3113;divinópolis;310069;oliveira;3155306;rio manso
31;minas gerais;3106;juíz de fora;310027;juiz de fora;3155405;rio novo
31;minas gerais;3112;patos de minas;310062;patos de minas;3155504;rio paranaíba
31;minas gerais;3102;montes claros;310008;salinas;3155603;rio pardo de minas
31;minas gerais;3105;ipatinga;310026;joão monlevade;3155702;rio piracicaba
31;minas gerais;3106;juíz de fora;310029;ubá;3155801;rio pomba
31;minas gerais;3106;juíz de fora;310027;juiz de fora;3155900;rio preto
31;minas gerais;3104;governador valadares;310021;guanhães;3156007;rio vermelho
31;minas gerais;3107;barbacena;310039;são joão del rei;3156106;ritápolis
31;minas gerais;3106;juíz de fora;310035;são joão nepomuceno - bicas;3156205;rochedo de minas
31;minas gerais;3106;juíz de fora;310029;ubá;3156304;rodeiro
31;minas gerais;3111;uberlândia;310061;monte carmelo;3156403;romaria
31;minas gerais;3106;juíz de fora;310031;muriaé;3156452;rosário da limeira
31;minas gerais;3102;montes claros;310008;salinas;3156502;rubelita
31;minas gerais;3103;teófilo otoni;310015;almenara;3156601;rubim
31;minas gerais;3101;belo horizonte;310001;belo horizonte;3156700;sabará
31;minas gerais;3104;governador valadares;310021;guanhães;3156809;sabinópolis
31;minas gerais;3110;uberaba;310055;uberaba;3156908;sacramento
31;minas gerais;3102;montes claros;310008;salinas;3157005;salinas
31;minas gerais;3103;teófilo otoni;310015;almenara;3157104;salto da divisa
31;minas gerais;3101;belo horizonte;310003;santa bárbara - ouro preto;3157203;santa bárbara
31;minas gerais;3105;ipatinga;310025;caratinga;3157252;santa bárbara do leste
31;minas gerais;3106;juíz de fora;310027;juiz de fora;3157278;santa bárbara do monte verde
31;minas gerais;3107;barbacena;310037;barbacena;3157302;santa bárbara do tugúrio
31;minas gerais;3107;barbacena;310039;são joão del rei;3157336;santa cruz de minas
31;minas gerais;3102;montes claros;310008;salinas;3157377;santa cruz de salinas
31;minas gerais;3106;juíz de fora;310030;ponte nova;3157401;santa cruz do escalvado
31;minas gerais;3104;governador valadares;310020;governador valadares;3157500;santa efigênia de minas
31;minas gerais;3102;montes claros;310010;pirapora;3157609;santa fé de minas
31;minas gerais;3103;teófilo otoni;310019;águas formosas;3157658;santa helena de minas
31;minas gerais;3110;uberaba;310055;uberaba;3157708;santa juliana
31;minas gerais;3101;belo horizonte;310001;belo horizonte;3157807;santa luzia
31;minas gerais;3106;juíz de fora;310028;manhuaçu;3157906;santa margarida
31;minas gerais;3101;belo horizonte;310005;itabira;3158003;santa maria de itabira
31;minas gerais;3103;teófilo otoni;310015;almenara;3158102;santa maria do salto
31;minas gerais;3104;governador valadares;310021;guanhães;3158201;santa maria do suaçuí
31;minas gerais;3109;pouso alegre;310051;poços de caldas;3159209;santa rita de caldas
31;minas gerais;3107;barbacena;310037;barbacena;3159407;santa rita de ibitipoca
31;minas gerais;3106;juíz de fora;310027;juiz de fora;3159308;santa rita de jacutinga
31;minas gerais;3105;ipatinga;310025;caratinga;3159357;santa rita de minas
31;minas gerais;3104;governador valadares;310023;aimorés - resplendor;3159506;santa rita do itueto
31;minas gerais;3109;pouso alegre;310050;pouso alegre;3159605;santa rita do sapucaí
31;minas gerais;3110;uberaba;310056;araxá;3159704;santa rosa da serra
31;minas gerais;3111;uberlândia;310060;ituiutaba;3159803;santa vitória
31;minas gerais;3108;varginha;310046;três pontas - boa esperança;3158300;santana da vargem
31;minas gerais;3106;juíz de fora;310032;cataguases;3158409;santana de cataguases
31;minas gerais;3101;belo horizonte;310002;sete lagoas;3158508;santana de pirapama
31;minas gerais;3106;juíz de fora;310027;juiz de fora;3158607;santana do deserto
31;minas gerais;3107;barbacena;310037;barbacena;3158706;santana do garambéu
31;minas gerais;3108;varginha;310048;campo belo;3158805;santana do jacaré
31;minas gerais;3106;juíz de fora;310028;manhuaçu;3158904;santana do manhuaçu
31;minas gerais;3105;ipatinga;310024;ipatinga;3158953;santana do paraíso
31;minas gerais;3101;belo horizonte;310002;sete lagoas;3159001;santana do riacho
31;minas gerais;3107;barbacena;310038;conselheiro lafaiete;3159100;santana dos montes
31;minas gerais;3108;varginha;310043;lavras;3159902;santo antônio do amparo
31;minas gerais;3106;juíz de fora;310036;além paraíba;3160009;santo antônio do aventureiro
31;minas gerais;3106;juíz de fora;310030;ponte nova;3160108;santo antônio do grama
31;minas gerais;3103;teófilo otoni;310016;diamantina;3160207;santo antônio do itambé
31;minas gerais;3103;teófilo otoni;310015;almenara;3160306;santo antônio do jacinto
31;minas gerais;3113;divinópolis;310065;divinópolis;3160405;santo antônio do monte
31;minas gerais;3102;montes claros;310012;espinosa;3160454;santo antônio do retiro
31;minas gerais;3101;belo horizonte;310005;itabira;3160504;santo antônio do rio abaixo
31;minas gerais;3101;belo horizonte;310004;curvelo;3160603;santo hipólito
31;minas gerais;3106;juíz de fora;310027;juiz de fora;3160702;santos dumont
31;minas gerais;3109;pouso alegre;310052;itajubá;3165404;sapucaí-mirim
31;minas gerais;3104;governador valadares;310020;governador valadares;3165503;sardoá
31;minas gerais;3101;belo horizonte;310001;belo horizonte;3165537;sarzedo
31;minas gerais;3106;juíz de fora;310030;ponte nova;3165560;sem-peixe
31;minas gerais;3109;pouso alegre;310050;pouso alegre;3165578;senador amaral
31;minas gerais;3106;juíz de fora;310035;são joão nepomuceno - bicas;3165602;senador cortes
31;minas gerais;3106;juíz de fora;310029;ubá;3165701;senador firmino
31;minas gerais;3109;pouso alegre;310050;pouso alegre;3165800;senador josé bento
31;minas gerais;3103;teófilo otoni;310016;diamantina;3165909;senador modestino gonçalves
31;minas gerais;3107;barbacena;310038;conselheiro lafaiete;3166006;senhora de oliveira
31;minas gerais;3104;governador valadares;310021;guanhães;3166105;senhora do porto
31;minas gerais;3107;barbacena;310037;barbacena;3166204;senhora dos remédios
31;minas gerais;3106;juíz de fora;310030;ponte nova;3166303;sericita
31;minas gerais;3109;pouso alegre;310054;caxambu - baependi;3166402;seritinga
31;minas gerais;3103;teófilo otoni;310016;diamantina;3166501;serra azul de minas
31;minas gerais;3113;divinópolis;310067;dores do indaiá;3166600;serra da saudade
31;minas gerais;3112;patos de minas;310064;patrocínio;3166808;serra do salitre
31;minas gerais;3103;teófilo otoni;310013;teófilo otoni;3166709;serra dos aimorés
31;minas gerais;3108;varginha;310042;alfenas;3166907;serrania
31;minas gerais;3109;pouso alegre;310054;caxambu - baependi;3167004;serranos
31;minas gerais;3102;montes claros;310007;janaúba;3166956;serranópolis de minas
31;minas gerais;3103;teófilo otoni;310016;diamantina;3167103;serro
31;minas gerais;3101;belo horizonte;310002;sete lagoas;3167202;sete lagoas
31;minas gerais;3103;teófilo otoni;310013;teófilo otoni;3165552;setubinha
31;minas gerais;3106;juíz de fora;310029;ubá;3167301;silveirânia
31;minas gerais;3109;pouso alegre;310050;pouso alegre;3167400;silvianópolis
31;minas gerais;3106;juíz de fora;310028;manhuaçu;3167608;simonésia
31;minas gerais;3106;juíz de fora;310027;juiz de fora;3167509;simão pereira
31;minas gerais;3104;governador valadares;310020;governador valadares;3167707;sobrália
31;minas gerais;3109;pouso alegre;310053;são lourenço;3167806;soledade de minas
31;minas gerais;3108;varginha;310045;três corações;3160801;são bento abade
31;minas gerais;3107;barbacena;310038;conselheiro lafaiete;3160900;são brás do suaçuí
31;minas gerais;3105;ipatinga;310025;caratinga;3160959;são domingos das dores
31;minas gerais;3105;ipatinga;310026;joão monlevade;3161007;são domingos do prata
31;minas gerais;3102;montes claros;310011;são francisco;3161106;são francisco
31;minas gerais;3113;divinópolis;310069;oliveira;3161205;são francisco de paula
31;minas gerais;3110;uberaba;310058;iturama;3161304;são francisco de sales
31;minas gerais;3106;juíz de fora;310031;muriaé;3161403;são francisco do glória
31;minas gerais;3104;governador valadares;310022;mantena;3161056;são félix de minas
31;minas gerais;3106;juíz de fora;310029;ubá;3161502;são geraldo
31;minas gerais;3104;governador valadares;310020;governador valadares;3161601;são geraldo da piedade
31;minas gerais;3104;governador valadares;310020;governador valadares;3161650;são geraldo do baixio
31;minas gerais;3112;patos de minas;310062;patos de minas;3161700;são gonçalo do abaeté
31;minas gerais;3113;divinópolis;310065;divinópolis;3161809;são gonçalo do pará
31;minas gerais;3105;ipatinga;310026;joão monlevade;3161908;são gonçalo do rio abaixo
31;minas gerais;3103;teófilo otoni;310016;diamantina;3125507;são gonçalo do rio preto
31;minas gerais;3108;varginha;310040;varginha;3162005;são gonçalo do sapucaí
31;minas gerais;3112;patos de minas;310062;patos de minas;3162104;são gotardo
31;minas gerais;3101;belo horizonte;310001;belo horizonte;3162922;são joaquim de bicas
31;minas gerais;3108;varginha;310041;passos;3162948;são josé da barra
31;minas gerais;3101;belo horizonte;310001;belo horizonte;3162955;são josé da lapa
31;minas gerais;3104;governador valadares;310020;governador valadares;3163003;são josé da safira
31;minas gerais;3113;divinópolis;310068;pará de minas;3163102;são josé da varginha
31;minas gerais;3109;pouso alegre;310052;itajubá;3163201;são josé do alegre
31;minas gerais;3103;teófilo otoni;310013;teófilo otoni;3163300;são josé do divino
31;minas gerais;3105;ipatinga;310024;ipatinga;3163409;são josé do goiabal
31;minas gerais;3104;governador valadares;310021;guanhães;3163508;são josé do jacuri
31;minas gerais;3106;juíz de fora;310028;manhuaçu;3163607;são josé do mantimento
31;minas gerais;3108;varginha;310041;passos;3162203;são joão batista do glória
31;minas gerais;3102;montes claros;310006;montes claros;3162252;são joão da lagoa
31;minas gerais;3109;pouso alegre;310050;pouso alegre;3162302;são joão da mata
31;minas gerais;3102;montes claros;310006;montes claros;3162401;são joão da ponte
31;minas gerais;3102;montes claros;310009;januária;3162450;são joão das missões
31;minas gerais;3107;barbacena;310039;são joão del rei;3162500;são joão del rei
31;minas gerais;3106;juíz de fora;310028;manhuaçu;3162559;são joão do manhuaçu
31;minas gerais;3104;governador valadares;310022;mantena;3162575;são joão do manteninha
31;minas gerais;3105;ipatinga;310024;ipatinga;3162609;são joão do oriente
31;minas gerais;3102;montes claros;310006;montes claros;3162658;são joão do pacuí
31;minas gerais;3102;montes claros;310008;salinas;3162708;são joão do paraíso
31;minas gerais;3104;governador valadares;310021;guanhães;3162807;são joão evangelista
31;minas gerais;3106;juíz de fora;310035;são joão nepomuceno - bicas;3162906;são joão nepomuceno
31;minas gerais;3109;pouso alegre;310053;são lourenço;3163706;são lourenço
31;minas gerais;3106;juíz de fora;310033;viçosa;3163805;são miguel do anta
31;minas gerais;3108;varginha;310044;guaxupé;3163904;são pedro da união
31;minas gerais;3104;governador valadares;310021;guanhães;3164100;são pedro do suaçuí
31;minas gerais;3106;juíz de fora;310030;ponte nova;3164001;são pedro dos ferros
31;minas gerais;3102;montes claros;310011;são francisco;3164209;são romão
31;minas gerais;3108;varginha;310049;piumhi;3164308;são roque de minas
31;minas gerais;3109;pouso alegre;310050;pouso alegre;3164407;são sebastião da bela vista
31;minas gerais;3106;juíz de fora;310031;muriaé;3164431;são sebastião da vargem alegre
31;minas gerais;3105;ipatinga;310025;caratinga;3164472;são sebastião do anta
31;minas gerais;3104;governador valadares;310021;guanhães;3164506;são sebastião do maranhão
31;minas gerais;3113;divinópolis;310065;divinópolis;3164605;são sebastião do oeste
31;minas gerais;3108;varginha;310047;são sebastião do paraíso;3164704;são sebastião do paraíso
31;minas gerais;3101;belo horizonte;310005;itabira;3164803;são sebastião do rio preto
31;minas gerais;3109;pouso alegre;310053;são lourenço;3164902;são sebastião do rio verde
31;minas gerais;3107;barbacena;310039;são joão del rei;3165008;são tiago
31;minas gerais;3108;varginha;310047;são sebastião do paraíso;3165107;são tomás de aquino
31;minas gerais;3108;varginha;310045;três corações;3165206;são tomé das letras
31;minas gerais;3107;barbacena;310039;são joão del rei;3165305;são vicente de minas
31;minas gerais;3106;juíz de fora;310029;ubá;3167905;tabuleiro
31;minas gerais;3102;montes claros;310008;salinas;3168002;taiobeiras
31;minas gerais;3106;juíz de fora;310028;manhuaçu;3168051;taparuba
31;minas gerais;3110;uberaba;310056;araxá;3168101;tapira
31;minas gerais;3113;divinópolis;310066;formiga;3168200;tapiraí
31;minas gerais;3101;belo horizonte;310001;belo horizonte;3168309;taquaraçu de minas
31;minas gerais;3104;governador valadares;310020;governador valadares;3168408;tarumirim
31;minas gerais;3106;juíz de fora;310033;viçosa;3168507;teixeiras
31;minas gerais;3103;teófilo otoni;310013;teófilo otoni;3168606;teófilo otoni
31;minas gerais;3105;ipatinga;310024;ipatinga;3168705;timóteo
31;minas gerais;3107;barbacena;310039;são joão del rei;3168804;tiradentes
31;minas gerais;3112;patos de minas;310062;patos de minas;3168903;tiros
31;minas gerais;3106;juíz de fora;310029;ubá;3169000;tocantins
31;minas gerais;3109;pouso alegre;310050;pouso alegre;3169059;tocos do moji
31;minas gerais;3109;pouso alegre;310050;pouso alegre;3169109;toledo
31;minas gerais;3106;juíz de fora;310034;carangola;3169208;tombos
31;minas gerais;3108;varginha;310045;três corações;3169307;três corações
31;minas gerais;3101;belo horizonte;310004;curvelo;3169356;três marias
31;minas gerais;3108;varginha;310046;três pontas - boa esperança;3169406;três pontas
31;minas gerais;3104;governador valadares;310020;governador valadares;3169505;tumiritinga
31;minas gerais;3111;uberlândia;310059;uberlândia;3169604;tupaciguara
31;minas gerais;3103;teófilo otoni;310014;capelinha;3169703;turmalina
31;minas gerais;3109;pouso alegre;310050;pouso alegre;3169802;turvolândia
31;minas gerais;3105;ipatinga;310025;caratinga;3170057;ubaporanga
31;minas gerais;3102;montes claros;310011;são francisco;3170008;ubaí
31;minas gerais;3110;uberaba;310055;uberaba;3170107;uberaba
31;minas gerais;3111;uberlândia;310059;uberlândia;3170206;uberlândia
31;minas gerais;3106;juíz de fora;310029;ubá;3169901;ubá
31;minas gerais;3103;teófilo otoni;310019;águas formosas;3170305;umburatiba
31;minas gerais;3112;patos de minas;310063;unaí;3170404;unaí
31;minas gerais;3110;uberaba;310058;iturama;3170438;união de minas
31;minas gerais;3112;patos de minas;310063;unaí;3170479;uruana de minas
31;minas gerais;3112;patos de minas;310063;unaí;3170529;urucuia
31;minas gerais;3106;juíz de fora;310030;ponte nova;3170503;urucânia
31;minas gerais;3105;ipatinga;310025;caratinga;3170578;vargem alegre
31;minas gerais;3108;varginha;310049;piumhi;3170602;vargem bonita
31;minas gerais;3102;montes claros;310008;salinas;3170651;vargem grande do rio pardo
31;minas gerais;3108;varginha;310040;varginha;3170701;varginha
31;minas gerais;3112;patos de minas;310062;patos de minas;3170750;varjão de minas
31;minas gerais;3102;montes claros;310006;montes claros;3170909;varzelândia
31;minas gerais;3112;patos de minas;310062;patos de minas;3171006;vazante
31;minas gerais;3102;montes claros;310007;janaúba;3171030;verdelândia
31;minas gerais;3103;teófilo otoni;310014;capelinha;3171071;veredinha
31;minas gerais;3105;ipatinga;310025;caratinga;3171154;vermelho novo
31;minas gerais;3110;uberaba;310055;uberaba;3171105;veríssimo
31;minas gerais;3101;belo horizonte;310001;belo horizonte;3171204;vespasiano
31;minas gerais;3106;juíz de fora;310031;muriaé;3171402;vieiras
31;minas gerais;3103;teófilo otoni;310017;araçuaí;3171600;virgem da lapa
31;minas gerais;3104;governador valadares;310021;guanhães;3171808;virginópolis
31;minas gerais;3104;governador valadares;310020;governador valadares;3171907;virgolândia
31;minas gerais;3109;pouso alegre;310053;são lourenço;3171709;virgínia
31;minas gerais;3106;juíz de fora;310029;ubá;3172004;visconde do rio branco
31;minas gerais;3106;juíz de fora;310033;viçosa;3171303;viçosa
31;minas gerais;3106;juíz de fora;310036;além paraíba;3172103;volta grande
31;minas gerais;3102;montes claros;310010;pirapora;3170800;várzea da palma
31;minas gerais;3109;pouso alegre;310052;itajubá;3172202;wenceslau braz
31;minas gerais;3103;teófilo otoni;310014;capelinha;3100609;água boa
31;minas gerais;3110;uberaba;310055;uberaba;3100708;água comprida
31;minas gerais;3103;teófilo otoni;310019;águas formosas;3100906;águas formosas
31;minas gerais;3103;teófilo otoni;310018;pedra azul;3101003;águas vermelhas
32;espírito santo;3201;vitória;320002;afonso cláudio - venda nova do imigrante - santa maria de jetibá;3200102;afonso cláudio
32;espírito santo;3204;cachoeiro do itapemirim;320008;alegre;3200201;alegre
32;espírito santo;3201;vitória;320001;vitória;3200300;alfredo chaves
32;espírito santo;3203;colatina;320005;colatina;3200359;alto rio novo
32;espírito santo;3201;vitória;320001;vitória;3200409;anchieta
32;espírito santo;3204;cachoeiro do itapemirim;320008;alegre;3200508;apiacá
32;espírito santo;3202;são mateus;320004;linhares;3200607;aracruz
32;espírito santo;3204;cachoeiro do itapemirim;320007;cachoeiro de itapemirim;3200706;atílio vivácqua
32;espírito santo;3203;colatina;320005;colatina;3200805;baixo guandu
32;espírito santo;3203;colatina;320006;nova venécia;3200904;barra de são francisco
32;espírito santo;3202;são mateus;320003;são mateus;3201001;boa esperança
32;espírito santo;3204;cachoeiro do itapemirim;320008;alegre;3201100;bom jesus do norte
32;espírito santo;3201;vitória;320002;afonso cláudio - venda nova do imigrante - santa maria de jetibá;3201159;brejetuba
32;espírito santo;3204;cachoeiro do itapemirim;320007;cachoeiro de itapemirim;3201209;cachoeiro de itapemirim
32;espírito santo;3201;vitória;320001;vitória;3201308;cariacica
32;espírito santo;3204;cachoeiro do itapemirim;320007;cachoeiro de itapemirim;3201407;castelo
32;espírito santo;3203;colatina;320005;colatina;3201506;colatina
32;espírito santo;3202;são mateus;320003;são mateus;3201605;conceição da barra
32;espírito santo;3201;vitória;320002;afonso cláudio - venda nova do imigrante - santa maria de jetibá;3201704;conceição do castelo
32;espírito santo;3204;cachoeiro do itapemirim;320008;alegre;3201803;divino de são lourenço
32;espírito santo;3201;vitória;320002;afonso cláudio - venda nova do imigrante - santa maria de jetibá;3201902;domingos martins
32;espírito santo;3204;cachoeiro do itapemirim;320008;alegre;3202009;dores do rio preto
32;espírito santo;3203;colatina;320006;nova venécia;3202108;ecoporanga
32;espírito santo;3201;vitória;320001;vitória;3202207;fundão
32;espírito santo;3203;colatina;320005;colatina;3202256;governador lindenberg
32;espírito santo;3201;vitória;320001;vitória;3202405;guarapari
32;espírito santo;3204;cachoeiro do itapemirim;320008;alegre;3202306;guaçuí
32;espírito santo;3204;cachoeiro do itapemirim;320008;alegre;3202454;ibatiba
32;espírito santo;3202;são mateus;320004;linhares;3202504;ibiraçu
32;espírito santo;3204;cachoeiro do itapemirim;320008;alegre;3202553;ibitirama
32;espírito santo;3204;cachoeiro do itapemirim;320007;cachoeiro de itapemirim;3202603;iconha
32;espírito santo;3204;cachoeiro do itapemirim;320008;alegre;3202652;irupi
32;espírito santo;3203;colatina;320005;colatina;3202702;itaguaçu
32;espírito santo;3204;cachoeiro do itapemirim;320007;cachoeiro de itapemirim;3202801;itapemirim
32;espírito santo;3201;vitória;320002;afonso cláudio - venda nova do imigrante - santa maria de jetibá;3202900;itarana
32;espírito santo;3204;cachoeiro do itapemirim;320008;alegre;3203007;iúna
32;espírito santo;3202;são mateus;320003;são mateus;3203056;jaguaré
32;espírito santo;3204;cachoeiro do itapemirim;320007;cachoeiro de itapemirim;3203106;jerônimo monteiro
32;espírito santo;3202;são mateus;320004;linhares;3203130;joão neiva
32;espírito santo;3201;vitória;320002;afonso cláudio - venda nova do imigrante - santa maria de jetibá;3203163;laranja da terra
32;espírito santo;3202;são mateus;320004;linhares;3203205;linhares
32;espírito santo;3203;colatina;320005;colatina;3203304;mantenópolis
32;espírito santo;3204;cachoeiro do itapemirim;320007;cachoeiro de itapemirim;3203320;marataízes
32;espírito santo;3201;vitória;320002;afonso cláudio - venda nova do imigrante - santa maria de jetibá;3203346;marechal floriano
32;espírito santo;3203;colatina;320005;colatina;3203353;marilândia
32;espírito santo;3204;cachoeiro do itapemirim;320007;cachoeiro de itapemirim;3203403;mimoso do sul
32;espírito santo;3202;são mateus;320003;são mateus;3203502;montanha
32;espírito santo;3202;são mateus;320003;são mateus;3203601;mucurici
32;espírito santo;3204;cachoeiro do itapemirim;320008;alegre;3203700;muniz freire
32;espírito santo;3204;cachoeiro do itapemirim;320007;cachoeiro de itapemirim;3203809;muqui
32;espírito santo;3203;colatina;320006;nova venécia;3203908;nova venécia
32;espírito santo;3203;colatina;320005;colatina;3204005;pancas
32;espírito santo;3202;são mateus;320003;são mateus;3204054;pedro canário
32;espírito santo;3202;são mateus;320003;são mateus;3204104;pinheiros
32;espírito santo;3201;vitória;320001;vitória;3204203;piúma
32;espírito santo;3202;são mateus;320003;são mateus;3204252;ponto belo
32;espírito santo;3204;cachoeiro do itapemirim;320007;cachoeiro de itapemirim;3204302;presidente kennedy
32;espírito santo;3202;são mateus;320004;linhares;3204351;rio bananal
32;espírito santo;3204;cachoeiro do itapemirim;320007;cachoeiro de itapemirim;3204401;rio novo do sul
32;espírito santo;3201;vitória;320002;afonso cláudio - venda nova do imigrante - santa maria de jetibá;3204500;santa leopoldina
32;espírito santo;3201;vitória;320002;afonso cláudio - venda nova do imigrante - santa maria de jetibá;3204559;santa maria de jetibá
32;espírito santo;3201;vitória;320002;afonso cláudio - venda nova do imigrante - santa maria de jetibá;3204609;santa teresa
32;espírito santo;3201;vitória;320001;vitória;3205002;serra
32;espírito santo;3202;são mateus;320004;linhares;3205010;sooretama
32;espírito santo;3203;colatina;320005;colatina;3204658;são domingos do norte
32;espírito santo;3203;colatina;320005;colatina;3204708;são gabriel da palha
32;espírito santo;3204;cachoeiro do itapemirim;320008;alegre;3204807;são josé do calçado
32;espírito santo;3202;são mateus;320003;são mateus;3204906;são mateus
32;espírito santo;3203;colatina;320005;colatina;3204955;são roque do canaã
32;espírito santo;3204;cachoeiro do itapemirim;320007;cachoeiro de itapemirim;3205036;vargem alta
32;espírito santo;3201;vitória;320002;afonso cláudio - venda nova do imigrante - santa maria de jetibá;3205069;venda nova do imigrante
32;espírito santo;3201;vitória;320001;vitória;3205101;viana
32;espírito santo;3203;colatina;320006;nova venécia;3205150;vila pavão
32;espírito santo;3203;colatina;320005;colatina;3205176;vila valério
32;espírito santo;3201;vitória;320001;vitória;3205200;vila velha
32;espírito santo;3201;vitória;320001;vitória;3205309;vitória
32;espírito santo;3203;colatina;320006;nova venécia;3200169;água doce do norte
32;espírito santo;3203;colatina;320005;colatina;3200136;águia branca
33;rio de janeiro;3301;rio de janeiro;330002;angra dos reis;3300100;angra dos reis
33;rio de janeiro;3304;campos dos goytacazes;330012;santo antônio de pádua;3300159;aperibé
33;rio de janeiro;3305;macaé - rio das ostras - cabo frio;330013;cabo frio;3300209;araruama
33;rio de janeiro;3303;petrópolis;330007;petrópolis;3300225;areal
33;rio de janeiro;3305;macaé - rio das ostras - cabo frio;330013;cabo frio;3300233;armação dos búzios
33;rio de janeiro;3305;macaé - rio das ostras - cabo frio;330013;cabo frio;3300258;arraial do cabo
33;rio de janeiro;3302;volta redonda - barra mansa;330004;volta redonda - barra mansa;3300308;barra do piraí
33;rio de janeiro;3302;volta redonda - barra mansa;330004;volta redonda - barra mansa;3300407;barra mansa
33;rio de janeiro;3301;rio de janeiro;330001;rio de janeiro;3300456;belford roxo
33;rio de janeiro;3303;petrópolis;330008;nova friburgo;3300506;bom jardim
33;rio de janeiro;3304;campos dos goytacazes;330011;itaperuna;3300605;bom jesus do itabapoana
33;rio de janeiro;3305;macaé - rio das ostras - cabo frio;330013;cabo frio;3300704;cabo frio
33;rio de janeiro;3301;rio de janeiro;330003;rio bonito;3300803;cachoeiras de macacu
33;rio de janeiro;3304;campos dos goytacazes;330012;santo antônio de pádua;3300902;cambuci
33;rio de janeiro;3304;campos dos goytacazes;330010;campos dos goytacazes;3301009;campos dos goytacazes
33;rio de janeiro;3303;petrópolis;330008;nova friburgo;3301108;cantagalo
33;rio de janeiro;3305;macaé - rio das ostras - cabo frio;330014;macaé - rio das ostras;3300936;carapebus
33;rio de janeiro;3304;campos dos goytacazes;330010;campos dos goytacazes;3301157;cardoso moreira
33;rio de janeiro;3303;petrópolis;330008;nova friburgo;3301207;carmo
33;rio de janeiro;3305;macaé - rio das ostras - cabo frio;330014;macaé - rio das ostras;3301306;casimiro de abreu
33;rio de janeiro;3303;petrópolis;330009;três rios - paraíba do sul;3300951;comendador levy gasparian
33;rio de janeiro;3305;macaé - rio das ostras - cabo frio;330014;macaé - rio das ostras;3301405;conceição de macabu
33;rio de janeiro;3303;petrópolis;330008;nova friburgo;3301504;cordeiro
33;rio de janeiro;3303;petrópolis;330008;nova friburgo;3301603;duas barras
33;rio de janeiro;3301;rio de janeiro;330001;rio de janeiro;3301702;duque de caxias
33;rio de janeiro;3302;volta redonda - barra mansa;330004;volta redonda - barra mansa;3301801;engenheiro paulo de frontin
33;rio de janeiro;3301;rio de janeiro;330001;rio de janeiro;3301850;guapimirim
33;rio de janeiro;3305;macaé - rio das ostras - cabo frio;330013;cabo frio;3301876;iguaba grande
33;rio de janeiro;3301;rio de janeiro;330001;rio de janeiro;3301900;itaboraí
33;rio de janeiro;3301;rio de janeiro;330001;rio de janeiro;3302007;itaguaí
33;rio de janeiro;3304;campos dos goytacazes;330010;campos dos goytacazes;3302056;italva
33;rio de janeiro;3304;campos dos goytacazes;330012;santo antônio de pádua;3302106;itaocara
33;rio de janeiro;3304;campos dos goytacazes;330011;itaperuna;3302205;itaperuna
33;rio de janeiro;3302;volta redonda - barra mansa;330005;resende;3302254;itatiaia
33;rio de janeiro;3301;rio de janeiro;330001;rio de janeiro;3302270;japeri
33;rio de janeiro;3304;campos dos goytacazes;330011;itaperuna;3302304;laje do muriaé
33;rio de janeiro;3305;macaé - rio das ostras - cabo frio;330014;macaé - rio das ostras;3302403;macaé
33;rio de janeiro;3303;petrópolis;330008;nova friburgo;3302452;macuco
33;rio de janeiro;3301;rio de janeiro;330001;rio de janeiro;3302502;magé
33;rio de janeiro;3301;rio de janeiro;330001;rio de janeiro;3302601;mangaratiba
33;rio de janeiro;3301;rio de janeiro;330001;rio de janeiro;3302700;maricá
33;rio de janeiro;3302;volta redonda - barra mansa;330004;volta redonda - barra mansa;3302809;mendes
33;rio de janeiro;3301;rio de janeiro;330001;rio de janeiro;3302858;mesquita
33;rio de janeiro;3302;volta redonda - barra mansa;330006;valença;3302908;miguel pereira
33;rio de janeiro;3304;campos dos goytacazes;330012;santo antônio de pádua;3303005;miracema
33;rio de janeiro;3304;campos dos goytacazes;330011;itaperuna;3303104;natividade
33;rio de janeiro;3301;rio de janeiro;330001;rio de janeiro;3303203;nilópolis
33;rio de janeiro;3301;rio de janeiro;330001;rio de janeiro;3303302;niterói
33;rio de janeiro;3303;petrópolis;330008;nova friburgo;3303401;nova friburgo
33;rio de janeiro;3301;rio de janeiro;330001;rio de janeiro;3303500;nova iguaçu
33;rio de janeiro;3301;rio de janeiro;330001;rio de janeiro;3303609;paracambi
33;rio de janeiro;3301;rio de janeiro;330002;angra dos reis;3303807;paraty
33;rio de janeiro;3303;petrópolis;330009;três rios - paraíba do sul;3303708;paraíba do sul
33;rio de janeiro;3302;volta redonda - barra mansa;330006;valença;3303856;paty do alferes
33;rio de janeiro;3303;petrópolis;330007;petrópolis;3303906;petrópolis
33;rio de janeiro;3302;volta redonda - barra mansa;330004;volta redonda - barra mansa;3303955;pinheiral
33;rio de janeiro;3302;volta redonda - barra mansa;330004;volta redonda - barra mansa;3304003;piraí
33;rio de janeiro;3304;campos dos goytacazes;330011;itaperuna;3304102;porciúncula
33;rio de janeiro;3302;volta redonda - barra mansa;330005;resende;3304110;porto real
33;rio de janeiro;3302;volta redonda - barra mansa;330005;resende;3304128;quatis
33;rio de janeiro;3301;rio de janeiro;330001;rio de janeiro;3304144;queimados
33;rio de janeiro;3305;macaé - rio das ostras - cabo frio;330014;macaé - rio das ostras;3304151;quissamã
33;rio de janeiro;3302;volta redonda - barra mansa;330005;resende;3304201;resende
33;rio de janeiro;3301;rio de janeiro;330003;rio bonito;3304300;rio bonito
33;rio de janeiro;3302;volta redonda - barra mansa;330004;volta redonda - barra mansa;3304409;rio claro
33;rio de janeiro;3302;volta redonda - barra mansa;330006;valença;3304508;rio das flores
33;rio de janeiro;3305;macaé - rio das ostras - cabo frio;330014;macaé - rio das ostras;3304524;rio das ostras
33;rio de janeiro;3301;rio de janeiro;330001;rio de janeiro;3304557;rio de janeiro
33;rio de janeiro;3303;petrópolis;330008;nova friburgo;3304607;santa maria madalena
33;rio de janeiro;3304;campos dos goytacazes;330012;santo antônio de pádua;3304706;santo antônio de pádua
33;rio de janeiro;3303;petrópolis;330009;três rios - paraíba do sul;3305406;sapucaia
33;rio de janeiro;3301;rio de janeiro;330001;rio de janeiro;3305505;saquarema
33;rio de janeiro;3301;rio de janeiro;330001;rio de janeiro;3305554;seropédica
33;rio de janeiro;3301;rio de janeiro;330003;rio bonito;3305604;silva jardim
33;rio de janeiro;3303;petrópolis;330008;nova friburgo;3305703;sumidouro
33;rio de janeiro;3304;campos dos goytacazes;330010;campos dos goytacazes;3304805;são fidélis
33;rio de janeiro;3304;campos dos goytacazes;330010;campos dos goytacazes;3304755;são francisco de itabapoana
33;rio de janeiro;3301;rio de janeiro;330001;rio de janeiro;3304904;são gonçalo
33;rio de janeiro;3304;campos dos goytacazes;330011;itaperuna;3305133;são josé de ubá
33;rio de janeiro;3303;petrópolis;330007;petrópolis;3305158;são josé do vale do rio preto
33;rio de janeiro;3304;campos dos goytacazes;330010;campos dos goytacazes;3305000;são joão da barra
33;rio de janeiro;3301;rio de janeiro;330001;rio de janeiro;3305109;são joão de meriti
33;rio de janeiro;3305;macaé - rio das ostras - cabo frio;330013;cabo frio;3305208;são pedro da aldeia
33;rio de janeiro;3303;petrópolis;330008;nova friburgo;3305307;são sebastião do alto
33;rio de janeiro;3301;rio de janeiro;330001;rio de janeiro;3305752;tanguá
33;rio de janeiro;3303;petrópolis;330007;petrópolis;3305802;teresópolis
33;rio de janeiro;3303;petrópolis;330008;nova friburgo;3305901;trajano de moraes
33;rio de janeiro;3303;petrópolis;330009;três rios - paraíba do sul;3306008;três rios
33;rio de janeiro;3302;volta redonda - barra mansa;330006;valença;3306107;valença
33;rio de janeiro;3304;campos dos goytacazes;330011;itaperuna;3306156;varre-sai
33;rio de janeiro;3302;volta redonda - barra mansa;330006;valença;3306206;vassouras
33;rio de janeiro;3302;volta redonda - barra mansa;330004;volta redonda - barra mansa;3306305;volta redonda
35;são paulo;3505;presidente prudente;350019;adamantina - lucélia;3500105;adamantina
35;são paulo;3507;são josé do rio preto;350025;são josé do rio preto;3500204;adolfo
35;são paulo;3510;campinas;350044;são joão da boa vista;3500303;aguaí
35;são paulo;3503;bauru;350009;bauru;3500709;agudos
35;são paulo;3502;sorocaba;350006;itapetininga;3500758;alambari
35;são paulo;3505;presidente prudente;350018;presidente prudente;3500808;alfredo marcondes
35;são paulo;3507;são josé do rio preto;350025;são josé do rio preto;3500907;altair
35;são paulo;3508;ribeirão preto;350031;ribeirão preto;3501004;altinópolis
35;são paulo;3506;araçatuba;350023;birigui - penápolis;3501103;alto alegre
35;são paulo;3502;sorocaba;350003;sorocaba;3501152;alumínio
35;são paulo;3504;marília;350013;marília;3501509;alvinlândia
35;são paulo;3510;campinas;350038;campinas;3501608;americana
35;são paulo;3510;campinas;350048;amparo;3501905;amparo
35;são paulo;3509;araraquara;350036;araraquara;3501707;américo brasiliense
35;são paulo;3507;são josé do rio preto;350027;votuporanga;3501806;américo de campos
35;são paulo;3510;campinas;350046;rio claro;3502002;analândia
35;são paulo;3506;araçatuba;350024;andradina;3502101;andradina
35;são paulo;3502;sorocaba;350006;itapetininga;3502200;angatuba
35;são paulo;3503;bauru;350011;botucatu;3502309;anhembi
35;são paulo;3505;presidente prudente;350018;presidente prudente;3502408;anhumas
35;são paulo;3511;são josé dos campos;350052;guaratinguetá;3502507;aparecida
35;são paulo;3507;são josé do rio preto;350028;jales;3502606;aparecida d'oeste
35;são paulo;3502;sorocaba;350004;itapeva;3502705;apiaí
35;são paulo;3508;ribeirão preto;350035;ituverava;3503000;aramina
35;são paulo;3502;sorocaba;350007;avaré;3503109;arandu
35;são paulo;3511;são josé dos campos;350053;cruzeiro;3503158;arapeí
35;são paulo;3509;araraquara;350036;araraquara;3503208;araraquara
35;são paulo;3510;campinas;350045;araras;3503307;araras
35;são paulo;3502;sorocaba;350003;sorocaba;3502754;araçariguama
35;são paulo;3506;araçatuba;350022;araçatuba;3502804;araçatuba
35;são paulo;3502;sorocaba;350003;sorocaba;3502903;araçoiaba da serra
35;são paulo;3504;marília;350016;tupã;3503356;arco-íris
35;são paulo;3503;bauru;350009;bauru;3503406;arealva
35;são paulo;3511;são josé dos campos;350053;cruzeiro;3503505;areias
35;são paulo;3503;bauru;350011;botucatu;3503604;areiópolis
35;são paulo;3507;são josé do rio preto;350026;catanduva;3503703;ariranha
35;são paulo;3510;campinas;350038;campinas;3503802;artur nogueira
35;são paulo;3501;são paulo;350001;são paulo;3503901;arujá
35;são paulo;3507;são josé do rio preto;350028;jales;3503950;aspásia
35;são paulo;3504;marília;350014;assis;3504008;assis
35;são paulo;3510;campinas;350041;bragança paulista;3504107;atibaia
35;são paulo;3506;araçatuba;350022;araçatuba;3504206;auriflama
35;são paulo;3506;araçatuba;350023;birigui - penápolis;3504404;avanhandava
35;são paulo;3502;sorocaba;350007;avaré;3504503;avaré
35;são paulo;3503;bauru;350009;bauru;3504305;avaí
35;são paulo;3507;são josé do rio preto;350025;são josé do rio preto;3504602;bady bassitt
35;são paulo;3503;bauru;350009;bauru;3504701;balbinos
35;são paulo;3511;são josé dos campos;350053;cruzeiro;3504909;bananal
35;são paulo;3506;araçatuba;350023;birigui - penápolis;3505104;barbosa
35;são paulo;3503;bauru;350010;jaú;3505203;bariri
35;são paulo;3503;bauru;350010;jaú;3505302;barra bonita
35;são paulo;3502;sorocaba;350004;itapeva;3505351;barra do chapéu
35;são paulo;3502;sorocaba;350005;registro;3505401;barra do turvo
35;são paulo;3508;ribeirão preto;350032;barretos;3505500;barretos
35;são paulo;3508;ribeirão preto;350031;ribeirão preto;3505609;barrinha
35;são paulo;3501;são paulo;350001;são paulo;3505708;barueri
35;são paulo;3502;sorocaba;350004;itapeva;3505005;barão de antonina
35;são paulo;3504;marília;350016;tupã;3505807;bastos
35;são paulo;3508;ribeirão preto;350031;ribeirão preto;3505906;batatais
35;são paulo;3503;bauru;350009;bauru;3506003;bauru
35;são paulo;3508;ribeirão preto;350032;barretos;3506102;bebedouro
35;são paulo;3506;araçatuba;350022;araçatuba;3506201;bento de abreu
35;são paulo;3504;marília;350015;ourinhos;3506300;bernardino de campos
35;são paulo;3501;são paulo;350002;santos;3506359;bertioga
35;são paulo;3506;araçatuba;350023;birigui - penápolis;3506409;bilac
35;são paulo;3506;araçatuba;350023;birigui - penápolis;3506508;birigui
35;são paulo;3501;são paulo;350001;são paulo;3506607;biritiba mirim
35;são paulo;3509;araraquara;350036;araraquara;3506706;boa esperança do sul
35;são paulo;3503;bauru;350010;jaú;3506805;bocaina
35;são paulo;3503;bauru;350011;botucatu;3506904;bofete
35;são paulo;3502;sorocaba;350003;sorocaba;3507001;boituva
35;são paulo;3510;campinas;350041;bragança paulista;3507100;bom jesus dos perdões
35;são paulo;3502;sorocaba;350004;itapeva;3507159;bom sucesso de itararé
35;são paulo;3503;bauru;350010;jaú;3507308;boracéia
35;são paulo;3509;araraquara;350036;araraquara;3507407;borborema
35;são paulo;3503;bauru;350009;bauru;3507456;borebi
35;são paulo;3504;marília;350014;assis;3507209;borá
35;são paulo;3503;bauru;350011;botucatu;3507506;botucatu
35;são paulo;3510;campinas;350041;bragança paulista;3507605;bragança paulista
35;são paulo;3506;araçatuba;350023;birigui - penápolis;3507704;braúna
35;são paulo;3506;araçatuba;350023;birigui - penápolis;3507753;brejo alegre
35;são paulo;3508;ribeirão preto;350031;ribeirão preto;3507803;brodowski
35;são paulo;3503;bauru;350010;jaú;3507902;brotas
35;são paulo;3502;sorocaba;350004;itapeva;3508009;buri
35;são paulo;3506;araçatuba;350023;birigui - penápolis;3508108;buritama
35;são paulo;3508;ribeirão preto;350035;ituverava;3508207;buritizal
35;são paulo;3507;são josé do rio preto;350025;são josé do rio preto;3504800;bálsamo
35;são paulo;3510;campinas;350039;jundiaí;3508405;cabreúva
35;são paulo;3503;bauru;350009;bauru;3508306;cabrália paulista
35;são paulo;3511;são josé dos campos;350053;cruzeiro;3508603;cachoeira paulista
35;são paulo;3510;campinas;350047;são josé do rio pardo - mococa;3508702;caconde
35;são paulo;3503;bauru;350012;lins;3508801;cafelândia
35;são paulo;3505;presidente prudente;350018;presidente prudente;3508900;caiabu
35;são paulo;3501;são paulo;350001;são paulo;3509007;caieiras
35;são paulo;3505;presidente prudente;350021;presidente epitácio-presidente venceslau;3509106;caiuá
35;são paulo;3501;são paulo;350001;são paulo;3509205;cajamar
35;são paulo;3502;sorocaba;350005;registro;3509254;cajati
35;são paulo;3508;ribeirão preto;350032;barretos;3509304;cajobi
35;são paulo;3508;ribeirão preto;350031;ribeirão preto;3509403;cajuru
35;são paulo;3502;sorocaba;350006;itapetininga;3509452;campina do monte alegre
35;são paulo;3510;campinas;350038;campinas;3509502;campinas
35;são paulo;3510;campinas;350039;jundiaí;3509601;campo limpo paulista
35;são paulo;3511;são josé dos campos;350050;taubaté - pindamonhangaba;3509700;campos do jordão
35;são paulo;3504;marília;350013;marília;3509809;campos novos paulista
35;são paulo;3502;sorocaba;350005;registro;3509908;cananéia
35;são paulo;3511;são josé dos campos;350052;guaratinguetá;3509957;canas
35;são paulo;3504;marília;350015;ourinhos;3510153;canitar
35;são paulo;3502;sorocaba;350003;sorocaba;3510302;capela do alto
35;são paulo;3510;campinas;350040;piracicaba;3510401;capivari
35;são paulo;3502;sorocaba;350004;itapeva;3510203;capão bonito
35;são paulo;3511;são josé dos campos;350051;caraguatatuba - ubatuba - são sebastião;3510500;caraguatatuba
35;são paulo;3501;são paulo;350001;são paulo;3510609;carapicuíba
35;são paulo;3507;são josé do rio preto;350027;votuporanga;3510708;cardoso
35;são paulo;3510;campinas;350044;são joão da boa vista;3510807;casa branca
35;são paulo;3506;araçatuba;350024;andradina;3511003;castilho
35;são paulo;3507;são josé do rio preto;350026;catanduva;3511102;catanduva
35;são paulo;3507;são josé do rio preto;350026;catanduva;3511201;catiguá
35;são paulo;3511;são josé dos campos;350049;são josé dos campos;3508504;caçapava
35;são paulo;3507;são josé do rio preto;350025;são josé do rio preto;3511300;cedral
35;são paulo;3502;sorocaba;350007;avaré;3511409;cerqueira césar
35;são paulo;3502;sorocaba;350003;sorocaba;3511508;cerquilho
35;são paulo;3502;sorocaba;350008;tatuí;3511607;cesário lange
35;são paulo;3510;campinas;350040;piracicaba;3511706;charqueada
35;são paulo;3504;marília;350015;ourinhos;3557204;chavantes
35;são paulo;3506;araçatuba;350023;birigui - penápolis;3511904;clementina
35;são paulo;3508;ribeirão preto;350032;barretos;3512001;colina
35;são paulo;3508;ribeirão preto;350032;barretos;3512100;colômbia
35;são paulo;3510;campinas;350045;araras;3512209;conchal
35;são paulo;3503;bauru;350011;botucatu;3512308;conchas
35;são paulo;3510;campinas;350042;limeira;3512407;cordeirópolis
35;são paulo;3506;araçatuba;350023;birigui - penápolis;3512506;coroados
35;são paulo;3502;sorocaba;350007;avaré;3512605;coronel macedo
35;são paulo;3510;campinas;350046;rio claro;3512704;corumbataí
35;são paulo;3507;são josé do rio preto;350027;votuporanga;3512902;cosmorama
35;são paulo;3510;campinas;350038;campinas;3512803;cosmópolis
35;são paulo;3501;são paulo;350001;são paulo;3513009;cotia
35;são paulo;3508;ribeirão preto;350031;ribeirão preto;3513108;cravinhos
35;são paulo;3508;ribeirão preto;350033;franca;3513207;cristais paulista
35;são paulo;3511;são josé dos campos;350053;cruzeiro;3513405;cruzeiro
35;são paulo;3504;marília;350014;assis;3513306;cruzália
35;são paulo;3501;são paulo;350002;santos;3513504;cubatão
35;são paulo;3511;são josé dos campos;350052;guaratinguetá;3513603;cunha
35;são paulo;3508;ribeirão preto;350031;ribeirão preto;3510906;cássia dos coqueiros
35;são paulo;3504;marília;350014;assis;3510005;cândido mota
35;são paulo;3509;araraquara;350036;araraquara;3510104;cândido rodrigues
35;são paulo;3509;araraquara;350037;são carlos;3513702;descalvado
35;são paulo;3501;são paulo;350001;são paulo;3513801;diadema
35;são paulo;3507;são josé do rio preto;350028;jales;3513850;dirce reis
35;são paulo;3510;campinas;350047;são josé do rio pardo - mococa;3513900;divinolândia
35;são paulo;3509;araraquara;350036;araraquara;3514007;dobrada
35;são paulo;3503;bauru;350010;jaú;3514106;dois córregos
35;são paulo;3507;são josé do rio preto;350028;jales;3514205;dolcinópolis
35;são paulo;3509;araraquara;350037;são carlos;3514304;dourado
35;são paulo;3505;presidente prudente;350020;dracena;3514403;dracena
35;são paulo;3503;bauru;350009;bauru;3514502;duartina
35;são paulo;3508;ribeirão preto;350031;ribeirão preto;3514601;dumont
35;são paulo;3504;marília;350013;marília;3514700;echaporã
35;são paulo;3502;sorocaba;350005;registro;3514809;eldorado
35;são paulo;3510;campinas;350038;campinas;3514908;elias fausto
35;são paulo;3507;são josé do rio preto;350026;catanduva;3514924;elisiário
35;são paulo;3507;são josé do rio preto;350026;catanduva;3514957;embaúba
35;são paulo;3501;são paulo;350001;são paulo;3515004;embu das artes
35;são paulo;3501;são paulo;350001;são paulo;3515103;embu-guaçu
35;são paulo;3505;presidente prudente;350018;presidente prudente;3515129;emilianópolis
35;são paulo;3510;campinas;350042;limeira;3515152;engenheiro coelho
35;são paulo;3510;campinas;350044;são joão da boa vista;3515186;espírito santo do pinhal
35;são paulo;3504;marília;350015;ourinhos;3515194;espírito santo do turvo
35;são paulo;3510;campinas;350043;mogi guaçu;3557303;estiva gerbi
35;são paulo;3507;são josé do rio preto;350029;fernandópolis;3515202;estrela d'oeste
35;são paulo;3505;presidente prudente;350018;presidente prudente;3515301;estrela do norte
35;são paulo;3505;presidente prudente;350018;presidente prudente;3515350;euclides da cunha paulista
35;são paulo;3504;marília;350017;piraju;3515400;fartura
35;são paulo;3507;são josé do rio preto;350026;catanduva;3515608;fernando prestes
35;são paulo;3507;são josé do rio preto;350029;fernandópolis;3515509;fernandópolis
35;são paulo;3504;marília;350013;marília;3515657;fernão
35;são paulo;3501;são paulo;350001;são paulo;3515707;ferraz de vasconcelos
35;são paulo;3505;presidente prudente;350020;dracena;3515806;flora rica
35;são paulo;3507;são josé do rio preto;350027;votuporanga;3515905;floreal
35;são paulo;3504;marília;350014;assis;3516101;florínea
35;são paulo;3505;presidente prudente;350019;adamantina - lucélia;3516002;flórida paulista
35;são paulo;3508;ribeirão preto;350033;franca;3516200;franca
35;são paulo;3501;são paulo;350001;são paulo;3516309;francisco morato
35;são paulo;3501;são paulo;350001;são paulo;3516408;franco da rocha
35;são paulo;3506;araçatuba;350023;birigui - penápolis;3516507;gabriel monteiro
35;são paulo;3504;marília;350013;marília;3516705;garça
35;são paulo;3506;araçatuba;350022;araçatuba;3516804;gastão vidigal
35;são paulo;3509;araraquara;350036;araraquara;3516853;gavião peixoto
35;são paulo;3506;araçatuba;350022;araçatuba;3516903;general salgado
35;são paulo;3504;marília;350013;marília;3517000;getulina
35;são paulo;3506;araçatuba;350023;birigui - penápolis;3517109;glicério
35;são paulo;3504;marília;350013;marília;3517307;guaimbê
35;são paulo;3503;bauru;350012;lins;3517208;guaiçara
35;são paulo;3502;sorocaba;350004;itapeva;3517604;guapiara
35;são paulo;3507;são josé do rio preto;350025;são josé do rio preto;3517505;guapiaçu
35;são paulo;3508;ribeirão preto;350032;barretos;3517901;guaraci
35;são paulo;3507;são josé do rio preto;350029;fernandópolis;3518008;guarani d'oeste
35;são paulo;3503;bauru;350012;lins;3518107;guarantã
35;são paulo;3506;araçatuba;350022;araçatuba;3518206;guararapes
35;são paulo;3501;são paulo;350001;são paulo;3518305;guararema
35;são paulo;3511;são josé dos campos;350052;guaratinguetá;3518404;guaratinguetá
35;são paulo;3506;araçatuba;350024;andradina;3517802;guaraçaí
35;são paulo;3502;sorocaba;350006;itapetininga;3518503;guareí
35;são paulo;3508;ribeirão preto;350031;ribeirão preto;3518602;guariba
35;são paulo;3501;são paulo;350002;santos;3518701;guarujá
35;são paulo;3501;são paulo;350001;são paulo;3518800;guarulhos
35;são paulo;3508;ribeirão preto;350035;ituverava;3517703;guará
35;são paulo;3508;ribeirão preto;350031;ribeirão preto;3518859;guatapará
35;são paulo;3508;ribeirão preto;350032;barretos;3517406;guaíra
35;são paulo;3506;araçatuba;350022;araçatuba;3518909;guzolândia
35;são paulo;3504;marília;350013;marília;3516606;gália
35;são paulo;3504;marília;350016;tupã;3519006;herculândia
35;são paulo;3510;campinas;350038;campinas;3519055;holambra
35;são paulo;3510;campinas;350038;campinas;3519071;hortolândia
35;são paulo;3503;bauru;350009;bauru;3519105;iacanga
35;são paulo;3504;marília;350016;tupã;3519204;iacri
35;são paulo;3502;sorocaba;350007;avaré;3519253;iaras
35;são paulo;3509;araraquara;350037;são carlos;3519303;ibaté
35;são paulo;3504;marília;350015;ourinhos;3519501;ibirarema
35;são paulo;3507;são josé do rio preto;350025;são josé do rio preto;3519402;ibirá
35;são paulo;3509;araraquara;350036;araraquara;3519600;ibitinga
35;são paulo;3502;sorocaba;350003;sorocaba;3519709;ibiúna
35;são paulo;3507;são josé do rio preto;350025;são josé do rio preto;3519808;icém
35;são paulo;3505;presidente prudente;350018;presidente prudente;3519907;iepê
35;são paulo;3508;ribeirão preto;350035;ituverava;3520103;igarapava
35;são paulo;3511;são josé dos campos;350049;são josé dos campos;3520202;igaratá
35;são paulo;3503;bauru;350010;jaú;3520004;igaraçu do tietê
35;são paulo;3502;sorocaba;350005;registro;3520301;iguape
35;são paulo;3502;sorocaba;350005;registro;3520426;ilha comprida
35;são paulo;3506;araçatuba;350024;andradina;3520442;ilha solteira
35;são paulo;3511;são josé dos campos;350051;caraguatatuba - ubatuba - são sebastião;3520400;ilhabela
35;são paulo;3510;campinas;350038;campinas;3520509;indaiatuba
35;são paulo;3505;presidente prudente;350018;presidente prudente;3520608;indiana
35;são paulo;3507;são josé do rio preto;350029;fernandópolis;3520707;indiaporã
35;são paulo;3505;presidente prudente;350019;adamantina - lucélia;3520806;inúbia paulista
35;são paulo;3504;marília;350015;ourinhos;3520905;ipaussu
35;são paulo;3502;sorocaba;350003;sorocaba;3521002;iperó
35;são paulo;3510;campinas;350046;rio claro;3521101;ipeúna
35;são paulo;3507;são josé do rio preto;350025;são josé do rio preto;3521150;ipiguá
35;são paulo;3502;sorocaba;350005;registro;3521200;iporanga
35;são paulo;3508;ribeirão preto;350034;são joaquim da barra ¿ orlândia;3521309;ipuã
35;são paulo;3510;campinas;350042;limeira;3521408;iracemápolis
35;são paulo;3505;presidente prudente;350020;dracena;3521606;irapuru
35;são paulo;3507;são josé do rio preto;350025;são josé do rio preto;3521507;irapuã
35;são paulo;3502;sorocaba;350004;itapeva;3521705;itaberá
35;são paulo;3507;são josé do rio preto;350026;catanduva;3521903;itajobi
35;são paulo;3503;bauru;350010;jaú;3522000;itaju
35;são paulo;3501;são paulo;350002;santos;3522109;itanhaém
35;são paulo;3502;sorocaba;350004;itapeva;3522158;itaoca
35;são paulo;3501;são paulo;350001;são paulo;3522208;itapecerica da serra
35;são paulo;3502;sorocaba;350006;itapetininga;3522307;itapetininga
35;são paulo;3502;sorocaba;350004;itapeva;3522406;itapeva
35;são paulo;3501;são paulo;350001;são paulo;3522505;itapevi
35;são paulo;3510;campinas;350043;mogi guaçu;3522604;itapira
35;são paulo;3502;sorocaba;350004;itapeva;3522653;itapirapuã paulista
35;são paulo;3502;sorocaba;350004;itapeva;3522802;itaporanga
35;são paulo;3506;araçatuba;350024;andradina;3523008;itapura
35;são paulo;3503;bauru;350010;jaú;3522901;itapuí
35;são paulo;3501;são paulo;350001;são paulo;3523107;itaquaquecetuba
35;são paulo;3502;sorocaba;350004;itapeva;3523206;itararé
35;são paulo;3501;são paulo;350002;santos;3523305;itariri
35;são paulo;3510;campinas;350039;jundiaí;3523404;itatiba
35;são paulo;3503;bauru;350011;botucatu;3523503;itatinga
35;são paulo;3502;sorocaba;350007;avaré;3521804;itaí
35;são paulo;3509;araraquara;350037;são carlos;3523602;itirapina
35;são paulo;3508;ribeirão preto;350033;franca;3523701;itirapuã
35;são paulo;3510;campinas;350047;são josé do rio pardo - mococa;3523800;itobi
35;são paulo;3502;sorocaba;350003;sorocaba;3523909;itu
35;são paulo;3510;campinas;350039;jundiaí;3524006;itupeva
35;são paulo;3508;ribeirão preto;350035;ituverava;3524105;ituverava
35;são paulo;3509;araraquara;350036;araraquara;3522703;itápolis
35;são paulo;3508;ribeirão preto;350032;barretos;3524204;jaborandi
35;são paulo;3508;ribeirão preto;350031;ribeirão preto;3524303;jaboticabal
35;são paulo;3511;são josé dos campos;350049;são josé dos campos;3524402;jacareí
35;são paulo;3507;são josé do rio preto;350025;são josé do rio preto;3524501;jaci
35;são paulo;3502;sorocaba;350005;registro;3524600;jacupiranga
35;são paulo;3510;campinas;350038;campinas;3524709;jaguariúna
35;são paulo;3507;são josé do rio preto;350028;jales;3524808;jales
35;são paulo;3511;são josé dos campos;350049;são josé dos campos;3524907;jambeiro
35;são paulo;3501;são paulo;350001;são paulo;3525003;jandira
35;são paulo;3508;ribeirão preto;350031;ribeirão preto;3525102;jardinópolis
35;são paulo;3510;campinas;350039;jundiaí;3525201;jarinu
35;são paulo;3503;bauru;350010;jaú;3525300;jaú
35;são paulo;3508;ribeirão preto;350033;franca;3525409;jeriquara
35;são paulo;3510;campinas;350041;bragança paulista;3525508;joanópolis
35;são paulo;3507;são josé do rio preto;350025;são josé do rio preto;3525706;josé bonifácio
35;são paulo;3505;presidente prudente;350018;presidente prudente;3525607;joão ramalho
35;são paulo;3502;sorocaba;350003;sorocaba;3525854;jumirim
35;são paulo;3510;campinas;350039;jundiaí;3525904;jundiaí
35;são paulo;3505;presidente prudente;350020;dracena;3526001;junqueirópolis
35;são paulo;3501;são paulo;350001;são paulo;3526209;juquitiba
35;são paulo;3502;sorocaba;350005;registro;3526100;juquiá
35;são paulo;3504;marília;350013;marília;3525805;júlio mesquita
35;são paulo;3511;são josé dos campos;350050;taubaté - pindamonhangaba;3526308;lagoinha
35;são paulo;3510;campinas;350040;piracicaba;3526407;laranjal paulista
35;são paulo;3511;são josé dos campos;350053;cruzeiro;3526605;lavrinhas
35;são paulo;3506;araçatuba;350024;andradina;3526506;lavínia
35;são paulo;3510;campinas;350045;araras;3526704;leme
35;são paulo;3503;bauru;350009;bauru;3526803;lençóis paulista
35;são paulo;3510;campinas;350042;limeira;3526902;limeira
35;são paulo;3510;campinas;350048;amparo;3527009;lindóia
35;são paulo;3503;bauru;350012;lins;3527108;lins
35;são paulo;3511;são josé dos campos;350052;guaratinguetá;3527207;lorena
35;são paulo;3506;araçatuba;350023;birigui - penápolis;3527256;lourdes
35;são paulo;3510;campinas;350039;jundiaí;3527306;louveira
35;são paulo;3503;bauru;350009;bauru;3527504;lucianópolis
35;são paulo;3505;presidente prudente;350019;adamantina - lucélia;3527405;lucélia
35;são paulo;3506;araçatuba;350023;birigui - penápolis;3527702;luiziânia
35;são paulo;3504;marília;350013;marília;3527801;lupércio
35;são paulo;3504;marília;350014;assis;3527900;lutécia
35;são paulo;3508;ribeirão preto;350031;ribeirão preto;3527603;luís antônio
35;são paulo;3503;bauru;350009;bauru;3528007;macatuba
35;são paulo;3507;são josé do rio preto;350025;são josé do rio preto;3528106;macaubal
35;são paulo;3507;são josé do rio preto;350029;fernandópolis;3528205;macedônia
35;são paulo;3506;araçatuba;350022;araçatuba;3528304;magda
35;são paulo;3502;sorocaba;350003;sorocaba;3528403;mairinque
35;são paulo;3501;são paulo;350001;são paulo;3528502;mairiporã
35;são paulo;3502;sorocaba;350007;avaré;3528601;manduri
35;são paulo;3505;presidente prudente;350021;presidente epitácio-presidente venceslau;3528700;marabá paulista
35;são paulo;3504;marília;350014;assis;3528809;maracaí
35;são paulo;3507;são josé do rio preto;350026;catanduva;3528858;marapoama
35;são paulo;3507;são josé do rio preto;350028;jales;3529104;marinópolis
35;são paulo;3505;presidente prudente;350019;adamantina - lucélia;3528908;mariápolis
35;são paulo;3505;presidente prudente;350018;presidente prudente;3529203;martinópolis
35;são paulo;3504;marília;350013;marília;3529005;marília
35;são paulo;3509;araraquara;350036;araraquara;3529302;matão
35;são paulo;3501;são paulo;350001;são paulo;3529401;mauá
35;são paulo;3507;são josé do rio preto;350025;são josé do rio preto;3529500;mendonça
35;são paulo;3507;são josé do rio preto;350029;fernandópolis;3529609;meridiano
35;são paulo;3507;são josé do rio preto;350028;jales;3529658;mesópolis
35;são paulo;3508;ribeirão preto;350035;ituverava;3529708;miguelópolis
35;são paulo;3503;bauru;350010;jaú;3529807;mineiros do tietê
35;são paulo;3507;são josé do rio preto;350029;fernandópolis;3530003;mira estrela
35;são paulo;3502;sorocaba;350005;registro;3529906;miracatu
35;são paulo;3506;araçatuba;350024;andradina;3530102;mirandópolis
35;são paulo;3505;presidente prudente;350018;presidente prudente;3530201;mirante do paranapanema
35;são paulo;3507;são josé do rio preto;350025;são josé do rio preto;3530300;mirassol
35;são paulo;3507;são josé do rio preto;350025;são josé do rio preto;3530409;mirassolândia
35;são paulo;3510;campinas;350047;são josé do rio pardo - mococa;3530508;mococa
35;são paulo;3501;são paulo;350001;são paulo;3530607;mogi das cruzes
35;são paulo;3510;campinas;350043;mogi guaçu;3530706;mogi guaçu
35;são paulo;3510;campinas;350043;mogi guaçu;3530805;mogi mirim
35;são paulo;3510;campinas;350040;piracicaba;3530904;mombuca
35;são paulo;3501;são paulo;350002;santos;3531100;mongaguá
35;são paulo;3510;campinas;350048;amparo;3531209;monte alegre do sul
35;são paulo;3508;ribeirão preto;350031;ribeirão preto;3531308;monte alto
35;são paulo;3507;são josé do rio preto;350025;são josé do rio preto;3531407;monte aprazível
35;são paulo;3508;ribeirão preto;350032;barretos;3531506;monte azul paulista
35;são paulo;3505;presidente prudente;350020;dracena;3531605;monte castelo
35;são paulo;3510;campinas;350038;campinas;3531803;monte mor
35;são paulo;3511;são josé dos campos;350049;são josé dos campos;3531704;monteiro lobato
35;são paulo;3506;araçatuba;350022;araçatuba;3531001;monções
35;são paulo;3508;ribeirão preto;350034;são joaquim da barra ¿ orlândia;3531902;morro agudo
35;são paulo;3510;campinas;350039;jundiaí;3532009;morungaba
35;são paulo;3509;araraquara;350036;araraquara;3532058;motuca
35;são paulo;3506;araçatuba;350024;andradina;3532108;murutinga do sul
35;são paulo;3505;presidente prudente;350018;presidente prudente;3532157;nantes
35;são paulo;3505;presidente prudente;350018;presidente prudente;3532207;narandiba
35;são paulo;3511;são josé dos campos;350050;taubaté - pindamonhangaba;3532306;natividade da serra
35;são paulo;3510;campinas;350041;bragança paulista;3532405;nazaré paulista
35;são paulo;3507;são josé do rio preto;350025;são josé do rio preto;3532504;neves paulista
35;são paulo;3507;são josé do rio preto;350027;votuporanga;3532603;nhandeara
35;são paulo;3507;são josé do rio preto;350025;são josé do rio preto;3532702;nipoã
35;são paulo;3507;são josé do rio preto;350025;são josé do rio preto;3532801;nova aliança
35;são paulo;3502;sorocaba;350004;itapeva;3532827;nova campina
35;são paulo;3507;são josé do rio preto;350030;santa fé do sul;3532843;nova canaã paulista
35;são paulo;3506;araçatuba;350022;araçatuba;3532868;nova castilho
35;são paulo;3509;araraquara;350036;araraquara;3532900;nova europa
35;são paulo;3507;são josé do rio preto;350025;são josé do rio preto;3533007;nova granada
35;são paulo;3505;presidente prudente;350020;dracena;3533106;nova guataporanga
35;são paulo;3506;araçatuba;350024;andradina;3533205;nova independência
35;são paulo;3506;araçatuba;350022;araçatuba;3533304;nova luzitânia
35;são paulo;3510;campinas;350038;campinas;3533403;nova odessa
35;são paulo;3507;são josé do rio preto;350026;catanduva;3533254;novais
35;são paulo;3507;são josé do rio preto;350025;são josé do rio preto;3533502;novo horizonte
35;são paulo;3508;ribeirão preto;350034;são joaquim da barra ¿ orlândia;3533601;nuporanga
35;são paulo;3504;marília;350013;marília;3533700;ocauçu
35;são paulo;3508;ribeirão preto;350032;barretos;3533908;olímpia
35;são paulo;3507;são josé do rio preto;350025;são josé do rio preto;3534005;onda verde
35;são paulo;3504;marília;350013;marília;3534104;oriente
35;são paulo;3507;são josé do rio preto;350025;são josé do rio preto;3534203;orindiúva
35;são paulo;3508;ribeirão preto;350034;são joaquim da barra ¿ orlândia;3534302;orlândia
35;são paulo;3501;são paulo;350001;são paulo;3534401;osasco
35;são paulo;3504;marília;350013;marília;3534500;oscar bressane
35;são paulo;3505;presidente prudente;350019;adamantina - lucélia;3534609;osvaldo cruz
35;são paulo;3504;marília;350015;ourinhos;3534708;ourinhos
35;são paulo;3505;presidente prudente;350020;dracena;3534807;ouro verde
35;são paulo;3507;são josé do rio preto;350029;fernandópolis;3534757;ouroeste
35;são paulo;3505;presidente prudente;350019;adamantina - lucélia;3534906;pacaembu
35;são paulo;3507;são josé do rio preto;350025;são josé do rio preto;3535002;palestina
35;são paulo;3507;são josé do rio preto;350026;catanduva;3535101;palmares paulista
35;são paulo;3507;são josé do rio preto;350028;jales;3535200;palmeira d'oeste
35;são paulo;3504;marília;350014;assis;3535309;palmital
35;são paulo;3505;presidente prudente;350020;dracena;3535408;panorama
35;são paulo;3504;marília;350014;assis;3535507;paraguaçu paulista
35;são paulo;3511;são josé dos campos;350049;são josé dos campos;3535606;paraibuna
35;são paulo;3502;sorocaba;350007;avaré;3535804;paranapanema
35;são paulo;3507;são josé do rio preto;350028;jales;3535903;paranapuã
35;são paulo;3504;marília;350016;tupã;3536000;parapuã
35;são paulo;3507;são josé do rio preto;350026;catanduva;3535705;paraíso
35;são paulo;3503;bauru;350011;botucatu;3536109;pardinho
35;são paulo;3502;sorocaba;350005;registro;3536208;pariquera-açu
35;são paulo;3507;são josé do rio preto;350027;votuporanga;3536257;parisi
35;são paulo;3508;ribeirão preto;350033;franca;3536307;patrocínio paulista
35;são paulo;3505;presidente prudente;350020;dracena;3536406;paulicéia
35;são paulo;3503;bauru;350009;bauru;3536570;paulistânia
35;são paulo;3507;são josé do rio preto;350025;são josé do rio preto;3536604;paulo de faria
35;são paulo;3510;campinas;350038;campinas;3536505;paulínia
35;são paulo;3503;bauru;350009;bauru;3536703;pederneiras
35;são paulo;3510;campinas;350041;bragança paulista;3536802;pedra bela
35;são paulo;3507;são josé do rio preto;350029;fernandópolis;3536901;pedranópolis
35;são paulo;3508;ribeirão preto;350033;franca;3537008;pedregulho
35;são paulo;3510;campinas;350038;campinas;3537107;pedreira
35;são paulo;3504;marília;350014;assis;3537156;pedrinhas paulista
35;são paulo;3501;são paulo;350002;santos;3537206;pedro de toledo
35;são paulo;3506;araçatuba;350023;birigui - penápolis;3537305;penápolis
35;são paulo;3506;araçatuba;350024;andradina;3537404;pereira barreto
35;são paulo;3502;sorocaba;350008;tatuí;3537503;pereiras
35;são paulo;3501;são paulo;350002;santos;3537602;peruíbe
35;são paulo;3506;araçatuba;350023;birigui - penápolis;3537701;piacatu
35;são paulo;3502;sorocaba;350003;sorocaba;3537800;piedade
35;são paulo;3502;sorocaba;350003;sorocaba;3537909;pilar do sul
35;são paulo;3511;são josé dos campos;350050;taubaté - pindamonhangaba;3538006;pindamonhangaba
35;são paulo;3507;são josé do rio preto;350026;catanduva;3538105;pindorama
35;são paulo;3510;campinas;350041;bragança paulista;3538204;pinhalzinho
35;são paulo;3505;presidente prudente;350021;presidente epitácio-presidente venceslau;3538303;piquerobi
35;são paulo;3511;são josé dos campos;350052;guaratinguetá;3538501;piquete
35;são paulo;3510;campinas;350041;bragança paulista;3538600;piracaia
35;são paulo;3510;campinas;350040;piracicaba;3538709;piracicaba
35;são paulo;3504;marília;350017;piraju;3538808;piraju
35;são paulo;3503;bauru;350009;bauru;3538907;pirajuí
35;são paulo;3507;são josé do rio preto;350026;catanduva;3539004;pirangi
35;são paulo;3501;são paulo;350001;são paulo;3539103;pirapora do bom jesus
35;são paulo;3505;presidente prudente;350018;presidente prudente;3539202;pirapozinho
35;são paulo;3509;araraquara;350037;são carlos;3539301;pirassununga
35;são paulo;3503;bauru;350009;bauru;3539400;piratininga
35;são paulo;3508;ribeirão preto;350031;ribeirão preto;3539509;pitangueiras
35;são paulo;3507;são josé do rio preto;350025;são josé do rio preto;3539608;planalto
35;são paulo;3504;marília;350014;assis;3539707;platina
35;são paulo;3507;são josé do rio preto;350025;são josé do rio preto;3539905;poloni
35;são paulo;3504;marília;350013;marília;3540002;pompéia
35;são paulo;3503;bauru;350012;lins;3540101;pongaí
35;são paulo;3508;ribeirão preto;350031;ribeirão preto;3540200;pontal
35;são paulo;3507;são josé do rio preto;350028;jales;3540259;pontalinda
35;são paulo;3507;são josé do rio preto;350027;votuporanga;3540309;pontes gestal
35;são paulo;3507;são josé do rio preto;350028;jales;3540408;populina
35;são paulo;3502;sorocaba;350008;tatuí;3540507;porangaba
35;são paulo;3502;sorocaba;350003;sorocaba;3540606;porto feliz
35;são paulo;3509;araraquara;350037;são carlos;3540705;porto ferreira
35;são paulo;3511;são josé dos campos;350052;guaratinguetá;3540754;potim
35;são paulo;3507;são josé do rio preto;350025;são josé do rio preto;3540804;potirendaba
35;são paulo;3501;são paulo;350001;são paulo;3539806;poá
35;são paulo;3505;presidente prudente;350019;adamantina - lucélia;3540853;pracinha
35;são paulo;3508;ribeirão preto;350031;ribeirão preto;3540903;pradópolis
35;são paulo;3501;são paulo;350002;santos;3541000;praia grande
35;são paulo;3503;bauru;350011;botucatu;3541059;pratânia
35;são paulo;3503;bauru;350009;bauru;3541109;presidente alves
35;são paulo;3505;presidente prudente;350018;presidente prudente;3541208;presidente bernardes
35;são paulo;3505;presidente prudente;350021;presidente epitácio-presidente venceslau;3541307;presidente epitácio
35;são paulo;3505;presidente prudente;350018;presidente prudente;3541406;presidente prudente
35;são paulo;3505;presidente prudente;350021;presidente epitácio-presidente venceslau;3541505;presidente venceslau
35;são paulo;3503;bauru;350012;lins;3541604;promissão
35;são paulo;3502;sorocaba;350008;tatuí;3541653;quadra
35;são paulo;3505;presidente prudente;350018;presidente prudente;3541703;quatá
35;são paulo;3504;marília;350016;tupã;3541802;queiroz
35;são paulo;3511;são josé dos campos;350053;cruzeiro;3541901;queluz
35;são paulo;3504;marília;350013;marília;3542008;quintana
35;são paulo;3510;campinas;350040;piracicaba;3542107;rafard
35;são paulo;3505;presidente prudente;350018;presidente prudente;3542206;rancharia
35;são paulo;3511;são josé dos campos;350050;taubaté - pindamonhangaba;3542305;redenção da serra
35;são paulo;3505;presidente prudente;350018;presidente prudente;3542404;regente feijó
35;são paulo;3503;bauru;350009;bauru;3542503;reginópolis
35;são paulo;3502;sorocaba;350005;registro;3542602;registro
35;são paulo;3508;ribeirão preto;350033;franca;3542701;restinga
35;são paulo;3502;sorocaba;350004;itapeva;3542800;ribeira
35;são paulo;3509;araraquara;350037;são carlos;3542909;ribeirão bonito
35;são paulo;3502;sorocaba;350004;itapeva;3543006;ribeirão branco
35;são paulo;3508;ribeirão preto;350033;franca;3543105;ribeirão corrente
35;são paulo;3504;marília;350015;ourinhos;3543204;ribeirão do sul
35;são paulo;3505;presidente prudente;350018;presidente prudente;3543238;ribeirão dos índios
35;são paulo;3502;sorocaba;350004;itapeva;3543253;ribeirão grande
35;são paulo;3501;são paulo;350001;são paulo;3543303;ribeirão pires
35;são paulo;3508;ribeirão preto;350031;ribeirão preto;3543402;ribeirão preto
35;são paulo;3508;ribeirão preto;350033;franca;3543600;rifaina
35;são paulo;3509;araraquara;350036;araraquara;3543709;rincão
35;são paulo;3504;marília;350016;tupã;3543808;rinópolis
35;são paulo;3510;campinas;350046;rio claro;3543907;rio claro
35;são paulo;3510;campinas;350040;piracicaba;3544004;rio das pedras
35;são paulo;3501;são paulo;350001;são paulo;3544103;rio grande da serra
35;são paulo;3507;são josé do rio preto;350027;votuporanga;3544202;riolândia
35;são paulo;3502;sorocaba;350004;itapeva;3543501;riversul
35;são paulo;3505;presidente prudente;350018;presidente prudente;3544251;rosana
35;são paulo;3511;são josé dos campos;350052;guaratinguetá;3544301;roseira
35;são paulo;3507;são josé do rio preto;350030;santa fé do sul;3544509;rubinéia
35;são paulo;3506;araçatuba;350022;araçatuba;3544400;rubiácea
35;são paulo;3503;bauru;350012;lins;3544608;sabino
35;são paulo;3505;presidente prudente;350019;adamantina - lucélia;3544707;sagres
35;são paulo;3507;são josé do rio preto;350025;são josé do rio preto;3544806;sales
35;são paulo;3508;ribeirão preto;350034;são joaquim da barra ¿ orlândia;3544905;sales oliveira
35;são paulo;3501;são paulo;350001;são paulo;3545001;salesópolis
35;são paulo;3505;presidente prudente;350019;adamantina - lucélia;3545100;salmourão
35;são paulo;3510;campinas;350040;piracicaba;3545159;saltinho
35;são paulo;3502;sorocaba;350003;sorocaba;3545209;salto
35;são paulo;3502;sorocaba;350003;sorocaba;3545308;salto de pirapora
35;são paulo;3504;marília;350015;ourinhos;3545407;salto grande
35;são paulo;3505;presidente prudente;350018;presidente prudente;3545506;sandovalina
35;são paulo;3507;são josé do rio preto;350026;catanduva;3545605;santa adélia
35;são paulo;3507;são josé do rio preto;350028;jales;3545704;santa albertina
35;são paulo;3511;são josé dos campos;350049;são josé dos campos;3546009;santa branca
35;são paulo;3510;campinas;350038;campinas;3545803;santa bárbara d'oeste
35;são paulo;3507;são josé do rio preto;350030;santa fé do sul;3546108;santa clara d'oeste
35;são paulo;3510;campinas;350045;araras;3546207;santa cruz da conceição
35;são paulo;3508;ribeirão preto;350031;ribeirão preto;3546256;santa cruz da esperança
35;são paulo;3510;campinas;350044;são joão da boa vista;3546306;santa cruz das palmeiras
35;são paulo;3504;marília;350015;ourinhos;3546405;santa cruz do rio pardo
35;são paulo;3508;ribeirão preto;350031;ribeirão preto;3546504;santa ernestina
35;são paulo;3507;são josé do rio preto;350030;santa fé do sul;3546603;santa fé do sul
35;são paulo;3510;campinas;350046;rio claro;3546702;santa gertrudes
35;são paulo;3501;são paulo;350001;são paulo;3546801;santa isabel
35;são paulo;3509;araraquara;350036;araraquara;3546900;santa lúcia
35;são paulo;3510;campinas;350040;piracicaba;3547007;santa maria da serra
35;são paulo;3505;presidente prudente;350020;dracena;3547106;santa mercedes
35;são paulo;3507;são josé do rio preto;350030;santa fé do sul;3547403;santa rita d'oeste
35;são paulo;3509;araraquara;350037;são carlos;3547502;santa rita do passa quatro
35;são paulo;3508;ribeirão preto;350031;ribeirão preto;3547601;santa rosa de viterbo
35;são paulo;3507;são josé do rio preto;350028;jales;3547650;santa salete
35;são paulo;3507;são josé do rio preto;350030;santa fé do sul;3547205;santana da ponte pensa
35;são paulo;3501;são paulo;350001;são paulo;3547304;santana de parnaíba
35;são paulo;3505;presidente prudente;350018;presidente prudente;3547700;santo anastácio
35;são paulo;3501;são paulo;350001;são paulo;3547809;santo andré
35;são paulo;3508;ribeirão preto;350031;ribeirão preto;3547908;santo antônio da alegria
35;são paulo;3510;campinas;350038;campinas;3548005;santo antônio de posse
35;são paulo;3506;araçatuba;350022;araçatuba;3548054;santo antônio do aracanguá
35;são paulo;3510;campinas;350044;são joão da boa vista;3548104;santo antônio do jardim
35;são paulo;3511;são josé dos campos;350050;taubaté - pindamonhangaba;3548203;santo antônio do pinhal
35;são paulo;3505;presidente prudente;350018;presidente prudente;3548302;santo expedito
35;são paulo;3501;são paulo;350002;santos;3548500;santos
35;são paulo;3506;araçatuba;350023;birigui - penápolis;3548401;santópolis do aguapeí
35;são paulo;3502;sorocaba;350003;sorocaba;3551108;sarapuí
35;são paulo;3504;marília;350017;piraju;3551207;sarutaiá
35;são paulo;3507;são josé do rio preto;350027;votuporanga;3551306;sebastianópolis do sul
35;são paulo;3508;ribeirão preto;350031;ribeirão preto;3551405;serra azul
35;são paulo;3510;campinas;350048;amparo;3551603;serra negra
35;são paulo;3508;ribeirão preto;350031;ribeirão preto;3551504;serrana
35;são paulo;3508;ribeirão preto;350031;ribeirão preto;3551702;sertãozinho
35;são paulo;3502;sorocaba;350005;registro;3551801;sete barras
35;são paulo;3508;ribeirão preto;350032;barretos;3551900;severínia
35;são paulo;3511;são josé dos campos;350053;cruzeiro;3552007;silveiras
35;são paulo;3510;campinas;350041;bragança paulista;3552106;socorro
35;são paulo;3502;sorocaba;350003;sorocaba;3552205;sorocaba
35;são paulo;3506;araçatuba;350024;andradina;3552304;sud mennucci
35;são paulo;3510;campinas;350038;campinas;3552403;sumaré
35;são paulo;3501;são paulo;350001;são paulo;3552502;suzano
35;são paulo;3507;são josé do rio preto;350028;jales;3552551;suzanápolis
35;são paulo;3511;são josé dos campos;350050;taubaté - pindamonhangaba;3548609;são bento do sapucaí
35;são paulo;3501;são paulo;350001;são paulo;3548708;são bernardo do campo
35;são paulo;3501;são paulo;350001;são paulo;3548807;são caetano do sul
35;são paulo;3509;araraquara;350037;são carlos;3548906;são carlos
35;são paulo;3507;são josé do rio preto;350028;jales;3549003;são francisco
35;são paulo;3508;ribeirão preto;350034;são joaquim da barra ¿ orlândia;3549409;são joaquim da barra
35;são paulo;3508;ribeirão preto;350033;franca;3549508;são josé da bela vista
35;são paulo;3511;são josé dos campos;350053;cruzeiro;3549607;são josé do barreiro
35;são paulo;3510;campinas;350047;são josé do rio pardo - mococa;3549706;são josé do rio pardo
35;são paulo;3507;são josé do rio preto;350025;são josé do rio preto;3549805;são josé do rio preto
35;são paulo;3511;são josé dos campos;350049;são josé dos campos;3549904;são josé dos campos
35;são paulo;3510;campinas;350044;são joão da boa vista;3549102;são joão da boa vista
35;são paulo;3507;são josé do rio preto;350029;fernandópolis;3549201;são joão das duas pontes
35;são paulo;3507;são josé do rio preto;350029;fernandópolis;3549250;são joão de iracema
35;são paulo;3505;presidente prudente;350020;dracena;3549300;são joão do pau d'alho
35;são paulo;3501;são paulo;350001;são paulo;3549953;são lourenço da serra
35;são paulo;3511;são josé dos campos;350050;taubaté - pindamonhangaba;3550001;são luiz do paraitinga
35;são paulo;3503;bauru;350011;botucatu;3550100;são manuel
35;são paulo;3502;sorocaba;350006;itapetininga;3550209;são miguel arcanjo
35;são paulo;3501;são paulo;350001;são paulo;3550308;são paulo
35;são paulo;3510;campinas;350040;piracicaba;3550407;são pedro
35;são paulo;3504;marília;350015;ourinhos;3550506;são pedro do turvo
35;são paulo;3502;sorocaba;350003;sorocaba;3550605;são roque
35;são paulo;3511;são josé dos campos;350051;caraguatatuba - ubatuba - são sebastião;3550704;são sebastião
35;são paulo;3510;campinas;350047;são josé do rio pardo - mococa;3550803;são sebastião da grama
35;são paulo;3508;ribeirão preto;350031;ribeirão preto;3550902;são simão
35;são paulo;3501;são paulo;350002;santos;3551009;são vicente
35;são paulo;3507;são josé do rio preto;350026;catanduva;3552601;tabapuã
35;são paulo;3509;araraquara;350036;araraquara;3552700;tabatinga
35;são paulo;3501;são paulo;350001;são paulo;3552809;taboão da serra
35;são paulo;3505;presidente prudente;350018;presidente prudente;3552908;taciba
35;são paulo;3502;sorocaba;350007;avaré;3553005;taguaí
35;são paulo;3508;ribeirão preto;350032;barretos;3553104;taiaçu
35;são paulo;3508;ribeirão preto;350032;barretos;3553203;taiúva
35;são paulo;3510;campinas;350044;são joão da boa vista;3553302;tambaú
35;são paulo;3507;são josé do rio preto;350025;são josé do rio preto;3553401;tanabi
35;são paulo;3510;campinas;350047;são josé do rio pardo - mococa;3553609;tapiratiba
35;são paulo;3502;sorocaba;350003;sorocaba;3553500;tapiraí
35;são paulo;3508;ribeirão preto;350032;barretos;3553658;taquaral
35;são paulo;3509;araraquara;350036;araraquara;3553708;taquaritinga
35;são paulo;3502;sorocaba;350007;avaré;3553807;taquarituba
35;são paulo;3502;sorocaba;350004;itapeva;3553856;taquarivaí
35;são paulo;3505;presidente prudente;350018;presidente prudente;3553906;tarabai
35;são paulo;3504;marília;350014;assis;3553955;tarumã
35;são paulo;3502;sorocaba;350008;tatuí;3554003;tatuí
35;são paulo;3511;são josé dos campos;350050;taubaté - pindamonhangaba;3554102;taubaté
35;são paulo;3504;marília;350017;piraju;3554201;tejupá
35;são paulo;3505;presidente prudente;350018;presidente prudente;3554300;teodoro sampaio
35;são paulo;3508;ribeirão preto;350032;barretos;3554409;terra roxa
35;são paulo;3502;sorocaba;350003;sorocaba;3554508;tietê
35;são paulo;3504;marília;350017;piraju;3554607;timburi
35;são paulo;3502;sorocaba;350008;tatuí;3554656;torre de pedra
35;são paulo;3503;bauru;350010;jaú;3554706;torrinha
35;são paulo;3509;araraquara;350036;araraquara;3554755;trabiju
35;são paulo;3511;são josé dos campos;350050;taubaté - pindamonhangaba;3554805;tremembé
35;são paulo;3507;são josé do rio preto;350030;santa fé do sul;3554904;três fronteiras
35;são paulo;3510;campinas;350041;bragança paulista;3554953;tuiuti
35;são paulo;3505;presidente prudente;350020;dracena;3555109;tupi paulista
35;são paulo;3504;marília;350016;tupã;3555000;tupã
35;são paulo;3506;araçatuba;350023;birigui - penápolis;3555208;turiúba
35;são paulo;3507;são josé do rio preto;350028;jales;3555307;turmalina
35;são paulo;3507;são josé do rio preto;350025;são josé do rio preto;3555356;ubarana
35;são paulo;3511;são josé dos campos;350051;caraguatatuba - ubatuba - são sebastião;3555406;ubatuba
35;são paulo;3503;bauru;350009;bauru;3555505;ubirajara
35;são paulo;3507;são josé do rio preto;350025;são josé do rio preto;3555604;uchoa
35;são paulo;3507;são josé do rio preto;350025;são josé do rio preto;3555703;união paulista
35;são paulo;3503;bauru;350012;lins;3555901;uru
35;são paulo;3507;são josé do rio preto;350025;são josé do rio preto;3556008;urupês
35;são paulo;3507;são josé do rio preto;350028;jales;3555802;urânia
35;são paulo;3507;são josé do rio preto;350027;votuporanga;3556107;valentim gentil
35;são paulo;3510;campinas;350038;campinas;3556206;valinhos
35;são paulo;3506;araçatuba;350022;araçatuba;3556305;valparaíso
35;são paulo;3510;campinas;350041;bragança paulista;3556354;vargem
35;são paulo;3510;campinas;350044;são joão da boa vista;3556404;vargem grande do sul
35;são paulo;3501;são paulo;350001;são paulo;3556453;vargem grande paulista
35;são paulo;3504;marília;350013;marília;3556602;vera cruz
35;são paulo;3510;campinas;350038;campinas;3556701;vinhedo
35;são paulo;3508;ribeirão preto;350032;barretos;3556800;viradouro
35;são paulo;3507;são josé do rio preto;350026;catanduva;3556909;vista alegre do alto
35;são paulo;3507;são josé do rio preto;350028;jales;3556958;vitória brasil
35;são paulo;3502;sorocaba;350003;sorocaba;3557006;votorantim
35;são paulo;3507;são josé do rio preto;350027;votuporanga;3557105;votuporanga
35;são paulo;3510;campinas;350039;jundiaí;3556503;várzea paulista
35;são paulo;3506;araçatuba;350023;birigui - penápolis;3557154;zacarias
35;são paulo;3510;campinas;350044;são joão da boa vista;3500402;águas da prata
35;são paulo;3510;campinas;350048;amparo;3500501;águas de lindóia
35;são paulo;3502;sorocaba;350007;avaré;3500550;águas de santa bárbara
35;são paulo;3510;campinas;350040;piracicaba;3500600;águas de são pedro
35;são paulo;3507;são josé do rio preto;350027;votuporanga;3501202;álvares florence
35;são paulo;3505;presidente prudente;350018;presidente prudente;3501301;álvares machado
35;são paulo;3504;marília;350013;marília;3501400;álvaro de carvalho
35;são paulo;3502;sorocaba;350007;avaré;3533809;óleo
41;paraná;4105;londrina;410022;santo antônio da platina;4100103;abatiá
41;paraná;4101;curitiba;410001;curitiba;4100202;adrianópolis
41;paraná;4101;curitiba;410001;curitiba;4100301;agudos do sul
41;paraná;4101;curitiba;410001;curitiba;4100400;almirante tamandaré
41;paraná;4104;maringá;410015;campo mourão;4100459;altamira do paraná
41;paraná;4104;maringá;410017;paranavaí;4100608;alto paraná
41;paraná;4104;maringá;410016;umuarama;4128625;alto paraíso
41;paraná;4104;maringá;410016;umuarama;4100707;alto piquiri
41;paraná;4104;maringá;410016;umuarama;4100509;altônia
41;paraná;4105;londrina;410021;londrina;4100806;alvorada do sul
41;paraná;4104;maringá;410017;paranavaí;4100905;amaporã
41;paraná;4103;cascavel;410009;francisco beltrão;4101002;ampére
41;paraná;4103;cascavel;410006;cascavel;4101051;anahy
41;paraná;4105;londrina;410022;santo antônio da platina;4101101;andirá
41;paraná;4101;curitiba;410002;paranaguá;4101200;antonina
41;paraná;4101;curitiba;410003;união da vitória;4101309;antônio olinto
41;paraná;4105;londrina;410023;apucarana;4101408;apucarana
41;paraná;4105;londrina;410021;londrina;4101507;arapongas
41;paraná;4106;ponta grossa;410027;ponta grossa;4101606;arapoti
41;paraná;4105;londrina;410025;ivaiporã;4101655;arapuã
41;paraná;4104;maringá;410015;campo mourão;4101705;araruna
41;paraná;4101;curitiba;410001;curitiba;4101804;araucária
41;paraná;4105;londrina;410025;ivaiporã;4101853;ariranha do ivaí
41;paraná;4105;londrina;410021;londrina;4101903;assaí
41;paraná;4103;cascavel;410008;toledo;4102000;assis chateaubriand
41;paraná;4104;maringá;410014;maringá;4102109;astorga
41;paraná;4104;maringá;410014;maringá;4102208;atalaia
41;paraná;4101;curitiba;410001;curitiba;4102307;balsa nova
41;paraná;4105;londrina;410024;cornélio procópio ¿ bandeirantes;4102406;bandeirantes
41;paraná;4104;maringá;410015;campo mourão;4102505;barbosa ferraz
41;paraná;4105;londrina;410022;santo antônio da platina;4102703;barra do jacaré
41;paraná;4103;cascavel;410009;francisco beltrão;4102604;barracão
41;paraná;4103;cascavel;410009;francisco beltrão;4102752;bela vista da caroba
41;paraná;4105;londrina;410021;londrina;4102802;bela vista do paraíso
41;paraná;4101;curitiba;410003;união da vitória;4102901;bituruna
41;paraná;4104;maringá;410015;campo mourão;4103008;boa esperança
41;paraná;4103;cascavel;410012;dois vizinhos;4103024;boa esperança do iguaçu
41;paraná;4102;guarapuava;410005;pitanga;4103040;boa ventura de são roque
41;paraná;4103;cascavel;410006;cascavel;4103057;boa vista da aparecida
41;paraná;4101;curitiba;410001;curitiba;4103107;bocaiúva do sul
41;paraná;4103;cascavel;410009;francisco beltrão;4103156;bom jesus do sul
41;paraná;4105;londrina;410023;apucarana;4103206;bom sucesso
41;paraná;4103;cascavel;410010;pato branco;4103222;bom sucesso do sul
41;paraná;4105;londrina;410023;apucarana;4103305;borrazópolis
41;paraná;4103;cascavel;410006;cascavel;4103354;braganey
41;paraná;4104;maringá;410016;umuarama;4103370;brasilândia do sul
41;paraná;4105;londrina;410021;londrina;4103404;cafeara
41;paraná;4103;cascavel;410006;cascavel;4103453;cafelândia
41;paraná;4104;maringá;410016;umuarama;4103479;cafezal do sul
41;paraná;4105;londrina;410023;apucarana;4103503;califórnia
41;paraná;4105;londrina;410022;santo antônio da platina;4103602;cambará
41;paraná;4105;londrina;410023;apucarana;4103800;cambira
41;paraná;4105;londrina;410021;londrina;4103701;cambé
41;paraná;4104;maringá;410015;campo mourão;4103909;campina da lagoa
41;paraná;4102;guarapuava;410004;guarapuava;4103958;campina do simão
41;paraná;4101;curitiba;410001;curitiba;4104006;campina grande do sul
41;paraná;4103;cascavel;410006;cascavel;4104055;campo bonito
41;paraná;4101;curitiba;410001;curitiba;4104105;campo do tenente
41;paraná;4101;curitiba;410001;curitiba;4104204;campo largo
41;paraná;4101;curitiba;410001;curitiba;4104253;campo magro
41;paraná;4104;maringá;410015;campo mourão;4104303;campo mourão
41;paraná;4102;guarapuava;410004;guarapuava;4104428;candói
41;paraná;4102;guarapuava;410004;guarapuava;4104451;cantagalo
41;paraná;4103;cascavel;410009;francisco beltrão;4104501;capanema
41;paraná;4103;cascavel;410006;cascavel;4104600;capitão leônidas marques
41;paraná;4106;ponta grossa;410027;ponta grossa;4104659;carambeí
41;paraná;4105;londrina;410022;santo antônio da platina;4104709;carlópolis
41;paraná;4103;cascavel;410006;cascavel;4104808;cascavel
41;paraná;4106;ponta grossa;410027;ponta grossa;4104907;castro
41;paraná;4103;cascavel;410006;cascavel;4105003;catanduvas
41;paraná;4105;londrina;410021;londrina;4105102;centenário do sul
41;paraná;4101;curitiba;410001;curitiba;4105201;cerro azul
41;paraná;4103;cascavel;410010;pato branco;4105409;chopinzinho
41;paraná;4104;maringá;410018;cianorte;4105508;cianorte
41;paraná;4104;maringá;410016;umuarama;4105607;cidade gaúcha
41;paraná;4103;cascavel;410010;pato branco;4105706;clevelândia
41;paraná;4101;curitiba;410001;curitiba;4105805;colombo
41;paraná;4104;maringá;410019;paranacity - colorado;4105904;colorado
41;paraná;4105;londrina;410024;cornélio procópio ¿ bandeirantes;4106001;congonhinhas
41;paraná;4105;londrina;410026;ibaiti;4106100;conselheiro mairinck
41;paraná;4101;curitiba;410001;curitiba;4106209;contenda
41;paraná;4103;cascavel;410006;cascavel;4106308;corbélia
41;paraná;4105;londrina;410024;cornélio procópio ¿ bandeirantes;4106407;cornélio procópio
41;paraná;4103;cascavel;410010;pato branco;4106456;coronel domingos soares
41;paraná;4103;cascavel;410010;pato branco;4106506;coronel vivida
41;paraná;4104;maringá;410015;campo mourão;4106555;corumbataí do sul
41;paraná;4101;curitiba;410003;união da vitória;4106803;cruz machado
41;paraná;4103;cascavel;410012;dois vizinhos;4106571;cruzeiro do iguaçu
41;paraná;4104;maringá;410016;umuarama;4106605;cruzeiro do oeste
41;paraná;4104;maringá;410019;paranacity - colorado;4106704;cruzeiro do sul
41;paraná;4105;londrina;410025;ivaiporã;4106852;cruzmaltina
41;paraná;4101;curitiba;410001;curitiba;4106902;curitiba
41;paraná;4106;ponta grossa;410028;telêmaco borba;4107009;curiúva
41;paraná;4105;londrina;410025;ivaiporã;4104402;cândido de abreu
41;paraná;4103;cascavel;410006;cascavel;4105300;céu azul
41;paraná;4103;cascavel;410006;cascavel;4107157;diamante d'oeste
41;paraná;4104;maringá;410017;paranavaí;4107108;diamante do norte
41;paraná;4103;cascavel;410006;cascavel;4107124;diamante do sul
41;paraná;4103;cascavel;410012;dois vizinhos;4107207;dois vizinhos
41;paraná;4104;maringá;410016;umuarama;4107256;douradina
41;paraná;4104;maringá;410014;maringá;4107306;doutor camargo
41;paraná;4101;curitiba;410001;curitiba;4128633;doutor ulysses
41;paraná;4104;maringá;410015;campo mourão;4107504;engenheiro beltrão
41;paraná;4103;cascavel;410013;marechal cândido rondon;4107538;entre rios do oeste
41;paraná;4103;cascavel;410009;francisco beltrão;4107405;enéas marques
41;paraná;4104;maringá;410016;umuarama;4107520;esperança nova
41;paraná;4103;cascavel;410011;laranjeiras do sul - quedas do iguaçu;4107546;espigão alto do iguaçu
41;paraná;4104;maringá;410015;campo mourão;4107553;farol
41;paraná;4105;londrina;410025;ivaiporã;4107603;faxinal
41;paraná;4101;curitiba;410001;curitiba;4107652;fazenda rio grande
41;paraná;4106;ponta grossa;410029;irati;4107736;fernandes pinheiro
41;paraná;4105;londrina;410026;ibaiti;4107751;figueira
41;paraná;4103;cascavel;410009;francisco beltrão;4107850;flor da serra do sul
41;paraná;4104;maringá;410014;maringá;4107801;floraí
41;paraná;4104;maringá;410014;maringá;4107900;floresta
41;paraná;4105;londrina;410021;londrina;4108007;florestópolis
41;paraná;4104;maringá;410014;maringá;4108106;flórida
41;paraná;4103;cascavel;410008;toledo;4108205;formosa do oeste
41;paraná;4103;cascavel;410007;foz do iguaçu;4108304;foz do iguaçu
41;paraná;4102;guarapuava;410004;guarapuava;4108452;foz do jordão
41;paraná;4104;maringá;410016;umuarama;4108320;francisco alves
41;paraná;4103;cascavel;410009;francisco beltrão;4108403;francisco beltrão
41;paraná;4104;maringá;410015;campo mourão;4107702;fênix
41;paraná;4101;curitiba;410003;união da vitória;4108502;general carneiro
41;paraná;4105;londrina;410025;ivaiporã;4108551;godoy moreira
41;paraná;4104;maringá;410015;campo mourão;4108601;goioerê
41;paraná;4102;guarapuava;410004;guarapuava;4108650;goioxim
41;paraná;4105;londrina;410025;ivaiporã;4108700;grandes rios
41;paraná;4104;maringá;410017;paranavaí;4108908;guairaçá
41;paraná;4102;guarapuava;410004;guarapuava;4108957;guamiranga
41;paraná;4105;londrina;410022;santo antônio da platina;4109005;guapirama
41;paraná;4104;maringá;410018;cianorte;4109104;guaporema
41;paraná;4105;londrina;410021;londrina;4109203;guaraci
41;paraná;4103;cascavel;410006;cascavel;4109302;guaraniaçu
41;paraná;4102;guarapuava;410004;guarapuava;4109401;guarapuava
41;paraná;4101;curitiba;410002;paranaguá;4109500;guaraqueçaba
41;paraná;4101;curitiba;410002;paranaguá;4109609;guaratuba
41;paraná;4103;cascavel;410008;toledo;4108809;guaíra
41;paraná;4103;cascavel;410010;pato branco;4109658;honório serpa
41;paraná;4105;londrina;410026;ibaiti;4109708;ibaiti
41;paraná;4103;cascavel;410006;cascavel;4109757;ibema
41;paraná;4105;londrina;410021;londrina;4109807;ibiporã
41;paraná;4104;maringá;410016;umuarama;4109906;icaraíma
41;paraná;4104;maringá;410014;maringá;4110003;iguaraçu
41;paraná;4103;cascavel;410006;cascavel;4110052;iguatu
41;paraná;4106;ponta grossa;410028;telêmaco borba;4110078;imbaú
41;paraná;4106;ponta grossa;410029;irati;4110102;imbituva
41;paraná;4104;maringá;410019;paranacity - colorado;4110300;inajá
41;paraná;4104;maringá;410018;cianorte;4110409;indianópolis
41;paraná;4102;guarapuava;410004;guarapuava;4110201;inácio martins
41;paraná;4106;ponta grossa;410027;ponta grossa;4110508;ipiranga
41;paraná;4104;maringá;410016;umuarama;4110607;iporã
41;paraná;4103;cascavel;410008;toledo;4110656;iracema do oeste
41;paraná;4106;ponta grossa;410029;irati;4110706;irati
41;paraná;4104;maringá;410015;campo mourão;4110805;iretama
41;paraná;4104;maringá;410019;paranacity - colorado;4110904;itaguajé
41;paraná;4103;cascavel;410007;foz do iguaçu;4110953;itaipulândia
41;paraná;4105;londrina;410024;cornélio procópio ¿ bandeirantes;4111001;itambaracá
41;paraná;4104;maringá;410014;maringá;4111100;itambé
41;paraná;4103;cascavel;410010;pato branco;4111209;itapejara d'oeste
41;paraná;4101;curitiba;410001;curitiba;4111258;itaperuçu
41;paraná;4104;maringá;410017;paranavaí;4111308;itaúna do sul
41;paraná;4105;londrina;410025;ivaiporã;4111506;ivaiporã
41;paraná;4104;maringá;410014;maringá;4111605;ivatuba
41;paraná;4104;maringá;410016;umuarama;4111555;ivaté
41;paraná;4106;ponta grossa;410027;ponta grossa;4111407;ivaí
41;paraná;4105;londrina;410026;ibaiti;4111704;jaboti
41;paraná;4105;londrina;410022;santo antônio da platina;4111803;jacarezinho
41;paraná;4105;londrina;410021;londrina;4111902;jaguapitã
41;paraná;4106;ponta grossa;410027;ponta grossa;4112009;jaguariaíva
41;paraná;4105;londrina;410023;apucarana;4112108;jandaia do sul
41;paraná;4104;maringá;410015;campo mourão;4112207;janiópolis
41;paraná;4105;londrina;410026;ibaiti;4112306;japira
41;paraná;4104;maringá;410018;cianorte;4112405;japurá
41;paraná;4105;londrina;410025;ivaiporã;4112504;jardim alegre
41;paraná;4104;maringá;410019;paranacity - colorado;4112603;jardim olinda
41;paraná;4105;londrina;410021;londrina;4112702;jataizinho
41;paraná;4103;cascavel;410008;toledo;4112751;jesuítas
41;paraná;4105;londrina;410022;santo antônio da platina;4112801;joaquim távora
41;paraná;4105;londrina;410022;santo antônio da platina;4112900;jundiaí do sul
41;paraná;4104;maringá;410015;campo mourão;4112959;juranda
41;paraná;4104;maringá;410018;cianorte;4113007;jussara
41;paraná;4105;londrina;410023;apucarana;4113106;kaloré
41;paraná;4101;curitiba;410001;curitiba;4113205;lapa
41;paraná;4102;guarapuava;410005;pitanga;4113254;laranjal
41;paraná;4103;cascavel;410011;laranjeiras do sul - quedas do iguaçu;4113304;laranjeiras do sul
41;paraná;4105;londrina;410024;cornélio procópio ¿ bandeirantes;4113403;leópolis
41;paraná;4105;londrina;410025;ivaiporã;4113429;lidianópolis
41;paraná;4103;cascavel;410006;cascavel;4113452;lindoeste
41;paraná;4104;maringá;410020;loanda;4113502;loanda
41;paraná;4104;maringá;410019;paranacity - colorado;4113601;lobato
41;paraná;4105;londrina;410021;londrina;4113700;londrina
41;paraná;4104;maringá;410015;campo mourão;4113734;luiziana
41;paraná;4105;londrina;410025;ivaiporã;4113759;lunardelli
41;paraná;4105;londrina;410021;londrina;4113809;lupionópolis
41;paraná;4106;ponta grossa;410029;irati;4113908;mallet
41;paraná;4104;maringá;410015;campo mourão;4114005;mamborê
41;paraná;4104;maringá;410014;maringá;4114203;mandaguari
41;paraná;4104;maringá;410014;maringá;4114104;mandaguaçu
41;paraná;4101;curitiba;410001;curitiba;4114302;mandirituba
41;paraná;4103;cascavel;410009;francisco beltrão;4114351;manfrinópolis
41;paraná;4103;cascavel;410010;pato branco;4114401;mangueirinha
41;paraná;4105;londrina;410025;ivaiporã;4114500;manoel ribas
41;paraná;4103;cascavel;410013;marechal cândido rondon;4114609;marechal cândido rondon
41;paraná;4104;maringá;410016;umuarama;4114708;maria helena
41;paraná;4104;maringá;410014;maringá;4114807;marialva
41;paraná;4104;maringá;410017;paranavaí;4115002;marilena
41;paraná;4104;maringá;410016;umuarama;4115101;mariluz
41;paraná;4105;londrina;410023;apucarana;4114906;marilândia do sul
41;paraná;4104;maringá;410014;maringá;4115200;maringá
41;paraná;4103;cascavel;410008;toledo;4115358;maripá
41;paraná;4103;cascavel;410010;pato branco;4115309;mariópolis
41;paraná;4103;cascavel;410009;francisco beltrão;4115408;marmeleiro
41;paraná;4103;cascavel;410011;laranjeiras do sul - quedas do iguaçu;4115457;marquinho
41;paraná;4105;londrina;410023;apucarana;4115507;marumbi
41;paraná;4103;cascavel;410006;cascavel;4115606;matelândia
41;paraná;4101;curitiba;410002;paranaguá;4115705;matinhos
41;paraná;4102;guarapuava;410005;pitanga;4115739;mato rico
41;paraná;4105;londrina;410023;apucarana;4115754;mauá da serra
41;paraná;4103;cascavel;410007;foz do iguaçu;4115804;medianeira
41;paraná;4103;cascavel;410013;marechal cândido rondon;4115853;mercedes
41;paraná;4104;maringá;410017;paranavaí;4115903;mirador
41;paraná;4105;londrina;410021;londrina;4116000;miraselva
41;paraná;4103;cascavel;410007;foz do iguaçu;4116059;missal
41;paraná;4104;maringá;410015;campo mourão;4116109;moreira sales
41;paraná;4101;curitiba;410002;paranaguá;4116208;morretes
41;paraná;4104;maringá;410014;maringá;4116307;munhoz de melo
41;paraná;4104;maringá;410019;paranacity - colorado;4116406;nossa senhora das graças
41;paraná;4104;maringá;410017;paranavaí;4116505;nova aliança do ivaí
41;paraná;4105;londrina;410024;cornélio procópio ¿ bandeirantes;4116604;nova américa da colina
41;paraná;4103;cascavel;410006;cascavel;4116703;nova aurora
41;paraná;4104;maringá;410015;campo mourão;4116802;nova cantu
41;paraná;4104;maringá;410014;maringá;4116901;nova esperança
41;paraná;4103;cascavel;410009;francisco beltrão;4116950;nova esperança do sudoeste
41;paraná;4105;londrina;410024;cornélio procópio ¿ bandeirantes;4117008;nova fátima
41;paraná;4103;cascavel;410011;laranjeiras do sul - quedas do iguaçu;4117057;nova laranjeiras
41;paraná;4104;maringá;410017;paranavaí;4117107;nova londrina
41;paraná;4104;maringá;410016;umuarama;4117206;nova olímpia
41;paraná;4103;cascavel;410012;dois vizinhos;4117255;nova prata do iguaçu
41;paraná;4105;londrina;410024;cornélio procópio ¿ bandeirantes;4117214;nova santa bárbara
41;paraná;4103;cascavel;410013;marechal cândido rondon;4117222;nova santa rosa
41;paraná;4102;guarapuava;410005;pitanga;4117271;nova tebas
41;paraná;4105;londrina;410023;apucarana;4117297;novo itacolomi
41;paraná;4106;ponta grossa;410028;telêmaco borba;4117305;ortigueira
41;paraná;4104;maringá;410014;maringá;4117404;ourizona
41;paraná;4103;cascavel;410008;toledo;4117453;ouro verde do oeste
41;paraná;4104;maringá;410014;maringá;4117503;paiçandu
41;paraná;4103;cascavel;410010;pato branco;4117602;palmas
41;paraná;4106;ponta grossa;410027;ponta grossa;4117701;palmeira
41;paraná;4102;guarapuava;410005;pitanga;4117800;palmital
41;paraná;4103;cascavel;410008;toledo;4117909;palotina
41;paraná;4104;maringá;410019;paranacity - colorado;4118105;paranacity
41;paraná;4101;curitiba;410002;paranaguá;4118204;paranaguá
41;paraná;4104;maringá;410019;paranacity - colorado;4118303;paranapoema
41;paraná;4104;maringá;410017;paranavaí;4118402;paranavaí
41;paraná;4104;maringá;410017;paranavaí;4118006;paraíso do norte
41;paraná;4103;cascavel;410013;marechal cândido rondon;4118451;pato bragado
41;paraná;4103;cascavel;410010;pato branco;4118501;pato branco
41;paraná;4101;curitiba;410003;união da vitória;4118600;paula freitas
41;paraná;4101;curitiba;410003;união da vitória;4118709;paulo frontin
41;paraná;4104;maringá;410015;campo mourão;4118808;peabiru
41;paraná;4104;maringá;410016;umuarama;4118857;perobal
41;paraná;4101;curitiba;410001;curitiba;4119152;pinhais
41;paraná;4103;cascavel;410009;francisco beltrão;4119251;pinhal de são bento
41;paraná;4105;londrina;410026;ibaiti;4119202;pinhalão
41;paraná;4102;guarapuava;410004;guarapuava;4119301;pinhão
41;paraná;4101;curitiba;410001;curitiba;4119509;piraquara
41;paraná;4106;ponta grossa;410027;ponta grossa;4119400;piraí do sul
41;paraná;4102;guarapuava;410005;pitanga;4119608;pitanga
41;paraná;4105;londrina;410021;londrina;4119657;pitangueiras
41;paraná;4101;curitiba;410001;curitiba;4119103;piên
41;paraná;4104;maringá;410017;paranavaí;4119707;planaltina do paraná
41;paraná;4103;cascavel;410009;francisco beltrão;4119806;planalto
41;paraná;4106;ponta grossa;410027;ponta grossa;4119905;ponta grossa
41;paraná;4101;curitiba;410002;paranaguá;4119954;pontal do paraná
41;paraná;4105;londrina;410021;londrina;4120002;porecatu
41;paraná;4106;ponta grossa;410027;ponta grossa;4120101;porto amazonas
41;paraná;4103;cascavel;410011;laranjeiras do sul - quedas do iguaçu;4120150;porto barreiro
41;paraná;4104;maringá;410020;loanda;4120200;porto rico
41;paraná;4101;curitiba;410003;união da vitória;4120309;porto vitória
41;paraná;4105;londrina;410021;londrina;4120333;prado ferreira
41;paraná;4103;cascavel;410009;francisco beltrão;4120358;pranchita
41;paraná;4104;maringá;410014;maringá;4120408;presidente castelo branco
41;paraná;4105;londrina;410021;londrina;4120507;primeiro de maio
41;paraná;4102;guarapuava;410004;guarapuava;4120606;prudentópolis
41;paraná;4104;maringá;410016;umuarama;4118907;pérola
41;paraná;4103;cascavel;410009;francisco beltrão;4119004;pérola d'oeste
41;paraná;4104;maringá;410015;campo mourão;4120655;quarto centenário
41;paraná;4105;londrina;410022;santo antônio da platina;4120705;quatiguá
41;paraná;4101;curitiba;410001;curitiba;4120804;quatro barras
41;paraná;4103;cascavel;410013;marechal cândido rondon;4120853;quatro pontes
41;paraná;4103;cascavel;410011;laranjeiras do sul - quedas do iguaçu;4120903;quedas do iguaçu
41;paraná;4104;maringá;410020;loanda;4121000;querência do norte
41;paraná;4104;maringá;410015;campo mourão;4121109;quinta do sol
41;paraná;4101;curitiba;410001;curitiba;4121208;quitandinha
41;paraná;4103;cascavel;410006;cascavel;4121257;ramilândia
41;paraná;4105;londrina;410024;cornélio procópio ¿ bandeirantes;4121307;rancho alegre
41;paraná;4104;maringá;410015;campo mourão;4121356;rancho alegre d'oeste
41;paraná;4103;cascavel;410009;francisco beltrão;4121406;realeza
41;paraná;4106;ponta grossa;410029;irati;4121505;rebouças
41;paraná;4103;cascavel;410009;francisco beltrão;4121604;renascença
41;paraná;4106;ponta grossa;410028;telêmaco borba;4121703;reserva
41;paraná;4102;guarapuava;410004;guarapuava;4121752;reserva do iguaçu
41;paraná;4105;londrina;410022;santo antônio da platina;4121802;ribeirão claro
41;paraná;4105;londrina;410022;santo antônio da platina;4121901;ribeirão do pinhal
41;paraná;4106;ponta grossa;410029;irati;4122008;rio azul
41;paraná;4105;londrina;410023;apucarana;4122107;rio bom
41;paraná;4103;cascavel;410011;laranjeiras do sul - quedas do iguaçu;4122156;rio bonito do iguaçu
41;paraná;4105;londrina;410025;ivaiporã;4122172;rio branco do ivaí
41;paraná;4101;curitiba;410001;curitiba;4122206;rio branco do sul
41;paraná;4101;curitiba;410001;curitiba;4122305;rio negro
41;paraná;4105;londrina;410021;londrina;4122404;rolândia
41;paraná;4104;maringá;410015;campo mourão;4122503;roncador
41;paraná;4104;maringá;410018;cianorte;4122602;rondon
41;paraná;4105;londrina;410025;ivaiporã;4122651;rosário do ivaí
41;paraná;4105;londrina;410021;londrina;4122701;sabáudia
41;paraná;4103;cascavel;410009;francisco beltrão;4122800;salgado filho
41;paraná;4105;londrina;410022;santo antônio da platina;4122909;salto do itararé
41;paraná;4103;cascavel;410012;dois vizinhos;4123006;salto do lontra
41;paraná;4105;londrina;410024;cornélio procópio ¿ bandeirantes;4123105;santa amélia
41;paraná;4105;londrina;410024;cornélio procópio ¿ bandeirantes;4123204;santa cecília do pavão
41;paraná;4104;maringá;410020;loanda;4123303;santa cruz de monte castelo
41;paraná;4104;maringá;410014;maringá;4123402;santa fé
41;paraná;4103;cascavel;410008;toledo;4123501;santa helena
41;paraná;4104;maringá;410019;paranacity - colorado;4123600;santa inês
41;paraná;4104;maringá;410020;loanda;4123709;santa isabel do ivaí
41;paraná;4103;cascavel;410009;francisco beltrão;4123808;santa izabel do oeste
41;paraná;4103;cascavel;410006;cascavel;4123824;santa lúcia
41;paraná;4102;guarapuava;410005;pitanga;4123857;santa maria do oeste
41;paraná;4105;londrina;410024;cornélio procópio ¿ bandeirantes;4123907;santa mariana
41;paraná;4104;maringá;410020;loanda;4123956;santa mônica
41;paraná;4103;cascavel;410006;cascavel;4124020;santa tereza do oeste
41;paraná;4103;cascavel;410007;foz do iguaçu;4124053;santa terezinha de itaipu
41;paraná;4105;londrina;410022;santo antônio da platina;4124004;santana do itararé
41;paraná;4105;londrina;410022;santo antônio da platina;4124103;santo antônio da platina
41;paraná;4104;maringá;410017;paranavaí;4124202;santo antônio do caiuá
41;paraná;4105;londrina;410024;cornélio procópio ¿ bandeirantes;4124301;santo antônio do paraíso
41;paraná;4103;cascavel;410009;francisco beltrão;4124400;santo antônio do sudoeste
41;paraná;4104;maringá;410019;paranacity - colorado;4124509;santo inácio
41;paraná;4105;londrina;410024;cornélio procópio ¿ bandeirantes;4126207;sapopema
41;paraná;4104;maringá;410014;maringá;4126256;sarandi
41;paraná;4103;cascavel;410010;pato branco;4126272;saudade do iguaçu
41;paraná;4106;ponta grossa;410027;ponta grossa;4126306;sengés
41;paraná;4103;cascavel;410007;foz do iguaçu;4126355;serranópolis do iguaçu
41;paraná;4105;londrina;410024;cornélio procópio ¿ bandeirantes;4126405;sertaneja
41;paraná;4105;londrina;410021;londrina;4126504;sertanópolis
41;paraná;4105;londrina;410022;santo antônio da platina;4126603;siqueira campos
41;paraná;4103;cascavel;410010;pato branco;4126652;sulina
41;paraná;4104;maringá;410017;paranavaí;4124608;são carlos do ivaí
41;paraná;4105;londrina;410024;cornélio procópio ¿ bandeirantes;4124707;são jerônimo da serra
41;paraná;4103;cascavel;410012;dois vizinhos;4125209;são jorge d'oeste
41;paraná;4104;maringá;410014;maringá;4125308;são jorge do ivaí
41;paraná;4104;maringá;410016;umuarama;4125357;são jorge do patrocínio
41;paraná;4105;londrina;410022;santo antônio da platina;4125407;são josé da boa vista
41;paraná;4103;cascavel;410008;toledo;4125456;são josé das palmeiras
41;paraná;4101;curitiba;410001;curitiba;4125506;são josé dos pinhais
41;paraná;4103;cascavel;410010;pato branco;4124806;são joão
41;paraná;4104;maringá;410017;paranavaí;4124905;são joão do caiuá
41;paraná;4105;londrina;410025;ivaiporã;4125001;são joão do ivaí
41;paraná;4106;ponta grossa;410027;ponta grossa;4125100;são joão do triunfo
41;paraná;4104;maringá;410018;cianorte;4125555;são manoel do paraná
41;paraná;4101;curitiba;410003;união da vitória;4125605;são mateus do sul
41;paraná;4103;cascavel;410007;foz do iguaçu;4125704;são miguel do iguaçu
41;paraná;4103;cascavel;410008;toledo;4125753;são pedro do iguaçu
41;paraná;4105;londrina;410023;apucarana;4125803;são pedro do ivaí
41;paraná;4104;maringá;410020;loanda;4125902;são pedro do paraná
41;paraná;4105;londrina;410024;cornélio procópio ¿ bandeirantes;4126009;são sebastião da amoreira
41;paraná;4104;maringá;410018;cianorte;4126108;são tomé
41;paraná;4105;londrina;410021;londrina;4126678;tamarana
41;paraná;4104;maringá;410017;paranavaí;4126702;tamboara
41;paraná;4104;maringá;410018;cianorte;4126801;tapejara
41;paraná;4104;maringá;410016;umuarama;4126900;tapira
41;paraná;4106;ponta grossa;410029;irati;4127007;teixeira soares
41;paraná;4106;ponta grossa;410028;telêmaco borba;4127106;telêmaco borba
41;paraná;4104;maringá;410018;cianorte;4127205;terra boa
41;paraná;4104;maringá;410017;paranavaí;4127304;terra rica
41;paraná;4103;cascavel;410008;toledo;4127403;terra roxa
41;paraná;4106;ponta grossa;410028;telêmaco borba;4127502;tibagi
41;paraná;4101;curitiba;410001;curitiba;4127601;tijucas do sul
41;paraná;4103;cascavel;410008;toledo;4127700;toledo
41;paraná;4105;londrina;410022;santo antônio da platina;4127809;tomazina
41;paraná;4103;cascavel;410006;cascavel;4127858;três barras do paraná
41;paraná;4101;curitiba;410001;curitiba;4127882;tunas do paraná
41;paraná;4104;maringá;410018;cianorte;4127908;tuneiras do oeste
41;paraná;4103;cascavel;410008;toledo;4127957;tupãssi
41;paraná;4102;guarapuava;410004;guarapuava;4127965;turvo
41;paraná;4104;maringá;410015;campo mourão;4128005;ubiratã
41;paraná;4104;maringá;410016;umuarama;4128104;umuarama
41;paraná;4104;maringá;410014;maringá;4128302;uniflor
41;paraná;4101;curitiba;410003;união da vitória;4128203;união da vitória
41;paraná;4105;londrina;410024;cornélio procópio ¿ bandeirantes;4128401;uraí
41;paraná;4106;ponta grossa;410028;telêmaco borba;4128534;ventania
41;paraná;4103;cascavel;410006;cascavel;4128559;vera cruz do oeste
41;paraná;4103;cascavel;410009;francisco beltrão;4128609;verê
41;paraná;4103;cascavel;410011;laranjeiras do sul - quedas do iguaçu;4128658;virmond
41;paraná;4103;cascavel;410010;pato branco;4128708;vitorino
41;paraná;4105;londrina;410022;santo antônio da platina;4128500;wenceslau braz
41;paraná;4104;maringá;410016;umuarama;4128807;xambrê
41;paraná;4104;maringá;410014;maringá;4101150;ângulo
42;santa catarina;4204;chapecó;420008;joaçaba - herval d'oeste;4200051;abdon batista
42;santa catarina;4204;chapecó;420011;xanxerê;4200101;abelardo luz
42;santa catarina;4207;blumenau;420022;rio do sul;4200200;agrolândia
42;santa catarina;4207;blumenau;420022;rio do sul;4200309;agronômica
42;santa catarina;4201;florianópolis;420001;florianópolis;4200705;alfredo wagner
42;santa catarina;4204;chapecó;420010;concórdia;4200754;alto bela vista
42;santa catarina;4204;chapecó;420009;são miguel do oeste;4200804;anchieta
42;santa catarina;4201;florianópolis;420001;florianópolis;4200903;angelina
42;santa catarina;4203;lages;420005;lages;4201000;anita garibaldi
42;santa catarina;4201;florianópolis;420001;florianópolis;4201109;anitápolis
42;santa catarina;4201;florianópolis;420001;florianópolis;4201208;antônio carlos
42;santa catarina;4207;blumenau;420019;blumenau;4201257;apiúna
42;santa catarina;4204;chapecó;420010;concórdia;4201273;arabutã
42;santa catarina;4206;joinville;420016;joinville;4201307;araquari
42;santa catarina;4202;criciúma;420004;araranguá;4201406;araranguá
42;santa catarina;4202;criciúma;420003;tubarão;4201505;armazém
42;santa catarina;4205;caçador;420015;videira;4201604;arroio trinta
42;santa catarina;4204;chapecó;420007;chapecó;4201653;arvoredo
42;santa catarina;4207;blumenau;420019;blumenau;4201703;ascurra
42;santa catarina;4207;blumenau;420022;rio do sul;4201802;atalanta
42;santa catarina;4207;blumenau;420022;rio do sul;4201901;aurora
42;santa catarina;4202;criciúma;420004;araranguá;4201950;balneário arroio do silva
42;santa catarina;4206;joinville;420016;joinville;4202057;balneário barra do sul
42;santa catarina;4207;blumenau;420020;itajaí;4202008;balneário camboriú
42;santa catarina;4202;criciúma;420004;araranguá;4202073;balneário gaivota
42;santa catarina;4207;blumenau;420020;itajaí;4212809;balneário piçarras
42;santa catarina;4202;criciúma;420002;criciúma;4220000;balneário rincão
42;santa catarina;4204;chapecó;420009;são miguel do oeste;4202081;bandeirante
42;santa catarina;4204;chapecó;420009;são miguel do oeste;4202099;barra bonita
42;santa catarina;4207;blumenau;420020;itajaí;4202107;barra velha
42;santa catarina;4206;joinville;420017;mafra;4202131;bela vista do toldo
42;santa catarina;4204;chapecó;420009;são miguel do oeste;4202156;belmonte
42;santa catarina;4207;blumenau;420019;blumenau;4202206;benedito novo
42;santa catarina;4201;florianópolis;420001;florianópolis;4202305;biguaçu
42;santa catarina;4207;blumenau;420019;blumenau;4202404;blumenau
42;santa catarina;4203;lages;420005;lages;4202438;bocaina do sul
42;santa catarina;4203;lages;420005;lages;4202503;bom jardim da serra
42;santa catarina;4204;chapecó;420011;xanxerê;4202537;bom jesus
42;santa catarina;4204;chapecó;420012;maravilha;4202578;bom jesus do oeste
42;santa catarina;4203;lages;420005;lages;4202602;bom retiro
42;santa catarina;4207;blumenau;420020;itajaí;4202453;bombinhas
42;santa catarina;4207;blumenau;420021;brusque;4202701;botuverá
42;santa catarina;4202;criciúma;420003;tubarão;4202800;braço do norte
42;santa catarina;4207;blumenau;420022;rio do sul;4202859;braço do trombudo
42;santa catarina;4203;lages;420006;curitibanos;4202875;brunópolis
42;santa catarina;4207;blumenau;420021;brusque;4202909;brusque
42;santa catarina;4204;chapecó;420007;chapecó;4203105;caibi
42;santa catarina;4205;caçador;420014;caçador;4203154;calmon
42;santa catarina;4207;blumenau;420020;itajaí;4203204;camboriú
42;santa catarina;4206;joinville;420018;são bento do sul - rio negrinho;4203303;campo alegre
42;santa catarina;4203;lages;420005;lages;4203402;campo belo do sul
42;santa catarina;4204;chapecó;420013;são lourenço do oeste;4203501;campo erê
42;santa catarina;4204;chapecó;420008;joaçaba - herval d'oeste;4203600;campos novos
42;santa catarina;4207;blumenau;420021;brusque;4203709;canelinha
42;santa catarina;4206;joinville;420017;mafra;4203808;canoinhas
42;santa catarina;4204;chapecó;420008;joaçaba - herval d'oeste;4203907;capinzal
42;santa catarina;4202;criciúma;420003;tubarão;4203956;capivari de baixo
42;santa catarina;4203;lages;420005;lages;4203253;capão alto
42;santa catarina;4204;chapecó;420008;joaçaba - herval d'oeste;4204004;catanduvas
42;santa catarina;4204;chapecó;420007;chapecó;4204103;caxambu do sul
42;santa catarina;4205;caçador;420014;caçador;4203006;caçador
42;santa catarina;4204;chapecó;420008;joaçaba - herval d'oeste;4204152;celso ramos
42;santa catarina;4203;lages;420005;lages;4204178;cerro negro
42;santa catarina;4207;blumenau;420024;ituporanga;4204194;chapadão do lageado
42;santa catarina;4204;chapecó;420007;chapecó;4204202;chapecó
42;santa catarina;4202;criciúma;420002;criciúma;4204251;cocal do sul
42;santa catarina;4204;chapecó;420010;concórdia;4204301;concórdia
42;santa catarina;4204;chapecó;420007;chapecó;4204350;cordilheira alta
42;santa catarina;4204;chapecó;420007;chapecó;4204400;coronel freitas
42;santa catarina;4204;chapecó;420011;xanxerê;4204459;coronel martins
42;santa catarina;4203;lages;420005;lages;4204558;correia pinto
42;santa catarina;4206;joinville;420016;joinville;4204509;corupá
42;santa catarina;4202;criciúma;420002;criciúma;4204608;criciúma
42;santa catarina;4204;chapecó;420012;maravilha;4204707;cunha porã
42;santa catarina;4204;chapecó;420007;chapecó;4204756;cunhataí
42;santa catarina;4203;lages;420006;curitibanos;4204806;curitibanos
42;santa catarina;4204;chapecó;420009;são miguel do oeste;4204905;descanso
42;santa catarina;4204;chapecó;420009;são miguel do oeste;4205001;dionísio cerqueira
42;santa catarina;4207;blumenau;420023;ibirama - presidente getúlio;4205100;dona emma
42;santa catarina;4207;blumenau;420019;blumenau;4205159;doutor pedrinho
42;santa catarina;4204;chapecó;420011;xanxerê;4205175;entre rios
42;santa catarina;4202;criciúma;420004;araranguá;4205191;ermo
42;santa catarina;4204;chapecó;420008;joaçaba - herval d'oeste;4205209;erval velho
42;santa catarina;4204;chapecó;420011;xanxerê;4205308;faxinal dos guedes
42;santa catarina;4204;chapecó;420009;são miguel do oeste;4205357;flor do sertão
42;santa catarina;4201;florianópolis;420001;florianópolis;4205407;florianópolis
42;santa catarina;4204;chapecó;420007;chapecó;4205431;formosa do sul
42;santa catarina;4202;criciúma;420002;criciúma;4205456;forquilhinha
42;santa catarina;4205;caçador;420015;videira;4205506;fraiburgo
42;santa catarina;4203;lages;420006;curitibanos;4205555;frei rogério
42;santa catarina;4204;chapecó;420013;são lourenço do oeste;4205605;galvão
42;santa catarina;4201;florianópolis;420001;florianópolis;4205704;garopaba
42;santa catarina;4206;joinville;420016;joinville;4205803;garuva
42;santa catarina;4207;blumenau;420019;blumenau;4205902;gaspar
42;santa catarina;4201;florianópolis;420001;florianópolis;4206009;governador celso ramos
42;santa catarina;4202;criciúma;420003;tubarão;4206207;gravatal
42;santa catarina;4202;criciúma;420003;tubarão;4206108;grão-pará
42;santa catarina;4207;blumenau;420021;brusque;4206306;guabiruba
42;santa catarina;4204;chapecó;420009;são miguel do oeste;4206405;guaraciaba
42;santa catarina;4206;joinville;420016;joinville;4206504;guaramirim
42;santa catarina;4204;chapecó;420009;são miguel do oeste;4206603;guarujá do sul
42;santa catarina;4204;chapecó;420007;chapecó;4206652;guatambú
42;santa catarina;4204;chapecó;420008;joaçaba - herval d'oeste;4206702;herval d'oeste
42;santa catarina;4205;caçador;420015;videira;4206751;ibiam
42;santa catarina;4204;chapecó;420008;joaçaba - herval d'oeste;4206801;ibicaré
42;santa catarina;4207;blumenau;420023;ibirama - presidente getúlio;4206900;ibirama
42;santa catarina;4207;blumenau;420019;blumenau;4207106;ilhota
42;santa catarina;4202;criciúma;420003;tubarão;4207205;imaruí
42;santa catarina;4201;florianópolis;420001;florianópolis;4207304;imbituba
42;santa catarina;4207;blumenau;420024;ituporanga;4207403;imbuia
42;santa catarina;4207;blumenau;420019;blumenau;4207502;indaial
42;santa catarina;4205;caçador;420015;videira;4207577;iomerê
42;santa catarina;4204;chapecó;420010;concórdia;4207601;ipira
42;santa catarina;4204;chapecó;420009;são miguel do oeste;4207650;iporã do oeste
42;santa catarina;4204;chapecó;420011;xanxerê;4207684;ipuaçu
42;santa catarina;4204;chapecó;420010;concórdia;4207700;ipumirim
42;santa catarina;4204;chapecó;420012;maravilha;4207759;iraceminha
42;santa catarina;4204;chapecó;420010;concórdia;4207809;irani
42;santa catarina;4204;chapecó;420007;chapecó;4207858;irati
42;santa catarina;4206;joinville;420017;mafra;4207908;irineópolis
42;santa catarina;4206;joinville;420017;mafra;4208104;itaiópolis
42;santa catarina;4207;blumenau;420020;itajaí;4208203;itajaí
42;santa catarina;4207;blumenau;420020;itajaí;4208302;itapema
42;santa catarina;4204;chapecó;420009;são miguel do oeste;4208401;itapiranga
42;santa catarina;4206;joinville;420016;joinville;4208450;itapoá
42;santa catarina;4207;blumenau;420024;ituporanga;4208500;ituporanga
42;santa catarina;4204;chapecó;420010;concórdia;4208005;itá
42;santa catarina;4202;criciúma;420002;criciúma;4207007;içara
42;santa catarina;4204;chapecó;420008;joaçaba - herval d'oeste;4208609;jaborá
42;santa catarina;4202;criciúma;420004;araranguá;4208708;jacinto machado
42;santa catarina;4202;criciúma;420003;tubarão;4208807;jaguaruna
42;santa catarina;4206;joinville;420016;joinville;4208906;jaraguá do sul
42;santa catarina;4204;chapecó;420007;chapecó;4208955;jardinópolis
42;santa catarina;4204;chapecó;420008;joaçaba - herval d'oeste;4209003;joaçaba
42;santa catarina;4206;joinville;420016;joinville;4209102;joinville
42;santa catarina;4207;blumenau;420023;ibirama - presidente getúlio;4209151;josé boiteux
42;santa catarina;4204;chapecó;420013;são lourenço do oeste;4209177;jupiá
42;santa catarina;4204;chapecó;420008;joaçaba - herval d'oeste;4209201;lacerdópolis
42;santa catarina;4203;lages;420005;lages;4209300;lages
42;santa catarina;4202;criciúma;420003;tubarão;4209409;laguna
42;santa catarina;4204;chapecó;420007;chapecó;4209458;lajeado grande
42;santa catarina;4207;blumenau;420022;rio do sul;4209508;laurentino
42;santa catarina;4202;criciúma;420002;criciúma;4209607;lauro müller
42;santa catarina;4205;caçador;420014;caçador;4209706;lebon régis
42;santa catarina;4207;blumenau;420024;ituporanga;4209805;leoberto leal
42;santa catarina;4204;chapecó;420010;concórdia;4209854;lindóia do sul
42;santa catarina;4207;blumenau;420022;rio do sul;4209904;lontras
42;santa catarina;4207;blumenau;420020;itajaí;4210001;luiz alves
42;santa catarina;4204;chapecó;420008;joaçaba - herval d'oeste;4210035;luzerna
42;santa catarina;4205;caçador;420014;caçador;4210050;macieira
42;santa catarina;4206;joinville;420017;mafra;4210100;mafra
42;santa catarina;4207;blumenau;420021;brusque;4210209;major gercino
42;santa catarina;4206;joinville;420017;mafra;4210308;major vieira
42;santa catarina;4202;criciúma;420004;araranguá;4210407;maracajá
42;santa catarina;4204;chapecó;420012;maravilha;4210506;maravilha
42;santa catarina;4204;chapecó;420007;chapecó;4210555;marema
42;santa catarina;4206;joinville;420016;joinville;4210605;massaranduba
42;santa catarina;4205;caçador;420014;caçador;4210704;matos costa
42;santa catarina;4202;criciúma;420004;araranguá;4210803;meleiro
42;santa catarina;4207;blumenau;420022;rio do sul;4210852;mirim doce
42;santa catarina;4204;chapecó;420007;chapecó;4210902;modelo
42;santa catarina;4204;chapecó;420007;chapecó;4211009;mondaí
42;santa catarina;4205;caçador;420015;videira;4211058;monte carlo
42;santa catarina;4206;joinville;420017;mafra;4211108;monte castelo
42;santa catarina;4202;criciúma;420002;criciúma;4211207;morro da fumaça
42;santa catarina;4202;criciúma;420002;criciúma;4211256;morro grande
42;santa catarina;4207;blumenau;420020;itajaí;4211306;navegantes
42;santa catarina;4204;chapecó;420007;chapecó;4211405;nova erechim
42;santa catarina;4204;chapecó;420007;chapecó;4211454;nova itaberaba
42;santa catarina;4207;blumenau;420021;brusque;4211504;nova trento
42;santa catarina;4202;criciúma;420002;criciúma;4211603;nova veneza
42;santa catarina;4204;chapecó;420013;são lourenço do oeste;4211652;novo horizonte
42;santa catarina;4202;criciúma;420002;criciúma;4211702;orleans
42;santa catarina;4203;lages;420005;lages;4211751;otacílio costa
42;santa catarina;4204;chapecó;420008;joaçaba - herval d'oeste;4211801;ouro
42;santa catarina;4204;chapecó;420011;xanxerê;4211850;ouro verde
42;santa catarina;4204;chapecó;420007;chapecó;4211876;paial
42;santa catarina;4203;lages;420005;lages;4211892;painel
42;santa catarina;4201;florianópolis;420001;florianópolis;4211900;palhoça
42;santa catarina;4204;chapecó;420009;são miguel do oeste;4212007;palma sola
42;santa catarina;4203;lages;420005;lages;4212056;palmeira
42;santa catarina;4204;chapecó;420007;chapecó;4212106;palmitos
42;santa catarina;4206;joinville;420017;mafra;4212205;papanduva
42;santa catarina;4204;chapecó;420009;são miguel do oeste;4212239;paraíso
42;santa catarina;4202;criciúma;420004;araranguá;4212254;passo de torres
42;santa catarina;4204;chapecó;420011;xanxerê;4212270;passos maia
42;santa catarina;4201;florianópolis;420001;florianópolis;4212304;paulo lopes
42;santa catarina;4202;criciúma;420003;tubarão;4212403;pedras grandes
42;santa catarina;4207;blumenau;420020;itajaí;4212502;penha
42;santa catarina;4204;chapecó;420010;concórdia;4212601;peritiba
42;santa catarina;4202;criciúma;420003;tubarão;4212650;pescaria brava
42;santa catarina;4207;blumenau;420024;ituporanga;4212700;petrolândia
42;santa catarina;4204;chapecó;420007;chapecó;4212908;pinhalzinho
42;santa catarina;4205;caçador;420015;videira;4213005;pinheiro preto
42;santa catarina;4204;chapecó;420010;concórdia;4213104;piratuba
42;santa catarina;4204;chapecó;420007;chapecó;4213153;planalto alegre
42;santa catarina;4207;blumenau;420019;blumenau;4213203;pomerode
42;santa catarina;4203;lages;420005;lages;4213302;ponte alta
42;santa catarina;4203;lages;420006;curitibanos;4213351;ponte alta do norte
42;santa catarina;4204;chapecó;420011;xanxerê;4213401;ponte serrada
42;santa catarina;4207;blumenau;420020;itajaí;4213500;porto belo
42;santa catarina;4206;joinville;420017;mafra;4213609;porto união
42;santa catarina;4207;blumenau;420022;rio do sul;4213708;pouso redondo
42;santa catarina;4202;criciúma;420004;araranguá;4213807;praia grande
42;santa catarina;4204;chapecó;420010;concórdia;4213906;presidente castello branco
42;santa catarina;4207;blumenau;420023;ibirama - presidente getúlio;4214003;presidente getúlio
42;santa catarina;4207;blumenau;420022;rio do sul;4214102;presidente nereu
42;santa catarina;4204;chapecó;420009;são miguel do oeste;4214151;princesa
42;santa catarina;4204;chapecó;420007;chapecó;4214201;quilombo
42;santa catarina;4201;florianópolis;420001;florianópolis;4214300;rancho queimado
42;santa catarina;4205;caçador;420015;videira;4214409;rio das antas
42;santa catarina;4207;blumenau;420022;rio do sul;4214508;rio do campo
42;santa catarina;4207;blumenau;420022;rio do sul;4214607;rio do oeste
42;santa catarina;4207;blumenau;420022;rio do sul;4214805;rio do sul
42;santa catarina;4207;blumenau;420019;blumenau;4214706;rio dos cedros
42;santa catarina;4202;criciúma;420003;tubarão;4214904;rio fortuna
42;santa catarina;4206;joinville;420018;são bento do sul - rio negrinho;4215000;rio negrinho
42;santa catarina;4203;lages;420005;lages;4215059;rio rufino
42;santa catarina;4204;chapecó;420007;chapecó;4215075;riqueza
42;santa catarina;4207;blumenau;420019;blumenau;4215109;rodeio
42;santa catarina;4204;chapecó;420009;são miguel do oeste;4215208;romelândia
42;santa catarina;4207;blumenau;420022;rio do sul;4215307;salete
42;santa catarina;4204;chapecó;420012;maravilha;4215356;saltinho
42;santa catarina;4205;caçador;420015;videira;4215406;salto veloso
42;santa catarina;4202;criciúma;420003;tubarão;4215455;sangão
42;santa catarina;4203;lages;420006;curitibanos;4215505;santa cecília
42;santa catarina;4204;chapecó;420009;são miguel do oeste;4215554;santa helena
42;santa catarina;4202;criciúma;420003;tubarão;4215604;santa rosa de lima
42;santa catarina;4202;criciúma;420004;araranguá;4215653;santa rosa do sul
42;santa catarina;4207;blumenau;420022;rio do sul;4215679;santa terezinha
42;santa catarina;4204;chapecó;420012;maravilha;4215687;santa terezinha do progresso
42;santa catarina;4204;chapecó;420007;chapecó;4215695;santiago do sul
42;santa catarina;4201;florianópolis;420001;florianópolis;4215703;santo amaro da imperatriz
42;santa catarina;4204;chapecó;420007;chapecó;4217303;saudades
42;santa catarina;4206;joinville;420016;joinville;4217402;schroeder
42;santa catarina;4204;chapecó;420010;concórdia;4217501;seara
42;santa catarina;4204;chapecó;420007;chapecó;4217550;serra alta
42;santa catarina;4202;criciúma;420002;criciúma;4217600;siderópolis
42;santa catarina;4202;criciúma;420004;araranguá;4217709;sombrio
42;santa catarina;4204;chapecó;420007;chapecó;4217758;sul brasil
42;santa catarina;4206;joinville;420018;são bento do sul - rio negrinho;4215802;são bento do sul
42;santa catarina;4204;chapecó;420013;são lourenço do oeste;4215752;são bernardino
42;santa catarina;4201;florianópolis;420001;florianópolis;4215901;são bonifácio
42;santa catarina;4204;chapecó;420007;chapecó;4216008;são carlos
42;santa catarina;4203;lages;420006;curitibanos;4216057;são cristóvão do sul
42;santa catarina;4204;chapecó;420011;xanxerê;4216107;são domingos
42;santa catarina;4206;joinville;420016;joinville;4216206;são francisco do sul
42;santa catarina;4203;lages;420005;lages;4216503;são joaquim
42;santa catarina;4201;florianópolis;420001;florianópolis;4216602;são josé
42;santa catarina;4204;chapecó;420009;são miguel do oeste;4216701;são josé do cedro
42;santa catarina;4203;lages;420005;lages;4216800;são josé do cerrito
42;santa catarina;4207;blumenau;420021;brusque;4216305;são joão batista
42;santa catarina;4206;joinville;420016;joinville;4216354;são joão do itaperiú
42;santa catarina;4204;chapecó;420009;são miguel do oeste;4216255;são joão do oeste
42;santa catarina;4202;criciúma;420004;araranguá;4216404;são joão do sul
42;santa catarina;4204;chapecó;420013;são lourenço do oeste;4216909;são lourenço do oeste
42;santa catarina;4202;criciúma;420003;tubarão;4217006;são ludgero
42;santa catarina;4202;criciúma;420003;tubarão;4217105;são martinho
42;santa catarina;4204;chapecó;420012;maravilha;4217154;são miguel da boa vista
42;santa catarina;4204;chapecó;420009;são miguel do oeste;4217204;são miguel do oeste
42;santa catarina;4201;florianópolis;420001;florianópolis;4217253;são pedro de alcântara
42;santa catarina;4207;blumenau;420022;rio do sul;4217808;taió
42;santa catarina;4205;caçador;420015;videira;4217907;tangará
42;santa catarina;4204;chapecó;420012;maravilha;4217956;tigrinhos
42;santa catarina;4207;blumenau;420020;itajaí;4218004;tijucas
42;santa catarina;4202;criciúma;420004;araranguá;4218103;timbé do sul
42;santa catarina;4207;blumenau;420019;blumenau;4218202;timbó
42;santa catarina;4205;caçador;420014;caçador;4218251;timbó grande
42;santa catarina;4202;criciúma;420002;criciúma;4218350;treviso
42;santa catarina;4202;criciúma;420003;tubarão;4218400;treze de maio
42;santa catarina;4204;chapecó;420008;joaçaba - herval d'oeste;4218509;treze tílias
42;santa catarina;4207;blumenau;420022;rio do sul;4218608;trombudo central
42;santa catarina;4206;joinville;420017;mafra;4218301;três barras
42;santa catarina;4202;criciúma;420003;tubarão;4218707;tubarão
42;santa catarina;4204;chapecó;420009;são miguel do oeste;4218756;tunápolis
42;santa catarina;4202;criciúma;420004;araranguá;4218806;turvo
42;santa catarina;4204;chapecó;420007;chapecó;4218855;união do oeste
42;santa catarina;4203;lages;420005;lages;4218905;urubici
42;santa catarina;4203;lages;420005;lages;4218954;urupema
42;santa catarina;4202;criciúma;420002;criciúma;4219002;urussanga
42;santa catarina;4204;chapecó;420008;joaçaba - herval d'oeste;4219150;vargem
42;santa catarina;4204;chapecó;420008;joaçaba - herval d'oeste;4219176;vargem bonita
42;santa catarina;4204;chapecó;420011;xanxerê;4219101;vargeão
42;santa catarina;4207;blumenau;420024;ituporanga;4219200;vidal ramos
42;santa catarina;4205;caçador;420015;videira;4219309;videira
42;santa catarina;4207;blumenau;420023;ibirama - presidente getúlio;4219358;vitor meireles
42;santa catarina;4207;blumenau;420023;ibirama - presidente getúlio;4219408;witmarsum
42;santa catarina;4204;chapecó;420011;xanxerê;4219507;xanxerê
42;santa catarina;4204;chapecó;420011;xanxerê;4219606;xavantina
42;santa catarina;4204;chapecó;420007;chapecó;4219705;xaxim
42;santa catarina;4204;chapecó;420008;joaçaba - herval d'oeste;4219853;zortéa
42;santa catarina;4204;chapecó;420008;joaçaba - herval d'oeste;4200408;água doce
42;santa catarina;4204;chapecó;420007;chapecó;4200507;águas de chapecó
42;santa catarina;4204;chapecó;420007;chapecó;4200556;águas frias
42;santa catarina;4201;florianópolis;420001;florianópolis;4200606;águas mornas
43;rio grande do sul;4302;pelotas;430010;bagé;4300034;aceguá
43;rio grande do sul;4303;santa maria;430011;santa maria;4300109;agudo
43;rio grande do sul;4305;ijuí;430018;ijuí;4300208;ajuricaba
43;rio grande do sul;4305;ijuí;430019;santa rosa;4300307;alecrim
43;rio grande do sul;4304;uruguaiana;430015;uruguaiana;4300406;alegrete
43;rio grande do sul;4305;ijuí;430023;três de maio;4300455;alegria
43;rio grande do sul;4306;passo fundo;430028;carazinho;4300471;almirante tamandaré do sul
43;rio grande do sul;4306;passo fundo;430035;nonoai;4300505;alpestre
43;rio grande do sul;4306;passo fundo;430025;passo fundo;4300554;alto alegre
43;rio grande do sul;4307;caxias do sul;430036;caxias do sul;4300570;alto feliz
43;rio grande do sul;4301;porto alegre;430001;porto alegre;4300604;alvorada
43;rio grande do sul;4301;porto alegre;430005;camaquã;4300638;amaral ferrador
43;rio grande do sul;4306;passo fundo;430029;frederico westphalen;4300646;ametista do sul
43;rio grande do sul;4307;caxias do sul;430038;nova prata - guaporé;4300661;andré da rocha
43;rio grande do sul;4308;santa cruz do sul - lajeado;430043;encantado;4300703;anta gorda
43;rio grande do sul;4307;caxias do sul;430036;caxias do sul;4300802;antônio prado
43;rio grande do sul;4301;porto alegre;430005;camaquã;4300851;arambaré
43;rio grande do sul;4301;porto alegre;430002;novo hamburgo - são leopoldo;4300877;araricá
43;rio grande do sul;4306;passo fundo;430026;erechim;4300901;aratiba
43;rio grande do sul;4308;santa cruz do sul - lajeado;430041;lajeado;4301008;arroio do meio
43;rio grande do sul;4302;pelotas;430009;pelotas;4301073;arroio do padre
43;rio grande do sul;4301;porto alegre;430008;torres;4301057;arroio do sal
43;rio grande do sul;4308;santa cruz do sul - lajeado;430042;sobradinho;4301206;arroio do tigre
43;rio grande do sul;4301;porto alegre;430001;porto alegre;4301107;arroio dos ratos
43;rio grande do sul;4302;pelotas;430009;pelotas;4301305;arroio grande
43;rio grande do sul;4306;passo fundo;430031;soledade;4301404;arvorezinha
43;rio grande do sul;4305;ijuí;430018;ijuí;4301503;augusto pestana
43;rio grande do sul;4302;pelotas;430010;bagé;4301602;bagé
43;rio grande do sul;4301;porto alegre;430003;tramandaí - osório;4301636;balneário pinhal
43;rio grande do sul;4305;ijuí;430021;três passos;4301859;barra do guarita
43;rio grande do sul;4304;uruguaiana;430015;uruguaiana;4301875;barra do quaraí
43;rio grande do sul;4301;porto alegre;430001;porto alegre;4301909;barra do ribeiro
43;rio grande do sul;4306;passo fundo;430026;erechim;4301925;barra do rio azul
43;rio grande do sul;4306;passo fundo;430028;carazinho;4301958;barra funda
43;rio grande do sul;4306;passo fundo;430033;lagoa vermelha;4301800;barracão
43;rio grande do sul;4306;passo fundo;430031;soledade;4302006;barros cassal
43;rio grande do sul;4307;caxias do sul;430037;bento gonçalves;4301651;barão
43;rio grande do sul;4306;passo fundo;430026;erechim;4301701;barão de cotegipe
43;rio grande do sul;4301;porto alegre;430001;porto alegre;4301750;barão do triunfo
43;rio grande do sul;4306;passo fundo;430026;erechim;4302055;benjamin constant do sul
43;rio grande do sul;4307;caxias do sul;430037;bento gonçalves;4302105;bento gonçalves
43;rio grande do sul;4306;passo fundo;430029;frederico westphalen;4302154;boa vista das missões
43;rio grande do sul;4305;ijuí;430023;três de maio;4302204;boa vista do buricá
43;rio grande do sul;4306;passo fundo;430027;cruz alta;4302220;boa vista do cadeado
43;rio grande do sul;4306;passo fundo;430027;cruz alta;4302238;boa vista do incra
43;rio grande do sul;4307;caxias do sul;430037;bento gonçalves;4302253;boa vista do sul
43;rio grande do sul;4307;caxias do sul;430039;vacaria;4302303;bom jesus
43;rio grande do sul;4301;porto alegre;430002;novo hamburgo - são leopoldo;4302352;bom princípio
43;rio grande do sul;4305;ijuí;430021;três passos;4302378;bom progresso
43;rio grande do sul;4308;santa cruz do sul - lajeado;430041;lajeado;4302402;bom retiro do sul
43;rio grande do sul;4308;santa cruz do sul - lajeado;430041;lajeado;4302451;boqueirão do leão
43;rio grande do sul;4305;ijuí;430022;são luiz gonzaga;4302501;bossoroca
43;rio grande do sul;4305;ijuí;430018;ijuí;4302584;bozano
43;rio grande do sul;4305;ijuí;430021;três passos;4302600;braga
43;rio grande do sul;4301;porto alegre;430007;montenegro;4302659;brochier
43;rio grande do sul;4301;porto alegre;430006;charqueadas - triunfo - são jerônimo;4302709;butiá
43;rio grande do sul;4303;santa maria;430011;santa maria;4302907;cacequi
43;rio grande do sul;4303;santa maria;430013;cachoeira do sul;4303004;cachoeira do sul
43;rio grande do sul;4301;porto alegre;430001;porto alegre;4303103;cachoeirinha
43;rio grande do sul;4306;passo fundo;430033;lagoa vermelha;4303202;cacique doble
43;rio grande do sul;4305;ijuí;430022;são luiz gonzaga;4303301;caibaté
43;rio grande do sul;4306;passo fundo;430029;frederico westphalen;4303400;caiçara
43;rio grande do sul;4301;porto alegre;430005;camaquã;4303509;camaquã
43;rio grande do sul;4306;passo fundo;430030;marau;4303558;camargo
43;rio grande do sul;4307;caxias do sul;430036;caxias do sul;4303608;cambará do sul
43;rio grande do sul;4307;caxias do sul;430036;caxias do sul;4303673;campestre da serra
43;rio grande do sul;4305;ijuí;430019;santa rosa;4303707;campina das missões
43;rio grande do sul;4306;passo fundo;430026;erechim;4303806;campinas do sul
43;rio grande do sul;4301;porto alegre;430002;novo hamburgo - são leopoldo;4303905;campo bom
43;rio grande do sul;4305;ijuí;430021;três passos;4304002;campo novo
43;rio grande do sul;4306;passo fundo;430025;passo fundo;4304101;campos borges
43;rio grande do sul;4308;santa cruz do sul - lajeado;430040;santa cruz do sul;4304200;candelária
43;rio grande do sul;4302;pelotas;430010;bagé;4304358;candiota
43;rio grande do sul;4307;caxias do sul;430036;caxias do sul;4304408;canela
43;rio grande do sul;4302;pelotas;430009;pelotas;4304507;canguçu
43;rio grande do sul;4301;porto alegre;430001;porto alegre;4304606;canoas
43;rio grande do sul;4308;santa cruz do sul - lajeado;430041;lajeado;4304614;canudos do vale
43;rio grande do sul;4301;porto alegre;430002;novo hamburgo - são leopoldo;4304689;capela de santana
43;rio grande do sul;4308;santa cruz do sul - lajeado;430041;lajeado;4304697;capitão
43;rio grande do sul;4301;porto alegre;430001;porto alegre;4304671;capivari do sul
43;rio grande do sul;4306;passo fundo;430033;lagoa vermelha;4304622;capão bonito do sul
43;rio grande do sul;4301;porto alegre;430003;tramandaí - osório;4304630;capão da canoa
43;rio grande do sul;4303;santa maria;430014;santiago;4304655;capão do cipó
43;rio grande do sul;4302;pelotas;430009;pelotas;4304663;capão do leão
43;rio grande do sul;4306;passo fundo;430028;carazinho;4304705;carazinho
43;rio grande do sul;4301;porto alegre;430001;porto alegre;4304713;caraá
43;rio grande do sul;4307;caxias do sul;430037;bento gonçalves;4304804;carlos barbosa
43;rio grande do sul;4306;passo fundo;430026;erechim;4304853;carlos gomes
43;rio grande do sul;4306;passo fundo;430030;marau;4304903;casca
43;rio grande do sul;4306;passo fundo;430033;lagoa vermelha;4304952;caseiros
43;rio grande do sul;4305;ijuí;430018;ijuí;4305009;catuípe
43;rio grande do sul;4307;caxias do sul;430036;caxias do sul;4305108;caxias do sul
43;rio grande do sul;4303;santa maria;430012;são gabriel - caçapava do sul;4302808;caçapava do sul
43;rio grande do sul;4306;passo fundo;430026;erechim;4305116;centenário
43;rio grande do sul;4302;pelotas;430009;pelotas;4305124;cerrito
43;rio grande do sul;4303;santa maria;430013;cachoeira do sul;4305132;cerro branco
43;rio grande do sul;4306;passo fundo;430034;palmeira das missões;4305157;cerro grande
43;rio grande do sul;4301;porto alegre;430005;camaquã;4305173;cerro grande do sul
43;rio grande do sul;4305;ijuí;430024;cerro largo;4305207;cerro largo
43;rio grande do sul;4306;passo fundo;430028;carazinho;4305306;chapada
43;rio grande do sul;4301;porto alegre;430006;charqueadas - triunfo - são jerônimo;4305355;charqueadas
43;rio grande do sul;4306;passo fundo;430032;tapejara - sananduva;4305371;charrua
43;rio grande do sul;4305;ijuí;430018;ijuí;4305405;chiapetta
43;rio grande do sul;4301;porto alegre;430005;camaquã;4305447;chuvisca
43;rio grande do sul;4302;pelotas;430009;pelotas;4305439;chuí
43;rio grande do sul;4301;porto alegre;430003;tramandaí - osório;4305454;cidreira
43;rio grande do sul;4306;passo fundo;430030;marau;4305504;ciríaco
43;rio grande do sul;4308;santa cruz do sul - lajeado;430041;lajeado;4305587;colinas
43;rio grande do sul;4306;passo fundo;430028;carazinho;4305603;colorado
43;rio grande do sul;4305;ijuí;430018;ijuí;4305702;condor
43;rio grande do sul;4306;passo fundo;430028;carazinho;4305801;constantina
43;rio grande do sul;4308;santa cruz do sul - lajeado;430041;lajeado;4305835;coqueiro baixo
43;rio grande do sul;4306;passo fundo;430028;carazinho;4305850;coqueiros do sul
43;rio grande do sul;4305;ijuí;430018;ijuí;4305871;coronel barros
43;rio grande do sul;4305;ijuí;430018;ijuí;4305900;coronel bicaco
43;rio grande do sul;4307;caxias do sul;430037;bento gonçalves;4305934;coronel pilar
43;rio grande do sul;4307;caxias do sul;430037;bento gonçalves;4305959;cotiporã
43;rio grande do sul;4306;passo fundo;430025;passo fundo;4305975;coxilha
43;rio grande do sul;4305;ijuí;430021;três passos;4306007;crissiumal
43;rio grande do sul;4301;porto alegre;430005;camaquã;4306056;cristal
43;rio grande do sul;4306;passo fundo;430029;frederico westphalen;4306072;cristal do sul
43;rio grande do sul;4306;passo fundo;430027;cruz alta;4306106;cruz alta
43;rio grande do sul;4306;passo fundo;430026;erechim;4306130;cruzaltense
43;rio grande do sul;4308;santa cruz do sul - lajeado;430041;lajeado;4306205;cruzeiro do sul
43;rio grande do sul;4305;ijuí;430019;santa rosa;4304309;cândido godói
43;rio grande do sul;4306;passo fundo;430030;marau;4306304;david canabarro
43;rio grande do sul;4305;ijuí;430021;três passos;4306320;derrubadas
43;rio grande do sul;4305;ijuí;430022;são luiz gonzaga;4306353;dezesseis de novembro
43;rio grande do sul;4303;santa maria;430011;santa maria;4306379;dilermando de aguiar
43;rio grande do sul;4301;porto alegre;430002;novo hamburgo - são leopoldo;4306403;dois irmãos
43;rio grande do sul;4306;passo fundo;430034;palmeira das missões;4306429;dois irmãos das missões
43;rio grande do sul;4307;caxias do sul;430038;nova prata - guaporé;4306452;dois lajeados
43;rio grande do sul;4301;porto alegre;430005;camaquã;4306502;dom feliciano
43;rio grande do sul;4302;pelotas;430010;bagé;4306601;dom pedrito
43;rio grande do sul;4301;porto alegre;430008;torres;4306551;dom pedro de alcântara
43;rio grande do sul;4303;santa maria;430011;santa maria;4306700;dona francisca
43;rio grande do sul;4305;ijuí;430023;três de maio;4306734;doutor maurício cardoso
43;rio grande do sul;4308;santa cruz do sul - lajeado;430043;encantado;4306759;doutor ricardo
43;rio grande do sul;4301;porto alegre;430001;porto alegre;4306767;eldorado do sul
43;rio grande do sul;4308;santa cruz do sul - lajeado;430043;encantado;4306809;encantado
43;rio grande do sul;4308;santa cruz do sul - lajeado;430040;santa cruz do sul;4306908;encruzilhada do sul
43;rio grande do sul;4306;passo fundo;430028;carazinho;4306924;engenho velho
43;rio grande do sul;4306;passo fundo;430026;erechim;4306957;entre rios do sul
43;rio grande do sul;4305;ijuí;430020;santo ângelo;4306932;entre-ijuís
43;rio grande do sul;4306;passo fundo;430026;erechim;4306973;erebango
43;rio grande do sul;4306;passo fundo;430026;erechim;4307005;erechim
43;rio grande do sul;4306;passo fundo;430025;passo fundo;4307054;ernestina
43;rio grande do sul;4306;passo fundo;430026;erechim;4307203;erval grande
43;rio grande do sul;4306;passo fundo;430029;frederico westphalen;4307302;erval seco
43;rio grande do sul;4307;caxias do sul;430039;vacaria;4307401;esmeralda
43;rio grande do sul;4305;ijuí;430021;três passos;4307450;esperança do sul
43;rio grande do sul;4306;passo fundo;430025;passo fundo;4307500;espumoso
43;rio grande do sul;4306;passo fundo;430026;erechim;4307559;estação
43;rio grande do sul;4301;porto alegre;430001;porto alegre;4307708;esteio
43;rio grande do sul;4308;santa cruz do sul - lajeado;430041;lajeado;4307807;estrela
43;rio grande do sul;4308;santa cruz do sul - lajeado;430042;sobradinho;4307815;estrela velha
43;rio grande do sul;4301;porto alegre;430002;novo hamburgo - são leopoldo;4307609;estância velha
43;rio grande do sul;4305;ijuí;430020;santo ângelo;4307831;eugênio de castro
43;rio grande do sul;4307;caxias do sul;430037;bento gonçalves;4307864;fagundes varela
43;rio grande do sul;4307;caxias do sul;430036;caxias do sul;4307906;farroupilha
43;rio grande do sul;4303;santa maria;430011;santa maria;4308003;faxinal do soturno
43;rio grande do sul;4306;passo fundo;430026;erechim;4308052;faxinalzinho
43;rio grande do sul;4308;santa cruz do sul - lajeado;430041;lajeado;4308078;fazenda vilanova
43;rio grande do sul;4307;caxias do sul;430036;caxias do sul;4308102;feliz
43;rio grande do sul;4307;caxias do sul;430036;caxias do sul;4308201;flores da cunha
43;rio grande do sul;4306;passo fundo;430026;erechim;4308250;floriano peixoto
43;rio grande do sul;4306;passo fundo;430031;soledade;4308300;fontoura xavier
43;rio grande do sul;4303;santa maria;430011;santa maria;4308409;formigueiro
43;rio grande do sul;4308;santa cruz do sul - lajeado;430041;lajeado;4308433;forquetinha
43;rio grande do sul;4306;passo fundo;430027;cruz alta;4308458;fortaleza dos valos
43;rio grande do sul;4306;passo fundo;430029;frederico westphalen;4308508;frederico westphalen
43;rio grande do sul;4307;caxias do sul;430037;bento gonçalves;4308607;garibaldi
43;rio grande do sul;4305;ijuí;430022;são luiz gonzaga;4308656;garruchos
43;rio grande do sul;4306;passo fundo;430026;erechim;4308706;gaurama
43;rio grande do sul;4301;porto alegre;430006;charqueadas - triunfo - são jerônimo;4308805;general câmara
43;rio grande do sul;4306;passo fundo;430030;marau;4308854;gentil
43;rio grande do sul;4306;passo fundo;430026;erechim;4308904;getúlio vargas
43;rio grande do sul;4305;ijuí;430020;santo ângelo;4309001;giruá
43;rio grande do sul;4301;porto alegre;430001;porto alegre;4309050;glorinha
43;rio grande do sul;4307;caxias do sul;430036;caxias do sul;4309100;gramado
43;rio grande do sul;4306;passo fundo;430035;nonoai;4309126;gramado dos loureiros
43;rio grande do sul;4308;santa cruz do sul - lajeado;430040;santa cruz do sul;4309159;gramado xavier
43;rio grande do sul;4301;porto alegre;430001;porto alegre;4309209;gravataí
43;rio grande do sul;4307;caxias do sul;430038;nova prata - guaporé;4309258;guabiju
43;rio grande do sul;4307;caxias do sul;430038;nova prata - guaporé;4309407;guaporé
43;rio grande do sul;4305;ijuí;430020;santo ângelo;4309506;guarani das missões
43;rio grande do sul;4301;porto alegre;430001;porto alegre;4309308;guaíba
43;rio grande do sul;4301;porto alegre;430002;novo hamburgo - são leopoldo;4309555;harmonia
43;rio grande do sul;4302;pelotas;430009;pelotas;4307104;herval
43;rio grande do sul;4308;santa cruz do sul - lajeado;430040;santa cruz do sul;4309571;herveiras
43;rio grande do sul;4305;ijuí;430023;três de maio;4309605;horizontina
43;rio grande do sul;4302;pelotas;430010;bagé;4309654;hulha negra
43;rio grande do sul;4305;ijuí;430021;três passos;4309704;humaitá
43;rio grande do sul;4308;santa cruz do sul - lajeado;430042;sobradinho;4309753;ibarama
43;rio grande do sul;4306;passo fundo;430032;tapejara - sananduva;4309803;ibiaçá
43;rio grande do sul;4306;passo fundo;430033;lagoa vermelha;4309902;ibiraiaras
43;rio grande do sul;4306;passo fundo;430031;soledade;4309951;ibirapuitã
43;rio grande do sul;4306;passo fundo;430027;cruz alta;4310009;ibirubá
43;rio grande do sul;4301;porto alegre;430004;taquara - parobé - igrejinha;4310108;igrejinha
43;rio grande do sul;4305;ijuí;430018;ijuí;4310207;ijuí
43;rio grande do sul;4308;santa cruz do sul - lajeado;430043;encantado;4310306;ilópolis
43;rio grande do sul;4301;porto alegre;430003;tramandaí - osório;4310330;imbé
43;rio grande do sul;4308;santa cruz do sul - lajeado;430041;lajeado;4310363;imigrante
43;rio grande do sul;4305;ijuí;430023;três de maio;4310405;independência
43;rio grande do sul;4305;ijuí;430018;ijuí;4310413;inhacorá
43;rio grande do sul;4306;passo fundo;430026;erechim;4310462;ipiranga do sul
43;rio grande do sul;4307;caxias do sul;430036;caxias do sul;4310439;ipê
43;rio grande do sul;4306;passo fundo;430029;frederico westphalen;4310504;iraí
43;rio grande do sul;4303;santa maria;430011;santa maria;4310538;itaara
43;rio grande do sul;4303;santa maria;430014;santiago;4310553;itacurubi
43;rio grande do sul;4306;passo fundo;430031;soledade;4310579;itapuca
43;rio grande do sul;4304;uruguaiana;430017;são borja;4310603;itaqui
43;rio grande do sul;4301;porto alegre;430003;tramandaí - osório;4310652;itati
43;rio grande do sul;4306;passo fundo;430026;erechim;4310702;itatiba do sul
43;rio grande do sul;4303;santa maria;430011;santa maria;4310751;ivorá
43;rio grande do sul;4301;porto alegre;430002;novo hamburgo - são leopoldo;4310801;ivoti
43;rio grande do sul;4306;passo fundo;430029;frederico westphalen;4310850;jaboticaba
43;rio grande do sul;4306;passo fundo;430027;cruz alta;4310876;jacuizinho
43;rio grande do sul;4306;passo fundo;430026;erechim;4310900;jacutinga
43;rio grande do sul;4303;santa maria;430011;santa maria;4311106;jaguari
43;rio grande do sul;4302;pelotas;430009;pelotas;4311007;jaguarão
43;rio grande do sul;4307;caxias do sul;430039;vacaria;4311122;jaquirana
43;rio grande do sul;4303;santa maria;430011;santa maria;4311130;jari
43;rio grande do sul;4305;ijuí;430018;ijuí;4311155;jóia
43;rio grande do sul;4303;santa maria;430011;santa maria;4311205;júlio de castilhos
43;rio grande do sul;4308;santa cruz do sul - lajeado;430042;sobradinho;4311239;lagoa bonita do sul
43;rio grande do sul;4306;passo fundo;430025;passo fundo;4311270;lagoa dos três cantos
43;rio grande do sul;4306;passo fundo;430033;lagoa vermelha;4311304;lagoa vermelha
43;rio grande do sul;4308;santa cruz do sul - lajeado;430042;sobradinho;4311254;lagoão
43;rio grande do sul;4308;santa cruz do sul - lajeado;430041;lajeado;4311403;lajeado
43;rio grande do sul;4306;passo fundo;430034;palmeira das missões;4311429;lajeado do bugre
43;rio grande do sul;4303;santa maria;430012;são gabriel - caçapava do sul;4311502;lavras do sul
43;rio grande do sul;4306;passo fundo;430029;frederico westphalen;4311601;liberato salzano
43;rio grande do sul;4301;porto alegre;430002;novo hamburgo - são leopoldo;4311627;lindolfo collor
43;rio grande do sul;4301;porto alegre;430002;novo hamburgo - são leopoldo;4311643;linha nova
43;rio grande do sul;4306;passo fundo;430033;lagoa vermelha;4311700;machadinho
43;rio grande do sul;4301;porto alegre;430008;torres;4311734;mampituba
43;rio grande do sul;4304;uruguaiana;430015;uruguaiana;4311759;manoel viana
43;rio grande do sul;4301;porto alegre;430003;tramandaí - osório;4311775;maquiné
43;rio grande do sul;4301;porto alegre;430007;montenegro;4311791;maratá
43;rio grande do sul;4306;passo fundo;430030;marau;4311809;marau
43;rio grande do sul;4306;passo fundo;430026;erechim;4311908;marcelino ramos
43;rio grande do sul;4301;porto alegre;430001;porto alegre;4311981;mariana pimentel
43;rio grande do sul;4306;passo fundo;430026;erechim;4312005;mariano moro
43;rio grande do sul;4308;santa cruz do sul - lajeado;430041;lajeado;4312054;marques de souza
43;rio grande do sul;4303;santa maria;430011;santa maria;4312104;mata
43;rio grande do sul;4306;passo fundo;430025;passo fundo;4312138;mato castelhano
43;rio grande do sul;4308;santa cruz do sul - lajeado;430040;santa cruz do sul;4312153;mato leitão
43;rio grande do sul;4305;ijuí;430024;cerro largo;4312179;mato queimado
43;rio grande do sul;4306;passo fundo;430032;tapejara - sananduva;4312203;maximiliano de almeida
43;rio grande do sul;4304;uruguaiana;430017;são borja;4311718;maçambará
43;rio grande do sul;4301;porto alegre;430006;charqueadas - triunfo - são jerônimo;4312252;minas do leão
43;rio grande do sul;4305;ijuí;430021;três passos;4312302;miraguaí
43;rio grande do sul;4307;caxias do sul;430038;nova prata - guaporé;4312351;montauri
43;rio grande do sul;4307;caxias do sul;430039;vacaria;4312377;monte alegre dos campos
43;rio grande do sul;4307;caxias do sul;430037;bento gonçalves;4312385;monte belo do sul
43;rio grande do sul;4301;porto alegre;430007;montenegro;4312401;montenegro
43;rio grande do sul;4306;passo fundo;430031;soledade;4312427;mormaço
43;rio grande do sul;4301;porto alegre;430008;torres;4312443;morrinhos do sul
43;rio grande do sul;4302;pelotas;430009;pelotas;4312450;morro redondo
43;rio grande do sul;4301;porto alegre;430002;novo hamburgo - são leopoldo;4312476;morro reuter
43;rio grande do sul;4301;porto alegre;430001;porto alegre;4312500;mostardas
43;rio grande do sul;4307;caxias do sul;430039;vacaria;4312617;muitos capões
43;rio grande do sul;4306;passo fundo;430030;marau;4312625;muliterno
43;rio grande do sul;4308;santa cruz do sul - lajeado;430043;encantado;4312609;muçum
43;rio grande do sul;4306;passo fundo;430025;passo fundo;4312674;nicolau vergueiro
43;rio grande do sul;4306;passo fundo;430035;nonoai;4312708;nonoai
43;rio grande do sul;4306;passo fundo;430030;marau;4312757;nova alvorada
43;rio grande do sul;4307;caxias do sul;430038;nova prata - guaporé;4312807;nova araçá
43;rio grande do sul;4307;caxias do sul;430038;nova prata - guaporé;4312906;nova bassano
43;rio grande do sul;4306;passo fundo;430028;carazinho;4312955;nova boa vista
43;rio grande do sul;4308;santa cruz do sul - lajeado;430043;encantado;4313003;nova bréscia
43;rio grande do sul;4305;ijuí;430023;três de maio;4313011;nova candelária
43;rio grande do sul;4303;santa maria;430014;santiago;4313037;nova esperança do sul
43;rio grande do sul;4301;porto alegre;430002;novo hamburgo - são leopoldo;4313060;nova hartz
43;rio grande do sul;4303;santa maria;430011;santa maria;4313102;nova palma
43;rio grande do sul;4307;caxias do sul;430036;caxias do sul;4313201;nova petrópolis
43;rio grande do sul;4307;caxias do sul;430038;nova prata - guaporé;4313300;nova prata
43;rio grande do sul;4307;caxias do sul;430036;caxias do sul;4313086;nova pádua
43;rio grande do sul;4305;ijuí;430018;ijuí;4313334;nova ramada
43;rio grande do sul;4307;caxias do sul;430036;caxias do sul;4313359;nova roma do sul
43;rio grande do sul;4301;porto alegre;430001;porto alegre;4313375;nova santa rita
43;rio grande do sul;4306;passo fundo;430034;palmeira das missões;4313490;novo barreiro
43;rio grande do sul;4303;santa maria;430013;cachoeira do sul;4313391;novo cabrais
43;rio grande do sul;4301;porto alegre;430002;novo hamburgo - são leopoldo;4313409;novo hamburgo
43;rio grande do sul;4305;ijuí;430019;santa rosa;4313425;novo machado
43;rio grande do sul;4306;passo fundo;430029;frederico westphalen;4313441;novo tiradentes
43;rio grande do sul;4306;passo fundo;430028;carazinho;4313466;novo xingu
43;rio grande do sul;4306;passo fundo;430028;carazinho;4312658;não-me-toque
43;rio grande do sul;4301;porto alegre;430003;tramandaí - osório;4313508;osório
43;rio grande do sul;4306;passo fundo;430032;tapejara - sananduva;4313607;paim filho
43;rio grande do sul;4301;porto alegre;430001;porto alegre;4313656;palmares do sul
43;rio grande do sul;4306;passo fundo;430034;palmeira das missões;4313706;palmeira das missões
43;rio grande do sul;4306;passo fundo;430029;frederico westphalen;4313805;palmitinho
43;rio grande do sul;4305;ijuí;430018;ijuí;4313904;panambi
43;rio grande do sul;4308;santa cruz do sul - lajeado;430040;santa cruz do sul;4313953;pantano grande
43;rio grande do sul;4307;caxias do sul;430038;nova prata - guaporé;4314001;paraí
43;rio grande do sul;4303;santa maria;430013;cachoeira do sul;4314027;paraíso do sul
43;rio grande do sul;4301;porto alegre;430007;montenegro;4314035;pareci novo
43;rio grande do sul;4301;porto alegre;430004;taquara - parobé - igrejinha;4314050;parobé
43;rio grande do sul;4308;santa cruz do sul - lajeado;430042;sobradinho;4314068;passa sete
43;rio grande do sul;4308;santa cruz do sul - lajeado;430040;santa cruz do sul;4314076;passo do sobrado
43;rio grande do sul;4306;passo fundo;430025;passo fundo;4314100;passo fundo
43;rio grande do sul;4306;passo fundo;430026;erechim;4314134;paulo bento
43;rio grande do sul;4308;santa cruz do sul - lajeado;430041;lajeado;4314159;paverama
43;rio grande do sul;4302;pelotas;430010;bagé;4314175;pedras altas
43;rio grande do sul;4302;pelotas;430009;pelotas;4314209;pedro osório
43;rio grande do sul;4305;ijuí;430018;ijuí;4314308;pejuçara
43;rio grande do sul;4302;pelotas;430009;pelotas;4314407;pelotas
43;rio grande do sul;4307;caxias do sul;430036;caxias do sul;4314423;picada café
43;rio grande do sul;4306;passo fundo;430029;frederico westphalen;4314456;pinhal
43;rio grande do sul;4307;caxias do sul;430039;vacaria;4314464;pinhal da serra
43;rio grande do sul;4303;santa maria;430011;santa maria;4314472;pinhal grande
43;rio grande do sul;4306;passo fundo;430029;frederico westphalen;4314498;pinheirinho do vale
43;rio grande do sul;4302;pelotas;430010;bagé;4314506;pinheiro machado
43;rio grande do sul;4307;caxias do sul;430037;bento gonçalves;4314548;pinto bandeira
43;rio grande do sul;4305;ijuí;430022;são luiz gonzaga;4314555;pirapó
43;rio grande do sul;4302;pelotas;430009;pelotas;4314605;piratini
43;rio grande do sul;4306;passo fundo;430035;nonoai;4314704;planalto
43;rio grande do sul;4306;passo fundo;430026;erechim;4314787;ponte preta
43;rio grande do sul;4306;passo fundo;430025;passo fundo;4314779;pontão
43;rio grande do sul;4301;porto alegre;430001;porto alegre;4314902;porto alegre
43;rio grande do sul;4305;ijuí;430019;santa rosa;4315008;porto lucena
43;rio grande do sul;4305;ijuí;430019;santa rosa;4315057;porto mauá
43;rio grande do sul;4305;ijuí;430019;santa rosa;4315073;porto vera cruz
43;rio grande do sul;4305;ijuí;430024;cerro largo;4315107;porto xavier
43;rio grande do sul;4301;porto alegre;430002;novo hamburgo - são leopoldo;4314803;portão
43;rio grande do sul;4308;santa cruz do sul - lajeado;430041;lajeado;4315131;pouso novo
43;rio grande do sul;4308;santa cruz do sul - lajeado;430041;lajeado;4314753;poço das antas
43;rio grande do sul;4301;porto alegre;430002;novo hamburgo - são leopoldo;4315149;presidente lucena
43;rio grande do sul;4308;santa cruz do sul - lajeado;430041;lajeado;4315156;progresso
43;rio grande do sul;4307;caxias do sul;430038;nova prata - guaporé;4315172;protásio alves
43;rio grande do sul;4308;santa cruz do sul - lajeado;430043;encantado;4315206;putinga
43;rio grande do sul;4304;uruguaiana;430016;santana do livramento;4315305;quaraí
43;rio grande do sul;4306;passo fundo;430026;erechim;4315313;quatro irmãos
43;rio grande do sul;4303;santa maria;430011;santa maria;4315321;quevedos
43;rio grande do sul;4306;passo fundo;430027;cruz alta;4315354;quinze de novembro
43;rio grande do sul;4305;ijuí;430021;três passos;4315404;redentora
43;rio grande do sul;4308;santa cruz do sul - lajeado;430043;encantado;4315453;relvado
43;rio grande do sul;4303;santa maria;430011;santa maria;4315503;restinga sêca
43;rio grande do sul;4306;passo fundo;430035;nonoai;4315552;rio dos índios
43;rio grande do sul;4302;pelotas;430009;pelotas;4315602;rio grande
43;rio grande do sul;4308;santa cruz do sul - lajeado;430040;santa cruz do sul;4315701;rio pardo
43;rio grande do sul;4301;porto alegre;430004;taquara - parobé - igrejinha;4315750;riozinho
43;rio grande do sul;4308;santa cruz do sul - lajeado;430043;encantado;4315800;roca sales
43;rio grande do sul;4306;passo fundo;430029;frederico westphalen;4315909;rodeio bonito
43;rio grande do sul;4305;ijuí;430022;são luiz gonzaga;4315958;rolador
43;rio grande do sul;4301;porto alegre;430004;taquara - parobé - igrejinha;4316006;rolante
43;rio grande do sul;4306;passo fundo;430025;passo fundo;4316105;ronda alta
43;rio grande do sul;4306;passo fundo;430028;carazinho;4316204;rondinha
43;rio grande do sul;4305;ijuí;430024;cerro largo;4316303;roque gonzales
43;rio grande do sul;4304;uruguaiana;430016;santana do livramento;4316402;rosário do sul
43;rio grande do sul;4306;passo fundo;430034;palmeira das missões;4316428;sagrada família
43;rio grande do sul;4306;passo fundo;430028;carazinho;4316436;saldanha marinho
43;rio grande do sul;4306;passo fundo;430027;cruz alta;4316451;salto do jacuí
43;rio grande do sul;4305;ijuí;430024;cerro largo;4316477;salvador das missões
43;rio grande do sul;4301;porto alegre;430007;montenegro;4316501;salvador do sul
43;rio grande do sul;4306;passo fundo;430032;tapejara - sananduva;4316600;sananduva
43;rio grande do sul;4304;uruguaiana;430016;santana do livramento;4317103;sant'ana do livramento
43;rio grande do sul;4306;passo fundo;430027;cruz alta;4316709;santa bárbara do sul
43;rio grande do sul;4306;passo fundo;430032;tapejara - sananduva;4316733;santa cecília do sul
43;rio grande do sul;4308;santa cruz do sul - lajeado;430041;lajeado;4316758;santa clara do sul
43;rio grande do sul;4308;santa cruz do sul - lajeado;430040;santa cruz do sul;4316808;santa cruz do sul
43;rio grande do sul;4303;santa maria;430012;são gabriel - caçapava do sul;4316972;santa margarida do sul
43;rio grande do sul;4303;santa maria;430011;santa maria;4316907;santa maria
43;rio grande do sul;4301;porto alegre;430002;novo hamburgo - são leopoldo;4316956;santa maria do herval
43;rio grande do sul;4305;ijuí;430019;santa rosa;4317202;santa rosa
43;rio grande do sul;4307;caxias do sul;430037;bento gonçalves;4317251;santa tereza
43;rio grande do sul;4302;pelotas;430009;pelotas;4317301;santa vitória do palmar
43;rio grande do sul;4303;santa maria;430012;são gabriel - caçapava do sul;4317004;santana da boa vista
43;rio grande do sul;4303;santa maria;430014;santiago;4317400;santiago
43;rio grande do sul;4301;porto alegre;430001;porto alegre;4317608;santo antônio da patrulha
43;rio grande do sul;4305;ijuí;430022;são luiz gonzaga;4317707;santo antônio das missões
43;rio grande do sul;4306;passo fundo;430030;marau;4317558;santo antônio do palma
43;rio grande do sul;4306;passo fundo;430028;carazinho;4317756;santo antônio do planalto
43;rio grande do sul;4305;ijuí;430018;ijuí;4317806;santo augusto
43;rio grande do sul;4305;ijuí;430019;santa rosa;4317905;santo cristo
43;rio grande do sul;4306;passo fundo;430032;tapejara - sananduva;4317954;santo expedito do sul
43;rio grande do sul;4305;ijuí;430020;santo ângelo;4317509;santo ângelo
43;rio grande do sul;4301;porto alegre;430002;novo hamburgo - são leopoldo;4319901;sapiranga
43;rio grande do sul;4301;porto alegre;430001;porto alegre;4320008;sapucaia do sul
43;rio grande do sul;4306;passo fundo;430028;carazinho;4320107;sarandi
43;rio grande do sul;4306;passo fundo;430029;frederico westphalen;4320206;seberi
43;rio grande do sul;4305;ijuí;430021;três passos;4320230;sede nova
43;rio grande do sul;4308;santa cruz do sul - lajeado;430042;sobradinho;4320263;segredo
43;rio grande do sul;4306;passo fundo;430027;cruz alta;4320305;selbach
43;rio grande do sul;4305;ijuí;430019;santa rosa;4320321;senador salgado filho
43;rio grande do sul;4301;porto alegre;430005;camaquã;4320354;sentinela do sul
43;rio grande do sul;4307;caxias do sul;430038;nova prata - guaporé;4320404;serafina corrêa
43;rio grande do sul;4306;passo fundo;430025;passo fundo;4320503;sertão
43;rio grande do sul;4301;porto alegre;430001;porto alegre;4320552;sertão santana
43;rio grande do sul;4305;ijuí;430020;santo ângelo;4320578;sete de setembro
43;rio grande do sul;4306;passo fundo;430026;erechim;4320602;severiano de almeida
43;rio grande do sul;4303;santa maria;430011;santa maria;4320651;silveira martins
43;rio grande do sul;4308;santa cruz do sul - lajeado;430040;santa cruz do sul;4320677;sinimbu
43;rio grande do sul;4308;santa cruz do sul - lajeado;430042;sobradinho;4320701;sobradinho
43;rio grande do sul;4306;passo fundo;430031;soledade;4320800;soledade
43;rio grande do sul;4304;uruguaiana;430017;são borja;4318002;são borja
43;rio grande do sul;4306;passo fundo;430030;marau;4318051;são domingos do sul
43;rio grande do sul;4303;santa maria;430011;santa maria;4318101;são francisco de assis
43;rio grande do sul;4307;caxias do sul;430036;caxias do sul;4318200;são francisco de paula
43;rio grande do sul;4303;santa maria;430012;são gabriel - caçapava do sul;4318309;são gabriel
43;rio grande do sul;4301;porto alegre;430006;charqueadas - triunfo - são jerônimo;4318408;são jerônimo
43;rio grande do sul;4307;caxias do sul;430038;nova prata - guaporé;4318440;são jorge
43;rio grande do sul;4306;passo fundo;430034;palmeira das missões;4318457;são josé das missões
43;rio grande do sul;4306;passo fundo;430031;soledade;4318465;são josé do herval
43;rio grande do sul;4301;porto alegre;430002;novo hamburgo - são leopoldo;4318481;são josé do hortêncio
43;rio grande do sul;4305;ijuí;430023;três de maio;4318499;são josé do inhacorá
43;rio grande do sul;4302;pelotas;430009;pelotas;4318507;são josé do norte
43;rio grande do sul;4306;passo fundo;430033;lagoa vermelha;4318606;são josé do ouro
43;rio grande do sul;4301;porto alegre;430007;montenegro;4318614;são josé do sul
43;rio grande do sul;4307;caxias do sul;430039;vacaria;4318622;são josé dos ausentes
43;rio grande do sul;4306;passo fundo;430032;tapejara - sananduva;4318424;são joão da urtiga
43;rio grande do sul;4303;santa maria;430011;santa maria;4318432;são joão do polêsine
43;rio grande do sul;4301;porto alegre;430002;novo hamburgo - são leopoldo;4318705;são leopoldo
43;rio grande do sul;4302;pelotas;430009;pelotas;4318804;são lourenço do sul
43;rio grande do sul;4305;ijuí;430022;são luiz gonzaga;4318903;são luiz gonzaga
43;rio grande do sul;4307;caxias do sul;430036;caxias do sul;4319000;são marcos
43;rio grande do sul;4305;ijuí;430021;três passos;4319109;são martinho
43;rio grande do sul;4303;santa maria;430011;santa maria;4319125;são martinho da serra
43;rio grande do sul;4305;ijuí;430020;santo ângelo;4319158;são miguel das missões
43;rio grande do sul;4305;ijuí;430022;são luiz gonzaga;4319208;são nicolau
43;rio grande do sul;4305;ijuí;430024;cerro largo;4319307;são paulo das missões
43;rio grande do sul;4301;porto alegre;430007;montenegro;4319356;são pedro da serra
43;rio grande do sul;4306;passo fundo;430034;palmeira das missões;4319364;são pedro das missões
43;rio grande do sul;4305;ijuí;430024;cerro largo;4319372;são pedro do butiá
43;rio grande do sul;4303;santa maria;430011;santa maria;4319406;são pedro do sul
43;rio grande do sul;4301;porto alegre;430002;novo hamburgo - são leopoldo;4319505;são sebastião do caí
43;rio grande do sul;4303;santa maria;430011;santa maria;4319604;são sepé
43;rio grande do sul;4306;passo fundo;430026;erechim;4319703;são valentim
43;rio grande do sul;4307;caxias do sul;430037;bento gonçalves;4319711;são valentim do sul
43;rio grande do sul;4305;ijuí;430018;ijuí;4319737;são valério do sul
43;rio grande do sul;4301;porto alegre;430002;novo hamburgo - são leopoldo;4319752;são vendelino
43;rio grande do sul;4303;santa maria;430011;santa maria;4319802;são vicente do sul
43;rio grande do sul;4308;santa cruz do sul - lajeado;430041;lajeado;4320453;sério
43;rio grande do sul;4308;santa cruz do sul - lajeado;430041;lajeado;4320859;tabaí
43;rio grande do sul;4306;passo fundo;430032;tapejara - sananduva;4320909;tapejara
43;rio grande do sul;4306;passo fundo;430025;passo fundo;4321006;tapera
43;rio grande do sul;4301;porto alegre;430005;camaquã;4321105;tapes
43;rio grande do sul;4301;porto alegre;430004;taquara - parobé - igrejinha;4321204;taquara
43;rio grande do sul;4308;santa cruz do sul - lajeado;430041;lajeado;4321303;taquari
43;rio grande do sul;4306;passo fundo;430029;frederico westphalen;4321329;taquaruçu do sul
43;rio grande do sul;4301;porto alegre;430001;porto alegre;4321352;tavares
43;rio grande do sul;4305;ijuí;430021;três passos;4321402;tenente portela
43;rio grande do sul;4301;porto alegre;430003;tramandaí - osório;4321436;terra de areia
43;rio grande do sul;4308;santa cruz do sul - lajeado;430041;lajeado;4321451;teutônia
43;rio grande do sul;4306;passo fundo;430025;passo fundo;4321469;tio hugo
43;rio grande do sul;4305;ijuí;430021;três passos;4321477;tiradentes do sul
43;rio grande do sul;4303;santa maria;430011;santa maria;4321493;toropi
43;rio grande do sul;4301;porto alegre;430008;torres;4321501;torres
43;rio grande do sul;4301;porto alegre;430003;tramandaí - osório;4321600;tramandaí
43;rio grande do sul;4308;santa cruz do sul - lajeado;430041;lajeado;4321626;travesseiro
43;rio grande do sul;4306;passo fundo;430035;nonoai;4321956;trindade do sul
43;rio grande do sul;4301;porto alegre;430006;charqueadas - triunfo - são jerônimo;4322004;triunfo
43;rio grande do sul;4306;passo fundo;430026;erechim;4321634;três arroios
43;rio grande do sul;4301;porto alegre;430008;torres;4321667;três cachoeiras
43;rio grande do sul;4301;porto alegre;430004;taquara - parobé - igrejinha;4321709;três coroas
43;rio grande do sul;4305;ijuí;430023;três de maio;4321808;três de maio
43;rio grande do sul;4301;porto alegre;430008;torres;4321832;três forquilhas
43;rio grande do sul;4306;passo fundo;430025;passo fundo;4321857;três palmeiras
43;rio grande do sul;4305;ijuí;430021;três passos;4321907;três passos
43;rio grande do sul;4305;ijuí;430019;santa rosa;4322103;tucunduva
43;rio grande do sul;4308;santa cruz do sul - lajeado;430042;sobradinho;4322152;tunas
43;rio grande do sul;4306;passo fundo;430033;lagoa vermelha;4322186;tupanci do sul
43;rio grande do sul;4306;passo fundo;430027;cruz alta;4322202;tupanciretã
43;rio grande do sul;4301;porto alegre;430002;novo hamburgo - são leopoldo;4322251;tupandi
43;rio grande do sul;4305;ijuí;430019;santa rosa;4322301;tuparendi
43;rio grande do sul;4302;pelotas;430009;pelotas;4322327;turuçu
43;rio grande do sul;4305;ijuí;430024;cerro largo;4322343;ubiretama
43;rio grande do sul;4303;santa maria;430014;santiago;4322376;unistalda
43;rio grande do sul;4307;caxias do sul;430038;nova prata - guaporé;4322350;união da serra
43;rio grande do sul;4304;uruguaiana;430015;uruguaiana;4322400;uruguaiana
43;rio grande do sul;4307;caxias do sul;430039;vacaria;4322509;vacaria
43;rio grande do sul;4308;santa cruz do sul - lajeado;430040;santa cruz do sul;4322533;vale do sol
43;rio grande do sul;4307;caxias do sul;430036;caxias do sul;4322541;vale real
43;rio grande do sul;4308;santa cruz do sul - lajeado;430040;santa cruz do sul;4322525;vale verde
43;rio grande do sul;4306;passo fundo;430030;marau;4322558;vanini
43;rio grande do sul;4308;santa cruz do sul - lajeado;430040;santa cruz do sul;4322608;venâncio aires
43;rio grande do sul;4308;santa cruz do sul - lajeado;430040;santa cruz do sul;4322707;vera cruz
43;rio grande do sul;4307;caxias do sul;430037;bento gonçalves;4322806;veranópolis
43;rio grande do sul;4308;santa cruz do sul - lajeado;430043;encantado;4322855;vespasiano corrêa
43;rio grande do sul;4306;passo fundo;430026;erechim;4322905;viadutos
43;rio grande do sul;4301;porto alegre;430001;porto alegre;4323002;viamão
43;rio grande do sul;4306;passo fundo;430029;frederico westphalen;4323101;vicente dutra
43;rio grande do sul;4306;passo fundo;430025;passo fundo;4323200;victor graeff
43;rio grande do sul;4307;caxias do sul;430037;bento gonçalves;4323309;vila flores
43;rio grande do sul;4306;passo fundo;430032;tapejara - sananduva;4323358;vila lângaro
43;rio grande do sul;4306;passo fundo;430030;marau;4323408;vila maria
43;rio grande do sul;4303;santa maria;430012;são gabriel - caçapava do sul;4323457;vila nova do sul
43;rio grande do sul;4306;passo fundo;430029;frederico westphalen;4323507;vista alegre
43;rio grande do sul;4307;caxias do sul;430038;nova prata - guaporé;4323606;vista alegre do prata
43;rio grande do sul;4305;ijuí;430021;três passos;4323705;vista gaúcha
43;rio grande do sul;4305;ijuí;430020;santo ângelo;4323754;vitória das missões
43;rio grande do sul;4308;santa cruz do sul - lajeado;430041;lajeado;4323770;westfália
43;rio grande do sul;4301;porto alegre;430003;tramandaí - osório;4323804;xangri-lá
43;rio grande do sul;4306;passo fundo;430032;tapejara - sananduva;4300059;água santa
43;rio grande do sul;4306;passo fundo;430026;erechim;4301552;áurea
50;mato grosso do sul;5001;campo grande;500004;coxim;5000252;alcinópolis
50;mato grosso do sul;5002;dourados;500009;amambai;5000609;amambai
50;mato grosso do sul;5003;corumbá;500012;aquidauana - anastácio;5000708;anastácio
50;mato grosso do sul;5002;dourados;500007;nova andradina;5000807;anaurilândia
50;mato grosso do sul;5002;dourados;500007;nova andradina;5000856;angélica
50;mato grosso do sul;5002;dourados;500008;ponta porã;5000906;antônio joão
50;mato grosso do sul;5001;campo grande;500003;paranaíba - chapadão do sul - cassilândia;5001003;aparecida do taboado
50;mato grosso do sul;5003;corumbá;500012;aquidauana - anastácio;5001102;aquidauana
50;mato grosso do sul;5002;dourados;500008;ponta porã;5001243;aral moreira
50;mato grosso do sul;5001;campo grande;500001;campo grande;5001508;bandeirantes
50;mato grosso do sul;5001;campo grande;500002;três lagoas;5001904;bataguassu
50;mato grosso do sul;5002;dourados;500007;nova andradina;5002001;batayporã
50;mato grosso do sul;5003;corumbá;500011;jardim;5002100;bela vista
50;mato grosso do sul;5003;corumbá;500012;aquidauana - anastácio;5002159;bodoquena
50;mato grosso do sul;5003;corumbá;500011;jardim;5002209;bonito
50;mato grosso do sul;5001;campo grande;500002;três lagoas;5002308;brasilândia
50;mato grosso do sul;5002;dourados;500005;dourados;5002407;caarapó
50;mato grosso do sul;5001;campo grande;500001;campo grande;5002605;camapuã
50;mato grosso do sul;5001;campo grande;500001;campo grande;5002704;campo grande
50;mato grosso do sul;5003;corumbá;500011;jardim;5002803;caracol
50;mato grosso do sul;5001;campo grande;500003;paranaíba - chapadão do sul - cassilândia;5002902;cassilândia
50;mato grosso do sul;5001;campo grande;500003;paranaíba - chapadão do sul - cassilândia;5002951;chapadão do sul
50;mato grosso do sul;5001;campo grande;500001;campo grande;5003108;corguinho
50;mato grosso do sul;5002;dourados;500009;amambai;5003157;coronel sapucaia
50;mato grosso do sul;5003;corumbá;500010;corumbá;5003207;corumbá
50;mato grosso do sul;5001;campo grande;500004;coxim;5003256;costa rica
50;mato grosso do sul;5001;campo grande;500004;coxim;5003306;coxim
50;mato grosso do sul;5002;dourados;500005;dourados;5003454;deodápolis
50;mato grosso do sul;5001;campo grande;500001;campo grande;5003488;dois irmãos do buriti
50;mato grosso do sul;5002;dourados;500005;dourados;5003504;douradina
50;mato grosso do sul;5002;dourados;500005;dourados;5003702;dourados
50;mato grosso do sul;5002;dourados;500006;naviraí - mundo novo;5003751;eldorado
50;mato grosso do sul;5001;campo grande;500004;coxim;5003900;figueirão
50;mato grosso do sul;5002;dourados;500005;dourados;5003801;fátima do sul
50;mato grosso do sul;5002;dourados;500005;dourados;5004007;glória de dourados
50;mato grosso do sul;5003;corumbá;500011;jardim;5004106;guia lopes da laguna
50;mato grosso do sul;5002;dourados;500006;naviraí - mundo novo;5004304;iguatemi
50;mato grosso do sul;5001;campo grande;500003;paranaíba - chapadão do sul - cassilândia;5004403;inocência
50;mato grosso do sul;5002;dourados;500005;dourados;5004502;itaporã
50;mato grosso do sul;5002;dourados;500006;naviraí - mundo novo;5004601;itaquiraí
50;mato grosso do sul;5002;dourados;500007;nova andradina;5004700;ivinhema
50;mato grosso do sul;5002;dourados;500006;naviraí - mundo novo;5004809;japorã
50;mato grosso do sul;5001;campo grande;500001;campo grande;5004908;jaraguari
50;mato grosso do sul;5003;corumbá;500011;jardim;5005004;jardim
50;mato grosso do sul;5002;dourados;500005;dourados;5005103;jateí
50;mato grosso do sul;5002;dourados;500005;dourados;5005152;juti
50;mato grosso do sul;5003;corumbá;500010;corumbá;5005202;ladário
50;mato grosso do sul;5002;dourados;500005;dourados;5005251;laguna carapã
50;mato grosso do sul;5002;dourados;500005;dourados;5005400;maracaju
50;mato grosso do sul;5003;corumbá;500012;aquidauana - anastácio;5005608;miranda
50;mato grosso do sul;5002;dourados;500006;naviraí - mundo novo;5005681;mundo novo
50;mato grosso do sul;5002;dourados;500006;naviraí - mundo novo;5005707;naviraí
50;mato grosso do sul;5003;corumbá;500011;jardim;5005806;nioaque
50;mato grosso do sul;5001;campo grande;500001;campo grande;5006002;nova alvorada do sul
50;mato grosso do sul;5002;dourados;500007;nova andradina;5006200;nova andradina
50;mato grosso do sul;5002;dourados;500007;nova andradina;5006259;novo horizonte do sul
50;mato grosso do sul;5001;campo grande;500003;paranaíba - chapadão do sul - cassilândia;5006309;paranaíba
50;mato grosso do sul;5002;dourados;500009;amambai;5006358;paranhos
50;mato grosso do sul;5001;campo grande;500003;paranaíba - chapadão do sul - cassilândia;5006275;paraíso das águas
50;mato grosso do sul;5001;campo grande;500004;coxim;5006408;pedro gomes
50;mato grosso do sul;5002;dourados;500008;ponta porã;5006606;ponta porã
50;mato grosso do sul;5003;corumbá;500011;jardim;5006903;porto murtinho
50;mato grosso do sul;5001;campo grande;500001;campo grande;5007109;ribas do rio pardo
50;mato grosso do sul;5002;dourados;500005;dourados;5007208;rio brilhante
50;mato grosso do sul;5001;campo grande;500001;campo grande;5007307;rio negro
50;mato grosso do sul;5001;campo grande;500004;coxim;5007406;rio verde de mato grosso
50;mato grosso do sul;5001;campo grande;500001;campo grande;5007505;rochedo
50;mato grosso do sul;5001;campo grande;500002;três lagoas;5007554;santa rita do pardo
50;mato grosso do sul;5001;campo grande;500002;três lagoas;5007802;selvíria
50;mato grosso do sul;5002;dourados;500009;amambai;5007703;sete quedas
50;mato grosso do sul;5001;campo grande;500001;campo grande;5007901;sidrolândia
50;mato grosso do sul;5001;campo grande;500004;coxim;5007935;sonora
50;mato grosso do sul;5001;campo grande;500001;campo grande;5007695;são gabriel do oeste
50;mato grosso do sul;5002;dourados;500009;amambai;5007950;tacuru
50;mato grosso do sul;5002;dourados;500007;nova andradina;5007976;taquarussu
50;mato grosso do sul;5001;campo grande;500001;campo grande;5008008;terenos
50;mato grosso do sul;5001;campo grande;500002;três lagoas;5008305;três lagoas
50;mato grosso do sul;5002;dourados;500005;dourados;5008404;vicentina
50;mato grosso do sul;5001;campo grande;500002;três lagoas;5000203;água clara
51;mato grosso;5101;cuiabá;510001;cuiabá;5100102;acorizal
51;mato grosso;5103;sinop;510010;alta floresta;5100250;alta floresta
51;mato grosso;5105;rondonópolis;510016;rondonópolis;5100300;alto araguaia
51;mato grosso;5104;barra do garças;510014;confresa - vila rica;5100359;alto boa vista
51;mato grosso;5105;rondonópolis;510016;rondonópolis;5100409;alto garças
51;mato grosso;5101;cuiabá;510003;diamantino;5100508;alto paraguai
51;mato grosso;5105;rondonópolis;510016;rondonópolis;5100607;alto taquari
51;mato grosso;5103;sinop;510010;alta floresta;5100805;apiacás
51;mato grosso;5104;barra do garças;510013;barra do garças;5101001;araguaiana
51;mato grosso;5105;rondonópolis;510016;rondonópolis;5101209;araguainha
51;mato grosso;5102;cáceres;510006;mirassol d'oeste;5101258;araputanga
51;mato grosso;5101;cuiabá;510003;diamantino;5101308;arenápolis
51;mato grosso;5103;sinop;510009;juína;5101407;aripuanã
51;mato grosso;5101;cuiabá;510002;tangará da serra;5101704;barra do bugres
51;mato grosso;5104;barra do garças;510013;barra do garças;5101803;barra do garças
51;mato grosso;5101;cuiabá;510001;cuiabá;5101605;barão de melgaço
51;mato grosso;5103;sinop;510008;sorriso;5101837;boa esperança do norte
51;mato grosso;5104;barra do garças;510014;confresa - vila rica;5101852;bom jesus do araguaia
51;mato grosso;5101;cuiabá;510002;tangará da serra;5101902;brasnorte
51;mato grosso;5104;barra do garças;510015;água boa;5102603;campinápolis
51;mato grosso;5101;cuiabá;510002;tangará da serra;5102637;campo novo do parecis
51;mato grosso;5101;cuiabá;510001;cuiabá;5102678;campo verde
51;mato grosso;5102;cáceres;510005;pontes e lacerda - comodoro;5102686;campos de júlio
51;mato grosso;5104;barra do garças;510014;confresa - vila rica;5102694;canabrava do norte
51;mato grosso;5104;barra do garças;510015;água boa;5102702;canarana
51;mato grosso;5103;sinop;510010;alta floresta;5102793;carlinda
51;mato grosso;5103;sinop;510009;juína;5102850;castanheira
51;mato grosso;5101;cuiabá;510001;cuiabá;5103007;chapada dos guimarães
51;mato grosso;5103;sinop;510007;sinop;5103056;cláudia
51;mato grosso;5104;barra do garças;510015;água boa;5103106;cocalinho
51;mato grosso;5103;sinop;510009;juína;5103254;colniza
51;mato grosso;5103;sinop;510007;sinop;5103205;colíder
51;mato grosso;5102;cáceres;510005;pontes e lacerda - comodoro;5103304;comodoro
51;mato grosso;5104;barra do garças;510014;confresa - vila rica;5103353;confresa
51;mato grosso;5102;cáceres;510005;pontes e lacerda - comodoro;5103361;conquista d'oeste
51;mato grosso;5103;sinop;510009;juína;5103379;cotriguaçu
51;mato grosso;5101;cuiabá;510001;cuiabá;5103403;cuiabá
51;mato grosso;5102;cáceres;510004;cáceres;5103437;curvelândia
51;mato grosso;5102;cáceres;510004;cáceres;5102504;cáceres
51;mato grosso;5101;cuiabá;510002;tangará da serra;5103452;denise
51;mato grosso;5101;cuiabá;510003;diamantino;5103502;diamantino
51;mato grosso;5105;rondonópolis;510018;jaciara;5103601;dom aquino
51;mato grosso;5103;sinop;510007;sinop;5103700;feliz natal
51;mato grosso;5102;cáceres;510006;mirassol d'oeste;5103809;figueirópolis d'oeste
51;mato grosso;5104;barra do garças;510015;água boa;5103858;gaúcha do norte
51;mato grosso;5104;barra do garças;510013;barra do garças;5103908;general carneiro
51;mato grosso;5102;cáceres;510006;mirassol d'oeste;5103957;glória d'oeste
51;mato grosso;5103;sinop;510011;peixoto de azevedo - guarantã do norte;5104104;guarantã do norte
51;mato grosso;5105;rondonópolis;510016;rondonópolis;5104203;guiratinga
51;mato grosso;5102;cáceres;510006;mirassol d'oeste;5104500;indiavaí
51;mato grosso;5103;sinop;510008;sorriso;5104526;ipiranga do norte
51;mato grosso;5103;sinop;510008;sorriso;5104542;itanhangá
51;mato grosso;5103;sinop;510007;sinop;5104559;itaúba
51;mato grosso;5105;rondonópolis;510016;rondonópolis;5104609;itiquira
51;mato grosso;5105;rondonópolis;510018;jaciara;5104807;jaciara
51;mato grosso;5101;cuiabá;510001;cuiabá;5104906;jangada
51;mato grosso;5102;cáceres;510006;mirassol d'oeste;5105002;jauru
51;mato grosso;5103;sinop;510012;juara;5105101;juara
51;mato grosso;5103;sinop;510009;juína;5105176;juruena
51;mato grosso;5105;rondonópolis;510018;jaciara;5105200;juscimeira
51;mato grosso;5103;sinop;510009;juína;5105150;juína
51;mato grosso;5102;cáceres;510004;cáceres;5105234;lambari d'oeste
51;mato grosso;5103;sinop;510008;sorriso;5105259;lucas do rio verde
51;mato grosso;5104;barra do garças;510014;confresa - vila rica;5105309;luciara
51;mato grosso;5103;sinop;510007;sinop;5105580;marcelândia
51;mato grosso;5103;sinop;510011;peixoto de azevedo - guarantã do norte;5105606;matupá
51;mato grosso;5102;cáceres;510006;mirassol d'oeste;5105622;mirassol d'oeste
51;mato grosso;5101;cuiabá;510001;cuiabá;5105903;nobres
51;mato grosso;5101;cuiabá;510003;diamantino;5106000;nortelândia
51;mato grosso;5101;cuiabá;510001;cuiabá;5106109;nossa senhora do livramento
51;mato grosso;5103;sinop;510010;alta floresta;5106158;nova bandeirantes
51;mato grosso;5101;cuiabá;510001;cuiabá;5106208;nova brasilândia
51;mato grosso;5103;sinop;510007;sinop;5106216;nova canaã do norte
51;mato grosso;5103;sinop;510007;sinop;5108808;nova guarita
51;mato grosso;5102;cáceres;510005;pontes e lacerda - comodoro;5106182;nova lacerda
51;mato grosso;5101;cuiabá;510003;diamantino;5108857;nova marilândia
51;mato grosso;5101;cuiabá;510003;diamantino;5108907;nova maringá
51;mato grosso;5103;sinop;510010;alta floresta;5108956;nova monte verde
51;mato grosso;5103;sinop;510008;sorriso;5106224;nova mutum
51;mato grosso;5104;barra do garças;510015;água boa;5106174;nova nazaré
51;mato grosso;5101;cuiabá;510002;tangará da serra;5106232;nova olímpia
51;mato grosso;5103;sinop;510007;sinop;5106190;nova santa helena
51;mato grosso;5103;sinop;510008;sorriso;5106240;nova ubiratã
51;mato grosso;5104;barra do garças;510013;barra do garças;5106257;nova xavantina
51;mato grosso;5103;sinop;510012;juara;5106273;novo horizonte do norte
51;mato grosso;5103;sinop;510011;peixoto de azevedo - guarantã do norte;5106265;novo mundo
51;mato grosso;5104;barra do garças;510014;confresa - vila rica;5106315;novo santo antônio
51;mato grosso;5104;barra do garças;510013;barra do garças;5106281;novo são joaquim
51;mato grosso;5105;rondonópolis;510017;primavera do leste;5106307;paranatinga
51;mato grosso;5103;sinop;510010;alta floresta;5106299;paranaíta
51;mato grosso;5105;rondonópolis;510016;rondonópolis;5106372;pedra preta
51;mato grosso;5103;sinop;510011;peixoto de azevedo - guarantã do norte;5106422;peixoto de azevedo
51;mato grosso;5101;cuiabá;510001;cuiabá;5106455;planalto da serra
51;mato grosso;5101;cuiabá;510001;cuiabá;5106505;poconé
51;mato grosso;5104;barra do garças;510013;barra do garças;5106653;pontal do araguaia
51;mato grosso;5104;barra do garças;510013;barra do garças;5106703;ponte branca
51;mato grosso;5102;cáceres;510005;pontes e lacerda - comodoro;5106752;pontes e lacerda
51;mato grosso;5104;barra do garças;510014;confresa - vila rica;5106778;porto alegre do norte
51;mato grosso;5103;sinop;510012;juara;5106802;porto dos gaúchos
51;mato grosso;5102;cáceres;510006;mirassol d'oeste;5106828;porto esperidião
51;mato grosso;5101;cuiabá;510002;tangará da serra;5106851;porto estrela
51;mato grosso;5105;rondonópolis;510017;primavera do leste;5107008;poxoréu
51;mato grosso;5105;rondonópolis;510017;primavera do leste;5107040;primavera do leste
51;mato grosso;5104;barra do garças;510015;água boa;5107065;querência
51;mato grosso;5102;cáceres;510006;mirassol d'oeste;5107156;reserva do cabaçal
51;mato grosso;5104;barra do garças;510015;água boa;5107180;ribeirão cascalheira
51;mato grosso;5104;barra do garças;510013;barra do garças;5107198;ribeirãozinho
51;mato grosso;5102;cáceres;510004;cáceres;5107206;rio branco
51;mato grosso;5103;sinop;510009;juína;5107578;rondolândia
51;mato grosso;5105;rondonópolis;510016;rondonópolis;5107602;rondonópolis
51;mato grosso;5101;cuiabá;510001;cuiabá;5107701;rosário oeste
51;mato grosso;5102;cáceres;510004;cáceres;5107750;salto do céu
51;mato grosso;5103;sinop;510007;sinop;5107248;santa carmem
51;mato grosso;5104;barra do garças;510014;confresa - vila rica;5107743;santa cruz do xingu
51;mato grosso;5103;sinop;510008;sorriso;5107768;santa rita do trivelato
51;mato grosso;5104;barra do garças;510014;confresa - vila rica;5107776;santa terezinha
51;mato grosso;5101;cuiabá;510003;diamantino;5107263;santo afonso
51;mato grosso;5101;cuiabá;510001;cuiabá;5107800;santo antônio de leverger
51;mato grosso;5105;rondonópolis;510017;primavera do leste;5107792;santo antônio do leste
51;mato grosso;5101;cuiabá;510002;tangará da serra;5107875;sapezal
51;mato grosso;5104;barra do garças;510014;confresa - vila rica;5107883;serra nova dourada
51;mato grosso;5103;sinop;510007;sinop;5107909;sinop
51;mato grosso;5103;sinop;510008;sorriso;5107925;sorriso
51;mato grosso;5104;barra do garças;510014;confresa - vila rica;5107859;são félix do araguaia
51;mato grosso;5105;rondonópolis;510016;rondonópolis;5107297;são josé do povo
51;mato grosso;5101;cuiabá;510003;diamantino;5107305;são josé do rio claro
51;mato grosso;5104;barra do garças;510014;confresa - vila rica;5107354;são josé do xingu
51;mato grosso;5102;cáceres;510006;mirassol d'oeste;5107107;são josé dos quatro marcos
51;mato grosso;5105;rondonópolis;510018;jaciara;5107404;são pedro da cipa
51;mato grosso;5103;sinop;510012;juara;5107941;tabaporã
51;mato grosso;5101;cuiabá;510002;tangará da serra;5107958;tangará da serra
51;mato grosso;5103;sinop;510008;sorriso;5108006;tapurah
51;mato grosso;5103;sinop;510007;sinop;5108055;terra nova do norte
51;mato grosso;5105;rondonópolis;510016;rondonópolis;5108105;tesouro
51;mato grosso;5104;barra do garças;510013;barra do garças;5108204;torixoréu
51;mato grosso;5103;sinop;510007;sinop;5108303;união do sul
51;mato grosso;5102;cáceres;510005;pontes e lacerda - comodoro;5108352;vale de são domingos
51;mato grosso;5103;sinop;510008;sorriso;5108501;vera
51;mato grosso;5102;cáceres;510005;pontes e lacerda - comodoro;5105507;vila bela da santíssima trindade
51;mato grosso;5104;barra do garças;510014;confresa - vila rica;5108600;vila rica
51;mato grosso;5101;cuiabá;510001;cuiabá;5108402;várzea grande
51;mato grosso;5104;barra do garças;510015;água boa;5100201;água boa
52;goiás;5201;goiânia;520001;goiânia;5200050;abadia de goiás
52;goiás;5201;goiânia;520002;anápolis;5200100;abadiânia
52;goiás;5204;são luís de montes belos - iporá;520015;palmeiras de goiás;5200134;acreúna
52;goiás;5201;goiânia;520003;inhumas - itaberaí - anicuns;5200159;adelândia
52;goiás;5201;goiânia;520002;anápolis;5200308;alexânia
52;goiás;5202;itumbiara;520007;itumbiara;5200506;aloândia
52;goiás;5205;porangatu - uruaçu;520017;uruaçu - niquelândia;5200555;alto horizonte
52;goiás;5206;luziânia - águas lindas de goiás;520022;flores de goiás;5200605;alto paraíso de goiás
52;goiás;5206;luziânia - águas lindas de goiás;520021;posse-campos belos;5200803;alvorada do norte
52;goiás;5205;porangatu - uruaçu;520017;uruaçu - niquelândia;5200829;amaralina
52;goiás;5201;goiânia;520003;inhumas - itaberaí - anicuns;5200852;americano do brasil
52;goiás;5204;são luís de montes belos - iporá;520014;iporá;5200902;amorinópolis
52;goiás;5201;goiânia;520004;catalão;5201207;anhanguera
52;goiás;5201;goiânia;520003;inhumas - itaberaí - anicuns;5201306;anicuns
52;goiás;5201;goiânia;520002;anápolis;5201108;anápolis
52;goiás;5201;goiânia;520001;goiânia;5201405;aparecida de goiânia
52;goiás;5203;rio verde;520010;rio verde;5201454;aparecida do rio doce
52;goiás;5203;rio verde;520011;jataí-mineiros;5201504;aporé
52;goiás;5204;são luís de montes belos - iporá;520014;iporá;5201702;aragarças
52;goiás;5201;goiânia;520001;goiânia;5201801;aragoiânia
52;goiás;5201;goiânia;520005;goiás - itapuranga;5202155;araguapaz
52;goiás;5201;goiânia;520003;inhumas - itaberaí - anicuns;5201603;araçu
52;goiás;5204;são luís de montes belos - iporá;520014;iporá;5202353;arenópolis
52;goiás;5201;goiânia;520005;goiás - itapuranga;5202502;aruanã
52;goiás;5204;são luís de montes belos - iporá;520013;são luís de montes belos;5202601;aurilândia
52;goiás;5201;goiânia;520003;inhumas - itaberaí - anicuns;5202809;avelinópolis
52;goiás;5204;são luís de montes belos - iporá;520014;iporá;5203104;baliza
52;goiás;5205;porangatu - uruaçu;520018;ceres - rialma - goianésia;5203203;barro alto
52;goiás;5201;goiânia;520001;goiânia;5203302;bela vista de goiás
52;goiás;5204;são luís de montes belos - iporá;520014;iporá;5203401;bom jardim de goiás
52;goiás;5202;itumbiara;520007;itumbiara;5203500;bom jesus de goiás
52;goiás;5201;goiânia;520001;goiânia;5203559;bonfinópolis
52;goiás;5205;porangatu - uruaçu;520016;porangatu;5203575;bonópolis
52;goiás;5201;goiânia;520001;goiânia;5203609;brazabrantes
52;goiás;5201;goiânia;520005;goiás - itapuranga;5203807;britânia
52;goiás;5202;itumbiara;520007;itumbiara;5203906;buriti alegre
52;goiás;5204;são luís de montes belos - iporá;520013;são luís de montes belos;5203939;buriti de goiás
52;goiás;5206;luziânia - águas lindas de goiás;520021;posse-campos belos;5203962;buritinópolis
52;goiás;5206;luziânia - águas lindas de goiás;520020;águas lindas de goiás;5204003;cabeceiras
52;goiás;5203;rio verde;520010;rio verde;5204102;cachoeira alta
52;goiás;5204;são luís de montes belos - iporá;520013;são luís de montes belos;5204201;cachoeira de goiás
52;goiás;5202;itumbiara;520007;itumbiara;5204250;cachoeira dourada
52;goiás;5203;rio verde;520011;jataí-mineiros;5204409;caiapônia
52;goiás;5202;itumbiara;520008;caldas novas-morrinhos;5204508;caldas novas
52;goiás;5201;goiânia;520001;goiânia;5204557;caldazinha
52;goiás;5204;são luís de montes belos - iporá;520015;palmeiras de goiás;5204607;campestre de goiás
52;goiás;5205;porangatu - uruaçu;520016;porangatu;5204656;campinaçu
52;goiás;5205;porangatu - uruaçu;520017;uruaçu - niquelândia;5204706;campinorte
52;goiás;5201;goiânia;520004;catalão;5204805;campo alegre de goiás
52;goiás;5201;goiânia;520002;anápolis;5204854;campo limpo de goiás
52;goiás;5206;luziânia - águas lindas de goiás;520021;posse-campos belos;5204904;campos belos
52;goiás;5205;porangatu - uruaçu;520018;ceres - rialma - goianésia;5204953;campos verdes
52;goiás;5205;porangatu - uruaçu;520018;ceres - rialma - goianésia;5205000;carmo do rio verde
52;goiás;5203;rio verde;520010;rio verde;5205059;castelândia
52;goiás;5201;goiânia;520004;catalão;5205109;catalão
52;goiás;5201;goiânia;520001;goiânia;5205208;caturaí
52;goiás;5206;luziânia - águas lindas de goiás;520022;flores de goiás;5205307;cavalcante
52;goiás;5203;rio verde;520010;rio verde;5204300;caçu
52;goiás;5205;porangatu - uruaçu;520018;ceres - rialma - goianésia;5205406;ceres
52;goiás;5204;são luís de montes belos - iporá;520015;palmeiras de goiás;5205455;cezarina
52;goiás;5203;rio verde;520011;jataí-mineiros;5205471;chapadão do céu
52;goiás;5206;luziânia - águas lindas de goiás;520019;luziânia;5205497;cidade ocidental
52;goiás;5206;luziânia - águas lindas de goiás;520020;águas lindas de goiás;5205513;cocalzinho de goiás
52;goiás;5205;porangatu - uruaçu;520017;uruaçu - niquelândia;5205521;colinas do sul
52;goiás;5202;itumbiara;520008;caldas novas-morrinhos;5205901;corumbaíba
52;goiás;5201;goiânia;520002;anápolis;5205802;corumbá de goiás
52;goiás;5206;luziânia - águas lindas de goiás;520019;luziânia;5206206;cristalina
52;goiás;5202;itumbiara;520009;piracanjuba;5206305;cristianópolis
52;goiás;5205;porangatu - uruaçu;520018;ceres - rialma - goianésia;5206404;crixás
52;goiás;5202;itumbiara;520009;piracanjuba;5206503;cromínia
52;goiás;5201;goiânia;520004;catalão;5206602;cumari
52;goiás;5204;são luís de montes belos - iporá;520013;são luís de montes belos;5205703;córrego do ouro
52;goiás;5206;luziânia - águas lindas de goiás;520021;posse-campos belos;5206701;damianópolis
52;goiás;5201;goiânia;520003;inhumas - itaberaí - anicuns;5206800;damolândia
52;goiás;5201;goiânia;520004;catalão;5206909;davinópolis
52;goiás;5204;são luís de montes belos - iporá;520014;iporá;5207105;diorama
52;goiás;5206;luziânia - águas lindas de goiás;520021;posse-campos belos;5208301;divinópolis de goiás
52;goiás;5203;rio verde;520011;jataí-mineiros;5207253;doverlândia
52;goiás;5202;itumbiara;520009;piracanjuba;5207352;edealina
52;goiás;5204;são luís de montes belos - iporá;520015;palmeiras de goiás;5207402;edéia
52;goiás;5205;porangatu - uruaçu;520016;porangatu;5207501;estrela do norte
52;goiás;5201;goiânia;520005;goiás - itapuranga;5207535;faina
52;goiás;5204;são luís de montes belos - iporá;520013;são luís de montes belos;5207600;fazenda nova
52;goiás;5204;são luís de montes belos - iporá;520015;palmeiras de goiás;5207808;firminópolis
52;goiás;5206;luziânia - águas lindas de goiás;520022;flores de goiás;5207907;flores de goiás
52;goiás;5206;luziânia - águas lindas de goiás;520020;águas lindas de goiás;5208004;formosa
52;goiás;5205;porangatu - uruaçu;520016;porangatu;5208103;formoso
52;goiás;5201;goiânia;520002;anápolis;5208152;gameleira de goiás
52;goiás;5201;goiânia;520004;catalão;5208509;goiandira
52;goiás;5201;goiânia;520001;goiânia;5208806;goianira
52;goiás;5201;goiânia;520002;anápolis;5208400;goianápolis
52;goiás;5205;porangatu - uruaçu;520018;ceres - rialma - goianésia;5208608;goianésia
52;goiás;5202;itumbiara;520007;itumbiara;5209101;goiatuba
52;goiás;5201;goiânia;520005;goiás - itapuranga;5208905;goiás
52;goiás;5201;goiânia;520001;goiânia;5208707;goiânia
52;goiás;5203;rio verde;520012;quirinópolis;5209150;gouvelândia
52;goiás;5201;goiânia;520001;goiânia;5209200;guapó
52;goiás;5206;luziânia - águas lindas de goiás;520021;posse-campos belos;5209408;guarani de goiás
52;goiás;5201;goiânia;520005;goiás - itapuranga;5209291;guaraíta
52;goiás;5205;porangatu - uruaçu;520018;ceres - rialma - goianésia;5209457;guarinos
52;goiás;5201;goiânia;520003;inhumas - itaberaí - anicuns;5209606;heitoraí
52;goiás;5205;porangatu - uruaçu;520017;uruaçu - niquelândia;5209804;hidrolina
52;goiás;5201;goiânia;520001;goiânia;5209705;hidrolândia
52;goiás;5206;luziânia - águas lindas de goiás;520021;posse-campos belos;5209903;iaciara
52;goiás;5203;rio verde;520012;quirinópolis;5209937;inaciolândia
52;goiás;5204;são luís de montes belos - iporá;520015;palmeiras de goiás;5209952;indiara
52;goiás;5201;goiânia;520003;inhumas - itaberaí - anicuns;5210000;inhumas
52;goiás;5201;goiânia;520004;catalão;5210109;ipameri
52;goiás;5205;porangatu - uruaçu;520018;ceres - rialma - goianésia;5210158;ipiranga de goiás
52;goiás;5204;são luís de montes belos - iporá;520014;iporá;5210208;iporá
52;goiás;5204;são luís de montes belos - iporá;520014;iporá;5210307;israelândia
52;goiás;5201;goiânia;520003;inhumas - itaberaí - anicuns;5210406;itaberaí
52;goiás;5201;goiânia;520003;inhumas - itaberaí - anicuns;5210562;itaguari
52;goiás;5201;goiânia;520003;inhumas - itaberaí - anicuns;5210604;itaguaru
52;goiás;5203;rio verde;520010;rio verde;5210802;itajá
52;goiás;5205;porangatu - uruaçu;520018;ceres - rialma - goianésia;5210901;itapaci
52;goiás;5201;goiânia;520005;goiás - itapuranga;5211008;itapirapuã
52;goiás;5201;goiânia;520005;goiás - itapuranga;5211206;itapuranga
52;goiás;5203;rio verde;520010;rio verde;5211305;itarumã
52;goiás;5201;goiânia;520003;inhumas - itaberaí - anicuns;5211404;itauçu
52;goiás;5202;itumbiara;520007;itumbiara;5211503;itumbiara
52;goiás;5204;são luís de montes belos - iporá;520013;são luís de montes belos;5211602;ivolândia
52;goiás;5204;são luís de montes belos - iporá;520015;palmeiras de goiás;5211701;jandaia
52;goiás;5201;goiânia;520002;anápolis;5211800;jaraguá
52;goiás;5203;rio verde;520011;jataí-mineiros;5211909;jataí
52;goiás;5204;são luís de montes belos - iporá;520014;iporá;5212006;jaupaci
52;goiás;5201;goiânia;520002;anápolis;5212055;jesúpolis
52;goiás;5202;itumbiara;520007;itumbiara;5212105;joviânia
52;goiás;5201;goiânia;520005;goiás - itapuranga;5212204;jussara
52;goiás;5203;rio verde;520010;rio verde;5212253;lagoa santa
52;goiás;5201;goiânia;520002;anápolis;5212303;leopoldo de bulhões
52;goiás;5206;luziânia - águas lindas de goiás;520019;luziânia;5212501;luziânia
52;goiás;5202;itumbiara;520009;piracanjuba;5212600;mairipotaba
52;goiás;5206;luziânia - águas lindas de goiás;520021;posse-campos belos;5212709;mambaí
52;goiás;5205;porangatu - uruaçu;520017;uruaçu - niquelândia;5212808;mara rosa
52;goiás;5202;itumbiara;520008;caldas novas-morrinhos;5212907;marzagão
52;goiás;5201;goiânia;520005;goiás - itapuranga;5212956;matrinchã
52;goiás;5203;rio verde;520010;rio verde;5213004;maurilândia
52;goiás;5206;luziânia - águas lindas de goiás;520020;águas lindas de goiás;5213053;mimoso de goiás
52;goiás;5205;porangatu - uruaçu;520016;porangatu;5213087;minaçu
52;goiás;5203;rio verde;520011;jataí-mineiros;5213103;mineiros
52;goiás;5204;são luís de montes belos - iporá;520013;são luís de montes belos;5213400;moiporá
52;goiás;5206;luziânia - águas lindas de goiás;520021;posse-campos belos;5213509;monte alegre de goiás
52;goiás;5204;são luís de montes belos - iporá;520014;iporá;5213707;montes claros de goiás
52;goiás;5203;rio verde;520010;rio verde;5213756;montividiu
52;goiás;5205;porangatu - uruaçu;520016;porangatu;5213772;montividiu do norte
52;goiás;5202;itumbiara;520008;caldas novas-morrinhos;5213806;morrinhos
52;goiás;5205;porangatu - uruaçu;520018;ceres - rialma - goianésia;5213855;morro agudo de goiás
52;goiás;5201;goiânia;520005;goiás - itapuranga;5213905;mossâmedes
52;goiás;5201;goiânia;520005;goiás - itapuranga;5214002;mozarlândia
52;goiás;5205;porangatu - uruaçu;520016;porangatu;5214051;mundo novo
52;goiás;5205;porangatu - uruaçu;520016;porangatu;5214101;mutunópolis
52;goiás;5204;são luís de montes belos - iporá;520015;palmeiras de goiás;5214408;nazário
52;goiás;5201;goiânia;520001;goiânia;5214507;nerópolis
52;goiás;5205;porangatu - uruaçu;520017;uruaçu - niquelândia;5214606;niquelândia
52;goiás;5205;porangatu - uruaçu;520018;ceres - rialma - goianésia;5214705;nova américa
52;goiás;5201;goiânia;520004;catalão;5214804;nova aurora
52;goiás;5201;goiânia;520005;goiás - itapuranga;5214838;nova crixás
52;goiás;5205;porangatu - uruaçu;520018;ceres - rialma - goianésia;5214861;nova glória
52;goiás;5205;porangatu - uruaçu;520017;uruaçu - niquelândia;5214879;nova iguaçu de goiás
52;goiás;5206;luziânia - águas lindas de goiás;520021;posse-campos belos;5214903;nova roma
52;goiás;5201;goiânia;520001;goiânia;5215009;nova veneza
52;goiás;5201;goiânia;520005;goiás - itapuranga;5215207;novo brasil
52;goiás;5206;luziânia - águas lindas de goiás;520019;luziânia;5215231;novo gama
52;goiás;5205;porangatu - uruaçu;520016;porangatu;5215256;novo planalto
52;goiás;5201;goiânia;520006;pires do rio;5215306;orizona
52;goiás;5201;goiânia;520002;anápolis;5215405;ouro verde de goiás
52;goiás;5201;goiânia;520004;catalão;5215504;ouvidor
52;goiás;5206;luziânia - águas lindas de goiás;520020;águas lindas de goiás;5215603;padre bernardo
52;goiás;5204;são luís de montes belos - iporá;520014;iporá;5215652;palestina de goiás
52;goiás;5204;são luís de montes belos - iporá;520015;palmeiras de goiás;5215702;palmeiras de goiás
52;goiás;5201;goiânia;520006;pires do rio;5215801;palmelo
52;goiás;5204;são luís de montes belos - iporá;520015;palmeiras de goiás;5215900;palminópolis
52;goiás;5202;itumbiara;520007;itumbiara;5216007;panamá
52;goiás;5203;rio verde;520012;quirinópolis;5216304;paranaiguara
52;goiás;5204;são luís de montes belos - iporá;520015;palmeiras de goiás;5216403;paraúna
52;goiás;5203;rio verde;520011;jataí-mineiros;5216452;perolândia
52;goiás;5201;goiânia;520002;anápolis;5216809;petrolina de goiás
52;goiás;5205;porangatu - uruaçu;520018;ceres - rialma - goianésia;5216908;pilar de goiás
52;goiás;5202;itumbiara;520009;piracanjuba;5217104;piracanjuba
52;goiás;5204;são luís de montes belos - iporá;520014;iporá;5217203;piranhas
52;goiás;5201;goiânia;520002;anápolis;5217302;pirenópolis
52;goiás;5201;goiânia;520006;pires do rio;5217401;pires do rio
52;goiás;5206;luziânia - águas lindas de goiás;520020;águas lindas de goiás;5217609;planaltina
52;goiás;5202;itumbiara;520009;piracanjuba;5217708;pontalina
52;goiás;5205;porangatu - uruaçu;520016;porangatu;5218003;porangatu
52;goiás;5203;rio verde;520010;rio verde;5218052;porteirão
52;goiás;5203;rio verde;520011;jataí-mineiros;5218102;portelândia
52;goiás;5206;luziânia - águas lindas de goiás;520021;posse-campos belos;5218300;posse
52;goiás;5202;itumbiara;520009;piracanjuba;5218391;professor jamil
52;goiás;5203;rio verde;520012;quirinópolis;5218508;quirinópolis
52;goiás;5205;porangatu - uruaçu;520018;ceres - rialma - goianésia;5218607;rialma
52;goiás;5205;porangatu - uruaçu;520018;ceres - rialma - goianésia;5218706;rianápolis
52;goiás;5202;itumbiara;520008;caldas novas-morrinhos;5218789;rio quente
52;goiás;5203;rio verde;520010;rio verde;5218805;rio verde
52;goiás;5205;porangatu - uruaçu;520018;ceres - rialma - goianésia;5218904;rubiataba
52;goiás;5204;são luís de montes belos - iporá;520013;são luís de montes belos;5219001;sanclerlândia
52;goiás;5204;são luís de montes belos - iporá;520015;palmeiras de goiás;5219100;santa bárbara de goiás
52;goiás;5201;goiânia;520006;pires do rio;5219209;santa cruz de goiás
52;goiás;5201;goiânia;520005;goiás - itapuranga;5219258;santa fé de goiás
52;goiás;5203;rio verde;520010;rio verde;5219308;santa helena de goiás
52;goiás;5205;porangatu - uruaçu;520018;ceres - rialma - goianésia;5219357;santa isabel
52;goiás;5203;rio verde;520011;jataí-mineiros;5219407;santa rita do araguaia
52;goiás;5205;porangatu - uruaçu;520018;ceres - rialma - goianésia;5219456;santa rita do novo destino
52;goiás;5201;goiânia;520002;anápolis;5219506;santa rosa de goiás
52;goiás;5205;porangatu - uruaçu;520016;porangatu;5219605;santa tereza de goiás
52;goiás;5205;porangatu - uruaçu;520018;ceres - rialma - goianésia;5219704;santa terezinha de goiás
52;goiás;5203;rio verde;520010;rio verde;5219712;santo antônio da barra
52;goiás;5201;goiânia;520001;goiânia;5219738;santo antônio de goiás
52;goiás;5206;luziânia - águas lindas de goiás;520019;luziânia;5219753;santo antônio do descoberto
52;goiás;5201;goiânia;520001;goiânia;5220454;senador canedo
52;goiás;5203;rio verde;520011;jataí-mineiros;5220504;serranópolis
52;goiás;5201;goiânia;520002;anápolis;5220603;silvânia
52;goiás;5206;luziânia - águas lindas de goiás;520021;posse-campos belos;5220686;simolândia
52;goiás;5206;luziânia - águas lindas de goiás;520021;posse-campos belos;5219803;são domingos
52;goiás;5201;goiânia;520002;anápolis;5219902;são francisco de goiás
52;goiás;5206;luziânia - águas lindas de goiás;520022;flores de goiás;5220009;são joão d'aliança
52;goiás;5204;são luís de montes belos - iporá;520015;palmeiras de goiás;5220058;são joão da paraúna
52;goiás;5205;porangatu - uruaçu;520017;uruaçu - niquelândia;5220157;são luiz do norte
52;goiás;5204;são luís de montes belos - iporá;520013;são luís de montes belos;5220108;são luís de montes belos
52;goiás;5205;porangatu - uruaçu;520016;porangatu;5220207;são miguel do araguaia
52;goiás;5201;goiânia;520002;anápolis;5220264;são miguel do passa quatro
52;goiás;5205;porangatu - uruaçu;520018;ceres - rialma - goianésia;5220280;são patrício
52;goiás;5203;rio verde;520012;quirinópolis;5220405;são simão
52;goiás;5206;luziânia - águas lindas de goiás;520021;posse-campos belos;5220702;sítio d'abadia
52;goiás;5201;goiânia;520003;inhumas - itaberaí - anicuns;5221007;taquaral de goiás
52;goiás;5206;luziânia - águas lindas de goiás;520022;flores de goiás;5221080;teresina de goiás
52;goiás;5201;goiânia;520001;goiânia;5221197;terezópolis de goiás
52;goiás;5201;goiânia;520001;goiânia;5221403;trindade
52;goiás;5205;porangatu - uruaçu;520016;porangatu;5221452;trombas
52;goiás;5201;goiânia;520004;catalão;5221304;três ranchos
52;goiás;5203;rio verde;520010;rio verde;5221551;turvelândia
52;goiás;5204;são luís de montes belos - iporá;520015;palmeiras de goiás;5221502;turvânia
52;goiás;5205;porangatu - uruaçu;520018;ceres - rialma - goianésia;5221577;uirapuru
52;goiás;5205;porangatu - uruaçu;520018;ceres - rialma - goianésia;5221700;uruana
52;goiás;5205;porangatu - uruaçu;520017;uruaçu - niquelândia;5221601;uruaçu
52;goiás;5201;goiânia;520006;pires do rio;5221809;urutaí
52;goiás;5206;luziânia - águas lindas de goiás;520019;luziânia;5221858;valparaíso de goiás
52;goiás;5201;goiânia;520001;goiânia;5221908;varjão
52;goiás;5201;goiânia;520002;anápolis;5222005;vianópolis
52;goiás;5202;itumbiara;520009;piracanjuba;5222054;vicentinópolis
52;goiás;5206;luziânia - águas lindas de goiás;520022;flores de goiás;5222203;vila boa
52;goiás;5205;porangatu - uruaçu;520018;ceres - rialma - goianésia;5222302;vila propício
52;goiás;5206;luziânia - águas lindas de goiás;520022;flores de goiás;5200175;água fria de goiás
52;goiás;5202;itumbiara;520008;caldas novas-morrinhos;5200209;água limpa
52;goiás;5206;luziânia - águas lindas de goiás;520020;águas lindas de goiás;5200258;águas lindas de goiás
53;distrito federal;5301;distrito federal;530001;distrito federal;5300108;brasília
